label,comment,author,subreddit,score,ups,downs,date,created_utc,parent_comment
0,"They would also have to accept as valid blocks they don't even know how to parse, if enough miners accept them.",mmeijeri,Bitcoin,6,-1,-1,2016-11,2016-11-01 22:00:23,"BU only follows ""Nakamoto consensus"" by block size, not other parameters. If they truly believe in their version of Nakamoto Consensus, they need to go all in by accepting blocks that reward miners more than 12.5BTC or reclaim funds, if the majority of miners vote on it."
1,"Yes, Switzerland's black ops are pulling off special operations all around the world protect its citizens high standard of living.",exo762,Bitcoin,8,-1,-1,2016-11,2016-11-01 23:04:08,"It amuses me the way you can armchair opinions on world affairs, not having any insight into what it takes to keep the interests that allow you to enjoy a cozy life safe."
0,Or less.,damndammit,Bitcoin,1,1,0,2016-09,2016-09-02 15:19:41,"Please don't use Exchanges for long-term storage of bitcoin or fiat currency. Exchanges are great for actively trading bitcoins, but they are extremely dangerous for long-term storage of bitcoins or fiat currency. Anything you store there could be gone in 60 seconds."
1,Bitcoin is dead!,Introshine,Bitcoin,3,-1,-1,2016-11,2016-11-03 16:56:46,China's at it again...
0,"thx rusty (and all other devs), great work.",Lite_Coin_Guy,Bitcoin,5,-1,-1,2016-10,2016-10-08 12:09:32,ELI5: MimbleWimble
0,"he is promoting ethereum lol, something tells me that he's gonna regret it.",linktype,Bitcoin,4,-1,-1,2016-11,2016-11-14 02:47:16,"Andreas M. Antonopoulos talks about Bitcoin, free speech ant the metric system."
0,What event?,nopara73,Bitcoin,1,-1,-1,2016-12,2016-12-04 02:12:23,"While this was from India, it was not from right now. This happened within a day or three of the initial announcement (on Nov 8th)."
0,isn't that a shadow market then?,naturecollision,Bitcoin,1,-1,-1,2016-12,2016-12-21 08:22:37,"yeah its hard to find info about derivatives. from what i understand, they are products that they sell each other, like the average investor cant even buy them because they only sell them to each other."
0,LOL... That's way to risky,Light_of_Lucifer,Bitcoin,1,1,0,2016-09,2016-09-11 07:42:42,"If you are brave/crazy you can open a Bitfinex account and put it in margin funding to gain interest on your bitcoins. It is crazy because they can get hacked, but for ""fun"" you can put in a little bit."
0,"Haha no fucking way, I might be able to keep these?",coolkid_RECYCLES,Bitcoin,2,-1,-1,2016-12,2016-12-16 04:16:38,"Sounds like someone made a huge error, consider yourself lucky or if you are feeling gracious send some back."
1,Only need to increase from a 12b to 128b market cap in 12 months... It's possible!,1DrK44np3gMKuvcGeFVv,Bitcoin,1,-1,-1,2016-12,2016-12-17 22:57:50,My Prediction: Bitcoin will be $8290.17 in 2017! 1DNQoYSmTWav9Vg2FpWB5E2ZyUkSg1jGHm
1,When they realize they only have 3 actual customers left maybe they'll change their minds,fruitlessbanana,Bitcoin,2,-1,-1,2016-12,2016-12-20 23:09:19,"Circle, please, PLEASE start selling Bitcoin again"
0,On Bitfinex?,DajZabrij,Bitcoin,1,1,0,2016-09,2016-09-11 20:26:50,10000 long contracts were liquidated
0,Nov 8th is next date for the SEC to do something.,Essexal,Bitcoin,2,-1,-1,2016-11,2016-11-04 10:46:34,Any idea when the EFT will be available for all?
0,I think you got blockchain and government round the wrong way there.,Essexal,Bitcoin,4,-1,-1,2016-12,2016-12-15 18:45:48,Blockchin controlled by government would be a great solution against fraud :)
0,Thank you :),AltF,Bitcoin,1,-1,-1,2016-12,2016-12-09 00:40:21,"We had tons of ""discussion and rational discourse"" on this sub until people's posts started getting deleted 1-2 years ago..."
0,"I know that at least the square reader can read chip cards, and yeah it should work with the 3.5mm to lightning adapter.",finecon,Bitcoin,5,5,0,2016-09,2016-09-13 17:55:20,"am i missing something? will those credit card readers not work with the included 3.5mm to lighting adapter??? also, chip &amp; pin will soon make those swipers obsolete anyway."
1,each central bank will run their own API,samurai321,Bitcoin,2,2,0,2016-09,2016-09-03 08:39:29,"Wow, what a bunch of idiots we've all been: storing 80+ GB of block data, doing a ton of pointless mining, verifying everyone else's transactions, etc. The whole time we could've just *trusted a central server*. That sure sounds a lot simpler, WTF was Satoshi even thinking!???"
1,Maybe theyll issue deutsche bank coins after they take everyone's money.,calaber24p,Bitcoin,11,11,0,2016-09,2016-09-30 13:16:23,"That's because they are bail-in s now. Better be first getting cash out. Last 90% become ""creditors""."
1,It was a BlockStream conspiracy to keep everybody in the dark.,goodbtc,Bitcoin,-3,-1,-1,2016-10,2016-10-04 03:00:00,"Thanks. How odd, I've never heard of him in the 6 or so months I've been browsing the bitcoin subs."
1,Solid investment advice.,_sas,Bitcoin,6,-1,-1,2016-10,2016-10-23 04:13:08,"Broskee, keep your BTC. It's not worth trading in an appreciable asset for a home that is most certainly over priced from the current housing bubble. Wait for your next bonus or donate some plasma before letting your BTC go."
0,Wont happen this way.,Lite_Coin_Guy,Bitcoin,4,-1,-1,2016-10,2016-10-11 05:48:24,Everytime there is a flash rally... I always wonder... is this gonna be it? Am I gonna goto sleep and wake up and the price is at 10k?
0,every price is the right price to buy a tresor or something to store your btc,naturecollision,Bitcoin,2,-1,-1,2016-12,2016-12-21 01:04:52,It is stupid. I basically stopped using btc due to recent steady price increase. What is the point of buying things with btc and make profit by selling it foe cash if all I actually have to do is hold my btc. I got so lazy.
1,It's just a fad,Essexal,Bitcoin,5,-1,-1,2016-11,2016-11-07 14:28:35,"Another record volume for LocalBitcoins including regional records in Europe,Pakistan,Russia,Saudi Arabia,USA and Venezuela"
0,As far as I know the laws of thermodynamics have not been refuted.,Bipolarruledout,Bitcoin,1,-1,-1,2016-12,2016-12-31 17:45:46,Do you know that Marx's bullshit was refuted long time ago by a brilliant economist Eugen von Bohm-BawerK? Marx invented nothing that made sense to anybody that understand economics.
0,"From the other sub... Supposedly, ViaBTC took a lot of their mining equipment offline to move it, and it is now returning to operation.",cm18,Bitcoin,1,-1,-1,2016-11,2016-11-08 08:58:13,ViaBTC at 13.4% in the last 24h? WTF?!?
0,"In bitcoin.conf you can put: If bitcoind closed normally: checklevel=2 checkblocks=288 checkblocksverify=288 which is much faster, otherwise: checklevel=3 checkblocks=288 checkblocksverify=288",sumBTC,Bitcoin,2,-1,-1,2016-10,2016-10-26 17:50:47,"Bitcoin Core: Verifying last 288 blocks takes 50 minutes, can this be improved? 2016-10-26 11:56:08 Verifying last 288 blocks at level 3 2016-10-26 11:56:08 [0%]...[10%]...[20%]...[30%]...[40%]...[50%]...[60%]...[70%]...[80%]...[90%]...[DONE]. 2016-10-26 12:45:21 No coin database inconsistencies in last 289 blocks (479353 transactions)"
1,And Colorado,braiker,Bitcoin,7,-1,-1,2016-11,2016-11-12 00:54:22,"Marijuana is not legal in those states, and won't be until Congress says so. State police won't bust you because it's not against state law, but the Feds will absolutely bust you, as we've seen in California."
0,Maybe they got a lil old Reddit hug and ran outta money or hit a limit or something,redditHi,Bitcoin,2,-1,-1,2016-11,2016-11-29 09:55:25,I am no longer able to generate instant cards with the Chrome extension
1,If only there was some kind of market mechanism which we could use to prioritize transactions...,Liongrass,Bitcoin,29,-1,-1,2016-12,2016-12-03 13:47:08,"ViaBTC Transaction Accelerator, accelerate you Bitcoin transaction for free."
1,but but but da fees ... and you have to wait sometimes 12 hours before you get your coffe.,bitsteiner,Bitcoin,17,-1,-1,2016-12,2016-12-13 21:01:04,"To be fair, I buy coffee with this unhackable decentralized borderless peer to peer digital gold almost every day. Not using intermediary debit cards either -- straight BTC."
1,Trump.,Zatouroffski,Bitcoin,1,-1,-1,2016-12,2016-12-29 15:05:12,Why has bitcoin gone up in the past week? Hi. Im fairly new to bitcoins and only use it a couple of times a year at most. Im a bit curious to why bitcoins have gone up almost 100$ in the past week? Is it any specific reason? Is it expected to keep on rising or fall? Should I sell or keep it a bit longer? Sorry if this should have been posted in the beginners reddit but figured I would get a answer from someone more exprecienced here.
1,Volatility is practically zero so it will stay at $600 forever,coinsprinkler,Bitcoin,0,-1,-1,2016-10,2016-10-05 15:08:22,"""I only remember what's happened in the last 3 days or so!""- most of Reddit"
1,Shutterstock video,Samueth,Bitcoin,1,-1,-1,2016-10,2016-10-05 22:51:20,I have no idea what I just saw but that was amazing
1,When 1BTC=$1M,djangocoin,Bitcoin,1,-1,-1,2016-10,2016-10-15 10:15:52,"Question for hodlers: Will you ever sell? I was wondering about how dedicated people really are to bitcoin and how convinced they are that it has a bright, sustainable future. Hypothetically, is there a point when you would just dump all you have if the price is right? Say bitcoin gets to that magical, mythical 10k USD mark, would you sell, return to fiat and buy a house etc or have you already decided to hold for the rest of your life and wait until you will buy the house with bitcoin itself and live comfortably using only btc? To the point when bitcoin somehow replaces money and just becomes part of everyone's (at least in the first world countries) lives... Thanks for you thoughts"
1,buybuyuby,btsfav,Bitcoin,1,-1,-1,2016-10,2016-10-21 05:12:35,OneCoin is not a Ponzi scheme according to Onecoin Leader Tom McMurrain who served 5 years in prison for loan fraud.
0,Take a look into BitSquare.,exo762,Bitcoin,1,1,0,2016-09,2016-09-01 23:08:43,How can I sell some bitcoin without going through ID verification? I was given some bitcoin and want to sell it.
1,The control of internet money was never supposed to get political.,midipoet,Bitcoin,2,-1,-1,2016-11,2016-11-19 00:32:18,"im not arguing consistency. but hes used the same tactics used over here on the btc subreddit as well. he spews emotionally charged rhetoric that makes the divide larger, and actually hurts the classic crowd by detracting from their credibility. obv core is not innocent either. theyre both guilty of creating these ""camps of thought"" that prevent real progress and instead result in something akin to repubs vs dems."
1,Do you even know who he is?,bitsko,Bitcoin,1,-1,-1,2016-11,2016-11-25 13:31:50,Great argument.
1,Am I the only one who thinks that there is missing,rabidus_,Bitcoin,2,-1,-1,2016-12,2016-12-13 07:19:41,"""Tremendous news! Former Barclays CEO joins Blockchain.info-- A huge win for Bitcoin."" Marco Santori on Twitter"
0,"Drugs, ammunition, and water.",koinster,Bitcoin,8,8,0,2016-09,2016-09-27 17:33:16,besides btc what are good stores of value for when it pops?
1,Next they will ban fiat and use only bitcoins,btc4tr4de,Bitcoin,1,-1,-1,2016-10,2016-10-06 10:02:43,Chicago suspends Wells Fargo from city business for a year
1,Didnt you know reddit is one of the places where people try to join unconnected things to explain/foresee an up-and-coming event ... that happens ... sometimes ...,RandomUserBob,Bitcoin,0,-1,-1,2016-10,2016-10-12 15:59:46,I was looking for Bitcoin in the article but couldn't find it? Maybe you can tell us how this is relevant?
0,DORIAN CRAIG!,Lite_Coin_Guy,Bitcoin,1,-1,-1,2016-12,2016-12-22 09:03:40,True creator of bitcoin. Aka: Satoshi Nakamoto So what is the news with finding the creator of Bitcoin? I know some have claimed to be the original creator but it seems to be known that these people are not Satoshi. I am looking for the run down of the latest news.
0,"Good lord, you can't really be that dense can you?",thesilentwitness,Bitcoin,0,-1,-1,2016-11,2016-11-29 07:10:53,"Does it have a commitment? Does it have a timeline? No. Ok, then use what little brain you have as to why no one takes it seriously."
0,Mockchain,BrainDamageLDN,Bitcoin,5,-1,-1,2016-11,2016-11-22 06:10:26,"Blockchain is like the Internet, we need to come up with an 'Intranet' name for private 'blockchains' to stop people calling those things blockchains"
1,"It's called Microsoft Edge, waaaaaaay cooler!",sreaka,Bitcoin,5,-1,-1,2016-11,2016-11-17 04:59:02,Never EVER use Internet Explorer!
0,"No, such a thing is a nonsensical word salad anyway.",marcus_of_augustus,Bitcoin,1,-1,-1,2016-12,2016-12-14 18:57:18,"Can someone ELI5 !, has there been some Bitcoin ban?"
1,"But you know, the economic supermajority wants BU!",loserkids,Bitcoin,4,-1,-1,2016-12,2016-12-09 02:38:24,and BU node count has stagnated at ~300
0,"Don't frame Bitcoin as Gold 2.0, but as a complimentary competing currency that you can use to teleport your gold.",kryptomancer,Bitcoin,1,-1,-1,2016-12,2016-12-28 05:29:11,"They just never commited it seems, its funny how people argue that ""you cant hold bitcoin in your hands"" but how the fuck would commerce work it everything had to be physical. Jesus Christ, thats lile reverse evolution. Its the people who cant wrap there head around bitcoin or other cryptocurrencies. Just the thought of it gives them a headache and they often assume its something coders and techies can only figure out. When in reality companies like Coinbase couldnt make it any easier to aquire."
0,mycelium trader.,netshrek,Bitcoin,2,-1,-1,2016-12,2016-12-25 03:19:16,"Buying a small amount of BTC in NY? I'm only looking to buy $5 worth, and all the LocalBitcoins listings exclude NY residents. I can't use anything requiring an ID. Is there something simple I can use? I'm willing to pay up to double the price of the actual BTC worth if I have to. Thanks for the help in advance."
1,"""it can't go any lower"" - never heard that in this sub before",gulfbitcoin,Bitcoin,2,-1,-1,2016-12,2016-12-30 06:00:17,This is your buy point NOW
0,Here or there?,crooks4hire,Bitcoin,2,2,0,2016-09,2016-09-13 18:32:21,I live here! Something interesting to show friends who come into town
0,I don't think they made up people - seems like they created accounts for people without their authorization.,mkabatek,Bitcoin,1,1,0,2016-09,2016-09-09 23:37:26,I don't know why anyone is surprised. They already make up money. Making up credit isn't a stretch. Making up people? Who cares.
0,"Wink, wink, nudge, nudge, say no' more, eh?",TatianaWisla,Bitcoin,2,2,0,2016-09,2016-09-15 02:05:22,Wouldn't you like to know ay ay ;)
1,That would make bitcoin a alt coin.,CosmosKing98,Bitcoin,7,7,0,2016-09,2016-09-28 14:40:56,"Yep, but that change needs to be a hard fork."
1,And nobody has PayPal balances either,modern_life_blues,Bitcoin,8,8,0,2016-09,2016-09-28 17:45:02,instant as in having your funds locked up
1,Who is this Finney guy and how'd he end up on Blockstream's payroll?,smartfbrankings,Bitcoin,3,-1,-1,2016-10,2016-10-14 01:45:54,"Hal Finney: ""...there is a very good reason for Bitcoin-backed banks to exist, issuing their own digital cash currency, redeemable for bitcoins."""
0,that became some kind of banksters...,BTC_Forever,Bitcoin,1,-1,-1,2016-11,2016-11-24 14:47:50,Large mining pools are financial institutions of bitcoin.
0,:-) The only green in a sea of red...,RustyNomad,Bitcoin,5,5,0,2016-09,2016-09-09 18:36:02,"Not bad Bitcoin, not bad today"
0,I'm convinced.,LaCanner,Bitcoin,13,-1,-1,2016-11,2016-11-09 06:52:15,It is not a conspiracy theory.
0,Good catch.,BeastmodeBisky,Bitcoin,3,-1,-1,2016-11,2016-11-10 13:50:00,"1 states there is no official ""Bitcoin"" implementation. 5 states Bitcoin is free and open source software. Both cannot be true."
1,"fedcoin :) Is endless, it's free (only for some), is controlling every aspect of your life, is enslaving you for many generations...",BTC_Forever,Bitcoin,2,-1,-1,2016-11,2016-11-13 10:31:51,"After Bitcoin, what is the second most important cryprocurrency in existence? Why?"
0,Professor Bitcorn?,Sugar_Daddy_Peter,Bitcoin,1,-1,-1,2016-11,2016-11-14 16:20:59,China Central Bank is recruiting blockchain experts to develop China's official digital currency.
0,Not an argument,ric2b,Bitcoin,1,-1,-1,2016-12,2016-12-20 14:07:39,You don't even understand the words you are using. the blockchain and bitcoin's price is the empirical evidence for 1mb.
1,"Yeah, like a large group of new people are trying to send bitcoin over the last few days, such as India, seems totally crazy though, I agree.",sreaka,Bitcoin,1,-1,-1,2016-11,2016-11-23 04:30:04,"these people totally ignore the fact that if you look at the graph of the mempool you see a sudden huge increase in size almost out of nowhere. Like , yeah, it's totally normal to have an explosion of transactions out of nowhere, they seem to think we're idiots with how much they try to spin it. Not to mention the fact that this spam attack has been carried out so many times now it's just too obvious, so we know exactly what is happening yet the BU supporters still try to act blind like this is all totally normal."
0,You don't get it because you didn't think BTC could ever drop below $800.,OracleSeven,Bitcoin,1,-1,-1,2016-12,2016-12-17 16:03:44,I can't believe you have been around this long and still don't really get it.
1,"Don't worry guys, the blocks are not full!",SatoshisCat,Bitcoin,6,-1,-1,2016-10,2016-10-03 07:57:56,"A year and a half ago, I built this to visualize the limited capacity of the blockchain. Now almost all the blocks are full."
0,Where is Litecoin?,Lite_Coin_Guy,Bitcoin,1,-1,-1,2016-11,2016-11-11 05:55:04,Bitcoin to death
0,which payment method?,gonzobon,Bitcoin,1,-1,-1,2016-12,2016-12-14 06:37:18,Wrong! Friend of mine just started using it and has successfully done a couple of trades already
0,Payments sent as friends and family can also be reversed if the person claims the use of their account was unauthorized.,TroyPistachio,Bitcoin,1,-1,-1,2016-11,2016-11-16 14:56:48,"Yeah, I can give you some info. Firstly, it's not against PayPal's terms of service to sell bitcoins. You are totally allowed to do that. Secondly, let's talk about chargebacks. In PayPal, you can *either pay with your PayPal balance or a credit/debit card*. If you pay with your balance, PayPal has control over all funds and all disputes. You can also send as *friends and family or goods and services*. Friends and family payments **cannot** be reversed by PayPal when paying by balance, whereas goods and services payments **are disputable**. Let's say the customer disputes the payment (if made by G&amp;S). You now have to fight the case - sending bitcoin txids and chat logs to prove you send the bitcoins, etc. It's a hassle. However, if the customer does **not** pay by balance and pays with a card instead, then no matter whether he sends as F&amp;F or G&amp;S, he **can** chargeback the payment by contacting his issuing bank and having the payment reversed. If this happens, there's nothing you can do. So, if you want to do this: 1) Only deal with **reputed people** and **small amounts** 2) When dealing with non-reputed people, take payments from **balance only** and make sure they send as **friends and family**. It's not worth the hassle to fight a case if they chargeback. That's it. Hope this helped."
0,"No, not with Google's 2fa method.",jmw74,Bitcoin,3,-1,-1,2016-12,2016-12-26 11:40:46,Holy shit. Would a Yubikey protect against a phishing attack like that?
1,More grass roots support for BU!,mmeijeri,Bitcoin,5,-1,-1,2016-11,2016-11-21 16:17:39,Plot Thickens: ViaBTC Receives Mysterious 210 Bitcoin Deposit To Cloud Mining Address
0,You are assuming it would do damage just like big blockers assume it would not.,CosmosKing98,Bitcoin,1,-1,-1,2016-12,2016-12-04 19:54:10,"Unfortunately, the only way you mention we can test it could also irreparably damage bitcoin. Perhaps it would be better to explore other solutions that can be tested before implementing them on the main chain."
0,It might if Goldman Sachs is your biggest investor.,Sugar_Daddy_Peter,Bitcoin,2,-1,-1,2016-12,2016-12-08 01:05:58,It still makes no sense to stop something that grows 50% per year.
0,What is significant about $13 billion?,btcchef,Bitcoin,1,-1,-1,2016-12,2016-12-21 16:58:03,It means 13 Billion.
1,"Yes, Because the mods of a tiny subreddit can do that....",steb2k,Bitcoin,25,-1,-1,2016-12,2016-12-05 14:14:38,Maybe its the free speech crowd at r/btc that made a case of the banning from the subreddit and pushed it to a global reddit ban.
1,Banking hours bruh.,mkabatek,Bitcoin,1,1,0,2016-09,2016-09-22 03:41:01,A few minutes after posting I received a response from support stating that in two days my account will be fully updated. 6 day waits for support for support is unacceptable for a serious finance company. In general my support tickets are answered too slow for me to use Coinbase beyond novelty. I hope posts like this help whoever the fuck's in charge realize their support is shit.
1,The important thing is we're talking about his feelings on gay marriage.,glibbertarian,Bitcoin,4,-1,-1,2016-10,2016-10-01 15:57:26,"Don't paint him as a victim, he was forced out by public opinion caused by his bigoted actions. Brave CEO literally lobbied the government and donated money to deny gay people equal rights. The public backlash was so huge, that he resigned."
1,"Of course, and whose fault is it anyway... The patriarchy...yes they're to blame for everything...",Jodasons87,Bitcoin,0,-1,-1,2016-10,2016-10-08 17:25:30,The fact that Bitcoin could save Africa is enough to want me to use it
0,"Same thing has happened to me, but I'm only out 250",8bitdreamer,Bitcoin,1,-1,-1,2016-10,2016-10-23 15:26:50,"Expedia nightmare I've used bitcoin to book a place on Expedia before and it worked perfectly fine. But around 5 weeks ago I attempted to book a hotel and although the payment was shown as sent on my Coinbase page, the timer on the Expedia payment page ran out before ""receiving"" the payment. For 5 weeks I have been on the phone with and emailing both Expedia and Coinbase, neither of whom seem to want to do anything about the almost 600 dollars I'm missing even I have shown them that the payment on my Coinbase account went through. Expedia tells me they can't do anything because there's no itinerary number and therefore they can't find anything in the system, and Coinbase tells me that whether or not Coinbase handles the Bitcoins, Expedia holds the account so it's still responsible for issuing a refund. If anyone has any suggestions about what actions I can take from here or if there are any specific representatives I can contact, it would be highly appreciated. From reading the past experiences with Expedia on this sub, I have a feeling it's Coinbase who is responsible for this."
0,You think they'll destroy the world economy?,yaforgot-my-password,Bitcoin,1,-1,-1,2016-12,2016-12-04 00:21:59,What do you think the fed will do when trump tries to abolish the fed reserve?
0,Care to explain?,coinsprinkler,Bitcoin,2,-1,-1,2016-11,2016-11-08 16:00:17,BAD TITLE. Sorry for screaming.
0,"Sure, but what about the delay with the transactions confirmations and the bigger taxes?",callreco,Bitcoin,0,-1,-1,2016-11,2016-11-13 09:30:20,This is why we need smaller blocks.
0,"IT department, so hot right now!",xbcsmith,Bitcoin,4,-1,-1,2016-12,2016-12-04 00:35:39,"Fuck Ad blockers- NEW DELHI: Amendments to the I-T laws do not seek to tax inherited gold and jewellery as also those items that are purchased through disclosed or agriculture income, the government said on Thursday. The Lok Sabha earlier this week passed the Taxation Laws (Second Amendment) Bill, which proposes a steep up to 85 per cent tax and penalty on undisclosed wealth that is discovered by tax authorities during search and seizure. Dispelling rumours that jewellery would be covered under the amended law, the Central Board of Direct Taxes (CBDT) said the government has not introduced any new provision regarding chargeability of tax on jewellery. ""The jewellery/gold purchased out of disclosed income or out of exempted income like agricultural income or out of reasonable household savings or legally inherited which has been acquired out of explained sources is neither chargeable to tax under the existing provisions nor under the proposed amended provisions,"" the CBDT said. During search operations, conducted by I-T department, there would be no seizure of gold jewellery and ornaments to the extent of 500 grams per married women, 250gm per unmarried women as also 100gm per male member of the family, it said. ""Further, legitimate holding of jewellery up to any extent is fully protected,"" it added. The Bill, which is currently under consideration of the Rajya Sabha, will amend Section 115BBE of the Income Tax Act to provide for a steep 60 per cent tax and a 25 per cent surcharge on it (total 75 per cent) for black money holders. Another section inserted provides for an additional 10 per cent penalty on being established that the undeclared wealth is unaccounted or black money, taking the total incidence of levies to 85 per cent. Top Comment How about the reddy brothers? Has govt notices the recent extravagant marriage celebration they conducted? Has the gold worn by the reddy family women missed the govt''s eyes or it is turning a blind... Read Moretruthconscience81 CBDT said: ""Tax rate under section 115BBE is proposed to be increased only for unexplained income as there were reports that the tax evaders are trying to include their undisclosed income in the return of income as business income or income from other sources. ""The provisions of section 115BBE apply mainly in those cases where assets or cash etc. are sought to be declared as 'unexplained cash or asset' or where it is hidden as unsubstantiated business income, and the Assessing Officer detects it as such."""
1,because big blocks = moon = rich NOW!,Lite_Coin_Guy,Bitcoin,4,-1,-1,2016-12,2016-12-08 17:12:38,How anyone could ever trust that team over the 100+ core devs blows my mind.
1,You dropped this:,UlyssesSKrunk,Bitcoin,1,-1,-1,2016-10,2016-10-29 22:55:01,This guy knows bitcoin like the back of his hand. Debate over. Just do it.
1,Thank you for elaborating your counterposition and providing your arguments and evidence where the author's description diverges from your perception.,Xekyo,Bitcoin,3,-1,-1,2016-11,2016-11-02 14:27:57,Fuckin' Amateurs
0,price dropped 1.2% Panic sell!,openbit,Bitcoin,1,-1,-1,2016-12,2016-12-05 07:09:13,"Before someone posts a ""why bitcoin price is dropping"" , may I suggest this likely buy the rumor sell the news type of situation related to the Italian vote."
0,"Ah, ""like it or lump it"", another attitude that will surely result in success.",Matthew-Davey,Bitcoin,5,-1,-1,2016-12,2016-12-03 08:44:54,Feel free to use an alternative. No one is stopping you.
1,"Haha, yes, clearly there was no market demand for P2SH, we can see that now because nobody ever used it.",chriswheeler,Bitcoin,-1,-1,-1,2016-11,2016-11-16 18:34:28,"It's enlightning to learn the details of the roll-out of P2SH to get better perspective on this particular contribution. While it is undeniably a significant feature of the system today, we have learned with time that Gavin's implementation was flawed and vastly inferior to LukeJR's BIP17. An unfortunate situation given that Gavin rushed the proposal while it was not clear that there was market demand for it."
1,You can't send gold over the Internet to buy drugs,Essexal,Bitcoin,6,-1,-1,2016-11,2016-11-16 20:59:35,"Why would someone risk X% Bitcoin price volatility to prevent N% devaluation of their fiat currency? I am not fully convinced of cryptos as a store of value to hedge against fiat currencies. Yes, Bitcoin is inflation proof. But it is not stable, at all. In my mind there are the slightly devaluing currencies, such as the Yuan or Pound (&lt;10%), and then the hyper-inflationary currencies. In the former case, Bitcoin volatility completely outweighs price devaluation, and in the latter, their economies are far too immature to support Bitcoin anyways. Don't get me wrong, I love Bitcoin as a peer-to-peer money transfer system. Just less so as a store of value. Why would I buy Bitcoin as an inflation hedge when I can buy gold?"
0,how long are you planning to stay on Mars?,behindtext,Bitcoin,1,-1,-1,2016-10,2016-10-22 15:20:17,2 weeks.
1,"Now now, don't let facts and truth get in the way of a good lynching...",Matthew-Davey,Bitcoin,3,-1,-1,2016-11,2016-11-21 12:51:13,If anyone's showing their true colours it's those that from this article claim Hearn was compromised or otherwise co-opted by NSA/GCHQ. That's not what happened at all.
1,Better block segwit.,Sugar_Daddy_Peter,Bitcoin,-1,-1,-1,2016-11,2016-11-24 15:48:38,Search for the truth. I tell you things and I always ask you to verify what I say
1,Because hardforking every week has worked so well for ether...,Sugar_Daddy_Peter,Bitcoin,16,-1,-1,2016-12,2016-12-08 12:44:45,"There are no major downsides, the reason some people oppose it is that they fear it will make it harder to ram through a controversial hard fork under false pretences."
0,Thanks.,vamprism,Bitcoin,1,-1,-1,2016-10,2016-10-13 06:02:52,Click bait!
1,I'm sure there's no 3 letter agencies that have backdoor access to the ME,redditHi,Bitcoin,3,-1,-1,2016-11,2016-11-29 19:45:29,"Lots of fud little facts. Intel ME requires it to be activated at boot on the BIOS, its not some hidden system checking in with INTEL. This is not unlike Lights out management that is standard in every enterprise server. I have read of some fringe case exploits but before they start hacking your bitcoins, you would have full control of most enterprise servers. Its a management tool to simplify administration of PCs in enterprise environment. Intel ME does not introduce any other risk to your PC that isn't already there If someone has physical access to your PC and you did not handle proper security, encryption of drive, not storing unencrypted keys, or your passwords, then you should be ok."
0,It's the legacy way of doing things....,modern_life_blues,Bitcoin,4,-1,-1,2016-12,2016-12-14 16:48:13,"It is actually incredible we have a person, with no experience in writing code, holding the industry hostage, and at the same time attacking those whom do write code."
0,"I have contacted them, hopefully they allow me to raise the fee but that will probably require me to wait a couple days for the transaction to be cancelled first sadly, or possibly they can do the double thing with a higher fee to overtake the first one.",StarShrek1337,Bitcoin,1,-1,-1,2016-10,2016-10-27 01:49:09,"If your bitcoins are on a website that does not allow you to change the fee, then you need to contact them directly and request a manual withdrawal by them with a higher fee or wait until the network is working smoothly again."
1,"Bitcoin shouldn't be a business, everyone deserves an equal share!",JackBond1234,Bitcoin,5,-1,-1,2016-12,2016-12-17 16:36:06,I would never mine for profit!
0,the reporter is fairly clueless,redditHi,Bitcoin,1,-1,-1,2016-12,2016-12-30 09:51:00,"""up 3% on early trade in London"" Does this even mean anything?"
0,"No a non profit will not work, you need to be a 501c3 donations to a 501c7 for example are not deductible.",Silly_Balls,Bitcoin,2,-1,-1,2016-12,2016-12-30 23:12:08,"Time to open a non-profit corporation, lol."
0,"It's not even an altcoin, which makes it hard to take you serious.",Xekyo,Bitcoin,2,2,0,2016-09,2016-09-07 22:19:19,"no, not ""almost everyone"". At all. Just a few handful of people that have (sadly) been fooled, and a ton of shills paid for by such shady projects. Reality is, almost everyone here on this and other respectable bitcoin forums, know what's really up. Lightningcoin has zero benefit to bitcoin. It is an aggressive hack that hijacks another project's already established infrastructure. If, by some insane turn of events, everyone started using this crap, we'd be in much worse shape. It solves nothing."
1,Allowing children to buy drugs on the darknet (alphabay Ect.),iH8teF1ames,Bitcoin,10,10,0,2016-09,2016-09-19 11:06:38,"Other than a Bitcoin wallet, what would this entail?"
1,"Bitcoin Exchange, always go all in!",Lite_Coin_Guy,Bitcoin,2,-1,-1,2016-10,2016-10-29 20:01:46,"Where do you keep your Bitcoins? Where does everyone keep their bitcoins? - Bitcoin Exchange? - Local Bitcoin Wallet? - Paper Wallet / Cold storage? Just wondering what everyone does, and if they keep their BTC around as BTC hoping for a value increase? Or do you convert to local currency ASAP using BTC as a currency transport?"
1,Fork fuck the coin!,Sugar_Daddy_Peter,Bitcoin,2,-1,-1,2016-11,2016-11-04 11:13:32,"So next thing we will be hearing is ""OMG blocks are full"". We need to use BU ASAP."
1,"He did a great job as Reagan's budget director, too",POCKALEELEE,Bitcoin,1,-1,-1,2016-11,2016-11-06 23:30:58,David Stockman warns both Trump and Clinton could lead to 25% sell-off. Stockman has washed his hands of everything in his portfolio except cash and gold.
0,Wouldn't miners leave the pool if shit their pool was doing was hurting the price of bitcoin?,Sugar_Daddy_Peter,Bitcoin,1,-1,-1,2016-12,2016-12-05 12:48:13,The 12 people who control the top 12 mining networks.
0,"The fact that it's even possible for transactions to sit unconfirmed for hours at a time, plus the recipient can't do anything about it, makes for a dangerous product deficiency that another cryptocurrency could easily improve upon",florbagast,Bitcoin,-1,-1,-1,2016-10,2016-10-27 15:23:08,You could have used a proper wallet like Electrum that used dynamic fees and offered the functionality of increasing fees for stuck transactions There's no one mempool and transactions never need to time out: it's just common that they do based on common settings. Some people might want to use this for a legit purpose like sending a transaction with a low fee that they don't care if it doesn't get confirmed for a week
1,I'm totally sure that this isn't a scam.,TroyPistachio,Bitcoin,1,-1,-1,2016-11,2016-11-27 04:27:42,How i made ~$950 profit in two trades
1,Source:,sumBTC,Bitcoin,1,-1,-1,2016-11,2016-11-29 08:50:45,Is this time for real? source?
1,Bitcoin fees are too high!,sumBTC,Bitcoin,1,-1,-1,2016-10,2016-10-18 10:29:28,Bitcoin Believer Peter Thiel Donates $1.25 Million to Trump
0,It's the internet cash of digital e-money.,FigaroFigaroFigaro,Bitcoin,1,-1,-1,2016-12,2016-12-12 12:04:49,Its the currency of money!
1,Are you expecting them to know about cryptogrqohy or something?,priuspilot,Bitcoin,2,2,0,2016-09,2016-09-08 15:30:01,They don't hash the passwords?
1,so when are the criminal charges for perpetrating this massive fraud scheme going to be handed down?,behindtext,Bitcoin,2,2,0,2016-09,2016-09-27 05:03:57,"Ex-Wells Fargo Employees Sue for $2.6 Billion, Allege They Were Punished For Not Breaking Law"
1,"If only you had posted an address, I would have sent you a bitcoin",DJBunnies,Bitcoin,1,-1,-1,2016-10,2016-10-24 14:48:32,Donate to me plzzzzzzzzzzz ;;;;))))))
0,"Because miners have no possible incentive to flood the network with dummy transactions, backing up the system and forcing people into an ever-increasing fee structure that is paid to those very miners?",daveime,Bitcoin,1,-1,-1,2016-11,2016-11-24 01:59:53,I am aware of the problem. But on which basis do you claim this to be an attack rather than just legitimate tx building up in the mempool?
0,"No, lol.",alexgorale,Bitcoin,1,1,0,2016-09,2016-09-15 17:13:49,Low interest rates are deflationary.
0,"Yup I've been thinking about this a lot, hardcode an activation date 2+ years into the future, and require 95% miners support... or perhaps even 100%.",SatoshisCat,Bitcoin,6,-1,-1,2016-12,2016-12-21 00:20:49,The only way hardforks can work.
0,And computer systems,rbhmmx,Bitcoin,1,-1,-1,2016-11,2016-11-28 15:05:24,they'll just ban Bitcoin
0,Let's hope it happens soon.,ivanraszl,Bitcoin,2,-1,-1,2016-11,2016-11-25 04:20:55,"Henry Brade: ""Based on new transaction stats SegWit will more than double the #bitcoin tx capacity. And it enables secure LN for real scaling. We need it!"""
0,What is the maximum amount i can load on it?,surge3d,Bitcoin,6,-1,-1,2016-11,2016-11-28 19:14:18,"Bitcoin in, virtual card out instantly via chrome extension. Anonymous throwaway cards with bitcoin"
1,You'll have to spam the network with your high fees then.,tasmanoide,Bitcoin,1,-1,-1,2016-12,2016-12-02 09:09:45,"They are international, and the only viable option for me at this moment."
1,When the Bitcoin blockchain reaches 1TB = end of bitcoin.,Lite_Coin_Guy,Bitcoin,1,-1,-1,2016-12,2016-12-02 12:35:02,When will the Bitcoin blockchain reach 1TB?
0,"Nice, what form of government do they have there, I am thinking that we bring that to the good old US!",dztrucktion,Bitcoin,1,-1,-1,2016-12,2016-12-04 03:18:17,What 30$ looks in Venezuela's Currency.
1,"Yep, definitely no bots or market manipulation in bitcoin.",jurassic_blam,Bitcoin,2,-1,-1,2016-12,2016-12-20 23:49:04,"Yep, no Mt Gox trading bots artificially pushing up the price this time round. Just solid demand..."
1,So rational!,btcchef,Bitcoin,1,-1,-1,2016-12,2016-12-23 04:15:26,You were saying?
0,The Chinese especially will like that - maybe 8888 CNY soon as well,nelsonpk,Bitcoin,2,-1,-1,2016-12,2016-12-23 08:10:43,Checked at the perfect time
0,"Give him some time to understand Bitcoin, he'll probably say interesting things about it when he does.",Didicito,Bitcoin,1,1,0,2016-09,2016-09-07 20:53:07,Bwhahahaha :D Nobel Laureate Economist Thinks the US Govt Has 'Shut Down' Bitcoin
1,I wonder why,DajZabrij,Bitcoin,1,1,0,2016-09,2016-09-13 14:11:48,"Palestinians Say They Need PayPal, But PayPal Isn't Interested"
1,Where is the third image?,bitcoiner101,Bitcoin,1,1,0,2016-09,2016-09-21 11:29:28,John McAfee's MGT Capital (of recent Bitcoin Mining fame) is subpoenaed by the SEC. Stock down 25%.
1,Did you know it's not the same time everywhere in the world?,grnqrtr,Bitcoin,2,-1,-1,2016-10,2016-10-24 10:09:39,"WTH happened Saturday at 8:00 AM? That's all, I just don't see a major news release or anything."
0,"I wonder what the big ""aircraft hanger"" building at the back is for?",jcoinner,Bitcoin,2,-1,-1,2016-11,2016-11-05 03:16:10,Bitmain's Made an Official Announcement about the Giant Xinjiang Mining Facility
0,Define gutter then.,Essexal,Bitcoin,0,-1,-1,2016-12,2016-12-27 13:16:05,"You're making random values up now mate, just stop and leave."
0,Sure does.,sq66,Bitcoin,2,-1,-1,2016-10,2016-10-23 13:06:56,Bitcoin works.
0,Upvoted - cause contrarian,o0splat0o,Bitcoin,12,-1,-1,2016-12,2016-12-12 05:42:15,"Running a node noob question - don't upvote I got my 0.13.1 node up and running at home and I have a couple questions. 1) node is running on a headless windows pc. Is there a way to monitor my node statistics on my android phone? I really only want to check to make sure the client is still running. It's connected to my TV currently but I will be moving into the basement soon. 2) Node has been up for 24 hours and is currently connected to 25 peers, 17 incoming and 8 outgoing. Am I helping? Home internet is connection is unmetered 60/5."
0,"well.. in some exchanges, yes.",rabidus_,Bitcoin,18,-1,-1,2016-12,2016-12-12 12:22:34,All time high.
0,I think you meant 'hodl',ReadableWig9,Bitcoin,1,-1,-1,2016-12,2016-12-21 09:08:21,Also need to factor in hardware related issues due to faulty boards etc... Basically buy btc and hold unless you have a good sum of money
1,I suspect a missing,nopara73,Bitcoin,1,-1,-1,2016-12,2016-12-24 16:42:28,An exchange? Hosted wallet? Counter party risk !
1,seems legit...,samurai321,Bitcoin,2,2,0,2016-09,2016-09-26 23:01:26,RAREPEPE blockchain trading on Counterparty is not taking over the internet.(IT IS).
1,He should have sent his money via the SWIFT network instead if he was in such a hurry,expiresinapril,Bitcoin,1,-1,-1,2016-10,2016-10-20 07:53:41,'Lil desperate?
1,Lets give miners full control of the bitcoin consensus system.,linktype,Bitcoin,2,-1,-1,2016-10,2016-10-23 17:38:24,"The most interesting slide from the ""Bitcoin On-Chain Scaling Conference"" in China"
0,Time to buy Auroracoin!,lclc_,Bitcoin,1,-1,-1,2016-10,2016-10-25 15:51:36,Polls suggest the Pirate Party who support Bitcoins as legal tender may win Saturday's election in Iceland
1,Are you suggesting a SWexit from the EU?,ILikeGreenit,Bitcoin,2,-1,-1,2016-10,2016-10-27 17:13:40,Interesting! UK closes bank accounts related to bitcoin ECB suggest EU to make it harder to acquire and/or use bitcoin. Switzerland makes it very easy for their citizens to acquire bitcoin. Capital flows to the place where it is treated best ...
0,People = Peter Todd,Lite_Coin_Guy,Bitcoin,0,-1,-1,2016-10,2016-10-21 04:44:17,"Afaik, Sergio Lerner proposed an ACK operation BIP to enable drivechains, but people are distrustful of his history with software patents."
0,"How exactly is the gov subsidized electricity ""free market""?",loserkids,Bitcoin,1,-1,-1,2016-11,2016-11-12 18:07:32,"Slush, you can't change the world to make yourself comfortable. Chinese win this war because their cost is lower. Similarly, your trezor sells for $99, and you can't see it's an excuse that Chinese can produce same things with much lower cost to urge people to boycott them. It's free market. It's freedom. Although I dislike Chinese miners. I think they are stupid and greedy and short-sighted."
0,liked the death star behind the FT article :) needs a flying saucer in there ... somewhere,RandomUserBob,Bitcoin,2,-1,-1,2016-11,2016-11-04 11:53:38,The 5 stages of Bitcoin disruption
0,#CHINA,Light_of_Lucifer,Bitcoin,3,-1,-1,2016-10,2016-10-22 20:44:32,Cross Border Payments Settled via Bitcoin Increase Almost Tenfold in 2016
0,"Yes, my mistake is Pied Piper",BTC_Forever,Bitcoin,1,-1,-1,2016-11,2016-11-27 21:09:45,"Pipe piper? Or pied (multicolored) piper? I know it as pied, but he does blow on a pipe/pan flute."
0,I think the politicians will win.,phor2zero,Bitcoin,3,-1,-1,2016-11,2016-11-07 03:41:33,Bet on the Winning Party of the US 2016 Presidential Election with Bitcoin
0,"i know, they should use a flat 5$ fee or something... last time i checked an atm near me it had a 50$ spread between buy and sell.",samurai321,Bitcoin,0,-1,-1,2016-10,2016-10-25 23:13:06,"Any BTC ATMs in NYC that charge less than 5%? I know the ATMs cost the operators money, but fees seem way high (especially keeping in mind that people complain about bank ATM fees which are a fraction of the cost). I know they'd do more business if they dropped the fees."
0,Bitcoin isn't a company.,DJBunnies,Bitcoin,1,-1,-1,2016-10,2016-10-22 13:56:43,"He should have gone with ""[insert any successful company here]""."
1,Seems legit.,cointastical,Bitcoin,1,-1,-1,2016-11,2016-11-17 19:36:40,Will pay $30 for $25 in BTC
0,You are a pure nutter,Edict_18,Bitcoin,2,-1,-1,2016-10,2016-10-06 18:20:22,"No more than we should let you ""invest"" in Bitcoin, until, finally, you're sleeping in a cardboard box behind a dumpster. Or let meth dealers sell meth, until, finally, Pumpkin is chugging cum at a truck stop, in her swank Porta-Potty or the back of someone's smelly Kenworth sleeper. Or let her smoke roofers (reefers?), until she's repeatedly, savagely raped behind the traps, by boogie-woogie negroes jazzed up on heroin. We should call in the authorities before shit gets out of hand. Or we should keep chanting *caveat emptor* and *invisible hand.*"
0,is he talking about SegWit?,gr8ful4,Bitcoin,32,-1,-1,2016-10,2016-10-13 19:07:15,"Szabo: ""Best way to destroy your investment in Bitcoin: gather an Internet mob to go redesign Bitcoin."""
1,"Nah guys bitcoin is dead, it never recovered after 2014.",HowRiskyIsDatClick,Bitcoin,3,-1,-1,2016-12,2016-12-21 00:22:03,...To the Front Page!
1,Don't forget the DNA sample,RustyNomad,Bitcoin,2,2,0,2016-09,2016-09-19 16:41:05,"Bitstamp asking for Police report:P :) I was using bitstamp earlier ... Now after a while ... Added bitcoin , Requested for withdrawl using debit card and see what they say ""we would like to inform you that we have received your card load request. However, before we are able to further process it and continue to provide you with our services, we will have to kindly request you provide us with a police clearance certificate. Please submit your documentation in a reply to this ticket at your earliest convenience."" Although I am a fully verified customer ... Should I visit a police station and ask them I need a police clearance because I want to add money to debit card Bitstamp is going down ? Is that a behavior ? Anyone has same issue ?"
0,Please tell me more about ETH,AstarJoe,Bitcoin,6,6,0,2016-09,2016-09-28 21:41:04,"It offers nothing over bitcoin itself, except for another level of complexity. It offers more problems than it (falsely) claims to fix. If as many people used this scheme as bitcoin, it would produce exactly the same delayed transaction times it claims to fix, plus less secure transactions. That time gap could give the other party an opportunity to yank the coins out of the ""escrow"" it holds them in. The entire thing is pretty ridiculous. Fortunately, not many people will actually use it anyway. The vast majority of people talking for it are paid shills. Anyone that looks into how it actually is suppose to work can clearly see it's just a get-rich-quick scam with large corporation funding."
1,"But, but, CoinTrace is a great onramp!",arcrad,Bitcoin,3,-1,-1,2016-11,2016-11-18 22:12:15,"Just to be safe, you might want to pull your coins out of Coinbase until this thing blows over Take advantage of bitcoin. The IRS probe of Coinbase might turn out to be no big deal, but it creates uncertainty. You can't guarantee tomorrow there won't be an announcement on your Coinbase dashboard saying: ""Due to a pending IRS investigation, withdrawals have been temporarily suspended for your account. Don't worry, all your funds are still secure at this time."" Use bitcoin's strengths. Relocate your funds until there is less regulatory uncertainty. (I am not bashing Coinbase in any way)"
0,Capitalized Trump lol,djangocoin,Bitcoin,2,2,0,2016-09,2016-09-27 09:07:37,"0% is nice, but 0 btc in sales is no good. When variable cost is 0, sales Trump fees. Even at 99% fees."
1,"gold and bitcoin are disproportionally small to what they have to offer, also warren buffet wtf, he is bigger than bitcoin :/ also wondering what crazy shit happens if the derivates market ever collapses with new toxic assets and nobody buying, are they gonna use the military this time to force other governments to buy these?",naturecollision,Bitcoin,1,-1,-1,2016-11,2016-11-20 05:53:58,$12 B worth of the world's currency is uncontrolled and independent from the governments of the world. It does not have the *full faith and credit* of any government because it does not need to. Faith in a counterparty is not needed. May we continue to grow this faithless currency beyond the $12 B market cap it currently holds.
0,"damn, that's gotta hurt",pizzaface18,Bitcoin,1,-1,-1,2016-11,2016-11-22 22:24:06,"yeah, but the spammer is probably fully invested with leveraged short, that's why he's so desperate to bring down the network and price with it."
1,Do they smoke weed and listen to jungle bunny music too?,BlindfoldedNinja,Bitcoin,-2,-1,-1,2016-12,2016-12-11 01:25:22,"To clarify: The alt-right is a subset of the people who engage in that sort of behavior. breitbart is the information headquarters of the alt right and is a promoter of false aka fake news. Therefore the two go hand in hand. Trump is also a promoter of fake news, and is the champion of the alt-right."
1,Zero after the MIT block chain attack today,Edict_18,Bitcoin,7,-1,-1,2016-12,2016-12-12 14:24:34,$800 Before 2017 Yes or No Can we do it?
0,Could just be enthusiasm ;),Diapolis,Bitcoin,3,-1,-1,2016-10,2016-10-29 18:38:43,The pumpers are back I guess
0,Never-ever-hold-your-money-on-hot-wallets!,Zatouroffski,Bitcoin,1,-1,-1,2016-12,2016-12-22 13:30:29,Exclusive: BTC38 hot wallet got hacked and lost 1.5 million !!
0,thank you for your advice :) I'll take it serious!,CapableOfLearning,Bitcoin,1,-1,-1,2016-12,2016-12-23 02:25:08,"Used them in past to trade in/out, they are fine. Just don't leave coins there of value too long I'd say. Transfer in, trade, transfer out, etc."
1,You missed the,Introshine,Bitcoin,10,-1,-1,2016-10,2016-10-14 10:33:35,Bitcoin mining is too centralized and bitcoin network is under attack by alt clients
1,Forgot the,AnonymousRev,Bitcoin,1,-1,-1,2016-11,2016-11-05 01:08:07,Coinbase :) is the most secure and anonymous exchange and wallet.
1,Bitcoin is the currency of criminals.,bitsteiner,Bitcoin,1,-1,-1,2016-11,2016-11-05 18:50:45,How is this anything to do with Bitcoin?
0,i regret that i did not do more research when i first heard about bitcoin in 2011/2012....argh,Lite_Coin_Guy,Bitcoin,2,-1,-1,2016-10,2016-10-29 07:42:32,Has anyone regretted geting into bitcoin? Tell us your story
0,BS.,paoloaga,Bitcoin,1,-1,-1,2016-11,2016-11-16 16:36:19,Yeah because the network doesn't use that much resources now. Imagine the user base grows 10 fold. Running a node would become a luxury.
1,"You can really see how bitcoin is dying, due to too small blocks!",BitcoinReminder_com,Bitcoin,3,-1,-1,2016-11,2016-11-17 09:45:50,Bitcoin civil war is destroying Bitcoin. :-)
1,"Right, because theymos and blockstream have done so much good for Bitcoin I'm being unreasonable and we can afford to cut them some slack...",URGOVERNMENT,Bitcoin,1,-1,-1,2016-12,2016-12-16 19:18:07,"That's a question only he can answer, but maybe wanted to show that Satoshi was part of the development and didn't want to take the time to make a special tag only for him. Garzik and Adnresen are also tagged as bitcoin core developer, although they didn't contribute for some time now. JL2012 and btcdrak are not tagged as anything, despite currently contributing to Core. ffs, it's just tags to give new people an idea who the person is, not an official biography."
0,there's no way i trust myself to do this.,violencequalsbad,Bitcoin,1,-1,-1,2016-12,2016-12-23 16:13:06,You could definitely make precisely the same mistake 3 times
1,I think u missed a couple of zeros out - too short :),RandomUserBob,Bitcoin,2,-1,-1,2016-12,2016-12-28 21:48:43,Bitcoin hits 1000000000000000000000000 zimbabwe dollars
1,"shut up, microsoft is the devil",faulked,Bitcoin,1,-1,-1,2016-12,2016-12-31 19:19:53,This is really big news and our response is to bash Microsoft/Excel? What is wrong with people.. Take off the tinfoil boys... Excel supporting BTC is good news for the community
0,honestly both are funny to me,DerbleDoo,Bitcoin,1,-1,-1,2016-11,2016-11-03 15:22:40,no fun to say that :D
0,"What you are describing is a ponzi scheme, not a pyramid.",calimiket,Bitcoin,1,-1,-1,2016-10,2016-10-21 12:35:15,It doesn't create any value or have any use cases. They just pay older investors with new investors bitcoins (which have actual value) Its just a huge pyramid scheme. There is no blockchain or mining or anything remotely like a cryptocurrency.
1,"wow - u lucky bastard, so many coins for free!",Lite_Coin_Guy,Bitcoin,3,-1,-1,2016-11,2016-11-07 09:34:10,Seems Legit (Future of scam)
1,Yeah selling political coins isn't spam,tnethacker,Bitcoin,1,-1,-1,2016-11,2016-11-08 22:32:31,Are not my domains and I am not spamming more than all of these political propaganda posts here...
0,The answer to this question is of great interest to me,TelJanin_Aellinsar,Bitcoin,1,1,0,2016-09,2016-09-25 13:33:32,Please help me understand this. I'm a person who get work done remotely . My client would pay the charges in USD and they don't want to deal with bitcoin or they don't care about it. So can bitpay give a US bank account number to which my client can wire money and I receive bitcoins ? What kind of KYC do they want?
0,Trump,Essexal,Bitcoin,1,-1,-1,2016-12,2016-12-26 02:47:17,Received time 4-24-2070... transaction from the future?
1,The lecture does not seem very popular.,surge3d,Bitcoin,1,-1,-1,2016-11,2016-11-24 20:29:56,Did a Bitcoin talk for one of the biggest dutch newspapers today (Telegraaf) #mainstream
1,I can't buy a VPN with BTC because blocks are full,AltF,Bitcoin,5,-1,-1,2016-11,2016-11-28 06:28:41,strawpolls can be rigged by using a vpn. every ip address lets you have one extra vote.
0,600 = 2 x 300 = 2 x HODL!,tasmanoide,Bitcoin,1,1,0,2016-09,2016-09-04 16:33:48,600 yes
1,Yea bitcoins totally mainstream now,Sugar_Daddy_Peter,Bitcoin,3,-1,-1,2016-10,2016-10-02 18:21:09,Because people who weren't early adopters of bitcoin feel like it's not worth buying into at this point so people are going to jump on any new coin to try and make a big profit.
1,"""to help them pay cyber ransoms"" Lol I'm sure that's the only reason.",vamprism,Bitcoin,5,-1,-1,2016-10,2016-10-23 04:39:26,City banks plan to hoard bitcoins to help them pay cyber ransoms
0,And those wars happened after central banking became widespread in the world.,DaReminder,Bitcoin,2,2,0,2016-08,2016-08-28 10:18:22,"Two world wars started from Europe, but sure, your couple of bitcoins will double."
1,"It wasn't so much, just about 4% of the total bitcoin supply.",SatoshisCat,Bitcoin,1,1,0,2016-07,2016-07-16 17:05:46,Some French guy lost a couple hundredthousand BTC and forgot to tell his costumers about it.
1,We must discourage uptake by this hoard by limiting the transaction capability of the blockchain,nelsonpk,Bitcoin,2,2,0,2016-07,2016-07-26 08:16:48,Smartphone crazy Indians to give a 10x boost to digital payment industry in next four years
1,I am sure the Netherlands wouldn't mind foreigners carving up their special municipalities.,chodpaba,Bitcoin,7,7,0,2016-07,2016-07-31 15:13:10,"I would buy the residents out of Saba in the Caribbean. Then form a new government. There are about 2,000 residents. Most of them are super poor. There is already a medical school there. The island is beautiful. I have thought about it before. You can buy citizenship on St. Kitts (cuz of their corrupt gov't) for a flat fee of $250k per person, and an additional small amount per nuclear family member. Or you can buy a house or piece of land on certain parts of the island for a minimum of $400k and citizenship is included (for a smaller fee). If you offer to buy 2,000 properties on St. Kitts and give each poor resident of Saba $250,000 (plus the $400k house on St. Kitts) then they might take it. But...that is about $1.3 billion. Still...worth it, in my opinion. St. Kitts is sitting on a ticking time bomb of gov't debt. The people there are lazy as fuck. They all just want to retire early and get their gov't social security. The gov't spent all their social security so this would replenish that fund (well...the gov't would actually blow it on other shit and the ministers would find a way to steal a bunch of it...but who cares?). Of course the island of Saba is a Dutch territory. So, that would have to be resolved. Or, find another Caribbean island and do the same thing. It doesn't have to be Saba. I would pay $1million for my share. I would put it in escrow right now if someone wanted to pursue something like this. But Liberia..? No. That place is gonna fucking suck. Tiny. Cold. And shitty neighbors. Building a giant floating city is too expensive. Budget over-runs will ruin it. And in 15 years, I would expect that it would be in dire need of repair. But, I love your general idea! I really dislike my country...and that is a total bummer."
0,Delta gift cards on there as well.,Kinkylittleprincess,Bitcoin,1,1,0,2016-08,2016-08-01 18:31:42,I'm in Europe. American Airlines doesn't offer enough flights here.
1,"Sure, call Mike Hearn back, ask him to fix Bitcoin!",xbcsmith,Bitcoin,0,0,0,2016-08,2016-08-02 09:00:20,"A house divided cannot stand. The current price is a reflection of proposed regulation being proposed by the EU to de-anonymize bitcoin and other crypto's. This is one area where bitcoin has had much success, but if this regulation gets passed, bitcion will become to annoying to use. The current price drop is a reflection of this move to regulate bitcoin in this manner. But the bitcoin community has had so much toxic infighting that we have no fighting spirit left to pose resistance to these regulatory proposals. Many who are left are simply in it for the rise in price. There is truth in the verse: ""A house divided cannot stand."" If you value the freedom of bitcoin and the rebellion it represents, please reach out for compromise on both sides of the fence and seek to ostracize those who refuse to compromise or further inflame these divisions. If you want to see an increase in the value of bitcoin, you're going to have to see the issue from both sides and work to unite against the states that want to impose control over every aspect of your life. If we fail to unite, bitcoin (and most other crypto's) will be relegated to a worthless technical novelty. Waging a nasty toxic barrage against those who see the issue differently only serves to weaken the community and eventually endanger the function of bitcoin. Seek to understand both sides of the issue and identify the bad individuals that cause problems."
1,Who knew that blockstream people were in favor of controlling the protocol?,Polycephal_Lee,Bitcoin,1,1,0,2016-08,2016-08-03 00:03:40,Wow. That's a bitcoin core dev suggesting you bribe mining pools to rewind bitcoin for you. Dangerous precedent.
1,Convert everything to BFX.,phor2zero,Bitcoin,2,2,0,2016-08,2016-08-07 11:26:46,What are you going to do when Bitfinex is online? What will you do with your money in Bitfinex account? Will you convert all your altcoins to bitcoin? Or you will convert some amount of your bitcoins to ETC/ETH?
1,He's claiming he invented air now,Kinkylittleprincess,Bitcoin,2,2,0,2016-08,2016-08-28 23:57:12,"Craig Wright's patent applications According to media, Craig Wright has filed many patent applications in U.K.. Does anyone know what exactly they are? Or are they not disclosed yet?"
1,This is good for bitcoin.,AlDyer,Bitcoin,1,1,0,2016-05,2016-05-06 13:04:33,"If his goal was to prove that evidence on the Blockchain is the only real source of verification -- for anything -- he's really been quite successful at that. Think about it, anyone can steal your identity, credit cards, whatever and impersonate you just by knowing a few easy-to-get things. But the blockchain guarantees you are who you say you are, and have control of the funds you claim to have control of. Nobody else can steal that if Bitcoin is used to underwrite your identity. In a way, it's great for Bitcoin that this whole charade has happened. There are millions in the world who can't get bank accounts because they don't have birth certificates, etc. Bitcoin lets them have a place to store value and thus have an economic identity. I think this is one of Bitcoin's best applications."
1,Very convenient because now you and BTCC possess the private key,sumBTC,Bitcoin,16,16,0,2016-05,2016-05-24 08:33:00,What's everyone think of these physical Bitcoins BTCC is making?
1,I don't know :D I still trade actively on Cryptsy!,RaginglikeaBoss,Bitcoin,3,3,0,2016-03,2016-03-06 05:20:37,who is he? what scams did he pull?
0,I was joking :),Donald_Cunt,Bitcoin,2,2,0,2016-06,2016-06-30 23:11:56,"you might be right, I'll consider removing it, it wasn't intended to be FUD, it was something that Gavin retweeted, so I thought it interesting for that reason."
0,Looks like a good resource... but bro... it ain't 1998.,4Progress,Bitcoin,1,1,0,2016-07,2016-07-02 03:40:44,The Bitcoin Ecosystem The number of bitcoin related items and businesses is so large that it's almost impossible to keep an oversight especially for newbees. Therefore I made this simple (but fast) website: http://82.217.214.215/bitcoin.html please tell me if you think something is missing.
0,Pun intended?,konrad-iturbe,Bitcoin,0,0,0,2016-07,2016-07-11 22:30:29,That would be such a cool move.
0,that string could encode the deck somehow,supermari0,Bitcoin,1,1,0,2016-06,2016-06-22 10:57:09,How do you know the string was used to randomly generate the deck and it's not just a string which wasn't used for anything?
0,78,jcnike,Bitcoin,2,2,0,2016-07,2016-07-09 04:36:08,79
0,The poor boy can't escape his father's obsession even at school :-),sumBTC,Bitcoin,43,43,0,2016-05,2016-05-17 16:18:14,cool
1,Yes lets not discuss the danger of hard forks!,SatoshisCat,Bitcoin,3,3,0,2016-07,2016-07-21 12:00:35,"Should be closed as off topic, altcoin discussion is not allowed in this sub."
1,Bitcoin is a trustless protocol.,turpin23,Bitcoin,1,1,0,2016-07,2016-07-25 01:46:51,How to explain the complete absence of reviews for major Bitcoin companies on Trustpilot?
0,Lol wouldn't catch me giving those coins back,bitcoin_rev_newb,Bitcoin,1,1,0,2016-08,2016-08-05 23:22:19,"Bitfinex, what address should the 'hacker' send back the btc to? Has this been published and I missed it?"
0,very good thanks,qrk2600,Bitcoin,2,2,0,2016-08,2016-08-10 21:12:15,You have register but it's free to use. There's no software to download; web-based.
1,Yeah man the narration of a story about the end of money should sound more bland and uninterested,robbonz,Bitcoin,2,2,0,2016-08,2016-08-25 20:10:57,"this. over the top dramatic. good content, irksome delivery."
0,This is a hardware patent though.,sirkent,Bitcoin,3,3,0,2016-05,2016-05-11 22:51:14,"It's probably the first time I'm going to agree with you, Luke. Software patents are anti-competitive and should be not welcomed in the 21st century if we want to achieve anything."
0,Funny thing is that if you took their advice you'd have probably tripled your money at least,d155l3,Bitcoin,2,2,0,2016-05,2016-05-25 12:25:02,for about 2+ months i was under a barrage of eth sub spam in my inbox. didn't help to paint it in a better light at all.
1,So it's about to crash?,Space_Is_Infinite,Bitcoin,0,0,0,2016-06,2016-06-11 01:18:46,"Are you new to bitcoin? The price is notoriously disconnected from news, to the point where it's almost a running joke."
1,"Yeah, the Chinese government is going to give up its position of control of the global currency.",supersatoshi,Bitcoin,1,1,0,2016-06,2016-06-12 07:25:10,is it all chinese action again? as soon as the gov gets wind of that they'll make a statement and everyone will lose their minds.
1,Get her to a safespace!,baronofbitcoin,Bitcoin,3,3,0,2016-06,2016-06-18 04:21:07,That's no way to treat a lady.
1,Yes as I said like everyone is going to run that on their computer or smartphone.,Adrian-X,Bitcoin,-1,-1,0,2016-03,2016-03-05 22:03:04,Lightning relies on a blockchain full node too.
0,Libertarian my ass,King_Obvious_III,Bitcoin,2,2,0,2016-08,2016-08-09 22:02:47,Don't like Trump or Hillary? Why not check out the candidate that accepts bitcoin?
0,Thank you for saying this.,panjialang,Bitcoin,5,5,0,2016-07,2016-07-31 14:08:01,"To ""look very seriously at"" is politician speak for ""do fuck all"". But then again, even when they say they will do something its only to get elected with no intention of keeping their word."
0,"When she starts contributing on the level of Peter Todd, maybe she would be shown the respect they showed toward Peter Todd... What did she do besides host a podcast that endorsed scam coins?",MotherSuperiour,Bitcoin,1,1,0,2016-07,2016-07-03 20:28:09,"I'm not sure why any female crypto enthusiast (who is not completely ensconced in the back slappers' club of approved bitcoin expertise high priests) would ever agree to be interviewed by Bitcoin Uncensored. There seems to be an acerbic approach and a game of 'lets make this skirt look dumb' that is especially reserved for women with those guys. Just go compare the tone and tenor of the discussion with Peter Todd in the last show to the approach with Amanda here. Don't get me wrong, I'm not a supporter of letting poseurs blow smoke, if that's what they are, but increasing the number of women interested in this revolution is definitively a ""good thing""(tm) and I don't believe its a good idea for there to be an appearance of ingrained hostility against women in this space. A basic problem in all of computer land, going back to the hiring of female models to appear in advertising for the old Commodore enthusiast magazines in the 80s, is that women tend to get interested (or steered) at least at the outset toward spokesperson and advocacy roles. I wonder at the fairness of seeking to humiliate them because they don't have the technical chops of a coder, security model architect, or nuts and bolts technology consultant -- especially where they don't claim to be security, vulnerability, coding, or protocol experts. Its possible for a person to be a Bitcoin (or name your other cryptocurrency flavor of choice) enthusiast, and beneficial to the future of the crypto ecosystem, whether male or female, even while such person is not able to explain or understand or articulate the technical details at the level the core coders can achieve."
0,"Yeah, you want the one that's a deformed clump of 3 large ones stuck together!",Techutante,Bitcoin,1,1,0,2016-06,2016-06-17 17:40:58,Who in their right minds grabs two small potato chips over a large one..
0,5,bb1409,Bitcoin,1,1,0,2016-07,2016-07-09 16:11:28,10
0,We shall see who holds the cards then.,Frogolocalypse,Bitcoin,2,2,0,2016-05,2016-05-24 21:55:53,This is Jihan Wu calling Core's bluff.
1,They must know you're a big blocker,CosmicHemorroid,Bitcoin,5,5,0,2016-08,2016-08-04 00:00:14,Works fine for me. As usual.
1,"If you are like me, buy $300 worth and wait a week.",Techutante,Bitcoin,5,5,0,2016-08,2016-08-17 17:39:20,Can someone please tell how I can get about $200 in bitcoins ?
0,"Yeah, but it wasn't contentious, ya know?",spkrdt,Bitcoin,1,1,0,2016-03,2016-03-06 02:49:05,SegWit forked unexpectedly on testnet
1,They started to only trade the coin that shall not be named.,gr8ful4,Bitcoin,-1,-1,0,2016-05,2016-05-18 12:06:59,Anyone know what's going on with Gemini? Trading seems to have been suspended there for days.
1,"We should a captcha PoW, so we can use slaves.",felipelalli,Bitcoin,1,1,0,2016-05,2016-05-24 07:12:20,"""I think Bitcoin should hard fork to a new PoW algorithm to return us to 2012 levels of decentralization with GPUs."" - Creator of JoinMarket"
1,It's all Core's fault.,bitsteiner,Bitcoin,-1,-1,0,2016-05,2016-05-27 19:06:48,More mining concentration in China not sure if it's good news... There is growing concern about mining centralization in China.
1,"Whelp, out of my ~13 wallets, one or two gotta be safe right!",outlassn,Bitcoin,1,1,0,2016-05,2016-05-29 18:11:24,Don't keep your wallet on the internet. Problem solved
1,It's already priced in.,supermari0,Bitcoin,10,10,0,2016-06,2016-06-08 11:28:49,"Google trends: ""bitcoin halving"" going to the moon!"
0,Read the sidebar.,WhatPlantsCrave,Bitcoin,1,1,0,2016-06,2016-06-12 18:03:57,Where can I buy BTC from? Any tips would be really helpful.
1,Hard fork obviously.,Donald_Cunt,Bitcoin,8,8,0,2016-06,2016-06-23 23:36:35,"2 unconfirmed transactions for over a week now. How do I push these through? I have 2 transactions that have been unconfirmed for over a week. I am trying to send some btc to my mycelium wallet for spending etc and I accidentally sent the first transaction with no fee and apparently the 2nd transaction with too low of a fee? I have seen people mention ""do the same transactions over again with a higher fee"" but that makes no sense to me at all. Wont that just send new bitcoin and have have nothing to do with the stuck transactions? Can someone ELI5 this for me? Also, what should I be entering as a standard fee in the core wallet so I can prevent this from happening again? Thank you"
0,I wonder how many Bitcoins he possesses?,ivebeenhereallsummer,Bitcoin,6,6,0,2016-07,2016-07-17 03:32:54,Joe Rogan is as excited about Bitcoin as ever
0,You just can't make this shit up.,sumBTC,Bitcoin,3,3,0,2016-08,2016-08-06 14:32:18,"We went through all this with mtgox. People wrote detailed proposals about how they could freeze withdrawals but keep allowing people to trade and - if they were insane - deposit funds. Eventually the trading fees would cover the losses and customers could withdraw again. That's not a million miles from what you're describing, and both ideas are ridiculous because you basically just mean: ""let people trade non-existent bitcoins back and forth until the fees eat it all away. Oh and by the way your whole company has to work for free in the meantime because the chances are you weren't even particularly profitable before the hack, and certainly won't be afterwards."""
1,"The people at the very, very bottom own most of the debt.",centralcontrol,Bitcoin,2,2,0,2016-07,2016-07-11 03:10:33,Ok. Who owns the debts at the very very top? Bank owners in NYC?
1,It was priced in back in 2002,Essexal,Bitcoin,2,2,0,2016-07,2016-07-11 10:54:39,How long before the reduced supply of btc after the halving starts to become noticed and effect price?
1,You obviously know nothing about hackers...,ManDrone,Bitcoin,4,4,0,2016-07,2016-07-13 03:41:32,How would the ETF get hacked? There wouldn't be any public facing systems.
0,Blockstreamium?,LovelyDay,Bitcoin,-2,-2,0,2016-07,2016-07-24 09:55:37,would blockstream absorb the development of etc?
0,My thoughts exactly.,ROFLM0NSTER,Bitcoin,1,1,0,2016-08,2016-08-03 03:25:59,"Many businesses need quick access to BTC/USD trading, without exposing their balance to BTC price movements. How does a business hold USD for the purpose of readily buying BTC without holding that USD on an exchange?"
1,WE WANT EXPENSIVE STUFF AND WE WANT IT CHEAPLY!,MotherSuperiour,Bitcoin,1,1,0,2016-07,2016-07-30 15:56:20,"Why is everyone so shocked? They are a business and can do what they want. If you don't like it, go elsewhere, you aren't owed shit. Stop throwing your toys out the pram over someone else's decision to increase fees."
1,"Well, at least they didn't keep it all",-Hegemon-,Bitcoin,4,4,0,2016-08,2016-08-06 15:32:38,Coinbase ups their transactions fees pretty dramatically across the board
1,"Yeah, but we're getting a token back!",Drunkenaardvark,Bitcoin,1,1,0,2016-08,2016-08-06 18:48:33,wow... what a joke. people should absolutely NOT blindly accept a 36% socialized loss without demanding that they show 100% transparency with internal account balances that were being traded. YOU ARE POTENTIALLY SHARING A LOSS WITH THEIR OWN MONEY.
1,An immutable ledger of transactions is clearly a better option than cash for terrorists,101111,Bitcoin,2,2,0,2016-08,2016-08-09 07:28:21,A power grab by the Australian gov to regulate bitcoin and help stop terror financing. Why? Because Mtgox and silk road. Epic face palm.
1,"And no digital gold will need more than 250,000 tx per day",AndreKoster,Bitcoin,2,2,0,2016-08,2016-08-11 12:43:25,"Wow really that is your answer? ""The currency of the future that is unusable in the present, yeh \:O/ "" ""Be your own bank ^barely"" ""No one will need more than 637 kB of memory for a personal computer"""
1,"Wow, he's so smart.",llortoftrolls,Bitcoin,4,4,0,2016-05,2016-05-10 22:17:36,Roger Ver: Paypal 2.0 Is An Acceptable Risk For Bitcoin Scaling
1,Please do a hard fork to refund any BTC lost by those who panic sold due to this glitch!,Future_Prophecy,Bitcoin,2,2,0,2016-06,2016-06-21 03:47:05,What is going on right now? I've been told something to do with Bitfinex is causing the crash? I may be 100% wrong but what's going on? Should I sell right now?
1,Maybe everyone mines the same nonce at the same time,fpvsoldermeup,Bitcoin,1,1,0,2016-06,2016-06-27 05:16:52,Wait a second...thats faster than the speed of light...somehow I dont think the falcon folks claimed that and Kristov is jumping the gun a little bit.
1,Because votes matter,alphabatera,Bitcoin,5,5,0,2016-06,2016-06-29 02:11:09,"Just remember to never vote for this man if you live in France. You can't cure stupidity, but you can vote it out of office."
1,Well then... you've surely convinced me.,paleh0rse,Bitcoin,5,5,0,2016-03,2016-03-05 03:34:25,Lots.
0,If those are services you feel are valuable to pay for then you should continue with the service AmEx provides because no company offers that with Bitcoin yet.,mrchaddavis,Bitcoin,1,-1,-1,2016-11,2016-11-01 03:13:00,"Convince me to start using Bitcoin. I'm currently an American Express customer. I enjoy the service and everything my card has to offer, including, refund protection, travel insurance, 24/7 global assist, 24/7 customer support, that almost always directly connects me to a live representative, concierge service, hotel room upgrades, unlimited access to Priority Pass lounges, fraud protection, et cetera, et cetera. Why should I use bitcoin for _anything_? Convince me."
0,"O shit, here comes dat coin",We_are_all_satoshi,Bitcoin,1,1,0,2016-06,2016-06-12 10:41:03,The bull has started to sprint... To the Moon guyz
1,They might confiscate your fund for dealing with unlicensed bitcoin exchange.,rockingBit,Bitcoin,3,3,0,2016-07,2016-07-05 21:05:58,"And what happens if you say ""Yes, I am sending MY coins to an exchange""?"
0,Did you grammar?,Donald_Cunt,Bitcoin,1,1,0,2016-06,2016-06-28 02:10:01,Hashocean bitcoin cloud mining shuts down its online presence - Did you scammed with most trusted cloud mining?
0,So..what is it?,peopledontlikemypost,Bitcoin,1,1,0,2016-06,2016-06-19 17:18:27,He doesn't know what an unbirthday is!
0,Kevin Hart,ItchyIrishBalls,Bitcoin,0,0,0,2016-06,2016-06-16 03:56:50,Can someone explain his theory to me. Who is short? Why are they short? And how short are they?
1,That's what the Secret Service agent said ... so it must be true.,marcus_of_augustus,Bitcoin,2,2,0,2016-07,2016-07-26 02:47:58,Is there even any proof of that?
1,Yeah I heard tomorrow it'll get dissolved,pitchbend,Bitcoin,1,1,0,2016-07,2016-07-26 07:30:57,It's probably all part of this EU citizen tax code they want to introduce. The EU is finished anyway. The sooner it dies the better.
0,"We are thanking Zane (not bitfinex) for his work as a community manager hes not even involved in technical roles in the exchange, and that community management has been responsive which is very important and rare in a situation like this.",pitchbend,Bitcoin,3,3,0,2016-08,2016-08-03 09:09:25,"Before we thank zane and bitfinex for keeping us up to date,remember they lost the money not us.Its more chance being an inside job as as an external hacking,if it is external Bitgo could be deemed liable if it was a bug in there software."
1,"I think Satoshi Nakamoto is an alias for NSA, The hackers know this, and they want NSA to give up the 1 Million BItcoin NSA has control of, in return of their tools.",Cryptonical,Bitcoin,6,6,0,2016-08,2016-08-15 21:21:37,NSA hacked! Hackers asking for 1 Million BTC to release dump.
1,"yes, the problem is everyone but you is dumb",PostNationalism,Bitcoin,1,1,0,2016-08,2016-08-27 20:19:25,"The biggest problem I have right now is that it's too easy to steal, I can't get any when I want it the most, it is easy to lose and requires a physical object to carry around. I'm talking about cash. Bitcoin? One hot wallet on your phone with no more than you'd carry in cash. One cold wallet on an offline laptop/Trezor/whatever. That's it. It isn't hard. It's actually easier and more convenient than cash. It's more secure than cash. It's just fucking better than cash. Except people are too retarded to get this simple arrangement right and complain about Bitcoin ""security issues"". How about: try not storing all of your Bitcoin on a random exchange. This is like walking to a random local shop and asking them to hold all of your cash for you. Really the problem is people just not taking Bitcoin seriously enough. They think it's all digital tokens that represent money and can be left about on other people's computers until they lose enough of them and then it comes around to them that it really is money and they really have lost it when it's gone. I think we just need a single, centralised step-by-step process that makes it even more obvious than the current Bitcoin website. I mean Trezor does this for people. And so do some of the more recent wallets. But instead dumbasses take huge fucking risks doing exactly what they're told over and over again not to do and then supposedly it's Bitcoin's fault."
0,"Just a thought... We have pools, can't pooling be built-in somehow at the protocol level?",trilli0nn,Bitcoin,3,3,0,2016-08,2016-08-01 01:34:04,"There's been a lot of thought put into this, but I don't think we have a solution for it."
0,still sucking as usual,_dealio,Bitcoin,0,0,0,2016-05,2016-05-18 14:39:10,Anyone know what's going on with Gemini? Trading seems to have been suspended there for days.
1,"If you have to choose between an Apple or Microsoft smart phone, just compare their stocks charts",sumBTC,Bitcoin,5,5,0,2016-06,2016-06-14 13:08:02,"The key is ""looking solely at the charts"". You don't assess the value of things in the future by solely looking in the rear-view mirror."
0,How can bitcoins get off the blockchain?,bitsteiner,Bitcoin,1,1,0,2016-08,2016-08-03 05:16:14,"Keep Your Funds On The Blockchain There is no substitute. Do not transfer your wealth off the Bitcoin blockchain. Do not transfer your wealth to any company. Do not transfer your wealth to any external entity, network, or person. That is the best way to keep your wealth."
0,"Due the way you act on here, nobody will ever take you seriously.",Annapurna317,Bitcoin,1,1,0,2016-08,2016-08-24 15:35:18,"You aren't capable of assessing threats. In fact, you're not capable of anything."
0,"This NPR segment is spot on, and it shows how backwards Core and small-block proponents are.",Annapurna317,Bitcoin,4,4,0,2016-06,2016-06-29 21:15:01,Planet Money: #708: Bitcoin Divided
0,Libya,WiseAsshole,Bitcoin,1,1,0,2016-08,2016-08-03 14:54:31,True what you say. Come to think about it... also ask Nicaragua and Laos and Vietnam and Cambodia and Iraq and Guam and Japan and and and
1,2017 will surely be the year of the Linux powered desktop delivery drone controlled by blockchain technology!,clb92,Bitcoin,2,2,0,2016-07,2016-07-24 22:41:15,"Just like Linux on the desktop, packet delivery drones and Bitcoin for the masses, I'll believe it when I see it."
0,"let me guess, you would've lost more under the original plan, wouldn't you?",UnfilteredGuy,Bitcoin,3,3,0,2016-08,2016-08-06 17:45:42,If you don't have anything on finex why do you care. Those of us that do are far more happy taking at 36% haircut then having this tied up in litigation for years.
0,lol :),BitcoinReminder_com,Bitcoin,1,1,0,2016-06,2016-06-18 20:11:00,nice title
1,That makes perfect sense...,lmaonade80,Bitcoin,2,2,0,2016-08,2016-08-05 13:56:56,He's identifying the blockchain as a single source I think. It's hard to tell for sure.
1,"Don't worry, you can use that BFX coins as collateral to get a USD cash loan in order to buy your BTC back before they rise.",bitsteiner,Bitcoin,6,6,0,2016-08,2016-08-07 17:52:54,The debt will probably be denominated in the USD value at the time of the closing of the site: 1btc=604USD
1,"Stank is probably just one of those *good people* that interpreted the fairy tales written in the bible in the *proper way*, no personal subjectivity at all.",Chytrik,Bitcoin,4,4,0,2016-08,2016-08-12 21:19:52,"What kind of ""Christian voice""? The kind that promotes bigotry, racism, and sexism? The kind that subtly implies ""I'm a christian and therefore more ethical than you""? The kind that seeks to spread their outdated, and often immoral ethics and mythology presented as truths via missionary work? The kind that humbly asks for donations under the guise of charity, and then keeps massive portions for themselves? The kind that rejects scientific discovery because it does not conform to your own delusions? The kind that tries to undermine democracy with theocracy? The kind that ignores the evils inspired by and committed by other members of their faith simply by dismissing them as ""not true christians"" even though they're following some teachings of christianity to the T? You don't want to debate religion? Too fucking bad"
0,"Many people would love to try Trezor, but it is too expensive IMO.",BitcoinHR,Bitcoin,-6,-6,0,2016-08,2016-08-18 11:02:20,Manage your TREZOR from your Android device!
0,Thanks,StoryBit,Bitcoin,1,1,0,2016-05,2016-05-03 00:04:52,Wright*
1,So unexpected,IkmoIkmo,Bitcoin,1,1,0,2016-05,2016-05-05 13:20:13,Craig wright's blog: Sorry and goodbye
1,Yea like in Ancient Greece too where the banks paid them to wage war on Troy and blame it on wanting to bang Helen of Troy,legion98,Bitcoin,-1,-1,0,2016-05,2016-05-09 03:08:29,"Well, technically speaking they just fund war. Both sides of war. Every war. I think the instigating of said wars is probably a little more nuanced than it used to be when Rockefeller started wars purposefully to enrich his coffers."
1,Bonus point: in-house support,GloomyOak,Bitcoin,1,1,0,2016-05,2016-05-19 14:34:49,R3 CEV should use it to raise their $200 million. When all 42 consortium partners stump up their portion then it goes ahead. It is basically designed for mutually untrustworthy partners funding a joint venture.
1,It cannot be anything else but a bubble.,goodbtc,Bitcoin,1,1,0,2016-05,2016-05-31 09:24:14,Fix Cut Set to Push Yuan Low; Bitcoin Bubble Continues
1,theymos should ban you,Lite_Coin_Guy,Bitcoin,9,9,0,2016-03,2016-03-03 15:36:26,"Anyone with a little bit of business savvy can see that we need block size increases. If you want to argue anything else, you are missing the big picture. Such a silly debate."
0,"You can't put more corn into the chicken than the natural ""blocksize"" :)",BitcoinReminder_com,Bitcoin,1,1,0,2016-07,2016-07-04 17:53:05,"Chickens. People will barter with chickens. You can raise (mine) your own, and unlike a blockchain there never seems to be any limit."
0,"You used no fee, so it's like nothing happened, the network just ignored it Try sending again with a proper fee",pb1x,Bitcoin,3,3,0,2016-07,2016-07-15 02:09:17,17Fu85e1u6XF1ARpZXmbY5Zn9opa3rSEqk
0,"Note that the OP cut out rest of the conversation, where I pointed out the flaws in sipa's thinking, and we both agreed he'd actually come up with a new type of hard fork.",petertodd,Bitcoin,5,5,0,2016-07,2016-07-17 18:43:54,"Very interesting. Peter Todd is correct, it's not switching but adding another valid PoW algorithm. Sipa is again correct that it would never work because miners would never upgrade to the new soft fork code. If we could have another Algo that is ASIC resistant, we could keep the anti-botnet security of an ASIC driven network, while simultaneously decentralizing mining. Best of both worlds."
0,I still miss ATH shitposts.,RenegadeMinds,Bitcoin,15,15,0,2016-05,2016-05-28 05:48:40,How's it shooting up this much?!! $492. Excellent way to begin a Saturday!
1,I sense no bias or hysteria in this article whatsoever.,ELeeMacFall,Bitcoin,1,1,0,2016-07,2016-07-23 02:53:09,Bitcoin expected to become part of everyday life in the Caribbean within eighteen months as banks abandon the region
1,Except for Vertcoin,djangocoin,Bitcoin,1,1,0,2016-07,2016-07-23 10:56:53,"Yeah, no cryptocurrency has ever become worthless."
0,So what would be the price per Bitcoin if this version of the future comes true?,Atlas_84,Bitcoin,2,2,0,2016-06,2016-06-23 23:34:01,10% of Global GDP will be stored on blockchain technology by 2027. Screenshot from WSJ interview of Blythe Masters.
1,"Craig could bail them out easily, given he's Satoshi and hodl's the private keys to the Genesis block and the other first nine blocks",Rootdude,Bitcoin,1,1,0,2016-08,2016-08-05 15:16:10,"Bitfinex Says It Will Spread Losses Among Users. Like a bank bail-out, losses spread among taxpayers."
0,"Oh good, I see since you are being critical, you have new facts to present the world.",AStormOfCrickets,Bitcoin,1,1,0,2016-05,2016-05-05 07:40:25,There is evidence of Gavin endorsing publicly a known hoaxer and supporting his (so far) baseless and (apparently) fraudulent new claims. Whether this is due to corruption or gullibility is still to be established but either way this should raise a big enough red flag to make anyone with an ounce of critical thinking raise an eyebrow and ask questions.
0,"Satoshi watches us from above, then provides for his chillen",sy5error,Bitcoin,5,5,0,2016-05,2016-05-06 23:13:21,Satoshi is very clever ;-)
1,You mean raid 1?,BitcoinRootUser,Bitcoin,1,1,0,2016-05,2016-05-19 17:33:24,One word: #BACKUP
1,Trading bots who are connected to r/bitcoin are selling now because you said the word.,moonbux,Bitcoin,2,2,0,2016-06,2016-06-03 13:28:24,"is has to be said: ""MOON!"""
1,Ah yes just as Satoshi imagined it would be...,Pretagonist,Bitcoin,2,2,0,2016-06,2016-06-11 22:24:24,A close-up look at the HaoBTC mining farm in China
1,"Looks really organic to me, no?",BitcoinReminder_com,Bitcoin,1,1,0,2016-06,2016-06-19 18:35:38,"So tell me, you really think the whole ""fee-exploding"" mempool hype was not an attack?"
1,Yeah totally!,sreaka,Bitcoin,-1,-1,0,2016-03,2016-03-07 02:44:09,"Nick Abouzeid on Twitter: ""We shouldn't treat these community debates as battles to win, but rather as competitions to be proud of."" -@JeremyRubin #mitbitcoinexpo"
0,"I think you missed another long term issue, which is how are miners going to get paid when block rewards drop to almost nothing and the main chain is capped at 1MB.",openbit,Bitcoin,1,1,0,2016-07,2016-07-07 21:38:54,"This is a great article, but it doesn't address one particular point that needs to be discussed. Even though things like the Lightning Network are capable of offloading a huge number of payment transactions from the main bitcoin network, it still requires on-chain transaction pressure for end users to open and close payment channels, or rebalance those channels, over time. First, it is important to note that this is **not** a short term problem. In the short term, simply removing payment transactions from the main blockchain should free up a lot of on-chain capacity for new users to open and close channels. However, there are real limits here as well. Eventually, there will not be enough on chain capacity to support the number of new users who wish to open and close payment channels. Once again, this is not a short term problem, but it is a long term one. Once this becomes the case, there are two ways to solve the problem. First, we could raise the main bitcoin blocksize to accommodate more channel open/close requests. However, as this article argues well, this may not be desirable. The other solution would be to on-ramp new users via two-way-pegged sidechains (another piece of technology which does not yet exist). A two-way-pegged sidechain functions essentially as a 'shard' of the main bitcoin blockchain. It allows users to transact value which is 100% pegged to bitcoin on the main chain, safely and securely, Another benefit of sidechains is that there can be many of them, each suited for particular markets, use cases, volume, security, and value. One of the most remarkable aspects of the Lightning Network is that it can freely inter-operate across multiple sidechains at the same time, so long as they offer the same requisite cryptographic features as the bitcoin network provides. There is now a clear path forward to scale bitcoin to support every use case, every person in the world, and even every single device in the world, so long as we proceed carefully and are patient for these new layered technologies to come online. Let's not kill the goose that lays the golden eggs, simply because we are hungry for a drumstick now!"
1,"..and I can't wait for wallets to send recipients my AML/KYC cert, bought from Netki, after sending the them proof of my identity.",petertodd,Bitcoin,22,22,0,2016-07,2016-07-05 15:33:31,"Glad to see that Bitfinex invested, we need more work on things done like BIP75. It's time we have bitcoin wallets across the board that are more accessible. Can't wait to type ""Johnny.Bitcoin.Com"" into any ""To"" field and have it go to Johnny's wallet (instead of 12kdskadkdkasd192921aslkdadad112)"
0,Craigslist Wright quote.,arcrad,Bitcoin,2,2,0,2016-08,2016-08-31 02:48:55,insightful
0,Never leave funds on an exchange.,kingcolex,Bitcoin,6,6,0,2016-08,2016-08-02 18:43:32,"Bitfinex has been hacked, customer funds stolen. Trading has halted for now!"
0,I'm looking forward to when they get an access denied message trying to hack the account.,MassiveSwell,Bitcoin,6,6,0,2016-07,2016-07-12 00:34:09,"""Criminal Minds"" found some bitcoins in an unlikely place."
0,choose to earn 0 dollars and your tax liability is 1/3rd of that...that's how the rich get away with it..they defer assets and give away enough so that it is proportionally close to zero.,frankenmint,Bitcoin,0,0,0,2016-06,2016-06-10 04:08:15,"I can't reason with someone who doesn't understand the principal of non-aggression and doesn't understand the distinguishing difference between voluntary and compulsory associations. Me choosing to goto McDonald's absolutely has to do with it being voluntary. By Going to their private establishment I agree to their rules, or I go elsewhere. There is no option to start a world super power sovereign nation when I don't want to participate in the coercion of the US."
1,"Yes, theymos is really falling back behind his own standards.",TripleSpeeder,Bitcoin,5,5,0,2016-07,2016-07-21 12:09:44,"Should be closed as off topic, altcoin discussion is not allowed in this sub."
0,Only you can prevent forest fires.,cpgilliard78,Bitcoin,8,8,0,2016-06,2016-06-24 05:19:48,People die in fires.
1,If you look closely it's photoshopped.,baronofbitcoin,Bitcoin,8,8,0,2016-08,2016-08-02 05:25:55,"Charlie Lee: The Bitcoin Civil War is over! Time for the price to rise! - Brian Armstrong Retweeted Charlie Lee: ""I approve this message"""
1,"No, it's not like that!",-Hegemon-,Bitcoin,3,3,0,2016-08,2016-08-07 17:42:13,"No, just good old fashioned denial."
0,Tell him I'll buy his coin for $13.,Yoghurt114,Bitcoin,2,2,0,2016-08,2016-08-11 11:55:03,"yeah not sure what he was talking about. If his balance dropped from $100 USD to $12 USD worth of bitcoin, or if he thinks the exchange rate dropped to $12. I asked him to clarify but could not get more information out of him because he did not have his smartphone on him to show me."
1,revolutionary!,violencequalsbad,Bitcoin,6,6,0,2016-05,2016-05-26 13:08:24,"And the statement is qualified; it is subject to bank working hours, bank holidays and weekends!"
1,"Stop bothering them, they need all their time to implement pre-mined scam coins and bashing bitcoin.",sumBTC,Bitcoin,5,5,0,2016-06,2016-06-01 07:23:08,Issue is with Coinbase taking days/weeks to respond or fix this issue.
1,what kinda idiot would believe in this conspiracy theory,openbit,Bitcoin,0,0,0,2016-06,2016-06-09 17:26:12,1988 Economist cover predicting a world currency by 2018
1,Where's the pyramid and the all seeing eye?,cpgilliard78,Bitcoin,1,1,0,2016-06,2016-06-14 15:24:01,The making of the 0.1 BTC banknote
1,Did I really need a,monkyyy,Bitcoin,10,10,0,2016-06,2016-06-22 08:40:27,"Iceland is a country that jailed fined and kicked out all their bankers making sour loans. They're surviving. And explain how that even equals rip bitcoin. A thriving economy does not rely on bankers. A current $315,339,000- 24 hour volume is far from rip greenspan"
1,Thank you for your valuable insights.,mWo12,Bitcoin,1,1,0,2016-06,2016-06-23 03:53:32,$535-$550 should be a strong support
1,Spawning thousands of AWS nodes of course,apoefjmqdsfls,Bitcoin,1,1,0,2016-06,2016-06-27 21:48:22,What are the best sybil-resistant measures you know of?
1,Please tell me you just forgot the,TicToxic,Bitcoin,19,19,0,2016-03,2016-03-04 22:09:41,"Confrontational ideas can be very dangerous, I hope the mod team keeps providing a safe space for normal users while the experts figure out the best way to proceed."
0,"Opening up access to the billions of unbanked and underbanked people in the world, similar to the way that mobile phones leapfrogged landlines in Africa",priuspilot,Bitcoin,1,1,0,2016-05,2016-05-15 01:35:26,"I'm creating a report on blockchain tech &amp; how it will change financial services - please help for fun or bounty I come from the investment business and am prepping a report mainly focused on the future of what blockchain tech will bring to financial services. This is not s basic report but more advanced. Anyone with ideas or who'd like to collaborate, please let me know. B"
0,If they make a way to trade fiat that is as good as Bitcoin except for the political control on inflation and use ... then it will be easier to trade Bitcoin for fiat.,turpin23,Bitcoin,1,1,0,2016-05,2016-05-06 16:21:30,"While you are all derping out, every single player in Wallstreet is colluding with a company called Chain to run its own blockchain, and you're not invited. Wallstreet is not coming to Bitcoin, it's creating it's own."
1,Because if you tumble your coins you must be doing something illegal,openbit,Bitcoin,3,3,0,2016-07,2016-07-16 21:47:22,how and why? ta
1,Have him pm me his public/private key pair and I'll check it out for him.,ParkingLotRanger,Bitcoin,1,1,0,2016-07,2016-07-31 14:04:16,"Bitcoin Accumulation?? I recently spoke to somebody that has a bitcoin wallet that they haven't opened in 3 years. 3 years ago he had one block, so 50 bitcoins, however know he is saying that due to ""accumulation"" the number he has has increased. He is downloading a wallet to access it. In addition, he says he has one of the original blocks, 366 according to him, and calls it a 'miners block' I was wondering if somebody could confirm if this is possible??"
0,I have no idea why folks don't like this topic?...,jflowers,Bitcoin,1,1,0,2016-08,2016-08-09 03:08:25,GBTC? Does anybody know anything about this stock? They must buy bitcoin as people invest in the stock. How do they store them? Are they another store of bitcoin waiting to be stolen?
0,Too soon to have specifics like that worked out.,JustSomeBadAdvice,Bitcoin,1,1,0,2016-08,2016-08-06 20:10:35,(are they using a blockchain to do it? (which one?))
1,I heard Craig Wright might know where 1M coins are and how to get them out of this predicament.,koinster,Bitcoin,16,16,0,2016-08,2016-08-15 20:07:29,"I don't think they could even make it to 1 million coins. The daily volume on every exchange with a fee structure is trading under 10k coins in a 24 hour period. The exchanges above that are exchanges without fees so it is safe to assume those volume numbers are inflated due to the same coins trading back and forth. The market is drying up in front of everyone eyes yet the sprinklers are still running full force, something is going to give."
0,Read again.,btsfav,Bitcoin,1,1,0,2016-08,2016-08-31 10:35:49,"So how the hell do publishers get paid??? Could not find any of this info on the site nor on google. As a site owner, i dont see any good in this ""brave"" if they cant even easly disclose how sites get paid. Brave browser blocks adds regardles on what site you are, even the small one's that dont have a bitcoin adre's or even a subscription mode."
0,you have to wait for the ach transfer to clear for the limit to reset.,opticbit,Bitcoin,1,1,0,2016-05,2016-05-04 22:02:53,Coinbase changes instant buy limits? Did they change Instant Buy limits in the last day or two? I just bought $100 a couple days ago and it was made available instantly as I have a backup credit card on file. Then today I try to buy $50 and it tells me 1 week. What happened? I got no email about something wrong nor have my cards changed. Please help.
0,LBC does offer escrow and dispute reconciliation services ... that can be useful.,ronohara,Bitcoin,2,2,0,2016-05,2016-05-11 12:11:18,Localbitcoins is dying!
1,is that an endorsement?,frankenmint,Bitcoin,1,1,0,2016-06,2016-06-02 17:17:55,"Confirmation bias, same reason I downvote Trump related submissions."
1,"No, better buy high and sell low..",BitcoinReminder_com,Bitcoin,5,5,0,2016-06,2016-06-03 15:31:06,Do you also believe we should invest in as much as possible while the price is so low?
0,It's a buy!,dontleavehomewithout,Bitcoin,11,11,0,2016-06,2016-06-23 03:45:28,How I feel around here on days like this...
1,It's just the 50% fib retrace,Essexal,Bitcoin,4,4,0,2016-06,2016-06-17 10:57:45,Meanwhile in Etherland...
0,Can anyone cite this?,alheim,Bitcoin,1,1,0,2016-03,2016-03-01 04:05:53,He did specifically say the block limit was temporary
1,proof or it's merely sarcasm,frankenmint,Bitcoin,1,1,0,2016-07,2016-07-01 13:02:55,You betya ass it's gonna be the fake journalist Aquent.
0,"""Who Knows"" &amp;nbsp; They don't know They don't know Like I know Like I know Do you know They don't know I don't know I don't know What my baby What my baby Put on down Put on down What my baby What my baby Put on down baby Put on down now I just came back from I don't know I can't count it I can't count it I just came back in town They don't know I'm lookin' for my seller I don't know my baby Have you seen her Have you freed her yeah Have you seen her Oooh hhhooo Talkin' about my baby Goin' down Talkin' about my baby",sumBTC,Bitcoin,1,1,0,2016-08,2016-08-01 14:47:09,Thoughts on the recent drop? We've gone from about $660 to $620 this week. Any thoughts on what cause?
0,Did he hack to steal stolen money to fund terrorists fighting terrorists?,bitsko,Bitcoin,1,1,0,2016-05,2016-05-19 04:47:35,So this guy hacked people and then gave away people's money to terrorists?
0,He's definitely not alone.,undystains,Bitcoin,13,13,0,2016-07,2016-07-31 11:51:30,"Why would you think I am trolling? I didn't write with the purpose of annoying other people, I just expressed my thoughts, which represent my feelings, and I don't think I am the only one."
0,"You're voting for Trump, aren't you.",tophernator,Bitcoin,10,10,0,2016-08,2016-08-20 23:45:10,Weak and pathetic beta male hodlers that have no balls who act like a bunch of fucking pussies
1,Taking bets on how many months until it's shut down.,gonzobon,Bitcoin,1,1,0,2016-05,2016-05-15 00:15:14,Bitcoin Deep Web Marketplace Silk Road 3.0 Is Back
0,"Get Mycelium on android and use Glidera via their ""Get Bitcoin""-Button (if you'r in the US i think)",umbawumpa,Bitcoin,1,1,0,2016-06,2016-06-08 10:32:25,What allows me to buy Bitcoins with a debit card?
1,Better open a short,Essexal,Bitcoin,4,4,0,2016-06,2016-06-28 09:19:15,"cnLedger on Twitter: ""CN General Provisions Civil Law (Draft): Virtual assets will be officially protected by law. Providing legal basis for BTC related cases"""
0,"Right, that is easy, because it will be a centralized, permissioned system anyway.",bitsteiner,Bitcoin,2,2,0,2016-07,2016-07-20 02:53:53,"Also, they may use a more refined technology that enables much faster consensus and payments to process through, instead of 10 minutes, maybe 6-15 seconds."
0,It's not a lottery if you just pay the right fees.,bitsteiner,Bitcoin,11,11,0,2016-05,2016-05-19 16:29:23,Imagine if I move all my 300 BTC and get this shit happening. I know they are safe on the blockchain. But it's frustrating. This shouldn't be a lottery type of payment layer. Where you might get in first blocks or not.
1,Paying for coffee with bitcoin is a spam transaction,1BitcoinOrBust,Bitcoin,1,1,0,2016-07,2016-07-06 13:09:45,Bitcoin Coffee in Paralelni Polis Prague
0,Waiting for your post to be set ablaze... :P,RenegadeMinds,Bitcoin,1,1,0,2016-06,2016-06-24 23:27:57,"your meme is bad, and you should feel bad"
0,Sounds like a great way to get kidnapped by a cartel and forced to hand over all your bitcoins (then your head removed),KellyMPD,Bitcoin,5,5,0,2016-06,2016-06-05 10:55:53,"localbitcoins in mexico, is the way to do it..."
0,"I can't come up with a better name for mbtc (than litecoin), it's hard.",sumBTC,Bitcoin,1,1,0,2016-07,2016-07-23 19:47:46,"So does ""bitcoin"" if you think about it."
0,Just a flesh wound.... a deep life-threatening flesh wound.,IllusionDestroyer666,Bitcoin,5,5,0,2016-08,2016-08-02 23:20:30,119.756 BTC stollen in Bitfinex heist
0,Was new wallet a web wallet?,baronofbitcoin,Bitcoin,1,1,0,2016-06,2016-06-18 17:00:06,"n00b question, can't find my bitcoins A few years ago I bought a bitcoin and put it on blockchain. A bit later I transferred it to a different wallet. Problem is a few years later I can't find the new wallet and all I have is the to/from address on the transaction list on blockchain. Can I use this or any other method to find where I transferred my bitcoin?"
0,i've seen this multiple times in nyc...,dome215,Bitcoin,1,1,0,2016-07,2016-07-31 16:18:16,"By Gazoo, street artist."
1,Now we can front run calpers we only have to wait 20 years!,cpgilliard78,Bitcoin,1,1,0,2016-08,2016-08-30 06:01:21,Yeah we will check this new technology out when it's not new anymore. Give us 20+ years thanks
0,"Crickets so far, I'm also curious about a statement from him.",Xekyo,Bitcoin,2,2,0,2016-05,2016-05-03 13:29:21,"So Gavin got ""bamboozled."" OK. What's Matonis' excuse? We've discussed Gavin's role in this stunt ad nauseum. Obviously, he is paying a price for being involved. What about Matonis? Why did he play along and what does he have to say about this?"
1,...because it's perfectly legitimate that there are people with the power to lock up all your money for a year just because they feel slighted because you called them racist.,YouHaveNoRights,Bitcoin,0,0,0,2016-06,2016-06-05 20:00:00,I wonder if she hadn't gotten upset and accused people of racism if she would have her money right now.
1,Thank you for your valuable insights.,mWo12,Bitcoin,1,1,0,2016-06,2016-06-23 03:53:29,$535-$550 should be a strong support
1,Obviously Amazon should only count as 1 node.,platinum_rhodium,Bitcoin,1,1,0,2016-03,2016-03-07 13:25:27,How does that make them fake? Are they still propagating blocks are they still seeding the blockchain for new nodes? ELI5 Many / most major internet businesses run on AWS these days why isn't AWS good enough for Bitcoin. Surely AWS is better than some shmucks Comcast connection.
0,Now this is not the news you want.,Introshine,Bitcoin,1,1,0,2016-07,2016-07-10 10:03:43,Bitcoin: Beginner's Guide - Everything You Need To Know To Make Money With Bitcoins
0,..the kind of hero we need,LightShadow,Bitcoin,5,5,0,2016-06,2016-06-14 15:15:36,USA
0,"January 3, 2009",cpgilliard78,Bitcoin,1,1,0,2016-06,2016-06-07 19:23:24,"When did ""Hodl"" begin? Hodl is all the rage and obviously this is a typo of the word ""hold"" , but when did it begin?"
1,Oh no what are we going to do.,Dnars,Bitcoin,1,1,0,2016-08,2016-08-03 09:58:35,BBC News - Bitcoin drops more than 10% after security breach
0,Good night sweet prince.,grishnakhfin,Bitcoin,33,33,0,2016-05,2016-05-05 12:17:27,Craig wright's blog: Sorry and goodbye
1,because the economicpolicyjournal site design inspires confidence,Annapurna317,Bitcoin,0,0,0,2016-05,2016-05-06 03:12:52,The MIT-Central Bank Connection. The attack on bitcoin from MIT makes perfect sense.
1,I thought Bitcoin was supposed to be anonymous,mustyoshi,Bitcoin,4,4,0,2016-05,2016-05-30 23:11:54,Mystery Solved: $6.6 Million Bitcoin Theft That Brought Down Dark Web Site Tied To 2 Florida Men
1,Can't argue with some good ol' fashion handwaving ;),mkabatek,Bitcoin,0,0,0,2016-06,2016-06-06 16:48:56,"You can trivially create a transaction that confuses nodes receiving the thin block communications. They'll think they already have a transaction, but when they try to reconstruct the block, it will fail. Not sure if they fixed the result, but the previous result was a miserable failure where it couldn't even recover, even reverting to old behaviors of asking for the entire block. Of course, its supporters handwave such an attack away."
1,Yes I can see that.,Louie2001912,Bitcoin,1,1,0,2016-06,2016-06-20 18:24:11,"No, he's just making a point that there still could be fewer users than accounts."
0,Hookers and drug dealers really don't care about how it looks,SemicolonWhispers,Bitcoin,1,-1,-1,2016-10,2016-10-30 07:59:35,LocalBitcoins earns hundreds of millions of dollars worldwide. But they got no money for mobile application. Its almost 2017 and we are still trading on the ugliest possible web interface
0,thanks obama,illuminatiman,Bitcoin,7,7,0,2016-06,2016-06-21 09:28:45,"President Obama gifted me 600,000 Satoshi one year ago today. They have appreciated in value around 200%. Thank you, President Obama!"
1,That's true - I never thought of it that way,glibbertarian,Bitcoin,1,1,0,2016-07,2016-07-03 14:26:50,as soon as its not profitable they will stop.
0,Buy a Trezor.,Introshine,Bitcoin,2,2,0,2016-08,2016-08-24 19:36:02,"how to ensure my bitcoin doesn't get hacked? unlike paypal, i can't get my money back if someone hacks me. i'm using bitgo at the moment and i'm new to btc. i have 2fa enabled but how can i ensure my btc stays safe. is there anywhere i should transfer it? i heard online btc wallets are not safe."
0,"Either Bitcoin throws a huge wrench into the conspiracy to bring all nations under one currency, or Bitcoin is that currency.",45sbvad,Bitcoin,1,1,0,2016-07,2016-07-11 19:24:31,"I've heard people mention recently that we should return to the ""gold standard"". I believe that the ""digital standard"" is what will actually happen with Bitcoin paving the way"
0,I also went straight to bollocks.,Domrada,Bitcoin,2,2,0,2016-03,2016-03-02 18:23:03,Bollocks
1,"Yes, anybody who isn't sure if a complicated event is good or bad must be a conspiracy junkie.",BowlofFrostedFlakes,Bitcoin,-1,-1,0,2016-07,2016-07-20 15:59:39,That's cuz you are a conspiracy junkie with not too much sense.
0,what was the name?,bitsko,Bitcoin,1,1,0,2016-07,2016-07-05 01:02:06,"While we're on the subject of names, your username is kind of sucky too."
1,But...but...but... u/zanetackett said they spoke to everyone on the phone and it set wasn't an inside job,Feedthemcake,Bitcoin,5,5,0,2016-08,2016-08-09 12:43:46,"This Bitfinex fiasco stinks to high heaven. If I was a betting man, I'd say Raphael Nicolle has made off with the 120K Bitcoin."
1,But I thought Coinbase only did bad things,sreaka,Bitcoin,12,12,0,2016-08,2016-08-20 20:45:52,Twitch has re-added Bitcoin payments! This time via Coinbase
1,mad brooklyn kids live at home with they moms,qrk2600,Bitcoin,1,1,0,2016-08,2016-08-01 03:18:51,He's up all over Brooklyn. Nice enough dude. Met him once at my art gallery in Bushwick.
0,"I read this, and it didn't make sense to me also.",mkabatek,Bitcoin,1,1,0,2016-05,2016-05-16 15:16:40,"They encrypt the message with Satoshi's private key They mean public key, right? It doesn't make sense to me that you could encrypt with the private key that you want them to prove *they* have? Sorry if I'm missing something, I don't know about signing."
1,"Yeah, there is nothing more unfair in the world than the small blocksize in bitcoin...",BitcoinReminder_com,Bitcoin,0,0,0,2016-05,2016-05-20 18:28:31,When will the poor people in the 3th world learn that bitcoin is not for them. Step up your game instead of working for 5$ a week.
1,It might double if they raid Craig's house!,notaek-bitcointalk,Bitcoin,1,1,0,2016-06,2016-06-01 19:48:40,Australia to auction $11.5 million confiscated bitcoins
1,Oh snap they're going to stop mining?,Introshine,Bitcoin,3,3,0,2016-06,2016-06-20 19:13:51,Swiss move to reduce blockchain regulation
1,Why not increase the max number of coins while we are at it?,mkabatek,Bitcoin,2,2,0,2016-03,2016-03-02 19:23:25,"Luke-jr: ""it seems reasonable to propose a hardfork to the difficulty adjustment algorithm so it can adapt quicker to such a significant drop in mining rate"". A hard fork this June! Will there be an increase in the block size?"
1,"But he's like a karate master, why wouldn't they hire him?",Belfrey,Bitcoin,0,-1,-1,2016-10,2016-10-31 14:31:30,oh come on it was a joke what government agency would ever hire roger?
0,"I'm saying, only jerks go around shouting their agenda at everybody regardless of the conversation",pb1x,Bitcoin,-2,-2,0,2016-05,2016-05-23 06:51:07,Are you somehow implying that this sub isn't as much mine as it is yours to comment in?
0,Your fee was too low.,qwints,Bitcoin,0,0,0,2016-08,2016-08-16 04:45:29,Can anyone tell me why I still have 0 confirmations after 9 hours?
0,"Hence, the Lightning Network.",FreeToEvolve,Bitcoin,2,2,0,2016-07,2016-07-08 12:12:23,The fee per transaction would have to be massive for miner to survive. That's a more accurate way of putting it so you cant pick on semantics instead of the point.
0,I feel like I'm missing something here....,BitcoinRootUser,Bitcoin,2,2,0,2016-07,2016-07-09 08:40:28,Satoshi Nakamoto came out of hiding to celebrate the halving!
1,You should post this to steemit you'd make about 40k from upvotes,FigaroFigaroFigaro,Bitcoin,1,1,0,2016-07,2016-07-23 23:06:13,"Yup agreed, I just wanted everyone to see how ignorant the author is."
0,Just what is needed ... more shitcoins.,cointastical,Bitcoin,1,1,0,2016-06,2016-06-05 18:17:34,if a strong company for example Disney was to create their own coin how far do you think it would get?
0,They're all at different stages of development.,lmaonade80,Bitcoin,1,1,0,2016-08,2016-08-05 13:57:44,"Well, all of these are testnet scams."
0,"Yeah, you've always got to be careful tooting your own horn when Bitcoin is involved.",ImmortanSteve,Bitcoin,8,8,0,2016-06,2016-06-17 02:10:29,"Next time the bear shows up, I wonder if Mike Hearn will ask if anyone's checked on Andreesen."
0,"Somewhere Karpeles is laughing at you, you idealistic chump.",wqhbay1,Bitcoin,0,0,0,2016-05,2016-05-04 00:24:34,The more you question characters and integrity the further you are from what Bitcoin is. If you need to trust people instead of code then you've had that long before Bitcoin was created. Bitcoin wouldn't exist if people weren't corruptible or made mistakes. Maths is not trust based or require character references.
1,"Well, I guess hodling a currency who lost 50 % in 2014-2015 is better",manginahunter,Bitcoin,1,1,0,2016-05,2016-05-20 19:09:21,"There was a public poll a few months ago where Russians were asked a few questions about cryptocurrency. Among them: ""Do you understand cryptocurrencies?"" And ""Should cryptocurrencies be banned?"" So, less than 20% of respondents admitted they understand the cryptocurrency, but 45% thought it should be banned completely. That's Russian public opinion on the matter for you. ;) Uninformed, but already scared of anything new or different."
1,"Good thing they can't do this with cash, huh?",subcypher,Bitcoin,4,4,0,2016-06,2016-06-02 17:19:12,Paedophiles pay to watch abuse with bitcoins - how desperate is this? (Ignore Morgan Freeman fail ad placement lol)
1,Just like gold,Sugar_Daddy_Peter,Bitcoin,1,1,0,2016-06,2016-06-13 21:03:57,You are deluding yourself. The store of value depend on the liquidity. And the liquidity depend on the cost of using it.
0,Too much superstition going on... ;),ivanraszl,Bitcoin,1,1,0,2016-06,2016-06-17 02:06:21,NNNOOOOOooooooooooo
1,"Nah, she's just dressing for herself, she has no idea what effect those magnificent funbags and that nasty look in her eyes have on every man in visual range",i_can_get_you_a_toe,Bitcoin,-4,-4,0,2016-06,2016-06-18 21:20:16,I think it was her who was playing the gender card by having those babies out on show.
0,"Price inflation, not currency inflation.",gasull,Bitcoin,1,1,0,2016-03,2016-03-03 01:29:50,that's inflation
0,any freemarket buying and selling is not manipulation,MakeTotalDestr0i,Bitcoin,1,1,0,2016-06,2016-06-30 20:19:07,"not to be a tin foil hat kinda person, but you have to wonder if all the miners in china were actually one operation and at any time could join forces to do whatever they wanted at any time. Do we have any proof that the bitcoins mined in china are being put into the spending pool and not hoarded by any entity? If they own a large majority of coins wouldn't they also be in a position to manipulate value?"
0,Lighter network routing demo.,vbenes,Bitcoin,5,5,0,2016-07,2016-07-28 14:41:32,Hi Bitcoiners. Who can tell me wht is shown in the picture?
0,I would like to know people's opinion about using [coinbin](https://coinb.in) offline to generate multisig addresses and store bitcoins over there.,rockingBit,Bitcoin,1,1,0,2016-07,2016-07-06 14:23:07,"Multisig wallets are a cheap safe alternative to hardware wallets. You don't need to buy anything, they spread your private keys across several machines with the idea that you're unlikely to lose all of your backups and have all your machines infected by malware."
0,"And the worst part of that sentence was ""whilst"".",BitttBurger,Bitcoin,0,0,0,2016-08,2016-08-24 18:45:45,Username certainly fucking checks out.
0,You should wait some hours.. i think there will come an even bigger drop..,BitcoinReminder_com,Bitcoin,1,1,0,2016-08,2016-08-02 21:45:12,"Can someone explain the pricedrop Sorry, im not familiar with what goes in the btc world. I just feel happier with it vs in a US Bank. Im also gonna make a purchase larger than 100$ for once and id hate to make the wrong call when i couldve just waited two days and made an extra few bucks. Also where is a better place to buy other than coinbase. I feel their prices arent all that great soemtimes."
0,I am.,chalbersma,Bitcoin,1,1,0,2016-08,2016-08-30 05:03:19,I do hope you're referring to Bitcoin
0,"yep, popcorn time indeed... they are nice people though, sometimes i go there to see what s going on...",Sherlockcoin,Bitcoin,0,0,0,2016-07,2016-07-27 20:45:05,popcorn on r/btc i guess. I wonder how they are going to make GreenAdress the first step of the bilderberg group to take over the world :D
0,You don't need to prove something in order for it to be true.,rcxquake,Bitcoin,1,1,0,2016-08,2016-08-15 15:25:19,How do you prove that a piece of information doesn't exist anywhere on the planet?
1,You shouldn't be so bad at trading I guess.,_-Wintermute-_,Bitcoin,1,1,0,2016-08,2016-08-09 16:12:47,BFX: negative trading wallet
0,"I would do the same mind you, but thats not the way the world works and most of the time the only way to find a thief is with another thief who would rather backstab you and join that thief",tux_pirata,Bitcoin,1,1,0,2016-08,2016-08-11 14:02:42,To be honest I wouldn't really need a reward to want to turn someone in for a crime that victimized others. Millions of dollars seems like an okay enough payout for simply being a decent human being.
1,"Yea, once he clears 95% of the black vote it will be no problem.",EonShiKeno,Bitcoin,1,1,0,2016-08,2016-08-31 16:21:25,"Yep, I have a feeling Trump is going to win."
1,"Yes, it was a simple tutorial in hash verification that the whole internet misunderstood.",MaunaLoona,Bitcoin,1,1,0,2016-05,2016-05-04 08:59:24,He didn't seem to claim it to be anything though.
1,"No, you guys bullied Satoshi away by asking some cryptographic proof and now we won't see Satoshi ever again :(!",NLNico,Bitcoin,3,3,0,2016-05,2016-05-05 14:20:11,"LOL. Seriously, Redditors here deserve some credit for taking Wright down. Good job guys!"
0,ether is a pre-mined scam.,btcluvr,Bitcoin,1,1,0,2016-06,2016-06-23 17:15:15,Only thing that has changed is the DAO hack. DAO goes down = Ether goes down = Bitcoin goes down. I trust in Ether to pull through hence I am sticking out.
1,But I thought darknet markets reduced violence?,bitawareaustralia,Bitcoin,-1,-1,0,2016-05,2016-05-31 08:40:37,"I'm only wondering if the ""victims"" might just find them once they get out of jail, not exactly the type of people you want to be ripping off."
0,Yep never had a problem with Electrum,fussyqbert,Bitcoin,2,2,0,2016-06,2016-06-15 16:12:10,How does Electrum do this? It seems to automatically calculate fees.
1,I think you fail to see the real use of these foundations.,dontleavehomewithout,Bitcoin,1,1,0,2016-06,2016-06-29 17:17:36,Andreas Antonopoulos on Twitter: Clinton pledges support for public blockchain projects. A great use is putting charitable foundation accounts in a transparent ledger.
1,It's a conspiracy by evil core devs to seize world's power.,bitsteiner,Bitcoin,10,-1,-1,2016-10,2016-10-30 01:40:13,What is segwit?
0,Why would this announcement hurt the stock so much?,yanwnwnweee,Bitcoin,1,1,0,2016-07,2016-07-21 22:46:53,"Elon Musk: ""Enable your car to make money for you when you aren't using it""."
0,I would say im sorry to get your hopes up but I envy you :),calaber24p,Bitcoin,1,1,0,2016-06,2016-06-02 17:12:51,"Ugh, I was looking forward to a hot chick with a sexy accent but it's just an English girl. (I'm English)"
1,I cannot wait to buy fedcoin.,gonzobon,Bitcoin,1,1,0,2016-07,2016-07-09 22:10:07,The case for bitcoin (or something like it)
0,Give your ID to whom?,mWo12,Bitcoin,1,1,0,2016-06,2016-06-15 17:21:53,Helpful Tips I just got interested in Bitcoin. Is it worth getting? What happens when I give them my ID? Will I lose money and how can I earn money?
0,First order of business - A tasty dessert drink from starbucks,rePAN6517,Bitcoin,9,9,0,2016-07,2016-07-14 13:11:20,Mark Karpeles on bail
0,The devil,sreaka,Bitcoin,1,1,0,2016-08,2016-08-13 04:18:48,Who was behind it?
1,The time it takes to get to the moon.. expected to be their in a little under 3 days... is taking a bit longer....,djangocoin,Bitcoin,1,1,0,2016-08,2016-08-14 09:54:19,May I ask what you dislike about Bitcoin?
1,Yes the evidence is clear on that isn't it,AStormOfCrickets,Bitcoin,1,1,0,2016-05,2016-05-03 18:37:46,"Is it also speculation that Gavin partnered up with a know government man, Mike Hearn, who then proceeded to try to hijack the project? It seems pretty clear that Gavin is also a government actor at this point. He might not have always been. But he is at the moment."
1,The best part about being patient is that you don't make a fool of yourself when the truth does finally come out.,Annapurna317,Bitcoin,1,1,0,2016-05,2016-05-04 01:00:59,Respect is earned. This joker came into our virtual space and took a shit right in the middle of the carpet. I think we're allowed to tell him to fuck off.
1,Sound like it's time to short,Essexal,Bitcoin,0,0,0,2016-06,2016-06-02 21:09:56,Forbes: 4 Reasons Why Bitcoin Represents A New Asset Class
0,let's hope the Bitcoins don't get cryptolocked or stolen too,Liongrass,Bitcoin,2,2,0,2016-06,2016-06-08 08:42:53,Companies Are Stockpiling Bitcoin to Pay Off Cybercriminals
0,It's not at the protocol level it's at the application level,skajake,Bitcoin,12,12,0,2016-06,2016-06-29 14:11:38,"Core I am a hardCore support (lulz) but here i feel a little betrayed, allowing things like that at protocol level just open another attack vector :("
1,don't you know Bitcoin is based on **VIP2P**?,gr8ful4,Bitcoin,1,1,0,2016-03,2016-03-01 09:05:36,Since fucking when?
1,The market is also asking for free transactions.,giszmo,Bitcoin,1,1,0,2016-03,2016-03-07 12:39:48,No doubt that the market is asking for a bigger block size. It's probably the reason that the price has stagnated. Twisting and blaming market forces for the shitstorm is not rational at all.
0,I'll be there,FrancisPouliot,Bitcoin,2,2,0,2016-03,2016-03-15 18:14:44,Who's attending the Toronto Blockchain Training Conference?
0,"Satoshi's vision was that the number of transactions would be much higher than now, so the small rise in fee per transaction might suffice, but there would be vastly more transactions per block.",rowdy_beaver,Bitcoin,3,3,0,2016-03,2016-03-14 14:08:58,So transaction fees are kept low or almost zero right now because of miners. What happens when all the coins are mined? Will transaction fees rise?
0,So why have you just signed a statement agreeing to implement a hard fork?,chriswheeler,Bitcoin,8,8,0,2016-02,2016-02-20 21:43:19,It was never necessary in the first place.
1,Not anytime soon with 1MB blocks.,zomgitsduke,Bitcoin,1,1,0,2016-03,2016-03-21 17:13:59,This banal comment and every variant of it is getting tired.
1,I hope you forgot this:,veqtrus,Bitcoin,0,0,0,2016-03,2016-03-26 21:10:20,Noooo. That's a newfangled idea to insure that future off-chain solutions have a niche in the market to fill. The block size cap was put in place solely to stop spam.
1,"Yea, you figured it out, it was Gavin's actions that made Satoshi decide it was time to graciously step aside, dam that Gavin, he stole Satoshi from us",WasintMe3,Bitcoin,-1,-1,0,2016-04,2016-04-14 01:35:49,All I'm saying is satoshi nakamoto himself broke off contact with him after Gavin went to have a friendly chat with the CIA.
1,can somebody please ban this guy?,yayalorde,Bitcoin,0,0,0,2016-04,2016-04-14 20:52:07,"I think it's wrong to compare Bitcoin with the Leicaster City Football Club. Yes, Bitcoin is the king of crypto currencies, but it's a really insignificant player in the global transaction processing space. A better analogy would be a very small football club with some 20 seats by their playing field. People would not be willing to pay a lot for the tickets, if the stadium is full they would shrug their shoulders and go to another match instead. If the seats are all sold out, it would be really stupid not to set up some more seats. If bitcoin transactions become too expensive, people will either stick to traditional banking or chose a different crypto currency. Another thing, full blocks and the fee event is not some theoretical future event, it is something that has already happened. Was it a disaster? No. Was it bad? Yes. Is the capacity limit holding back Bitcoin? Yes. Increased fees will be a problem, it will prevent Bitcoin from being used for coffee-sized transactions. I believe that if another cryptocurrency will become the go-to-currency for coffee-sized transactions, it will eventually take over for bigger-sized-transactions as well. Increased fees is not the only problem - ""stuck transactions"" is the other side of it. Bitcoin is designed to work well when there is free space in the blocks. Users that didn't get the memo that the blocks are full, or who are using the wrong software are suffering (a friend of me tried to send me bitcoins from a blockchain.info-wallet - 48 hours later he had to resend the transaction, it had timed out). One can no longer trust zero-confirmation transactions (some claim that they never could be trusted - but they do have a great business value and usability-value). Stuck transactions - it's like buying a ticket for the football match, coming to the match and be denied in the door: ""sorry, you didn't pay enough for the ticket; someone else paid more for the seat. Try coming back at the next match instead""."
1,Blockstream Corp is a company,We_are_all_satoshi,Bitcoin,3,3,0,2016-04,2016-04-20 21:39:19,"This is just going to confuse people further, making Bitcoin seem more like a company."
0,Never use the B word when talking to a bank.,ronohara,Bitcoin,5,5,0,2016-01,2016-01-10 12:26:37,"My UK Bank Account Got Suspended for Buying Bitcoin, What can i do? Tried to buy one bitcoin but my account got suspended. Why is this and what can i do?"
0,Irrelevant if you use the 'good' online wallets which are completely trustless.,Big_Brother_is_here,Bitcoin,-1,-1,0,2015-11,2015-11-10 22:06:38,Ok google: what is MtGox ?
1,"so users, in mass, disagree with actual economic experts and central banking planners who specialise in these domains (and who appear to largely support FED's roadmap) ?",sunshinerag,Bitcoin,1,1,0,2016-01,2016-01-17 11:17:28,"so miners and users, in mass, disagree with the actual engineers and scientists who specialize in these domains (and who appear to largely support Core's roadmap)?"
1,Yeah .. Lightning is super stupid and dumb lolllllll,Yoghurt114,Bitcoin,7,7,0,2016-01,2016-01-18 12:17:11,"Hahaa!! that would describe very well the LN situation! Hey let's put all Tx off chain, imagine how much space we will save! Only that's the dev that are going mad.."
0,"I don't think he was disagreeing with you, just F.Y.I.",RaginglikeaBoss,Bitcoin,2,2,0,2016-02,2016-02-29 01:00:05,They can do what they want. Doesn't make my statement not true.
1,Believing that people have inherent value and worth is emotional ...,majorpaynei86,Bitcoin,1,1,0,2015-11,2015-11-02 01:49:07,Advocating that governments stop murdering innocent people is a rational argument.
1,because court works out for poor people,MakeTotalDestr0i,Bitcoin,1,1,0,2015-11,2015-11-16 00:50:49,Then the solution is the small claims court.
1,It's worked so good in the past...what could possibly go wrong?,liberty4u2,Bitcoin,5,5,0,2016-03,2016-03-10 14:12:06,Insanity... but I won't complain I booked tickets on the lifeboat a while ago
0,This is good for Bitcoin.^TM,gr8ful4,Bitcoin,32,32,0,2016-03,2016-03-12 10:39:08,Microsoft Store doesn't accept Bitcoin anymore
0,By decentralisation he means not to centralize development right?,sunshinerag,Bitcoin,3,3,0,2016-03,2016-03-13 11:47:53,"""From our perspective the most important and true superhuman power of Bitcoin is decentralizaton and that is it."" Cameron Winklevoss @SXSW"
0,Fuck the bitcoin foundation.,bearjewpacabra,Bitcoin,6,6,0,2015-11,2015-11-03 13:49:00,And the most ridiculous tweet of the day goes to...
0,"How about that relay network... Is it true if that one guy goes to a party and his server crashes, bitcoin as we know it goes down...?",bitsko,Bitcoin,0,0,0,2016-01,2016-01-07 16:08:22,Did you miss that the bitcoin network is decentralized?
1,I'm utterly convinced by your eloquently presented arguments.,Xekyo,Bitcoin,4,4,0,2016-04,2016-04-24 07:31:03,wrong ln is just not needed.
1,If they would have called it a DAO sale instead of a crowdsale they could have raised millions!,ImmortanSteve,Bitcoin,1,1,0,2016-04,2016-04-30 14:50:36,"Mycelium Crowdsale , Are you investing ?"
1,Definitely not a shill,Floooge,Bitcoin,1,1,0,2016-04,2016-04-01 11:03:01,Its a great way to enhance your bitcoin experience!
0,"The good old 1.2k prediction, heard it was supossed to happen this year.",I_AM_A_GOLD_GIVER,Bitcoin,1,1,0,2016-01,2016-01-03 06:04:27,"7 Market Predictions for 2016: Gold, Energy, Stocks, Bitcoin"
0,"RBF should not be deployed, do FSS-RBF .",samurai321,Bitcoin,-1,-1,0,2015-11,2015-11-29 20:47:19,Poll: What percentage of the Bitcoin community do you think is qualified to meaningfully contribute to the Replace by Fee debate?
1,Don't you know their just having technical issues?,happiejoe,Bitcoin,2,2,0,2016-01,2016-01-14 18:09:01,Class Action Lawsuit Officially Launched Against Cryptsy
1,Didn't he do a ride-along on their first stage coach?,rowdy_beaver,Bitcoin,1,1,0,2016-01,2016-01-31 12:55:26,"He owns 10% of Wells Fargo, and grew up in a different era. He doesn't see value in technology, he's more brick and mortar with his investments."
1,It was an implied,Frogolocalypse,Bitcoin,1,1,0,2016-02,2016-02-23 02:27:12,Exponentially? LOL no.
0,You're being very immature in this thread... please try to be professional.,eragmus,Bitcoin,7,7,0,2015-11,2015-11-05 20:28:54,Don't tell me what to do
1,The next two weeks are critical.,globramma9,Bitcoin,2,2,0,2015-11,2015-11-13 14:30:49,Mass adoption is coming
1,Why are posts about alt chains here?,Pawoot,Bitcoin,0,0,0,2015-11,2015-11-15 13:59:30,Vitalik Buterin Bitcoin Is A Transition Technology
1,Hell we should just rebrand bitcoin as Coinbase...,BlockchainMan,Bitcoin,3,3,0,2015-11,2015-11-20 15:07:13,"Coinbase is gonna be stinking rich! This can be a game changer. They are in position, as they are now with this, to be first in all Bitcoin innovations. If only they were more decentralized. That may be the only way another company can bypass them."
1,"AL, AZ, CA, DE, DC, GA, ID, IA, KS, ME, MS, NE, NV, NJ, NC, ND, OK, PA, PR, SD, TX, VT, WA, WV Don't see NY in the list, I wonder why.",opticbit,Bitcoin,1,1,0,2015-11,2015-11-21 07:38:46,Introducing the Shift Card. Bitcoin Can Now Be Used Anywhere VISA is Accepted
1,"Right, because every single 2 cent micropayment should obviously be recorded for all eternity on an ever growing ledger",DaReminder,Bitcoin,2,2,0,2016-03,2016-03-08 18:56:40,"""You could have an option to not view advertising and instead pay a couple of pennies per page as you go...According to Schatsky, using the cryptocurrency bitcoin would make a micropayment system feasible due to its low transaction costs."" Who wants to deliver the bad news to CNBC?"
1,"Ping and tracert work, thus lightning network is the perfect solution...",Toxhax,Bitcoin,0,0,0,2016-03,2016-03-08 23:38:15,Understand the Bitcoin Lightning Network with a simple experiment you can try for yourself
1,"Yep, so let's keep rewarding countries with cheap electricity, because that totally makes sense.",sreaka,Bitcoin,6,6,0,2016-03,2016-03-11 15:57:27,"Having 1tbps local bandwidth is besides the point. Its not USACoin, bandwidth has to apply globally and as far as china is concerned, your 1tb fibre connection will struggle to get 100kbps thru the GFW"
0,You've been watching too much Jackass 3D.,Bitcoinopoly,Bitcoin,3,3,0,2015-11,2015-11-03 03:25:17,Does anybody else get the urge to slap him across the face with a 10 pound salmon? Or is it just me?
1,Decentralization!,FrancisPouliot,Bitcoin,6,6,0,2016-03,2016-03-16 15:29:06,Bubble Pop. ;-)
0,Why are we promoting HYIPs?,bitbybitbybitcoin,Bitcoin,1,1,0,2016-03,2016-03-21 15:26:05,"Bitcoin Earning Websites Directory - Submit &amp; Promote Your Faucets, Rotators, Casino, HYIP"
0,Essentially the authorities shot themselves.,bitsteiner,Bitcoin,2,2,0,2015-11,2015-11-21 19:21:58,Tldr it makes it worse x1000
1,"Yes, much better to centralize development of the decentralized currency.",Username96957364,Bitcoin,-2,-2,0,2016-04,2016-04-26 22:00:30,Gavin has no vision and having two or more Bitcoin repositories that hardfork one another by design habitually is stupid.
1,I'm certain he'll get a fair trial.,RenegadeMinds,Bitcoin,2,2,0,2016-01,2016-01-05 21:23:07,Silk Road Moderator Faces Extradition to the US
0,why is it that the people spreading this FUD with no evidence isn't some main stream media but actual bitcoin related websites?,specialenmity,Bitcoin,1,1,0,2015-11,2015-11-15 18:02:18,Bitcoin Opponents Use the Paris Massacre to Defame Cryptocurrency
1,This move will surely stop all the criminals and terrorists from using cash.,bitroll,Bitcoin,4,4,0,2016-02,2016-02-03 18:43:44,"Germany to make cash payments of more than 5,000 Euro illegal"
1,Thank goodness we can put our trust in the hands of a few,coastermonger,Bitcoin,1,1,0,2016-02,2016-02-23 01:09:18,"Consensus has been made among a large enough group of miners/developers that the minority is effectively shut out at this point. So there isn't consensus among the whole Bitcoin community, just among a select group of people who get to make decisions for us about the future of Bitcoin."
0,Why don't you email and ask?,BitcoinBostonian,Bitcoin,1,1,0,2016-02,2016-02-23 10:29:39,Why would Circle close my account? I've never done anything even remotely wrong with Bitcoin. Does anyone know why they would shut me down? And where I could purchase Bitcoin now? Thanks
1,sure ill take your stolen CC info and send you bitcoin; an irreversible payment method.,AnonymousRev,Bitcoin,2,2,0,2015-11,2015-11-14 04:50:24,How can i open an anonymous BTC wallet and how can i top up that with VISA / MasterCard card? I'm beginner in this.
1,Blah blah blah you cant compare things to nazis,MakeTotalDestr0i,Bitcoin,-6,-6,0,2015-11,2015-11-16 02:01:18,"The right to seize it, and the ability to do so, are two different things. Finally, do keep in mind that everything the Nazi government did was 100% legal in Germany at the time."
1,Well if an anonymous group of hackers say so I don't see why you guys are skeptical... Why would anyone lie on the internet.there cant be a secret agenda behind a secret group of hackers that absurd,skapaneas,Bitcoin,1,1,0,2015-11,2015-11-20 10:36:20,"Are ISIS using bitcoin? (conspiracy theory) So we know an idiotic 'journalist' lied when posting an article about ISIS having $23million in bitcoin (see @postmoi twitter feed) Yet what about this $3million bitcoin account that GhostSec claims to have uncovered? (that Lewis Sanders IV stands by and also confirmed by @DigitaShadow (GhostSec) as reported by newsbtc) This is now widely being reported in the press as fact, yet no address has been released By announcing the 'find' they have already alerted ISIS to it being compromised, so why not release the address(es) so community can help monitor the bitcoins and hopefully eventually track down the terrorists?? Using the 'ongoing investigation' line does not add up- either someone is lying about the $3million or they shouldnt have made this public/ or they should release address(es)? The fact GhostSec has openly said it is working with the Feds 'to thwart attacks' makes me even more suspicious Timiing of this hitting the press just as emotions are running high over Paris and EU Commission meeting to potentially 'ban' bitcoin also seems 'convenient'?? If I disappear, everyone please keep asking questions!"
0,"Worth noting that in the last one, there was little price movement in the weeks preceding and the weeks after.",gulfbitcoin,Bitcoin,2,2,0,2015-11,2015-11-01 07:10:37,I can already feel it...
0,It can be frozen if miners decide not to put your transactions in the block.,bitcoinquestions001,Bitcoin,-4,-4,0,2016-03,2016-03-25 04:27:26,"If only there was some sort of account you could store your money in that would be impossible for anyone to freeze...... That being said, I hope it all works out for ya!"
0,Born 8:26 am est on bitcoins birthday,czr5014,Bitcoin,1,1,0,2016-01,2016-01-03 14:29:15,"I'm literally in the hospital right now, my wife just went into labor!!!!"
1,"Oh, right, financial markets are not intertwined.",finecon,Bitcoin,1,1,0,2016-01,2016-01-06 23:59:07,Not bitcoin related. Bitcoin isnt a stock. Bitcoin isnt under the control of the Chinese market policy
1,"No need to introduce ""spam"" into the blockchain.",priidu_neemre,Bitcoin,1,1,0,2016-01,2016-01-15 09:58:52,Congratulations Eligius! 1 whole transaction in your block!
1,You must be a terrorist if you want to transfer that much money outside bank controls.,thanosied,Bitcoin,1,1,0,2016-01,2016-01-15 10:55:54,It still amazes me that $2.5 Million can just be sent in a totally transparent fashion for $0.04 and no one can do anything to stop it.
1,I am sure they don't want 7x faster validation using secp256k1,btcdrak,Bitcoin,41,41,0,2016-01,2016-01-17 11:27:20,No one wants what is in 0.12
0,"Read this topic, withdrew my assets there just to be sure and had no problem at all.",Goldman-,Bitcoin,4,4,0,2016-02,2016-02-04 21:07:12,Kraken problem I have been unable to withdraw bitcoin from Kraken for 2 days now. Now their site is having problems as the withdraw page gives a 502 error. Support does not respond to ticket. Anyone know what's going on here?
1,"Naww lets keep bitcoin dialup compatible, that is way more important than usability!",jwBTC,Bitcoin,125,125,0,2015-11,2015-11-04 11:30:15,"Block limit needs to be increased to ensure better user experience. Nothing like having to explain to a bitcoin newbie how his transaction is now stuck, because the fee was too low."
1,"Yea, just like they stopped decentralized torrents.",cdn_int_citizen,Bitcoin,2,2,0,2015-11,2015-11-05 14:38:44,Marc Andreessen: The fact that my friend Jamie feels the need to say this increases my confidence level even further
1,Ya because USA healthcare is A++,quickly_a_duck,Bitcoin,4,4,0,2015-11,2015-11-09 20:54:13,"Governments rarely ""skimp"" on anything. :-)"
0,"Ugh, bunch of statists in this thread.",bitcoin71186,Bitcoin,0,0,0,2015-12,2015-12-01 18:25:19,SEC Charges Bitcoin Mining Companies GAW Miners and ZenMiner
0,Global Reserve Currency,Essexal,Bitcoin,5,5,0,2015-11,2015-11-26 17:46:26,"What do you wish for Bitcoin in 2016? What is your wish for the Bitcoin protocol and ecosystem in 2016? Some starting thoughts: * 7MB+ blocks to handle new services and use cases coming on * $1K+ price so there is enough liquidity to handle larger transactions regularly * Few large companies offering salaries paid in Bitcoin * Few large new retailers accepting Bitcoin for payment * One small country adopting Bitcoin as official secondary currency (you can pay government fees with it) * Decentralized marketplaces * One major use case for colored coins, for example a country using it for land titles"
0,Selling product they clearly did not have,alexgorale,Bitcoin,2,2,0,2016-02,2016-02-24 16:42:47,Suing for what - the BTC they don't have in a brainwallet or tucked away in a Trezor stashed under someone's brother's nephew's pillow? At least in the old wild west you could gather together a posse on have a lynching. Now the government protects those who screw people over and prosecute the ones who want personal freedoms.
0,There is a whole movement called the degrowth movement that would benefit from the understand that it's monetary inflation that's stimulating unsuitable environmental degradation through economic growth.,Adrian-X,Bitcoin,2,2,0,2016-03,2016-03-12 19:21:31,"Environmentalists should fight for deflationary money The green movement is pretty powerful these days around the world. They claim the moral high ground and receive billions after billions from governments in order to fight for things like reducing carbon dioxide emissions. We as bitcoiners should utilize that movement to push for deflationary money, because there is a very simple argument that we can make by using their own keynesian rhetoric. Let me put in that I myself do not believe in the keynesian theory, but since the majority does, they should accept the following: Inflationary money encourages spending. More spending means more goods and services need to get produced, which is harmful for the environment in many different ways. Just think of the carbon footprints! Deflationary money on the other hand encourages saving. When people save money, they are deferring consumption. Because of less consuption, a smaller amount of the world's precious natural resources are used. The carbon footprint sinks! The world is saved! Next time you meet the leftist greenpeace activist in your circle, try and see how they respond to that logic. Don't they care about saving the world?"
0,"It's wrong, 1B to date...not 2015.",bubbasparse,Bitcoin,13,13,0,2015-11,2015-11-02 16:51:56,Record $1 billion invested in Bitcoin firms so far in 2015
1,It's coming in two weeks.,bitcoinquestions001,Bitcoin,3,3,0,2016-03,2016-03-18 20:06:26,Still waiting on that ETF
0,Go out SJW retard and get lost for good this time.,manginahunter,Bitcoin,1,1,0,2016-04,2016-04-09 08:00:21,Oooo. I was so hurt by your lame-ass insult. Grow up.
1,So you mean to tell me it's vaporware?,14341,Bitcoin,-1,-1,0,2016-04,2016-04-05 01:08:16,It won't. It will go into various betas and people will see it's not actually that useful or good so it will just continually be in more and more different types of beta never actually launching.
0,Contact Dave's Wallet recovery service.,baronofbitcoin,Bitcoin,2,2,0,2016-04,2016-04-12 13:50:39,"Cant send btc from my own wallets! I have several wallet.dat with bitcoins,one of them 30.28 btc,second 1 btc,third some btc.In all I forgot my passphrases to my wallets.I ask wallet recovery services no success.I use pywallet with web version,after I click change passphrase,bitcoin core was closed,nothing worked,and my passphrases dont changing.What I do wrong?What alternative methods for change passphrase?or send btc directly with bitcoin core on my coinbase account?"
0,"I meant it protects against the car never being delivered, but it does not protect against someone selling you a stolen car.",cpgilliard78,Bitcoin,1,1,0,2015-11,2015-11-14 00:16:11,"Multisig doesn't guard against this. Remember, the bitcoin seller doesn't know that a scammer is selling a fictitious car. The escrow agent with the third key doesn't know there's a scammer selling a fictitious car. The scammer will say ""Money's been deposited! :)"" and the escrow agent will ask the seller ""Did you get the money?"" and the seller will say ""Yeah, everything looks good!"" and then the escrow agent and seller will simply release the coins. Maybe it'll be a week later when some other guy shows up asking for his car and threatening to sue you."
0,No.,BERNIE_SANDERS_SUCKS,Bitcoin,3,3,0,2016-01,2016-01-16 00:05:34,I have coin arriving today from coinbase. Is there a way to cancel the coins?
1,"This is *exactly* the change we've been waiting for, Core!",Indy_Pendant,Bitcoin,4,4,0,2016-01,2016-01-21 15:33:08,"Great News, Bitcoin Core has made Opt-in RBF optional!"
1,"I already dumped all my coins, bitcoin is crashing",n1nj4_v5_p1r4t3,Bitcoin,1,1,0,2016-02,2016-02-05 15:38:14,Will you dump all your Bitcoin because of all the recent news? For me it is a tiny blackhead on a still very attractive and safe haven from 'you know who'.
1,"Relax, there may be a hardfork scaling in july 2017...",shludvigsen,Bitcoin,44,44,0,2016-02,2016-02-23 23:03:07,"Last 100 blocks * Average size 892kb * Median size 955kb * Antpool mined 4 blocks with zero transactions in them (average is 909kb if you don't include these) * Average fee is 0.37BTC\block (1.5% of current block reward) Transactions are still rising. Are there really that many new people using the network for various things? Or is it someone spamming the network in constant and devious ways? Fascinating to see it still rising though, loving the growth. Better work on your scaling solutions quickly.... Time is running out."
1,You forgot the,hey_aaapple,Bitcoin,2,2,0,2016-02,2016-02-24 15:54:34,"It's certainly not credit card fraud. If it was, could I say ""it's certainly not credit card fraud""? Of course I couldn't. But I just did. I think I proved my point."
0,"I want to save him from being robbed of his cut of the economic growth, and a life of slavery.",street_fight4r,Bitcoin,2,2,0,2015-11,2015-11-03 11:56:07,Most ppl are living paycheck to paycheck so once fiat collapses it wont really matter to them what the price of bitcoin is. As long as they're producing as much value as they're consuming they'll be fine.
1,Yeah tax evasion is a great strategy.,sanswork,Bitcoin,1,1,0,2015-11,2015-11-22 01:50:05,"Nope, fuck that noise. Just declare shit for taxes when it touches your bank account."
1,You are obviously,--__--____--__--,Bitcoin,1,1,0,2016-03,2016-03-07 18:50:02,I honestly can't tell when people saying this are serious any more.
0,"When you say ""having devs that believe in Satoshi's vision"", what do you mean by that?",PaulCapestany,Bitcoin,5,5,0,2016-01,2016-01-16 17:53:46,"1.75mb if everyone updates max. Besides its more about having devs that believe in satoshis vision and listens to community. Put the blockchain first then additional layers as a useful option, not necessity. Talented devs but that's not enough. Hopefully they will still work on Bitcoin tho"
0,That was an early days term meaning you could manually choose outputs to include in a trx.,jcoinner,Bitcoin,4,4,0,2016-03,2016-03-29 00:52:06,What do you mean coin control?
0,*Raptor tears you a new one*,djangocoin,Bitcoin,1,1,0,2015-11,2015-11-02 10:22:17,Clever girl...
0,temper tantrums,CanaryInTheMine,Bitcoin,3,3,0,2016-01,2016-01-12 18:12:26,is there a TLDR version of what all happened?
1,"You need to leave bitcoin if you're looking for inflation, I hear Dogecoin changed their code to be inflationary and it's working out splendidly for them!",BERNIE_SANDERS_SUCKS,Bitcoin,2,2,0,2016-01,2016-01-14 23:25:38,Coinbase confiscation is perfectly fine. It just means the currency is static and promotes actually using it. Since we don't have inflation we need something.
0,The side with the longest chain?,PretzelPirate,Bitcoin,6,6,0,2016-01,2016-01-16 02:42:20,Bitcoin is not dead. But it is obviously headed for a contentious fork. I wonder what side the users are on.
1,Didn't Classic solve this problem with internet polls?,mrchaddavis,Bitcoin,2,2,0,2016-01,2016-01-25 18:33:43,I don't know how the community determines consensus. That's the difficulty of a hardfork. There are no judges either... so everyone needs to come to the same conclusion somehow.
0,in before the first person to mention the block size debate,TheBTC-G,Bitcoin,0,0,0,2016-01,2016-01-30 04:42:22,Opportunity for bitcoin? FanDuel and Draft Kings' payment processor Vantiv has cut ties with the daily fantasy sites. x-post r/fantasyfootball
1,"Except of course while we are happily hardforking, we finally get rid of this deflationary nonsense...",optimists,Bitcoin,1,1,0,2016-02,2016-02-07 23:20:21,Better to go on forever with a 1MB chain and a maximum fee revenue not even 1% of the block reward that's rapidly diminishing? A hard fork and a developing fee market are in a miner's best interests. They can't live on the block reward charity forever
1,"Right, because it was SO easy to understand the tradeoffs with how well core set the communities' expectations... right?",themattt,Bitcoin,-1,-1,0,2016-02,2016-02-25 15:35:40,The real question is whether they're doing it out of malice or just ignorance.
1,But it doesn't exist yet!,grishnakhfin,Bitcoin,-2,-2,0,2016-02,2016-02-26 18:27:09,"Fred Ehrsam (Coinbase Co-Founder): ""The Lightning Network will go live and will be wildly successful. All these fair criticisms are surmountable. Will be cool to see - a lot of theoretical Bitcoin/crypto work may never work in production - but I'm pretty convinced LN will."""
1,And who says sarcasm can't be detected over the Internet without a,redditHi,Bitcoin,2,2,0,2015-11,2015-11-04 00:20:49,"No dude, govt officials are looking out for the little guy. That's why we need regulation."
1,"Wow sounds awesome, can't wait to sell my bitcoins so I can buy HSBCcoin.",cpgilliard78,Bitcoin,1,1,0,2015-11,2015-11-25 20:42:39,HSBC says the blockchain could be used for 'helicopter money'
1,"Oops you're right, it's 1mb/2.5min for litecoin, and 0.5mb/min for doge (4x and 30x the capacity of bitcoin respectively) But I guess doge coin is currently being devastated by full blocks",klondike_barz,Bitcoin,0,0,0,2015-12,2015-12-03 17:43:40,"4mb / 10 minutes, vs 1mb / 10 minutes."
0,"Could never figure out how to get fiat to them, oh well.",sqrt7744,Bitcoin,1,1,0,2016-03,2016-03-13 11:45:37,"""From our perspective the most important and true superhuman power of Bitcoin is decentralizaton and that is it."" Cameron Winklevoss @SXSW"
0,As someone who doesn't give a shit.......,Bitdrunk,Bitcoin,2,2,0,2016-03,2016-03-23 13:55:14,As someone who has moved heavily into ETH... *golf claps*
0,Buy to ^the ^moon?,jwBTC,Bitcoin,2,2,0,2016-03,2016-03-18 04:44:49,As good as any technical analysis I've seen. I'm buying!
0,I think the priority thing got removed in the latest Core version.,Tvgiafi,Bitcoin,1,1,0,2016-01,2016-01-30 01:46:20,Well.. doesn't the amount of BTC transacted impact miner priority for 0 fee transactions? So doing it with less coin wouldn't necessarily test what OP wanted.
0,Block size debate,ForestOfGrins,Bitcoin,2,2,0,2016-01,2016-01-20 07:41:26,What is this 2MB thing?
0,There is a way to vote for bigger blocks by running a BitcoinXT or Bitcoin Unlimited node ....,lawnmowerdude,Bitcoin,6,6,0,2016-01,2016-01-07 19:39:56,"The blocks are being generated much faster than usual, but still the mempool is getting bigger and bigger. Still people say that we don't need bigger blocks right now."
1,Right.... 'cause the minimum wage attendant is gonna call the cops over attempted-deTwixing and what Peter Todd did was analogous on any level....,notable-_-shibboleth,Bitcoin,2,2,0,2016-01,2016-01-11 21:57:27,"You can't just shop lift and then go ""oh by the way you have security issues. here you can have it back."""
0,A foolish one.,derpUnion,Bitcoin,23,23,0,2016-02,2016-02-11 11:01:55,What kind of CEO does not listen to his CTO on technical matters?
1,"Dude if my coffee purchase has 1% less security than any other transaction on the bitcoin network, bitcoin has failed.",treebeardd,Bitcoin,3,3,0,2016-02,2016-02-25 16:54:17,"don't worry with time it will become easy and idiot proof. Besides, why would you want your coffee purchase hashed into the blockchain? that's just an insane miss allocation of resources."
1,Such sage comments in that link,jimmykitten,Bitcoin,1,1,0,2015-11,2015-11-03 03:01:40,Is bitcoin a better investment than gold?
0,You must be new here...,SheikhOfBitcoin,Bitcoin,0,0,0,2015-11,2015-11-03 04:26:54,Bitcoin Is Suddenly Surging Again
1,Just use the PM system on any forum; it stands for 'private' message so nobody else will be able to read it.,xbtdev,Bitcoin,10,10,0,2015-11,2015-11-18 21:51:06,I guess if you want to be *totally stealth* you just broadcast your evil terrorist plans in clear text Apparently nobody is spying on that stuff
1,thank god that nobody stores large amounts of coins there!,Lite_Coin_Guy,Bitcoin,1,1,0,2016-03,2016-03-13 14:11:33,"BTC-E Withdrawals broken, trading suspended"
1,But... but... blocks are full,BitcoinHR,Bitcoin,5,5,0,2016-03,2016-03-16 15:04:21,"It's up to you to rise above Hey gang, it's time for a pep talk. This subreddit can be tough to navigate. Filtering out the noise can be difficult, but it's important to do so. Only you have the capacity to determine what is real and what is not. Skip the fear mongers, the concerned troll posts, the attempts at censorship, or those demanding action for problems that do not exist. Try not to get caught up in debate with these folks, because it isn't really debate for them. Rise above."
0,That's not a good analogy.,Xekyo,Bitcoin,1,1,0,2016-03,2016-03-30 16:56:03,"Bitcoins never leave the network. LN is like me printing the private keys, and exchange them with someone, and that someone exchange them with someone else. Those trades are off the bitcoin blockchain, but does this mean I'm not using bitcoin? Also is this a real bitcoin, or fake?"
1,"So since the year before we doubled from $200 to $400, we're on track for $8000 bitcoins this fall!",cinnapear,Bitcoin,2,2,0,2016-04,2016-04-04 15:29:30,So?
0,It's never too late.,felipelalli,Bitcoin,1,1,0,2016-04,2016-04-15 21:12:55,"That's very interesting, I've been in Bitcoin for a long time and never heard of this."
0,"Its quite interesting for some people, since the bitcoin integration was released in steam some hours ago and maybe someone is interested in the shopping-workflow..",BitcoinReminder_com,Bitcoin,1,1,0,2016-04,2016-04-26 15:25:32,Who the fuck cares? Want me to make an album of me shitting? It's about as interesting.
0,"FYI: default dust threshold is 546 for P2PKH transactions, not 543.",dexX7,Bitcoin,1,1,0,2016-04,2016-04-27 22:46:35,"Counterparty is a protocol built on top of the Bitcoin protocol. It allows you to issue, send, and trade ""assets"" on the blockchain. It does this by defining a set of message types (ex: issue, send) that can be encoded into bitcoin transactions. The Bitcoin blockchain is monitored for these messages and they are indexed and evaluated by federated nodes which come to consensus on which assets are issued, how many ""tokens"" they have, which addresses have what balances, etc. So, here's what a Counterparty transaction ""looks like"" (not really): ISSUE ASSET To: 1CounterpartyXXXXXXXXXXXXXXXUWLpVr Send: 0.00000543 BTC Fee: 0.0001 BTC Encoded: {""Create"": ASSET, ""Quantity"": 10000000} SEND ASSET FROM: 1CounterpartyXXXXXXXXXXXXXXXUWLpVr TO: Some bitcoin address Send: 0.00000543 BTC Fee: 0.0001 BTC Encoded: {""Send"": 10000 ASSET} In this example, I create an asset and then send some quantity of that asset. It's made possible by sending the minimum amount of bitcoin possible, paying the miner's fee, and encoding the Counterparty transaction data inside. Bitcoin is programmable money. This makes Bitcoin our data store, and bitcoin transactions our ""save"" function. Counterparty federated servers evaluate that data for validity and determine the current state of the network. To some people, it's controversial as it adds ""weight"" to the chain, it also bloats the UTXO pool, if you don't sweep the ""dust"" you create, but I see it as extending Bitcoin's functionality. Some cool features include: - Issuing dividends - Voting - Decentralized exchange"
1,"Yeah, someone with that much bitcoin must be a real dummy.",jamesrom,Bitcoin,1,1,0,2016-04,2016-04-29 11:39:08,"whoever it is, he's kind of dumb not splitting it up into multiple addrs"
1,You must be new here.,scammerwatch1,Bitcoin,49,49,0,2016-01,2016-01-03 11:29:56,Why would a mod delete such an excellent blog post about Bitcoin on the bitcoin subreddit? That would be really weird!
1,Dude no one buys illegal drugs with Fiat currency.. It's all done thru bitcoin.,Youwishh,Bitcoin,5,5,0,2016-01,2016-01-06 04:55:08,"I've never understood the ""bitcoin is used to buy illegal drugs! Get rid of it!"" argument. Oh, a currency was used to buy something illegal? Well that's never happened before..."
1,you forgot to get the presidential cufflinks in that pic...,CanaryInTheMine,Bitcoin,1,1,0,2016-01,2016-01-21 20:45:42,Bitcoin Billboard in front of Wells Fargo at BTC Miami
1,More proof that Bitcoin is involved in crime!,BitcoinMD,Bitcoin,1,1,0,2016-02,2016-02-03 18:53:46,"Ex-secret service agent who stole $800,000 in bitcoin newly arrested"
1,The price is only going up because miners are stuck in the meeting and can't sell any coins.,jabetizo,Bitcoin,3,3,0,2016-02,2016-02-20 11:51:50,Bring on the rally.
1,The price looks really disappointed...,rePAN6517,Bitcoin,-1,-1,0,2016-02,2016-02-21 00:37:40,"Well, if everyone is as disappointed as I am, then it's a win I guess."
0,I'm having trouble believing there are over 300k *real* Bitcoin users.,Introshine,Bitcoin,5,5,0,2016-01,2016-01-01 21:51:51,Bitcoin's Big Challenge in 2016: Reaching 100 Million Users
0,"Yes, I was trying to explain why, technically, that rule is not possible to implement.",luke-jr,Bitcoin,1,1,0,2016-03,2016-03-22 21:29:56,"Either you didn't understand what I was proposing, or I am totally missing the connection. What I am saying is that the miners can only claim half of the transaction fee for each transaction. The rest goes to whoever finds a block X blocks in the future."
0,"I just recorded whether or not a company accepted Bitcoin, other crypto currencies accepted by VPN services were pretty rare.",ThatOnePrivacyGuy,Bitcoin,2,2,0,2016-01,2016-01-30 08:36:35,what about VPNcoin? btw astrill doesnt mind to just turn off and freeze your account you paid without giving reasons. rude support
1,"haha yeah just pull anyone off the street and ask them, they'll tell you that this July the reward gets cut in half.",bitcoinquestions001,Bitcoin,0,0,0,2016-03,2016-03-28 20:22:55,"Efficient markets tend to price in known events well before they happen. Unlike the last halvening, the information about this one is much more widely distributed in a much more efficient market."
0,"That seems like a very simple explanation for separating validation and mining, perhaps you don't understand it?",WasintMe3,Bitcoin,-1,-1,0,2016-04,2016-04-03 14:02:52,It's nothing more than an upgraded getblocktemplate/p2pool basically.
0,Why not do both?,aelephant,Bitcoin,3,3,0,2016-02,2016-02-18 18:42:04,Why not just accept Bitcoin at your etsy store or main site? Problem solved.
0,Alipay (by themselves or when asked by CN gov't) would shut down anything like that quickly,bitcoinfinder,Bitcoin,1,1,0,2016-04,2016-04-11 08:03:45,"Someone should make an app that intercepts the QR codes and substitutes a Bitcoin proxy. You scan, send QR along with BTC to the proxy, it pays the QR, merchant gets fiat and you pay Bitcoin"
0,As if increasing the blocksize has no downsides at all.,derpUnion,Bitcoin,-1,-1,0,2016-01,2016-01-03 15:23:38,Why bigger blocks can result in more fees and a BIGGER fee market
1,You forgot about DDOS and Censorship,pb1x,Bitcoin,2,2,0,2016-01,2016-01-19 07:34:13,"i think gavin quit on his own? if a majority agreed with u they would have moved to xt, no?"
0,I've never heard of btc38.,Cloakt,Bitcoin,3,3,0,2016-01,2016-01-25 00:48:24,BTC38 sent me a .scr file via Skype Upon questioning they tried to claim it was a PDF. I'm guessing it is likely to contain a keylogger or some other malware. Absolutely disgraceful behaviour from a supposedly reputable exchange.
1,"Yes, I'm sure the bottom line cost comes from their own pockets",Essexal,Bitcoin,2,2,0,2016-02,2016-02-07 01:59:59,"But as a person with a credit card, I have absolutely no concerns of my details get hacked as if unauthorised transactions are made, that's the banks problem. Yes it's inconvenient that I have to make the effort to call up the bank and make a claim, but they cop the financial loss, not me. Is this not how most people take it?"
1,"Oh no, Bram's angry",sreaka,Bitcoin,0,0,0,2016-02,2016-02-11 23:03:09,"Bram Cohen, inventor of BitTorrent and Core supporter is pretty pissed at Coinbase"
1,The breakout is due to anticipation of the 4th Classic block.,Lejitz,Bitcoin,0,0,0,2016-02,2016-02-20 18:56:31,Look what's breaking out... #Bitcoin $BTCUSD +5% and $438/coin. Nobody's talking about it.
1,yeah ... happy day for the bitcoin ceo,Sherlockcoin,Bitcoin,2,2,0,2015-11,2015-11-02 12:56:50,Market capitalization
1,Cant wait until Bitcoin becomes as useful as Snapchat,_gainz,Bitcoin,1,1,0,2015-11,2015-11-11 09:34:46,Banks could use bitcoin technology by next year: study
1,"No, no, no, all that money goes to drug rehab programs and building roads and schools!",paulmadore,Bitcoin,2,2,0,2015-11,2015-11-16 22:55:42,Whoah whoah whoah. The US Government only auctioned off those bitcoin. The majority of their funding comes from US Dollars - printing and taxing.
1,The Church of Scientology did it!,horizoner,Bitcoin,2,2,0,2015-11,2015-11-25 17:53:09,Two startups attempting to take a government agency to court sounds like a good way to burn through capital.
0,"I'm out, have a great day.",keo604,Bitcoin,1,1,0,2016-03,2016-03-08 08:55:35,Sigh... stop using big words you don't understand.
0,It's good to see how it would look like when your reserves are depleted while you still have them.,vbenes,Bitcoin,1,1,0,2016-02,2016-02-24 22:06:35,Create more space for transactions by actually making sure blocks are full?
1,What about the government's freedom to do what it needs to do to protect you?,DatBuridansAss,Bitcoin,6,6,0,2016-03,2016-03-12 07:01:49,"Freedom is bad. I'm talking about the other guy's freedom and not mine, of course."
0,"With all the warnings in airports, I doubt anyone would actually take one.",kicktriple,Bitcoin,3,3,0,2016-02,2016-02-22 16:19:47,Evil thought. Hand out a bunch of empty physical bitcoins or paper wallets with $1 or $2 of bitcoins to travelers before they enter the TSA. Nothing generates hate of the TSA more than random Nazi like searches of people innocent of any crime.
1,"And its mission isn't to destroy the world by turning everything into paper clips or grey goo, but rather into SHA-256 ASICs that consume all available power!",BadLibertarian,Bitcoin,1,1,0,2016-03,2016-03-30 17:47:27,How crazy would it be to consider that Satoshi Nakamoto could be an AI?
1,Because it has 5 Chinese that control about 75% hashrate,sreaka,Bitcoin,4,4,0,2016-04,2016-04-03 15:09:32,What makes the Bitcoin blockchain more secure than other chains?
1,fuck the free market!,SpaceDuckTech,Bitcoin,4,4,0,2016-04,2016-04-13 20:40:01,He is terrified and offended by anything unregulated.
1,Protip: invest in nuclear holocaust bunker.,sirkent,Bitcoin,1,1,0,2016-04,2016-04-14 08:16:57,"When the power grid is down, nothing is more useful than lead and canned food"
1,"Yes, the best time to fill the car with gas is when you've already run out.",rowdy_beaver,Bitcoin,10,10,0,2016-01,2016-01-06 18:03:02,Are blocks full? You be the judge.
0,CES has essentially been dead for like 10 years already; who cares.,priidu_neemre,Bitcoin,1,1,0,2016-01,2016-01-08 03:40:10,Ledger Wallet: Pretty sure the only #bitcoin startup at #CES2016 #CES
1,Yay for another reference to everyone in the community being ignorant idiots &amp;lt;3.,BitttBurger,Bitcoin,7,7,0,2016-01,2016-01-18 17:14:57,Not the uneducated Crowd for sure ! Maybe you should try to code or propose ideas with technical reasons behind it !
1,But he got 4 transactions reversed!,Bitcoin_Acolyte,Bitcoin,1,1,0,2016-02,2016-02-08 07:25:38,One data point does not make a trend.
0,Android?,Bitcoin_Acolyte,Bitcoin,2,2,0,2016-02,2016-02-20 01:28:26,Brave is now available on iOS. Finally a killer consumer product that uses bitcoin in the background!
1,You forgot the,SillyBumWith7Stars,Bitcoin,-2,-2,0,2016-02,2016-02-26 12:21:35,I prefer relaying only non-spammy transactions. Also saves bandwidth and comparatively discourages spamming the network with supercheap txs.
0,"Update: is working, but some issue with my pdf files.",_Jorj_X_McKie_,Bitcoin,1,1,0,2015-11,2015-11-02 06:42:35,This still working? I couldn't get it to process my pdf files tonight.
0,"Horse and buggy manufacturer say ""horseless carriage"" has no future.",jimmykitten,Bitcoin,2,2,0,2015-11,2015-11-11 17:11:19,"Bitcoin has no future, says UBS chairman Axel Weber at Bank of England's Open Forum"
0,"Yep and currently the gap in both measures is so big, it doesn't matter BTC or USD the fees are ridiculously low.",muyuu,Bitcoin,-1,-1,0,2015-11,2015-11-05 14:32:18,"We were talking about cost to miners *and* users. To users the dollar amount rising absolutely matters. Mining costs in fiat are relevant, too, as we are talking about marginal cost of inclusion for each additional transaction."
0,DoS yes but I meant adding a lock so that I can open it whenever I want.,deeper-blue,Bitcoin,1,1,0,2015-11,2015-11-23 20:03:39,"Good point, but the chain doesn't even have to be unlocked to do that DoS attack."
0,Bitpay,--__--____--__--,Bitcoin,1,1,0,2016-03,2016-03-18 07:55:18,I want to take Bitcoin for my business. What do I need to do?
0,"*""excuse me gemmni, I bought @500 two weeks ago and i fat fingered it's now 330 I want my trades reversed*""",ellis1884uk,Bitcoin,-1,-1,0,2015-11,2015-11-14 15:46:26,"Considering the volume, this probably was an institutional customer. Either way, it sets a terrible precedent."
0,I'm pretty certain I heard him say it a few times on LetsTalkBitcoin back in 2013 .,frankenmint,Bitcoin,1,1,0,2016-03,2016-03-30 00:03:42,"I'm sure I heard Andreas use this phrase mid 2013 at the latest, and sometime after that was when BitReserve was launched."
0,Yep.,LeBloub,Bitcoin,1,1,0,2016-02,2016-02-15 14:01:23,He's trying to hide $15 million before he loses his trial.
1,"damn it, well its been a good run guys guess ill have to sell everything.",calaber24p,Bitcoin,2,2,0,2016-04,2016-04-25 22:34:02,'Bitcoin is Dead'
1,"Uffff, good thing I got them cheap at $420... Blaze it!",-Hegemon-,Bitcoin,1,1,0,2015-11,2015-11-11 04:48:37,300!!!
1,Consensus is only needed when ~~someone who is not core wants to make a change~~ there is a proposed change to the consensus rules.,Lixen,Bitcoin,3,3,0,2016-01,2016-01-08 09:41:49,Kinda ironic how they ignore the NACKs when their entire statement is some nonsensical rambling about consensus being all important.
1,But... that's so un*democratic* of you to say!,PaulCapestany,Bitcoin,11,11,0,2016-01,2016-01-17 01:13:04,It should be clear without saying that general users are not technically competent enough to make decisions about protocol design.
1,you must have many friends.,saddit42,Bitcoin,1,1,0,2016-01,2016-01-29 06:26:26,"Oh no: "" the Grecian computer scientist who knows the disastrous consequences of currency monopolization all too well."" WTF is ""grecian computer scientist""?! I'm sure Andreas is not feeling well with that ""title"". Also Amanda... please don't make interviews with people that will explain you something that you have no idea (and you just make that approval sign with you8r head). This is terrible! I like your ""decrypt"" shows but this wasn't good at all."
1,Only criminals and terrorists use cash - ban it and live free!,Lite_Coin_Guy,Bitcoin,79,79,0,2016-02,2016-02-03 05:44:09,"Germany to make cash payments of more than 5,000 Euro illegal"
1,Don't let facts get in the way of a good mudslinging.,LovelyDay,Bitcoin,2,2,0,2016-02,2016-02-22 16:15:15,I'm pretty sure Jeff has written several BIPs in the last year and also argued on technical merit repeatedly.
1,So you're saying visa supports terrorism?,xr1s,Bitcoin,1,1,0,2015-11,2015-11-21 10:32:59,Introducing the Shift Card. Bitcoin Can Now Be Used Anywhere VISA is Accepted
0,"No not at all, Bitcoins can only move on the Blockchain, if the transaction is not on the Blockchain it means nothing ever happened If you wait 48 hours, you can try again and nodes will probably not block your transaction as a possible double spend attempt because they will have forgotten about it",pb1x,Bitcoin,1,1,0,2016-02,2016-02-29 14:03:00,"Jesus, will this mean I have lost my btc?"
0,Try running with -checklevel=2,falco_iii,Bitcoin,2,2,0,2016-03,2016-03-21 21:30:13,How can I speed up Bitcoin Core syncing? It's take about 2 hours to sync a week and it is still 26 weeks behind... it didn't take this long when I first got it so is there anyway to speed up this process?
0,"Lol, so sick of hearing ""KILLER APP!""",bitcoin71186,Bitcoin,2,2,0,2016-03,2016-03-23 03:20:57,Bitcoin's new killer app being developed in Australia by Code Valley
0,Goat on bitcoin talk bought a Lamborghini for 200k but I think it might have been around the price rise.,calaber24p,Bitcoin,5,5,0,2016-04,2016-04-20 12:30:52,"Biggest single bitcoin purchase ever? Do we know what the single most expensive purchase made in bitcoin so far has been? AFAIK there have been some purchases of houses or property in the hundreds of thousands of dollars, but is there anything even bigger?"
1,I believe your forgot the:,jflowers,Bitcoin,1,1,0,2016-04,2016-04-18 03:51:09,I prefer to make xerox copies of my paper wallets.
1,fingers crossed lol,GratefulTony,Bitcoin,-1,-1,0,2016-04,2016-04-18 21:10:53,"Hopefully, he talks about bigger blocks"
1,The Microsoft what?,patmorgan235,Bitcoin,1,1,0,2016-04,2016-04-20 17:15:28,"It's like back when Steve Ballmer laughed and ridiculed the iPhone when it was released, claiming it would be no challenge for Microsoft's Zune."
1,I'm sure he'll send one full bitcoin to every American,Big_Brother_is_here,Bitcoin,1,1,0,2016-04,2016-04-20 17:51:59,Donald Trump sent me 1 Bitcoin...
0,hash is extracted pulp from the plant (greasy).,Introshine,Bitcoin,2,2,0,2015-11,2015-11-12 10:11:23,"exactly hash is another word for cannabis,"
1,Clearly if Facebook fails it means one of the lower layers like TCP or HTML failed too.,wawin,Bitcoin,5,5,0,2016-01,2016-01-29 15:33:04,I would have thought layers compartmentalize risk. If layer 3 fails it does not split down into layer 2 for example. There's still plenty of natural selection in these layers of gardens.
1,RBF and SegWit will make it simpler.,flamingboard,Bitcoin,-5,-5,0,2016-02,2016-02-07 00:19:05,"""Bitcoin has a lot of usability issues for non-tech people."""
1,"LOL yeah, what *you* say really matters to me.",acoindr,Bitcoin,2,2,0,2016-02,2016-02-09 00:21:03,"Given your replies, I see it's as I thought: You're mostly on the idiots' side."
0,How did it work until now?,jabetizo,Bitcoin,1,1,0,2015-11,2015-11-03 13:30:55,BTCC now accepts direct bank deposits!
0,I wonder why nobody sofar suggested coinbase.,chairoverflow,Bitcoin,0,0,0,2016-03,2016-03-11 23:59:44,Any bitcoin Wallets that allow instant and/or credit card purchases? I've been using Coinbase for my bitcoin wallet and the biggest pain is that the processing takes minimum 3-5 days to get your bitcoin to you AND they do not accept credit cards. I'm looking for an accredited site that allows me to purchase bitcoin via credit card and has instant transactions (or 1 day processing). Any suggestions? Thanks
0,"Because the wall street journal, and I quote, said: ""Europeans, go buy some bitcoins.""",aquentin,Bitcoin,1,1,0,2015-11,2015-11-03 16:36:12,ELI5: Why is btc prices all the sudden shooting up?
1,The next 2 weeks are critical,1BitcoinOrBust,Bitcoin,1,1,0,2016-03,2016-03-16 11:29:12,Breaking out over the downward Trend line. Can we we just be building upside momentum?
1,All very important parts of a five man dev team to take over what might just be the most important software project of the decade.,BeastmodeBisky,Bitcoin,2,2,0,2016-01,2016-01-18 13:23:06,But ClassicCoin has expert gif makers and javascript devs on their side!
1,"Yeah, we'll be real lucky if we end up with Russian and Chinese dominance over the world.",BeastmodeBisky,Bitcoin,-1,-1,0,2015-12,2015-12-05 12:28:10,"US imperialism and hegemonism, fortunately Russia and China challenge this 70 years statu quo more and more now."
1,"Yeah it's down, how do I go on with life now that I can't express myself anymore in 140 characters?",Sevensheeps,Bitcoin,2,2,0,2016-01,2016-01-19 10:58:07,news on the Twitter outage??? Been going on a while.
0,"Does anything restrict that protocol to ""micro""payments or can it be used for big payments too?",umbawumpa,Bitcoin,5,5,0,2016-02,2016-02-13 12:53:19,True Micropayments with Bitcoin
1,Maybe if we give these backroom business facilitators one more chance they'll bring back economic prosperity.,andyrowe,Bitcoin,1,1,0,2016-01,2016-01-25 21:23:33,N.Y. Governor Hands Top Wall Street Regulatory Job to a Defender of Wall Street
1,Because companys without a strong brand never invent and patent anything,Deadmist,Bitcoin,-1,-1,0,2016-01,2016-01-28 14:18:21,"BS. The company filing will usually have a well known brand. Its sales are on the strength of that, not on the strength of its technology being patented. That's freakin absurd. ""Patented technology "" is the catchphrase used to sell unnecessary junk to the double digit IQ crowd. Sorry"
1,"Just ignore Andreas, he likes to ""pretend"" a lot.",morebrownies,Bitcoin,-3,-3,0,2016-02,2016-02-18 19:06:31,It's not going to be big. I don't care how long they hype their beta. What do people get out of pretending that this is going to be big?
1,"Sure, cash never went mainstream either, because people lost wallets with cash in them.",ivanraszl,Bitcoin,4,4,0,2016-02,2016-02-28 20:30:37,"Why bitcoin will likely not go mainstream, in one post."
1,I assume it's,d155l3,Bitcoin,1,1,0,2016-03,2016-03-07 11:57:57,I honestly can't tell when people saying this are serious any more.
0,It'd be a pain but it still doesn't magically remove the anonymity from a crypto currency,Rogerss93,Bitcoin,1,1,0,2015-11,2015-11-19 18:44:23,Try do that with millions of dollars
0,"If you click the link, you will see the header, I just copied and pasted it.",mkabatek,Bitcoin,1,1,0,2016-04,2016-04-18 17:26:00,"Oh, your post said ""(our fee collection mechanism)"" so I thought you were part of the project."
0,"If there is a single miner that can mine your tx, it will eventually make it on the blockchain, although it might take some time depending on how much mining power it has.",grlthng,Bitcoin,2,2,0,2015-11,2015-11-01 15:52:11,"When miners are heavily regulated, and for some reason they won't mine your transaction, how will you get your transaction confirmed?"
1,by knocking out the competition with 10% wallet transfer fees,frankenmint,Bitcoin,8,8,0,2016-01,2016-01-04 17:00:22,i wonder how much money they paid him. how do they expect to make it back?
1,"Yeah, but only for altcoins - not with bitcoin sadly....",umbawumpa,Bitcoin,4,4,0,2016-01,2016-01-07 10:34:25,Some unnamed services already offer such services.
1,"too volatile, it will never last",luckdragon69,Bitcoin,2,2,0,2016-01,2016-01-08 07:11:52,"This is not a chart of Bitcoin, but of Berkshire Hathaway. Nevertheless, it shows exactly a $14 asset can climb to be worth $250,000 each over time. Bitcoin might just do the same."
1,"Yeah, the Japanese economy is a model of growth and prosperity.",richardtheassassin,Bitcoin,2,2,0,2016-01,2016-01-23 19:01:01,"Exactly. The same way the USD, YEN, and pound were all destroyed by quantitative easing."
1,"Yeah, well I disagree totally.",xanatos451,Bitcoin,1,1,0,2016-01,2016-01-28 23:19:44,I agree totally.
1,Because economits have done so well controlling currencies,lclc_,Bitcoin,2,2,0,2016-01,2016-01-30 11:50:36,We should not defer to Core on economics just because they're good at code and cryptography
1,Guy =,identiifiication,Bitcoin,1,1,0,2016-02,2016-02-07 00:33:42,Can't tell if serious.
1,"Oddly enough, $100 in Monopoly money is still worth $100 in Monopoly money today.",TatianaWisla,Bitcoin,1,1,0,2016-02,2016-02-13 02:04:54,"soon, Monopoly money will technically hold its 'value' better than fiat monies."
1,Sounds almost as safe as cold storage.,giszmo,Bitcoin,1,1,0,2016-02,2016-02-27 14:20:25,Most of my bitcoin is earning interest on poloniex where people pay 0.1+% per day to use it for margin trading leverage. This works out to 40%+ interest per year. I think its quite safe as others upload millions $ worth on poloniex. And the loans are collateralized and they can't withdraw it off the exchange.
0,How many of minutes of profit is $150 million for Barclays?,BitTheCoin,Bitcoin,0,0,0,2015-11,2015-11-19 02:33:05,"CNBC: ""Barclays fined $150M in forex case, terminates global head of fixed income trading."" #bitcoin"
1,You Filthy Statist,theskepticalheretic,Bitcoin,2,2,0,2015-11,2015-11-25 19:21:37,Anything less than 90 days ought to be illegal.
1,But but I heard opt-in RBF was developed in secret and quietly merged during a holiday!,NervousNorbert,Bitcoin,10,10,0,2015-11,2015-11-29 10:25:34,"BlockCypher (0-conf. 'confidence factor' service): ""We've been following the evolution of this patch closely, we're prepared."" -- In regards to 'opt-in RBF'."
0,I'm not worried then.,platinum_rhodium,Bitcoin,1,1,0,2016-03,2016-03-09 19:07:11,I think only other digital currencies and gift cards maybe.
0,The government has always made up crazy arguments to justify their thefts and intimidation tactics.,Ashlir,Bitcoin,5,5,0,2015-11,2015-11-12 18:35:22,You know asset forfeiture has gone of the rails when they start using the same crazy arguments that sovereign citizens use
0,So how is the FCC's test biased toward big cities?,gburgwardt,Bitcoin,4,4,0,2016-01,2016-01-09 03:36:53,This one is also biased toward big cities....
0,"you absolutely can, in fractions of coin down to 8 decimal places, pretty much fractions of cents if you could find someone or someplace that would offer it.",frankenmint,Bitcoin,1,1,0,2015-12,2015-12-05 10:51:56,"Can you buy partial bitcoins? I'm a little new to Bitcoins and was wondering if you could buy fractions of a bitcoin, because 1 bitcoin is over $300 and I don't exactly have that lol."
0,"amen nigga, let's hope the miners don't defect and start implementing a different way of prioritizing transactions in return for fiat",bitcoinquestions001,Bitcoin,0,0,0,2016-03,2016-03-30 06:54:42,"Fees are also removing the whole socialist notion of ""spam""."
1,Should have opened on 4/20,platinum_rhodium,Bitcoin,3,3,0,2016-04,2016-04-04 18:36:17,OpenBazaar open for business!
0,"yeah, I think a better option is a money order.",cpgilliard78,Bitcoin,1,1,0,2016-04,2016-04-18 13:19:08,We're back to 2010 style cash by mail again I guess.
0,"Well, convince all the miners and then/only then the raise will happen, it's as simple/difficult as that.",oakpacific,Bitcoin,1,1,0,2015-11,2015-11-04 11:46:17,The blocks are filled up. Transactions have to queue. What now?
1,Thanks for the deeply insightful reply convincing me that I am wrong and that the lightning network won't require significant changes in the user interface,tobixen,Bitcoin,3,3,0,2016-04,2016-04-11 05:44:40,"Sure. A new button here, a tweaked configuration option there, sensible defaults everywhere. UI changes are trivial."
0,Did you miss that the bitcoin network is decentralized?,SatoshisCat,Bitcoin,1,1,0,2016-01,2016-01-07 15:28:59,How about a world war 3 / nuclear war?
1,I'm sure he will really appreciate some comment brigading about the positives of internet money :D,KellyMPD,Bitcoin,1,1,0,2016-04,2016-04-20 19:52:46,This YouTube celebrity just posted a video about getting scammed by PayPal... (120k followers on how to make drones). Stop by and tell him about permission-less money.
1,"Maybe Bitcoin should be an open ledger, so no-one can hide",Introshine,Bitcoin,1,1,0,2016-01,2016-01-04 22:15:31,German Government Tracks Bitcoin Transactions To Prevent Terrorism Financing
1,"I hear ink is much less expensive than hashes these days, this may have merit.",snowkeld,Bitcoin,1,1,0,2016-01,2016-01-21 05:02:22,the printer always has more ink?
1,"Yeah, bigger blocks are a dumb move.",Anen-o-me,Bitcoin,2,2,0,2016-01,2016-01-21 19:46:46,I don't think there's enough space on this page to list how stupid it would be to switch to classic. As you are a Classic Promoter then I rather doubt there is any point in us telling you what you already know. Sorry but I think that most of the people here have enough sense to not be fooled by posters pushing to destroy bitcoin.
1,"Knowing how this works, I'll now get a flood of complaints for approving what some would consider this attempt to encourage brigading",frankenmint,Bitcoin,1,1,0,2016-01,2016-01-22 20:07:13,"Please do not respond to garbage of this level. It is saddening to see, just downvote it and move on."
1,"It's just virtual money, backed by nothing.",bitsteiner,Bitcoin,2,2,0,2015-11,2015-11-02 19:55:36,what a shame our rally had to add 50% to their sale price.
0,What other bullish news do we have recently?,sreaka,Bitcoin,2,2,0,2016-02,2016-02-29 16:42:08,fuck man. the bullish news doesn't stop!
1,"""its a bubble!""",umbawumpa,Bitcoin,9,9,0,2016-03,2016-03-14 10:07:55,Ledger is proudly hodling the Bitcoin balloon at CEBIT 2016
1,"Pssshhhh, next you'll claim there's a difference between crony capitalism and anarcho capitalism.",Explodicle,Bitcoin,0,0,0,2016-03,2016-03-17 19:23:33,from what I gather Sanders basically wants to turn USA into something similiar to the nordic countries.
1,...isn't this what we all are working for... keeping new programmers out of Bitcoin is actually good for Bitcoin.,gr8ful4,Bitcoin,-8,-8,0,2016-04,2016-04-15 15:03:45,"This is the most complicated Upgrade of Core I've ever seen and the release notes are very thin. I try to understand, what it does, and it seems it releases a cascade of softforks."
1,We better buy these RSK tokens asap to make the devs rich!,BitDeath,Bitcoin,0,0,0,2016-04,2016-04-17 16:06:53,Smart contracts are coming to Bitcoin via Rootstock and the private test-net is to be deployed THIS month!
0,"Nope, you are the idiot my friend..",BitDeath,Bitcoin,-6,-6,0,2016-04,2016-04-25 20:40:33,Idiots like you don't. All the rest of us recognise his experience and knowledge on the subject and very much appreciate his contributions and explanations.
0,@kraken_suspended ... Now what ... DID the Kraken investigation end?,tobixen,Bitcoin,1,1,0,2016-05,2016-05-01 13:05:03,"RemindMe! May 1st 2016 ""Did Kraken investigation end?"""
0,The best advertisement for UBER is the average cab driver.,__--___---,Bitcoin,1,1,0,2016-01,2016-01-09 13:05:11,It's like they're begging us to use Uber.
1,But you can't kill what's already dead.,effin_dead_again,Bitcoin,1,1,0,2016-01,2016-01-20 22:16:18,Dead again. Time to change the bitcoin logo !
1,Some men like to watch the blocks burn.,boonies4u,Bitcoin,1,1,0,2016-01,2016-01-24 02:33:16,Not really. I've been okay with how things are and have found the fee market exciting to see develop.
1,Great PR for Bitcoin to have this guy and Kanye using it,ivanraszl,Bitcoin,31,31,0,2016-02,2016-02-14 03:56:06,"Martin Shkreli just paid for Kanye's new album with ~38,000 BTC"
1,"Yeah, IBM have never done open source before...",blankchain,Bitcoin,2,2,0,2016-02,2016-02-17 02:19:51,If IBM opensourced that means whatever they were doing likely failed or the hardware is beyond the reach of an ordinary person. That's why picking through IBM code would suck
1,"Yeah, just ask about how it went in Chicago!",finecon,Bitcoin,5,5,0,2015-11,2015-11-19 22:25:17,That story you just told isn't actually what has happened in any of the countries that ban guns. They basically all see gun crime drop dramatically.
1,This minor utterance is proof that widespread adoption is coming soon.,kenfagerdotcom,Bitcoin,2,2,0,2015-11,2015-11-27 17:41:25,Also redditard culture to post about even the most mundane occurrences.
0,A prominent Nigerian prince emailed me a few years ago about a promising financial opportunity.,bitkarma,Bitcoin,1,1,0,2015-11,2015-11-30 01:28:06,"who is the most likely candidate for being ""Satoshi"" i know there have been many possible theories on who he/ or she might be..but who are some of the top candidates, what is the general consensus on who ""Satoshi"" is in your opinion"
0,"I would say 70% of the religious folks, off the top of my head Practically all abrahamic religions",cqm,Bitcoin,2,2,0,2015-07,2015-07-02 23:26:03,"Percentage of people in a religion like that: 0.000056% But yes, let's continue to talk about it"
0,Maybe someone will donate less on his driving and more on his parking...,1541drive,Bitcoin,7,7,0,2015-10,2015-10-10 20:00:00,So how would it work in practice? I have to follow you in order to donate?
0,"As I was no familiar with them until this moment, thank you though for changing that.",598X0T45,Bitcoin,3,3,0,2015-07,2015-07-03 17:39:07,Why not use lighthouse to fund voat development
0,If you want people to ridicule the field of economics for being regarded as a science then you should keep spewing that nonsense.,Yoghurt114,Bitcoin,3,3,0,2015-05,2015-05-13 01:28:17,"From the money velocity equation: P = V x T / N, where P is price (USD/BTC), V is volume of payments using the currency (USD/day), T is the aveage time between reuses of the same currency units (days),and N is the amount of currency in circulation (BTC). If bitcoin was used only as a currency, N woudl be 14 million. Plugging optimistic estimates into V and T gives less than 5 USD/BTC."
1,"* Area 178 m2 aka 1,916 ft2 * Population 4 (2007) TO THE MOON!",Introshine,Bitcoin,66,66,0,2015-12,2015-12-14 11:25:33,"A self-proclaimed micronation, a tiny island off the coast of Portugal, just made bitcoin it's national currency"
0,"as it is the software will dox you to any LE efforts, you have been warned",luckdragon69,Bitcoin,3,3,0,2015-07,2015-07-22 14:22:16,"They are not targeting them (wink wink nudge nudge). I hope the PR game works, but there is no way that the vendors on there wont be 99% drug dealers in the first months."
1,blame hr...its always their fault,frankenmint,Bitcoin,1,1,0,2015-12,2015-12-17 01:45:47,"This whole ""blockchain-shhh-not-bitcoin"" language is tiring. FFS."
0,"I understand, just thought it was funny :)",grnqrtr,Bitcoin,2,2,0,2015-09,2015-09-24 21:44:24,I just kept typing. I didn't know what to do.
0,Important != interesting,statoshi,Bitcoin,-1,-1,0,2015-10,2015-10-16 17:50:08,"The exchange rate is one of the most important aspects of bitcoin since its utility is dependent on it. Bitcoin with the current market cap is not nearly as useful as one with 1000 times as much. Not to mention the credibility it gives Bitcoin, one of the hardest challenges to overcome at this point that is not simply fixable with a technical solution."
0,"Who needs loans from a bank when we have a deflationary currency not based on debt, a market of P2P loans and extremely fluid crowd funding?",Sugar_Daddy_Peter,Bitcoin,2,2,0,2015-07,2015-07-25 10:50:47,True. You can't get a loan from Coinbase.
1,"Yeah, they're more like donators than investors, really.",haakon,Bitcoin,8,8,0,2015-09,2015-09-01 09:46:13,VC or companies investing money does not mean they control any of these companies.
0,At least 1 mil of early coins is considered lost.,xbcsmith,Bitcoin,4,4,0,2015-08,2015-08-07 20:14:20,"Today I realized there are some 460-500 people alive per bitcoin right now, and by the time the mining has finished there will be 524+ people on earth per bitcoin. 7.5 billion people alive now, 11 billion by 2100. Everything is rough estimate."
1,"No, there aren't any Bitcoin Improvement Proposal proposals for that.",grnqrtr,Bitcoin,2,2,0,2015-09,2015-09-29 08:19:49,Are there any BIP proposals that incentivize full node operation?
1,That's the spirit,sreaka,Bitcoin,0,0,0,2015-10,2015-10-08 15:37:41,Good thing we're nowhere near that point.
0,I love that people consider this a legit scenario... IN A WORLD...where people are constantly kidnapping others for their Bitcoins....,savemarkkarp,Bitcoin,1,1,0,2015-10,2015-10-12 05:25:37,"I would like to see a consumer grade wallet designed to make it impossible to be held hostage for your bitcoins. If bitcoins explode in value I believe some people, and governments will be desperate to grab whatever coins they can. Tourists might become vulnerable to kidnapping and ransoms. So I think an important technology to develop would be a wallet where in balances are impossible for thieves extract even with the private key. Im thinking an advanced function of CHECKLOCKTIME_VERIFY could do the trick. Are there other ways we could build this?"
1,Anyone who makes blanket statements doesn't know what there talking about,djstocks,Bitcoin,1,1,0,2015-10,2015-10-30 10:34:25,Not sure why you're getting downvoted.
0,"There is also a search bar to explore thoroughly discussed topics and find relevant answers, use it.",MooneRumblebelly,Bitcoin,1,1,0,2015-07,2015-07-16 21:09:39,"This is a forum for asking questions, deal with it."
1,"No no no, it's not racist if it's against white people",kksgandhi,Bitcoin,10,10,0,2015-07,2015-07-16 04:29:17,"Woah woah woah, cool it with the casual racism."
1,That's what they want you to think...,CODYQX4,Bitcoin,3,3,0,2015-07,2015-07-17 01:11:08,My trezor arrived in usa without getting opened Nice try nsa but you missed mine suckers
1,"""Hey look its a good thing that we limit how much you can spend your own money, look on the bright side at least you save 'your' money!""",privethello,Bitcoin,1,1,0,2015-07,2015-07-19 18:40:40,I really feel sorry for people from Greece...
0,This is true as long as blocksize limit remains small and fully validating node operation decentralized.,platonicgap,Bitcoin,-1,-1,0,2015-08,2015-08-04 03:08:54,"Same here, which is why it won't happen. The 21M BTC limit is etched in diamond. It's not going to change."
1,this has nothing to do with bitcoin!,sy5error,Bitcoin,4,4,0,2015-08,2015-08-04 23:38:44,Venezuelan Inflation Soars to 800%
1,KYC/AML?,Lite_Coin_Guy,Bitcoin,0,0,0,2015-08,2015-08-10 16:38:09,"Has anyone used the decentralized Bitcoin market called, ""Axis Mundi"" ?"
1,"Yes, because a centralized cryptocurrency touts so many benefits over incumbent financial networks...",thieflar,Bitcoin,3,3,0,2015-08,2015-08-17 19:40:22,"Pheesh, no dude. Really it's not going to do that. It will kill/obscure *Bitcoin* but give the status quo some time to make a crypto *they* control. And all the Bitcoin companies are bailing ship in NYC - exactly what *they* wanted: Monopoly."
1,"Naw man, the exchanges should just not allow anyone to sell and then the price would have to go up forever!",Zahoo,Bitcoin,4,4,0,2015-08,2015-08-19 02:12:08,You're an idiot. Don't trade if you don't understand how trading works. Do you really expect an exchange to not allow an order just because it doesn't fit your personal agenda? Jesus Christ.
1,"Yes, we should definitely do this every time there's a contentious debate over a critical issue.",TheBTC-G,Bitcoin,1,1,0,2015-08,2015-08-19 18:21:03,New dev team
1,"Right, it's not like every new Bitcoin Core version has commits from hundreds of different people.",MeniRosenfeld,Bitcoin,3,3,0,2015-08,2015-08-25 23:33:31,"Me for instance. I'm not part of the bitcion-core power structure, so none of my commits will get merged in. Thats how it works with pretty much all open source projects. You have to hang out on IRC, so to conventions, have drinks with the current dev team, before anyone will take your changes seriously. Thats why I'm writing my own implementation of bitcoin in python called moneywagon."
1,"Maybe Kyle's talking about the Hoover wagon (or ""Bennett buggy"" as we called it in Canada)?",Prom3th3an,Bitcoin,1,1,0,2015-08,2015-08-31 00:06:06,"The comment ""replacing the carriage with an automobile"" implies that the horse is pulling the automobile."
1,"False everyone knows that good news in the btc world make the price crash and bad news also make the price crash, therefore the price will plummet.",LiThiuMElectro,Bitcoin,-1,-1,0,2015-05,2015-05-20 16:36:48,All These Blockchain Technology Investments Will Also Raise The Price Of Bitcoin.
0,The only thing down this road is rabbits.,MyDixieWreck4BTC,Bitcoin,1,1,0,2015-12,2015-12-13 06:39:39,We must go deeper.
0,That Nathaniel Popper is so hot right now...,jmaller,Bitcoin,6,6,0,2015-05,2015-05-20 20:01:09,Silicon Valley banks on Bitcoin as a way to overtake Wall Street
0,"Congratulations, Airbitz team!",scotty321,Bitcoin,4,4,0,2015-07,2015-07-13 16:16:17,"AirBitz receives $450,000 seed investment from Block26"
0,a pending bitcoin ETF that's probably not gonna get approved,Chakra_Scientist,Bitcoin,3,3,0,2015-12,2015-12-25 17:09:26,"What is COIN ? One of the replies to a post I made said this ""COIN is going to make it easy for big institutions and average Joes to invest in bitcoin, even using retirement funds. Of course, GBTC already does this, but COIN is more direct and will get 1000 times the publicity."" Can someone tell me more about COIN. What is it? Who are they?"
0,Agreed,jonny1000,Bitcoin,1,1,0,2015-12,2015-12-30 22:25:33,"It is best to keep orphan risk low for several reasons, including the self-propagation advantage."
1,I think we've already established the fact you can't promote a change until its consensus.,jwBTC,Bitcoin,-2,-2,0,2015-12,2015-12-01 00:34:09,This just shows you have no idea how Bitcoin works. Bitcoin does not establish consensus about mempool. It's not a fork.
0,"That made me chuckle, switching to iPhone instead of an Android based device ;)",MaxSan,Bitcoin,1,1,0,2015-05,2015-05-04 15:17:15,"Be warned, I was a windows phone user for years (I love the phone so no hate intended) but I switched to Iphone because of a serious lack in Bitcoin apps. (I heard with Window 10 coming this will be dealt with (universal apps))."
1,Count me surprised.,Xekyo,Bitcoin,2,2,0,2015-07,2015-07-03 07:32:21,"It turns out the NSA was collecting voice calls, photos, passwords, documents, and much more (than only 'metadata')"
1,"Yeah, that's what I said.",Vibr8gKiwi,Bitcoin,2,2,0,2015-07,2015-07-23 00:41:13,And he doesn't have financial sense because he doesn't embrace bitcoin? Really?
0,"And the dominoes continue falling, is not so obvious by now where is all fiat debt heading?",Im_a_rocket_surgeon,Bitcoin,1,1,0,2015-08,2015-08-03 22:54:14,CNN: Puerto Rico just defaulted (First US Commonweath to default in history.)
1,Do you know how rare that fertilizer is?,chalbersma,Bitcoin,2,2,0,2015-08,2015-08-10 16:12:55,What about the pile of shit for $85?
1,Clearly someone will spend the thousands of dollars to permanently fill the blocks to 8mb the day its released.,AmIHigh,Bitcoin,3,3,0,2015-08,2015-08-27 20:30:08,Well it's a good thing we won't see 8mb blocks for a while. A max size does not mean every block will be that big.
1,It worked for the banks!,Essexal,Bitcoin,1,1,0,2015-05,2015-05-13 11:15:32,Regulating Bitcoin Legitimizes a Treacherous Business
1,"They still don't get it do they, oh well... keep building your amazing Intranet, CompuServe and Frontpages...I'm sure they're going to be amaaaaazing",o0splat0o,Bitcoin,3,3,0,2015-12,2015-12-07 10:04:01,"The Sydney Morning Herald: Banks swoop in on blockchain, global network should be operating within a year"
0,Entirely doable.,Anenome5,Bitcoin,1,1,0,2015-07,2015-07-27 01:05:29,"A very simple, but not ideal, solution is to simply have Bitcoin banks like Coinbase that handle the vast majority of transactions off chain. These banks would then settle between themselves with large batched bitcoin transactions."
0,So why fuck changetip?,tnethacker,Bitcoin,1,1,0,2015-12,2015-12-12 18:04:50,Woohoo! Go Bitcoin! To da moon. This is gentleman. Yay!
0,"Yes, Satoshi used ""bloody"" once in a forum post.",pdtmeiwn,Bitcoin,5,5,0,2015-12,2015-12-11 03:50:56,"And leaving aside the more complex theories, watch the bitcoin belle video in its entirety if you can stand it... Or jump to 31:55 for one example. Basically, he says ""Everyone continues to think too small"" about BTC in terms of viewing it as ""just"" a currency. The examples he then gives are basically document authentication by hashing onto the blockchain... Yeah, that is something no-one really thinks about, must be Satoshi! And the Turing complete thing that Szabo scoffs at but VaughPerling says could be achieved in a soft fork seems to just be parroting some recent posting by Jeff Garzik. And a minor point. The wired article has 5 quotes from Craig using the word ""bloody"" in emails. Has anyone ever seen that phrasing in any real SN emails? And PS, he calls bitcoin ""Bee Tee Cee""... FRAUD!"
0,"Layoffs have been bad in Canada, especially Western Canada, wherein major oil &amp; gas headquarters are located...",dresden_k,Bitcoin,1,1,0,2015-07,2015-07-23 09:40:56,I think the severe drop in oil prices might have something to do with it... ?
0,It literally looks like an author from The Onion wrote up a roadmap for a ponzi cryptocurrency scheme.,AstarJoe,Bitcoin,18,18,0,2015-07,2015-07-07 13:22:49,"Looks a lot like a digestive tract, which I guess is a very appropriate depiction of their roadmap."
1,So you did it in private?,gynoplasty,Bitcoin,3,3,0,2015-09,2015-09-09 03:08:20,I ended up giving the tip on his Google+ page
0,"Unless your a bitcoiner explicitly looking for it, then your chances of finding it are proportional to your determination.",MooneRumblebelly,Bitcoin,1,1,0,2015-07,2015-07-28 22:58:36,"They randomly decide which page to show. How the hell is that random decision going to correlate with the viewer? If you're a bitcoin user, you have the same exact chance of seeing either page. Think it through, please."
1,But its down 60% in the past year !,PhiMinD,Bitcoin,0,0,0,2015-07,2015-07-31 20:53:44,"Damn, only 582,000% ROI..."
1,Clearly were all node.,chinawat,Bitcoin,0,0,0,2015-08,2015-08-06 13:40:25,I am not node.
1,Oh sign me up!,jackmaninov,Bitcoin,2,2,0,2015-08,2015-08-11 14:27:00,What BitLicense application looks like. 2 months and $100k there.
1,"Jesus is coming back, its been 2000 years, but he'll be here any day now.",opticbit,Bitcoin,1,1,0,2015-08,2015-08-20 08:16:09,"I hate to break it to those who live in hope, but you will never hear from the 'real' Satoshi again unless he is somehow revealed (which I also think is unlikely). It was never his MO to continue his work as Satoshi in the bitcoin project once it was unleashed and gained momentum. Once he was gone, he was gone for good."
1,Put 500MB and you get the infinite perfect blockchain!,felipelalli,Bitcoin,0,0,0,2015-05,2015-05-08 05:27:16,Bingo. 1 MB is baby shoes. 20 MB is business shoes. 40 MB is rocket boots.
0,There is always value in speculation,lightswarm124,Bitcoin,1,1,0,2015-05,2015-05-12 18:33:53,Why is there value for NASDAQ in posting trades to the blockchain? The main novel feature that the blockchain provides is trustless accounting. Don't NASDAQ and their clients trust NASDAQ?
0,"When we were at $500 a few weeks ago I heard we'd be at $2000 by the end of the year, so probably best to HODL until then.",gulfbitcoin,Bitcoin,0,0,0,2015-12,2015-12-08 02:59:20,Should I sell now or are we looking at moon here or what
0,"well yeah, but people seem to be doing that and still getting banned?",Pawoot,Bitcoin,2,2,0,2015-12,2015-12-20 13:56:06,"Naah, it just seems that you should always withdraw the coins from coinbase to your own wallet before buying stuff."
0,oh to the moon then for sure,DatBuridansAss,Bitcoin,1,1,0,2015-10,2015-10-30 05:36:05,They are now allowing 2 kids. Maybe it's time for Bitcoin now ?
0,:),BlockchainMan,Bitcoin,0,0,0,2015-12,2015-12-22 22:36:19,Thank Satoshi that Mt. Gox stored its coins on the block chain!
0,CLTV is technically possible outside P2SH but sending to a version 1 address is safe.,veqtrus,Bitcoin,3,3,0,2015-12,2015-12-08 13:55:23,"Just to clarify, OP_HODL is only possible in P2SH transactions, or? There is no risk that I get a locked output to an 1abcd... address without noticing it?"
0,Competition has begun.,lacksfish,Bitcoin,2,2,0,2015-05,2015-05-05 13:30:26,callwithus accept bitcoin
1,"""His house""",Pawoot,Bitcoin,1,1,0,2015-12,2015-12-09 09:37:44,"If he were, I doubt the AFP would have raided his house like they did."
0,It doesn't help that most contributors actually do not care at all about the interface.,MoDuReddit,Bitcoin,4,4,0,2015-12,2015-12-16 13:29:02,"Patches are welcome, these are things that we all know, we all complain but nobody sends patches. Less complaining and more coding. Most core coders are figuring out way more important problems to keep the system running and scaling so the whole Bitcoin experiment won't collapse, sadly they're not the best at UI design/experience and they require help. Most UI/UX coders nowadays are web developers and when they take a look at a C/C++ project with a Qt based user interface they shit their pants and forget about all these things."
0,"Still possible, but it reduces the probability, especially when they advertise it in their ads: no cash, bitcoin only.",bitsteiner,Bitcoin,2,2,0,2015-07,2015-07-09 04:50:56,Well they could still be threatened at gunpoint unfortunately. But it's much safer than cash at least.
1,Oooh what a total lying bastard.,ForkiusMaximus,Bitcoin,2,2,0,2015-12,2015-12-28 11:39:01,"Liar and fraudster. I looked up his claims about how ""tulips keep the grass down around castles"" and there was zero evidence of it. What an odd thing to lie about."
1,No it started when they censored dogecoin.,xygo,Bitcoin,57,57,0,2015-09,2015-09-04 12:10:42,It's been going downhill ever since they started censoring Ethereum.
0,"I don't know what onename is; what does this mean for name-coin, if anything?",electrodude102,Bitcoin,3,3,0,2015-09,2015-09-12 20:27:55,Onename moving from namecoin to bitcoin blockchian
0,This appears to be a US problem.,cipher_gnome,Bitcoin,1,1,0,2015-09,2015-09-21 12:41:30,"So when are you, the Bitcoin community, going to wake up to the fact that you are under attack? You are. Four kinds of classifications designed to extract the maximum amount of money from Bitcoin holders in the United States. Numerous taxes and that's just in the English-speaking world. Australian banks sabotaging Bitcoin businesses. Plenty people involved with Bitcoin in prison or paroled (prison without the bars). When will you understand that groveling to the establishment for acceptance and approval of your severely-anti-establishment (and highly liberating) software project is only going to encourage the establishment to further kick you in the teeth? Sorry to bother you with the question. It's just a question that I've been asking yearly in various forms, simply to gauge how many of you have finally understood why Bitcoin was invented, and when you decided to leave the shackles (of your mind) behind."
0,In your wallet.,cipher_gnome,Bitcoin,1,1,0,2015-05,2015-05-12 16:38:21,Where do you watch transactions coming in? I've been staring at Blockchain today
0,"It might be promising but I find irritating how they feel the need to keep saying how they are 'ahead of bitcoin', often with nonsense argument like 'four times faster than bitcoin.'",Big_Brother_is_here,Bitcoin,2,2,0,2015-07,2015-07-28 01:32:10,Take a look at XDN (digitalnote.org). Encrypted messaging built into the Blockchain. Messaging is part of the gui wallet.
1,"Yeah, because telling a payment processor that you are a money transmitter makes things easier.",BitcoinBostonian,Bitcoin,1,1,0,2015-10,2015-10-03 19:01:52,They accept bitcoin as a payment method and it would seem odd for them to not want to deal with bitcoin companies. You might have written your company's description in a way that makes it seem like a money transmitter.
1,"Sure, send those coins directly to the iTunes store.",lacksfish,Bitcoin,1,1,0,2015-10,2015-10-04 23:15:40,That's not a bitcoin transaction. Use bitcoin to buy directly from vendors accepting bitcoin.
0,This is actually good news.,BrainDamageLDN,Bitcoin,15,15,0,2015-10,2015-10-29 21:51:24,"um, did anyone else see that Illuminati eye on the economist article image?"
1,I guess there's *no such thing as black-hat anymore*...,luke-jr,Bitcoin,4,4,0,2015-10,2015-10-15 21:37:53,"The rules of bitcoin are what the protocol allows, he was only doing valid blockchain functions. If they weren't to be done they shouldn't have been allowed by the protocol."
0,Well then sign me up!,Bipolarruledout,Bitcoin,2,2,0,2015-07,2015-07-12 08:46:23,"Finally, there is a hotel on Danube accepting bitcoins, although you risk imprisonment when you try to check in."
0,no,hellyeahent,Bitcoin,2,2,0,2015-07,2015-07-07 13:44:24,How about Mycelium for Litecoin? :)
1,Let's all donate for a new design,YannisCH,Bitcoin,4,4,0,2015-07,2015-07-12 15:14:12,The design of r bitcoin is still the same... oh... we need a new design..
1,Next time try not being a secret financial terrorist.,Thorbinator,Bitcoin,1,1,0,2015-07,2015-07-24 09:22:05,"At least they let you keep your account. :) When they cancelled my last transaction they closed my account to boot. Spent a week or more trying to get a reason, but they never told me and started to just stealth close my tickets rather than respond. I'd had the account around a year, was verified out the wazoo, and did frequent trades with them solely for my personal portfolio."
1,"Pretty weird that this thread isn't banned yet, seeing as how XT is an altcoin and is off topic.",DerbleDoo,Bitcoin,27,27,0,2015-08,2015-08-17 10:23:36,Today I reread the whitepaper: The XT manifesto might not be that consistent with Satoshi's original vision
1,"Supporting those who peddle in conspiracy theories is good for bitcoin, just like all the darknet markets.",kenfagerdotcom,Bitcoin,1,1,0,2015-08,2015-08-31 20:54:05,"well all know that, but at least he's showing the Bitcoin logo to all his followers."
1,They're going to do a voodoo dance and pray to the cyber-gods to make the blockchain ignore addresses that have a French smell to them.,Riiume,Bitcoin,10,10,0,2015-05,2015-05-05 18:59:06,"France Restricts the Movement of Gold, Cash, &amp; Crypto-Currencies"
1,"Those are some compelling pieces of ""evidence""",Yoghurt114,Bitcoin,5,5,0,2015-05,2015-05-15 20:19:08,Here we go again... The New York Times thinks it's identified Satoshi
0,They're just pissed they've been scooped on the latest Satoshi doxxing.,fiat_sux4,Bitcoin,3,3,0,2015-12,2015-12-09 15:33:53,"Newsweek on Bitcoin: ""Did you mean bitch?"""
0,I think OP would have accounted for that simple error.,barack_ibama,Bitcoin,9,9,0,2015-12,2015-12-10 05:35:38,That's because you can't see multiple colors on the same pixel.
0,Tell that to twitter Google Facebook bounties,BatChainer,Bitcoin,2,2,0,2015-12,2015-12-20 20:22:29,"Yeah man, sorry to bum you out, but $5k is a pretty good bounty. Bug bounty programs don't pay out anything close to a proportional value. Bug bounty programs are meant for people who want to establish careers as professional security researchers (or people who just want the badge of honor on their resumes). Bounties are not meant to make you a gazillionaire. The companies that operate bounty programs are purposefully attempting to avoid initiating a bidding war between themselves and black market buyers. You can probably tell there are Pretty Good Business Reasons to want to avoid that. Combined with the risk of selling exploits on the black market, which includes jail time, most companies believe a bug bounty program is enough to incentivize good actors to help them out. If you want to become a gazillionaire from a handful of exploits, you'll either have to exploit them yourself or sell them on the black market. If these companies were smart, they'd have their ""official"" bounty programs and unofficial black market buyers. This addresses both issues; it lets people who are trying to advance their careers do so and improve security at minimal cost to the company, and it also makes it so that people who are looking primarily for the payday don't end up causing substantive damage by selling to a malicious third party."
0,They can always rause the spread or bank fees and make people pay for their bad luck,descartablet,Bitcoin,3,3,0,2015-05,2015-05-20 17:26:45,"These fines are big to the average Joe but when the money comes for free from the top, they amount to no fine at all or at worst a cost of doing business. The USD is a bit too easy to be used as a punitive measure. A fine in bitcoin however..."
0,no price rally with 1 MB blocks.,Lite_Coin_Guy,Bitcoin,4,4,0,2015-10,2015-10-17 06:00:20,Sinking Deeper Into the Red Zone: Historical Chart of Average Blocksize and Network-Imposed Blocksize Limits
0,"Shouldn't it be ""Transaction""",djangocoin,Bitcoin,2,2,0,2015-08,2015-08-09 10:46:34,Bitcoin as Layer 8 of the OSI Model -- Inspired by author and economist George Gilder
1,I heard Donald Trump will 'make Bitcoin great again'.,mkabatek,Bitcoin,1,1,0,2015-12,2015-12-17 11:50:04,There's a lot of great papers out there that would be absolutely amazing to have in code... but as long as it only exists as an idea it will not gain any traction. Whitepaper AND code is what made Bitcoin great. Both on their own are not very useful at all.
1,"Yeah, it is not like we have ever printed 3.5 trillion in a few months before",Pawoot,Bitcoin,2,2,0,2015-12,2015-12-21 12:55:01,If they print the dollar will lose credibility for sure 3.5 trillions is not trivial for sure especially if China convert that to Gold just after.
1,Great reasoning!,derpUnion,Bitcoin,1,1,0,2015-12,2015-12-29 16:22:52,"I have never met u/derpUnion, but I would say that the advice he just gave is some of the dumbest I've seen in a long time. It betrays a huge misunderstanding about what we're doing here."
0,nobody believes you,intentional_feeding,Bitcoin,-2,-2,0,2015-09,2015-09-04 20:02:32,"I've been posting here for the last two years. The angry mobs have demanded ""trolls"" be banned, price talk be banned, bubble talk be banned, dogecoin be banned, totes_meta_bot be banned, ethereum be banned, litecoin be banned, and on and on and on and on. It is mildly amusing to watch people get upset now that something they like got banned. I can't say I didn't warn you. Reap the whirlwind."
0,"protip: Calling someone out as a troll brings more scrutiny to you first, so keep that in mind; john q blockchain.",frankenmint,Bitcoin,-15,-15,0,2015-10,2015-10-13 23:56:25,"Rule Number 1: If you say anything negative about the mod teams income source, Blockstream, you are a troll."
1,you got to use,2radioactive4u,Bitcoin,3,3,0,2015-09,2015-09-17 03:03:28,I don't think you know how sarcasm works.
0,It *is* very pretty...,erkzewbc,Bitcoin,12,12,0,2015-09,2015-09-24 07:57:05,The article points out that there are cheaper wallets... Why is this one so special?
1,But *this year* is the year for Linux on the desktop!,Yorn2,Bitcoin,0,0,0,2015-10,2015-10-21 20:52:43,"No, I don't remember that. Since many corporations were using Unix/GNU, it's not a huge leap to think they would use Linux/GNU, where they can buy x86 servers off the shelf for dirt cheap instead of Sun machines costing many thousands. I do remember the Linux on the desktop movement, which never achieved anything approaching widespread traction."
0,"He's also banned terrorism, but enforcement is proving difficult.",alarm_test,Bitcoin,79,79,0,2015-07,2015-07-02 10:20:29,We will ban encryption!
1,Thank god there are regulators to help the market from grinding to a halt..,paavokoya,Bitcoin,1,1,0,2015-07,2015-07-08 07:15:48,"China Trade Halts Locks Up $2.2 Trillion of Shares, Freezing Market"
1,You must have stumbled across a drug deal!,statoshi,Bitcoin,9,9,0,2015-07,2015-07-17 01:59:45,I overheard someone describing Bitcoin's timestamping algorithm in a parking lot 30 minutes ago. That is all.
0,"Whatever you want since to calculate it you have to completely make up T, V, and U.",chinnybob,Bitcoin,1,1,0,2015-07,2015-07-20 11:53:40,"What is the fair value of bitcoin now, according to your framework?"
1,...and then sell their data mining to the highest bidder.,targetpro,Bitcoin,1,1,0,2015-07,2015-07-24 07:34:07,Analytics Service Challenger Deep Aims to Be 'Gold Standard' of Bitcoin Data
1,Make sure to report it to IRS.,platinum_rhodium,Bitcoin,4,4,0,2015-07,2015-07-28 09:19:24,Offered a Craigslist Auto Seller a BTC deal...he accepted
1,Downvote for forgetting the,lf11,Bitcoin,2,2,0,2015-07,2015-07-28 10:36:59,I send via Western Union bank to bank for free across the world. Last time I did this I got an email 30 minutes later telling me the money had arrived already. Not sure how it was that fast but it was. Bitcoin would have taken twice as long and he'd still have an asset class that he needed to exchange.
1,"I'm going to leave this world and start living on the moon, if they take my rights for Notepad away",Introshine,Bitcoin,2,2,0,2015-08,2015-08-13 13:16:52,"No, that is not the right approach. I would like to propose the NoteLicenceTM. Everyone who uses any kind of notepad obviously needs KYC/AML regulations on it. Fingerprints, $5000 fee, it also has to fill out the 50 page long application form... wait what? How is it supposed to fill out when at this point it is not allowed to use any kind of technology like this? Oh, I think you guys get the point ;)"
1,That's totally not aml/kyc compliant.,cpgilliard78,Bitcoin,2,2,0,2015-08,2015-08-26 01:06:47,"I'm guessing $10,000 is too much to ask."
1,"gubmint bad, protest against gubmint good!",dcfrenchstudent,Bitcoin,-1,-1,0,2015-08,2015-08-27 12:39:42,Jesus do you even know what's going on and why this has been done? Almost everyone here including those in the affected areas are in support of this. And its only cellular Internet. Wired connections and non public WiFi is fine.
1,Bitcoinist doing clickbait...that's unusual.,Spartan_174849,Bitcoin,1,1,0,2015-08,2015-08-30 04:59:38,American Teen Sentenced to 11 Years for Helping ISIS with Bitcoin
0,"Most centralized payment services are more convenient than anything Bitcoin has to offer, but the point of Bitcoin is that it gives you full control of your money, and the Swedish at some point will value that control over convenience.",sreaka,Bitcoin,2,2,0,2015-12,2015-12-26 21:56:35,"I live in Sweden. The latest thing here is Swish, a mobile payments app that really embodies a lot of the obvious benefits of Bitcoin. Unfortunately it's a centralized service provided by banks. But it's really taken off and makes monetary transactions as easy as sending a text message. Both for commerce and splitting bar tabs :) For the above reasons I believe Sweden will never adopt Bitcoin en masse, at least not before the ecosystem grows large enough to provide benefits uncovered by the legacy banking system and their more novel digital experiments."
0,"After all the shade thrown at private ledgers, here we are, with a de facto private ledger.",BlockchainOfFools,Bitcoin,2,2,0,2015-12,2015-12-06 18:48:05,Photo: On Scaling Bitcoin stage: People representing approximately 90% of the Bitcoin hashing power.
0,I still hate these shits.,Essexal,Bitcoin,2,2,0,2015-07,2015-07-02 08:40:34,"Barclays talks blockchain, bitcoin and distributed ledgers | International Business Times"
1,Ya that volume is sure legit,doctorrecommendedmus,Bitcoin,1,1,0,2015-12,2015-12-12 03:08:20,Bitcoin Price Rockets To One-Year High on Record Volumes
0,"Oh hell no, it is open source, so it allowed security researchers to audit it I wish nobody had any impressions that open source equals secure",DaSpawn,Bitcoin,5,5,0,2015-07,2015-07-14 14:23:33,"I'm sorry, did you say that open-source implies than the code has been audited? And therefore safe? Heartbleed."
1,So let's do whatever we can to help China and Russia and the Taliban and Daesh and Iran.,Traveledfarwestward,Bitcoin,-1,-1,0,2015-12,2015-12-23 23:29:26,"I mean I see your point, but Snowden likely didn't have the opportunity to go after them, he didn't have access to China's secrets, he had access to the NSA's secrets. And while not everything in the breach should've been leaked, we definitely needed to know about the NSA's excessive information gathering."
1,"Well, cryptocurrency is firmly rooted in the belief that individuals are better than the masses.",JustStrength,Bitcoin,1,1,0,2015-12,2015-12-28 20:37:37,Manipulation of the debate by mods who do not want to tolerate dissent.
1,"Yeah, that's why this sub keeps shrinking",Sovereign_Curtis,Bitcoin,0,0,0,2015-09,2015-09-01 12:54:58,Not many people left who actually want to use Bitcoin.
1,12M wallets,djangocoin,Bitcoin,1,1,0,2015-09,2015-09-11 17:47:37,There might be 12 M bitcoin users according to Wences... How is it determined? I read this on the live blog of the Consensus2015 conference in NewYork...
0,Yes,CanaryInTheMine,Bitcoin,0,0,0,2015-10,2015-10-30 10:33:15,Will Satoshi ever win a noble prize in economics?
0,15 minutes,Fuzzypickles69,Bitcoin,4,4,0,2015-10,2015-10-08 13:15:05,20 minites
0,Is this what the btc-e troll box looks like?,davotoula,Bitcoin,2,2,0,2015-10,2015-10-29 08:59:25,Bitcoin just hit 2000 yuan
1,Mike Hearn must have gotten a job recently at Bitpay,Chakra_Scientist,Bitcoin,1,1,0,2015-09,2015-09-26 04:23:21,BitPay is blacklisting certain bitcoins &amp; rejecting customers. I'm certain others are doing it too. Fungibility is most pressing issue IMO
1,They should know it only happened if the government says it happened.,deexeu,Bitcoin,-1,-1,0,2015-09,2015-09-29 18:06:09,"This is getting a bit silly. Just because someone posts a long, bizarre story on a weed forum, it happened?"
1,"On the bright side, this introduces people to bitcoin!",oxxxx,Bitcoin,0,0,0,2015-10,2015-10-07 20:38:37,Looks like Ashley Madison Bitcoin extortion efforts are working
1,Got a problem with decentralized peer to peer moderation?,theskepticalheretic,Bitcoin,1,1,0,2015-10,2015-10-14 17:51:55,"Haha, you mean the ones with the most sockpuppets decide?"
1,Fraud would never happen,majorpaynei86,Bitcoin,1,1,0,2015-10,2015-10-28 21:10:50,DocuSign &amp; Visa's Smart Contracts &amp; Payments Prototype using the Bitcoin Blockchain
1,"Lol, stop trolling this wonderful community",kashivretwo,Bitcoin,0,0,0,2015-07,2015-07-30 20:53:09,"But, Ethereum is Bitcoin 2.0?"
1,"Yep, and I'm sure banks hold gold because they are interested in it's industrial uses.",cpgilliard78,Bitcoin,5,5,0,2015-07,2015-07-31 19:55:03,"Why would he talk about bitcoin? That's exactly the part of cryptocurrency the bank is uninterested in. It's all the rest, mainly blockchain technology the banks need to invest in (read: could try and corrupt) if they want to ride this cryptocurrency wave."
1,Geee what useless technology,CP70,Bitcoin,-4,-4,0,2015-05,2015-05-09 20:09:33,Tim Draper explains how blockchain technology will radically change venture capital.
0,If the amount is larger than $10000 it could take more than 7 days.. It could even be a manual process in the bank...,is4k,Bitcoin,1,1,0,2015-08,2015-08-31 20:14:57,"To Pluto and back, 7 times and STILL no 'wire' transfer! I get paid by wire transfer. Still no deposit on my end, although I received notification the process started more than 3 days ago. In that time, light could travel from Pluto and back, more than 7 times! We need to start referring to bank 'wire' transfers 'truck' transfers, but even that wouldn't be correct, because a truck would have got here 24 hrs ago and I am 2,600 miles from the origin. Ugh. Vent switch off now."
0,"It's killer app is exactly what Satoshi said it was, ""Digital cash"".",btcdrak,Bitcoin,3,3,0,2015-12,2015-12-12 03:19:54,"Contrary to conventional wisdom, Bitcoin already has its killer application: store of value Bitcoin's censorship resistance offers up a usually overlooked advantage to all other currencies in existence: additional units cannot be arbitrarily created. 99% of everyone out there overlooks this benefit. Early in Bitcoin's history (first decade), its use case is not: * buying stuff * money transmission * smart contracts * remittance * tracking asset titles * programmability Rather, it's simple: it cannot be arbitrarily debased. Yes, it's volatile, but over the long term, it's volatile in the same direction--up. That's not to say that those other use cases won't exist. They will, sooner or later. But the *first* thing that needs to happen is a massive base of liquidity on the order of $100 billion to $1 trillion minimum. Only then can it become broad enough that transmitting $1 million of it from one place to another will barely move the price. I can't wait till the price is over $10,000/BTC and the pundits scream in puzzlement at how it's all a bubble since it lacks a killer app and ""you can't eat Bitcoin""."
1,"Thanks to Mike Hearn, we now have segregated witness!",peeping_tim,Bitcoin,1,1,0,2015-12,2015-12-09 22:26:53,"The creation of this feature has nothing to do with XT, the fork, etc... It was already being worked on and investigated long before the squabbling."
0,I wonder how many in this sub who ARE invested in Bitcoin don't really understand the investment.,gulfbitcoin,Bitcoin,23,23,0,2015-10,2015-10-11 22:46:40,"I am sure every one in this thread is going to pretend this means he couldn't figure out wallet software or something and just brush this off as ""lol, computer dummy"". Instead of what a real investor would really mean: How does this INVESTMENT work. Where does the profit come from? Why invest in this thing instead of other things? What is the structure of the investment. Bitcoin in and of itself doesn't generate any revenue."
1,"This is already ""priced in""",czr5014,Bitcoin,8,8,0,2015-12,2015-12-13 03:50:48,oh shit. I better panic buy now.
1,I forgot my,jimmydorry,Bitcoin,1,1,0,2015-12,2015-12-15 02:40:16,"strong consensus is not 'nearly unanimous consensus' and for this particular issue, i'd expect nearly unanimous consensus."
0,Well congratulations mahfuckah,paulmadore,Bitcoin,12,12,0,2015-09,2015-09-20 06:22:21,It was me Approximately 6.5x365x265 bitcoin days destroyed
0,and growing!,superm8n,Bitcoin,3,3,0,2015-07,2015-07-16 04:43:35,Still less than 1%
1,Because publicity is bad!,jcnike,Bitcoin,1,1,0,2015-12,2015-12-21 23:06:57,As much as I would like a rally... if FT starts pumping Bitcoin that might be the moment to sell..
0,In reality might be a lot less actually since as you say we can't know the intentions of the sellers and they might move up their orders once a rally to 300 starts...,pitchbend,Bitcoin,1,1,0,2015-09,2015-09-07 17:15:33,In reality a lot more because all sellers are not advertising their intentions by posting them in the orderbooks.
0,I don't think so.,zapdrive,Bitcoin,1,1,0,2015-05,2015-05-06 04:59:24,Any products we can buy with bitcoin? Saffron? Or IT services for bitcoin? Etc?
0,"that's actually exactly what they did... from ars: ""was little more than the combination of a Raspberry Pi computer and a $125 900 MHz bridge from a company called Ubiquiti Networks""",redditHi,Bitcoin,7,7,0,2015-07,2015-07-14 04:49:56,How about a $50 DIY wifi. Raspbery Pi + wifi dongle.
1,They should make a contention policy asap,bitsko,Bitcoin,2,2,0,2015-09,2015-09-19 15:14:45,They should open it up to the bitcoin community to edit
1,"You are right, Argentina is doing great",rdymac,Bitcoin,1,1,0,2015-09,2015-09-24 08:27:31,"If socialism is causing Venezuela's woes, why aren't the 10 most socialist countries in worse shape? Perhaps the answer isn't just 'socialism'."
1,"Until RT reports it, it can't be true.",AstarJoe,Bitcoin,3,3,0,2015-10,2015-10-26 16:01:36,Russian authorities propose 4 years jail time sentence for trading bitcoins
1,"Yeah, you try four decades of hookers and blow and we'll see how quick you are then.",hack_jealousy,Bitcoin,2,2,0,2015-07,2015-07-11 14:14:40,"Thanks, Operation Choke Point! Thank god the people in charge of the prevailing corrupt system are so dumb."
1,[REDACTED],bitbybitbybitcoin,Bitcoin,2,2,0,2015-08,2015-08-19 06:54:56,move on to what?
1,"Coz we're cutting edge bitcoiners, not marketers",minastirith1,Bitcoin,1,1,0,2015-08,2015-08-21 00:54:32,Why not just give $25 to both parties? That would likely bring in a ton of new users.
1,"Who the fuck needs bigger blocks, right?",BlockchainMan,Bitcoin,4,4,0,2015-12,2015-12-04 13:32:31,The One Chart that Tells the True Story of Bitcoin this Year
0,"the documentary was pretty good, they interviewed different people, some of them were actually not in favor of bitcoin and had reasonable arguments against them (although I don't agree with them).",zimmah,Bitcoin,1,1,0,2015-11,2015-11-01 21:45:39,"Looks a nice doc, i hope it's not to cirkle-jerky. The director's short interview is already online, looks like he did his research, but does own bitcoins. Maybe he should put a disclaimer on the docu."
1,Any reason why I shouldn't sell all my BTC and pick up GBTC at $60 per coin?,Cygnus_X,Bitcoin,1,1,0,2015-12,2015-12-09 17:40:32,"SO uhm, massive *massive* arbitrage?"
0,"So what, we stifle innovation to cater to ""investments""",sreaka,Bitcoin,1,1,0,2015-12,2015-12-28 00:26:10,Unfortunately China has a significant investment in Bitcoin and mining.
0,"As the others are saying, this isn't really much of a drop.",Bitcoinopoly,Bitcoin,1,1,0,2015-10,2015-10-31 14:18:07,"After celebrating the new highs, what's the deal with the recent sharp drop?"
0,"It's almost like Steve Martin in The Jerk, finding his name in the phone book for the first time.",rowdy_beaver,Bitcoin,1,1,0,2015-09,2015-09-02 14:09:40,Oxford Dictionaries adds definition for blockchain
0,"Thank you for your concern, I will be careful.",bitcoinchurch,Bitcoin,1,1,0,2015-09,2015-09-09 18:17:18,save this thread for later when you will remember my words: Coinbase is a bank and will seize your coins in any moment.
0,By 2035 99.5% of all Bitcoins will have been mined.,stoicbn,Bitcoin,3,3,0,2015-08,2015-08-03 22:28:38,2135
0,(Oui),3even,Bitcoin,1,1,0,2015-09,2015-09-17 01:27:03,Should I do more? (Yes) or (No)
1,But supply has to grow with the economy!,DIGITAL-not-Virtual,Bitcoin,2,2,0,2015-10,2015-10-08 04:39:05,"The real satire is a currency of with unbounded supply being considered valuable. I mean, wtf people....seriously!?"
1,I thought exchanges didn't have to pay tax?,gulfbitcoin,Bitcoin,1,1,0,2015-07,2015-07-14 03:13:35,New Jersey Lawmakers Propose Tax Breaks for Bitcoin Exchanges
1,i thought all of his pieces were satirical...,zjat,Bitcoin,5,5,0,2015-07,2015-07-16 09:03:37,"That came from a satyrical piece he wrote. Which means, the statement was not to be taken seriously. I think we need a bot for every time this is posted."
0,"You shouldn't compare bitcoin's market cap to a country's GDP, rather a country's total assets.",incorrectlyapplied,Bitcoin,1,1,0,2015-08,2015-08-06 11:40:41,"Tajikstan's national annual GDP is $17B, you do understand that value would be at least the minimum market cap of the Somoni, right? Or do you want to share a source that puts the Somoni's market cap below 4B?"
1,It never happened...,Sherlockcoin,Bitcoin,-3,-3,0,2015-08,2015-08-26 15:24:00,Wikimedia quietly removes Bitcoin donations from page as well as edit history.
0,Storj was before ChainDB,intellecks,Bitcoin,1,1,0,2015-05,2015-05-20 17:27:02,is this in response to ChainDB?
1,Once there's finally a way to invest in the technology behind Bitcoin.,Throwahoymatie,Bitcoin,4,4,0,2015-05,2015-05-12 01:28:55,How long till it's in the ticker line next to oil and the euro?
0,Can we get a BIP to change the spelling of his name?,sreaka,Bitcoin,2,2,0,2016-01,2016-01-01 02:56:46,"Meanwhile, back at the ranch Pieter Wuille is putting the final touches to the Segregated Witness test network."
1,"Nah just wait a couple years till Goldman and BoA roll out their private blockchains, then we'll see who's king.",solled,Bitcoin,1,1,0,2015-12,2015-12-10 23:56:14,Holy shit! This might be the first domino!
0,Maybe you can find a really good RSS feed.,peeping_tim,Bitcoin,0,0,0,2015-12,2015-12-14 13:05:44,Is there a site with all the best bitcoin headlines in one place? I really liked the 'Trust Machine' article from the economist. Whats the best of the rest?
1,Sure would be nice if there was some way to make this comment stand out,gulfbitcoin,Bitcoin,0,0,0,2015-12,2015-12-19 06:48:08,One of our main communty volunteers kerneloops quit for personal reasons recently and decided to delete all his related accounts. We were able to recover stuff on ltb but the youtube stuff was all him. :/
1,"Yes, centralize all things!",xbcsmith,Bitcoin,1,1,0,2015-09,2015-09-26 09:17:11,"Bitcoin Price Stability Here are some thoughts on solving an issue with price stability which could in turn have benefits in getting more people interested in Bitcoin. The problem as I see it is that Bitcoins price is being controlled by a handful of exchanges that lack sufficient liquidity to provide price stability by themselves. What Bitcoins needs is a way to pool liquidity of all the exchanges so that Bitcoin is being traded on any given day within the same pool like the Forex market. The fact we can still have an episode where a rogue exchange like we saw with MtGox run Bitcoins price up or down on nothing but hot air is an issue that needs addressing. We have wash trading going on in China, we have spreads that go as wide as a full $10, think the Btc-e vs Bitfinex spreads we have margin cascades that run havoc with price we have thin liquidity to an extent that a person using very little funds and margin at their disposal can do as they please. Because liquidity is so thin on these independent exchanges the price is being moved around more like a penny stock pump and dump than a currency or commodity. I realize there will be episodes like in any currency or commodity where you see strong price movements but this will be done so in a way that is not exchange independent. There simply isn't enough liquidity at the moment for loosely regulated independent exchanges who offer margin products to dictate the price of Bitcoin. Trading Bitcoin day in day out can be a total snooze fest, I wouldn't see this as a problem if we pooled liquidity. Personally I can't believe the miners and the exchanges have not gotten together to address this problem which would not only benefit the Bitcoin ecosystem by attracting more users to Bitcoin by way of price stability and legitimacy. What I'm calling for is the centralized processing of orders so that price is being traded from the same page and not independently. I read a lot about the price of Bitcoin about how to get more people to use it and how to stabilize Bitcoins price which seems to be one of the biggest hindrances for people considering adopting Bitcoin. The price of Bitcoin is in the hands of fully independent thinly liquid exchanges offering margin products, well this for me is a serious issue that if solved will get a lot more people on board."
1,I hope he doesn't get two years in the gulag just for making that video.,Bitcoinopoly,Bitcoin,2,2,0,2015-09,2015-09-26 20:19:39,Famous Russian blogger Ruslan Usachev talks about Bitcoin English subtitles
1,"Because rape is fun, right?",street_fight4r,Bitcoin,5,5,0,2015-08,2015-08-03 23:52:12,NEO + BEE 1
1,But he totally didn't do that!,aluben_x,Bitcoin,5,5,0,2015-10,2015-10-21 00:16:50,And hiring people to murder.
1,forgot the,_Jorj_X_McKie_,Bitcoin,1,1,0,2015-10,2015-10-28 18:01:38,Did you see Western Unions new Bitcoin Campaign? :)
0,The point is that you might lose more if bitcoin never gets popular,descartablet,Bitcoin,1,1,0,2015-05,2015-05-23 14:19:29,"Variance is independent of expected value in this case, and a minor difference in expected value can make a huge difference when there is thin margins. Discounting it as noise shows exactly why Gavin should not be leading this charge so heavily."
0,Circular logic is circular.,targetpro,Bitcoin,58,58,0,2015-08,2015-08-17 02:09:45,How can something already have 90% consensus if it hasn't been proposed and discussed? Does he want something to get 90% consensus magically?
0,The more correct term would be a Bitcoin vending machine as it only allows you to purchase bitcoins with cash and not also sell bitcoins for cash.,bitcoinfuckyea,Bitcoin,7,7,0,2015-07,2015-07-11 15:24:09,"Is this really an ATM? I mean, does it do 2way transactions?"
1,Can't we all just agree that tonal bitcoins is the way forward?,tophernator,Bitcoin,4,4,0,2015-07,2015-07-12 19:54:34,"Actually, there are one million bits in one bitcoin, so one million dollars per would equal one dollar per bit. If you wanted satoshi/dollar parity a single bitcoin would have to be worth $100million."
0,ah :) Thank you for the explanation!,YannisCH,Bitcoin,1,1,0,2015-07,2015-07-17 04:40:17,"Merge mining already exists .... NameCoin is the prime example. The main difference to what you sort of suggest is that there is effectively a floating exchange rate rather than some tied mechanism. My own view is that NameCoin is a vastly underused resource. It is already: * very established on the various exchange systems * designed as a key/data storage system which is the basis of almost all Bitcoin 2.0 requirements. * protected by a good percentage of the Bitcoin hash power * very short of developer resources, so a interested player could have significant influence in extending it in ways required for Bitcoin 2.0 services To me, that is a opportunity gradually going to waste."
1,"Great reply and explanation luke-jr, keep up the great work that you do around here!",bitcoinfuckyea,Bitcoin,3,3,0,2015-07,2015-07-25 22:34:49,It didn't cover the fact that putting a full node on a VPS is worthless.
1,"Hi, My name is Mark, an expert in everything, and I suggest you sell these 260 bitcoins on the open market as quickly as possible.",MyDixieWreck4BTC,Bitcoin,1,1,0,2015-08,2015-08-08 19:13:48,Suggestion needed ? I am Holding 260 Bitcoin Should i sell it ? as the price fall today 15$/Bitcoin or keep holding them ? Need Expert advice so i dont lose more money
0,Poor Tibanne,redditHi,Bitcoin,2,2,0,2015-08,2015-08-21 18:32:38,Mt Gox CEO re-arrested in Japan
1,Only Americans are allowed to have bitcoins.,Jomann,Bitcoin,1,1,0,2015-05,2015-05-05 16:50:00,This is what I got after I logged in coinbase!
1,Statist shill detected.,sciencehatesyou,Bitcoin,0,0,0,2015-05,2015-05-14 22:00:02,"If this guy is such a terrible scammer, why doesn't the FBI or whoever bring about charges?"
0,+1,YRuafraid,Bitcoin,-1,-1,0,2015-12,2015-12-26 19:29:48,Why Bitcoin will be even more popular in 2016
0,can you eli5 the chart?,Sherlockcoin,Bitcoin,8,8,0,2015-08,2015-08-19 01:30:26,"Emotions and uncertainty are at a high right now, and there are traders looking to take advantage of that. Beware of manipulation! 20,000btc sell on Bitfinex was combination of 10,000btc short and 8,000btc long position being closed. ""Be greedy when others are fearful"""
1,"That's great, since I didn't end up needing to use any currency in 2014.",Symphonic_Rainboom,Bitcoin,3,3,0,2015-12,2015-12-15 20:18:09,"Bitcoin has been the world's strongest currency in 2010, 2011, 2012, 2013 and 2015"
1,I forgot that being pushed to only spending money on pure essentials are the goals of society.,finecon,Bitcoin,1,1,0,2015-12,2015-12-17 23:12:40,"People need to eat, live, drink and breathe. You will have to spend your money on essentials. The way it's supposed to be. Not waste it on luxury items that are wasteful. So there is no such thing as 0 investment. Unless you're a rock."
0,Greek government plan: 1) Crash the Euro 2) BTC to the moon 3) Profit,Riiume,Bitcoin,1,1,0,2015-07,2015-07-01 18:42:30,Greece government has been buying coins for a long time. Blockchain proves it!
1,UBS Coin to da MOOON!,Lite_Coin_Guy,Bitcoin,2,2,0,2015-09,2015-09-07 15:53:21,UBS Building Virtual Coin For Mainstream Banking
0,I never said it wasn't important...,statoshi,Bitcoin,-10,-10,0,2015-10,2015-10-16 16:01:22,No the price is very important to the bootstrapping implementation of a bitcoin currency.
0,"Still a *much* smaller percentage than Ripple's premine, and whatever Satoshi got it was while telling everyone about it while they ignored him.",Noosterdam,Bitcoin,1,1,0,2015-10,2015-10-30 08:32:17,"Actually, the majority (lets say around 95%) of the initially mined coins from year 1 are believed to be mined by ONLY satoshi, and have NEVER been touched."
0,I'm talking specifically about Open Transactions.,RaptorXP,Bitcoin,1,1,0,2015-09,2015-09-21 08:17:33,"Ok, yea, wait and see is a good mantra. More tools in place now, like the bitmex derivatives - this may change the setting no?"
1,"Obviously, uncapping the blocksize would have zero side effects.",alexgorale,Bitcoin,0,0,0,2015-10,2015-10-08 14:40:30,"With a 1Gb mempool, 1000 nodes are now down (compared to yesterday)"
1,"Oh wow a 30$ increase, must definitely be moon time",savemarkkarp,Bitcoin,2,2,0,2015-10,2015-10-16 01:05:26,"Yes Houston, We Are Ready For Liftoff"
1,"yeah, inflating the currency is not a ""haircut"" for the pleb.",usrn,Bitcoin,2,2,0,2015-07,2015-07-04 13:04:55,You're wrong. This cannot happen in a country with a printing press.
1,This is definitely the beginning of the end of the nation-state.,BitcoinMD,Bitcoin,0,0,0,2015-07,2015-07-08 17:56:26,Trading halted on NYSE floor
0,I've been a Bitcoin-only sales copywriter for over 18 months but unfortunately I don't have tits or red hair so I can't get on the front page.,filipmartinka,Bitcoin,19,19,0,2015-05,2015-05-17 10:22:30,Abby Scralet is London's first Bitcoin-only photographer: living for six months only on Crypto. Let's encourage her!
1,Bitcoin Foundation,felipelalli,Bitcoin,2,2,0,2015-08,2015-08-03 15:54:19,What actually determines the Bitcoin price?
1,On wowwwww so rebellious!,privethello,Bitcoin,1,1,0,2015-08,2015-08-05 19:51:53,"New Bitcoin mainstream media mention: ""perhaps"" a new safe haven"
1,"Yeah, google is the best way to discern valid information from non-valid information in regards to these intricate topics.",socium,Bitcoin,-3,-3,0,2015-08,2015-08-26 19:29:22,Go google it; common knowledge. In the real world people use google and don't need to be spoon fed every smidgen of information.
1,Thanks Obama!,MooneRumblebelly,Bitcoin,7,7,0,2015-05,2015-05-01 04:12:37,The Most Popular Bitcoin Dice Site Just Shut Off Deposits from US Players Due to the US's Legal/Regulatory Climate
1,"Yeah, while we're at it, let's all use floats",btcdrak,Bitcoin,0,0,0,2015-05,2015-05-04 00:15:17,"LOL. Python, a dynamic language with financials. Nice thinking!"
1,"Well Karpeles is in fact Satoshi, he started MtGox in order to sell his stash.",twfry,Bitcoin,11,11,0,2015-05,2015-05-08 20:54:14,We've come full circle.
0,$30M of that is to a company that has nothing to do with Bitcoin.,rydan,Bitcoin,-4,-4,0,2015-09,2015-09-11 04:42:12,$60M? \*yawn\* Bearish. :P
1,I guess this means that China unbanned bitcoin!,wretcheddawn,Bitcoin,4,4,0,2015-10,2015-10-17 13:30:46,Looks like the chinese wants to mop up all available bitcoins. 14usd spread between chinese exchanges and others. If it thightens up we will be seeing huge lift in price.
0,WTF is this shit.,sqrt7744,Bitcoin,-1,-1,0,2015-07,2015-07-18 20:06:07,"Without us noticing, we are entering the postcapitalist era. At the heart of further change to come is information technology, new ways of working and the sharing economy. IMHO Bitcoin will enable that change."
0,"If ignorance truly is bliss, you must be the happiest man alive :)",thieflar,Bitcoin,0,0,0,2015-10,2015-10-21 19:47:40,"nah, i'm good thanks."
0,"""Is this guy nuts or is there about to be some kind of techno-revolution?""",Sugar_Daddy_Peter,Bitcoin,4,4,0,2015-07,2015-07-17 23:56:33,"Nails it. Really gets rolling at the mid-way point. Every time I finish watching one of his videos I get more pumped up about what really matters: moving power to the end points. Audience seemed a little stunned by the end. Seemed like they may have been expecting the standard mainstream pro-blockchain, bitcoin-apologist pitch, they didn't know quite what to do with this version of bitcoin. Which is good - gets people actually *thinking*"
0,Does Peernova use Bitcoin's Blockchain?,polygonrobot,Bitcoin,2,2,0,2015-12,2015-12-12 03:31:33,"Negative, Peernova is running the whole thing, they will be dealing with the specifics of ownership etc.. I've worked with them and I can assure you that T0 has no Counterparty involvement."
1,Blockchaindesk,AstarJoe,Bitcoin,1,1,0,2015-12,2015-12-14 13:44:03,Is there a site with all the best bitcoin headlines in one place? I really liked the 'Trust Machine' article from the economist. Whats the best of the rest?
0,"I agree, we need more moon!",TyTimothy,Bitcoin,2,2,0,2015-07,2015-07-12 03:52:31,You can't be serious. Do you think anybody is going to feel Euphoria at $300 when most of the remaining hodlers are strong hands that bought in from $500-$1000 per coin? Very few people are going to feel Euphoria even when we reach the previous ATH. We've been grizzled and a lot of us are still quite upset to be so far below our composite buy-in levels that we aren't going to be settling for anything less than moon at this point.
0,"I thought that it's blockchain agnostic, meaning that it's not necessarily even using the Bitcoin blockchain.",statoshi,Bitcoin,2,2,0,2015-08,2015-08-06 20:19:09,"T0 looks like its doing on-chain transactions. Are they/we screwed since the block limit is so small? If this even *mildly* catches on, 8mb won't remotely be enough. There are millions of trades per day on JUST the NYSE. Seems another coin will have to pick up some of the slack in terms of handling the volume, or some other solution will have to occur somewhat soon-ish^TM Am I missing something?"
0,There are definitely actions governments can take which could hinder or prevent the adoption of bitcoin.,chrisrico,Bitcoin,1,1,0,2015-09,2015-09-22 07:09:43,Allowing??? As if...
1,I received over $9000 from BlockStream for signing the roadmap.,dexX7,Bitcoin,5,5,0,2015-12,2015-12-27 13:53:24,"This post only shows that the real ""roadmap"" here is for a group of people, mostly bitcoin core developers, force a ""consensus"", while they are being payd by a private company, Blockstream. That is a major case of conflict of interest, and nothing is being done or said about it. Coinbase is not alone going with XT. Bitpay, Xapo and many other important companies. Now It's their time to step up the game against this absurdity in the bitcoin world."
1,"Central banks totally want what's best for all of us with their money, and banning encryption is a good idea..",Sugar_Daddy_Peter,Bitcoin,3,3,0,2015-12,2015-12-27 18:03:52,...fascist dictator... blacklist... kill neutrality... oppressive... this clip really fits to this sub
1,"...bbbbut it's all about blockchain technology, not Bitcoin!",puck2,Bitcoin,2,2,0,2015-10,2015-10-06 13:06:26,And + banker altcoins price failure.
0,Quickly following G2A.,BaurusdB,Bitcoin,2,2,0,2015-10,2015-10-15 09:52:13,Gaming platform Kinguin now accepts bitcoin payments
1,"Okay, checking their balance sheets right now.",sreaka,Bitcoin,1,1,0,2015-10,2015-10-18 04:36:58,Check their quarterly balance sheets. They have to list liabilities. If the liabilities due to customer held funds is less than $2.7M this is guaranteed to be true. In fact I'd argue if it is less than $500M then it is probably true.
0,And IPv6 is a lousy design for IPv4 interaction or compatibility.,ronohara,Bitcoin,1,1,0,2015-07,2015-07-11 06:25:16,"It's a non-issue, IPv4 is sooo embedded it cannot be replaced, upgraded or changed. The most IP6 could do/is doing is co-exist with IP4."
0,"Supply and demand, bitches.",throwthecan,Bitcoin,16,16,0,2015-07,2015-07-11 10:35:11,"Is there a proper explanation why the price jumped almost to $300? Hey, I was away for 2 months and had no wi-fi anywhere close to me. When I left the price was hoovering around $220 and now that Im back I see almost $300. What happened?"
0,"I adore that jdre255 is a true-believer Bitcoin supporter but even he is being doubted by his own community With an 80k transaction backlog, do you really need proof that people are waiting hours for confirmations?",bitofsense,Bitcoin,-6,-6,0,2015-07,2015-07-08 17:14:36,post your transaction ID
1,You forgot to add the,Atyzze,Bitcoin,-3,-3,0,2015-07,2015-07-09 12:19:20,This is the type of reasoned argument we really need instead of technically literate people who are familiar with the technology and economics behind bitcoin discussing things on the mailing lists.
1,i was sarcastic,Sherlockcoin,Bitcoin,2,2,0,2015-07,2015-07-27 18:28:47,dogecoin does use bitcoin blockchain
1,Yeah because you would normally buy gift cards for yourself instead of paying them directly.,kraml,Bitcoin,5,5,0,2015-07,2015-07-31 17:30:44,Bitcoin isn't being accepted at Starbucks or Target or WholeFoods. *Giftcards* are being accepted at those places. Fold sells *giftcards* for bitcoin at a steep discount. You are buying a product directly from Fold and paying in bitcoin. No middlemen are involved.
1,People can't decide for themselves!,_EuroTrash_,Bitcoin,4,4,0,2015-08,2015-08-15 22:25:49,And some media outlet will believe that it is.
1,"It's a coup!, OMG, for the love of god, bitcoin is doomed!, sell all your coins.",ncsakira,Bitcoin,0,0,0,2015-08,2015-08-15 23:12:19,wtf is this shit? god damn bunch of fucking amateurs can't even release software.
1,This is freedom brought to you by the most free country in the world.,twfry,Bitcoin,10,10,0,2015-05,2015-05-01 03:28:59,The Most Popular Bitcoin Dice Site Just Shut Off Deposits from US Players Due to the US's Legal/Regulatory Climate
1,Well...he never registered for that NY Bitlicense thing...sounds like a money launderer to me...,jmaller,Bitcoin,5,5,0,2015-05,2015-05-15 22:22:49,Any kind of legal trouble?
1,But what she's doing will help Bitcoin adoption more than NASDAQ using it!,filipmartinka,Bitcoin,4,4,0,2015-05,2015-05-17 11:46:26,"The level of white-knighting is off the chart here or how being a cute female get 10 times more attention than average... *Now, ready to get downvoted into oblivion since I merely said the truth...*"
0,"Japan is like Americas lap dog, they will throw him to the wolves without question.",killzon32,Bitcoin,1,1,0,2015-05,2015-05-16 14:03:12,"Yeah, I'm sure that if it turns out he's Japanese the IRS will be there. The IRS is only interested in American citizens and businesses operating in or through the US."
0,What does it matter if it's content is 10 times better?,Natorboy,Bitcoin,10,10,0,2015-12,2015-12-10 16:29:02,"Like over 5,000!"
0,"Cus we could totally gank their shit, noe wat i mean",Riiume,Bitcoin,2,2,0,2015-05,2015-05-11 19:39:40,Won't we be able to attack/take-over their blockchain by pointing a chunk of the hashing power of the Bitcoin network at it? Or are they using a fundamentally different PoW algorithm?
0,He runs tech for a corporation or school.,MatureButNaive,Bitcoin,2,2,0,2015-09,2015-09-06 20:55:57,A few thousand machines?????? Your last name isn't Gates or Ellison by any chance is it?
0,This is why currencies are preferred to barter.,credibit,Bitcoin,1,1,0,2015-07,2015-07-06 16:03:31,"True, but it's a far more likely coincidence, as all you need is fiat which people already have access to."
0,Who said anything about _2_ years?,Explodicle,Bitcoin,5,5,0,2015-10,2015-10-28 22:10:39,It has largely been a TERRIBLE way to save money for the past 2 years.
1,"Ya, it doesn't have ""bit"" or ""coin"" in the name.",Not_Pictured,Bitcoin,2,2,0,2015-10,2015-10-20 21:03:09,They picked such a bad name for this..
0,These will have to be replaced with software to have any sort of desirable future.,throwthecan,Bitcoin,1,1,0,2015-08,2015-08-07 04:08:11,...what?
1,"MyBitcoin, MtGox, and pirateat's got a good investment program going.",luke-jr,Bitcoin,1,1,0,2015-07,2015-07-13 16:48:49,"If you were going to store coins in cloud storage what site would you use? Hey guys, now i know most of you will say to avoid this option but i also have a couple of trezors. My idea is to disperse my holdings over these 2 and 1 cloud based. Main reason is that i dont want to put all my eggs in one basket and dont exactly trust myself 100% either so would also like to hold some with a cloud based option as well. I currently have some in circle, is this a good option or is there a better option people would suggest?"
0,Fuck them,fcktheussa,Bitcoin,1,1,0,2015-07,2015-07-18 08:02:18,abide citizen of US and A!
1,"Just don't forget to input the amount of bitcoins you'd like to receive each day, and press enter.",targetpro,Bitcoin,0,0,0,2015-07,2015-07-28 22:36:49,I have a Raspberry Pi. Can I use it to mine Bitcoin?
1,"So much work to pull your wallet out of your pocket, it's way easier to pull your phone out of your pocket.",el_muerte17,Bitcoin,1,1,0,2015-07,2015-07-29 18:44:31,"I never contribute to Kickstarter, or charity, or Wikipedia because getting out a credit card is such a pain in the ass. If those websites simply presented a QR code on the screen, I could very quickly point my phone at it and send something over. Instant, cheap, and anonymous. Just like cash, but online. It would be hugely preferable for me to do that. Unfortunately most people don't understand yet."
1,"In paranoialand where the government replaced all your friends with sybils, the real Bitcoin is actually Litecoin and Putin the president of the U.S.",awemany,Bitcoin,1,1,0,2015-07,2015-07-30 08:50:55,Please explain how you could possibly use a sybil attack to cover up which mining pool performed the attack?
1,"Yeah, a nation defaulting is not relevant for Bitcoin",Im_a_rocket_surgeon,Bitcoin,5,5,0,2015-08,2015-08-03 22:51:32,This post seems off topic. I don't see any mention of bitcoin in that article.
1,Always great to see facts backed up by ... facts.,Yoghurt114,Bitcoin,1,1,0,2015-08,2015-08-04 00:41:24,"Your argument is pathetic. The people who say that are a small minority of the ones who want a blocksize increase. (It's analogous to stating that all the muslims are terrorists) Leaving the blocksize limit where it is will seriously cripple the experiment though, that is a fact."
1,"2017: ""basically for 20% transactions costs because we use 1 MB blocks!""",Lite_Coin_Guy,Bitcoin,-7,-7,0,2015-08,2015-08-14 16:29:09,TEDx Talk - It's time to re-imagine money - bitcoin introduction (Youtube) - 10-Aug-2015
1,It's not corruption if it's legal,general-Insano,Bitcoin,4,4,0,2015-08,2015-08-14 21:20:35,Government corruption.... alive and well in the USA
1,TIL bitcoins aren't a unit of account,cryptodude1,Bitcoin,2,2,0,2015-05,2015-05-20 02:58:29,Bitcoin index called 'stepping stone' for currency
0,We haven't quite reached the moons of Jupiter yet.,DIGITAL-not-Virtual,Bitcoin,21,21,0,2015-10,2015-10-31 06:12:25,Hoorray for Europa!!
0,"Don't doge the question, which alt will end up being a dog?",jwBTC,Bitcoin,3,3,0,2015-12,2015-12-11 19:49:07,"If Doge is wrong, I don't want to be right."
1,Banning things because they work better works very well,Introshine,Bitcoin,11,11,0,2015-12,2015-12-12 15:42:27,Eugene Kaspersky: Cryptocurrencies Will Be Banned When They Unsettle National Currencies
0,If no one is willing to pay for your product you don't have a business you have a club,sanswork,Bitcoin,0,0,0,2015-12,2015-12-15 08:14:29,The point is that they're not even being allowed to charge a measly 1% on withdrawals. The company I'm working for has had the same kind of problem. Our users just want everything to be 100% free. How is that sustainable? Why should we develop the service if nobody will support us?
0,"Fair enough, glad to hear your financial situation is improving.",sanswork,Bitcoin,2,2,0,2015-05,2015-05-20 00:09:49,"If you go far enough back, I don't even have a checking account! Funny how financial situations aren't stagnate."
1,Is it still illegal in Thailand too?,Pawoot,Bitcoin,1,1,0,2015-12,2015-12-19 03:13:57,Your information is inaccurate. Bitcoin is **NOT** illegal in Bangladesh. People just regurgitate misinformation.
0,I don't want this in Bitcoin.,lacksfish,Bitcoin,-18,-18,0,2015-12,2015-12-31 16:03:23,"Meanwhile, back at the ranch Pieter Wuille is putting the final touches to the Segregated Witness test network."
1,...says years of scientific evidence.,TheBTC-G,Bitcoin,3,3,0,2015-09,2015-09-08 12:22:11,"Regardless of your consumption, if you ever want to quit, vaping is the wrongest way you could do it."
0,"If they could have fined bitcoin, they would have done so a long time ago.",twfry,Bitcoin,6,6,0,2015-05,2015-05-05 23:34:48,FinCEN Fines Ripple Labs Inc. in First Civil Enforcement Action Against a Virtual Currency Exchanger
1,"Right, because anyone critical of Anon is just a bigoted fool.",ertaisi,Bitcoin,1,1,0,2015-10,2015-10-21 19:23:25,Believe in that stigma you where presented about Anon
1,"I want a blockshare, this sounds like a great deal!",Lite_Coin_Guy,Bitcoin,1,1,0,2015-10,2015-10-30 05:57:23,"Head of FX at ADM Investor Services: ""Bitcoin is the 21st century equivalent of gold. It's a store of value."" BTC discussion a4:53 mark."
0,Depends on what the warning read.,targetpro,Bitcoin,1,1,0,2015-07,2015-07-03 03:30:54,"What do you mean ""last week no problem, only a warning""? A warning *is* a problem."
0,"notaries, payment channels and lightning",goalkeeperr,Bitcoin,2,2,0,2015-08,2015-08-04 20:34:09,Faster confirmation times: possible? Or is there a technological limit?
1,Downvoted for controversial/inflammatory remarks on this sub.,targetpro,Bitcoin,1,1,0,2015-07,2015-07-08 06:21:00,David Cameron is Wrong About Encryption
1,"and when there is sarcasm to be had, you won't have it?",bitcoinfinder,Bitcoin,1,1,0,2015-07,2015-07-21 20:36:46,"If you are giving people money to teach them a lesson the lesson shouldn't be ""this drops in value every day!"""
1,"But how could he be satoshi, his real last name isn't Nakamoto!",Sugar_Daddy_Peter,Bitcoin,3,3,0,2015-07,2015-07-21 21:39:07,Is Jim McCoy the real Satoshi Nakamoto? Bitcoin described in 2000.
1,What don't you know that government is by definition inept?,iShootDope_AmA,Bitcoin,0,0,0,2015-07,2015-07-22 03:02:24,"Well, that's not so horrible. There are lots of examples of government-run (typically municipal) Wifi networks, we have one in Minneapolis. If they're the *only legal* Wifi network is when it's disturbing."
1,"here, you left behind your",luckdragon69,Bitcoin,3,3,0,2015-07,2015-07-22 14:24:52,Just like how lighthouse put kickstarter out of business.
1,One day he will update the bitcoin forum.,be-happier,Bitcoin,27,27,0,2015-08,2015-08-16 04:07:16,"Thermos is well insulated. It keeps the tears of the community warm, for later consumption."
0,Stop thinking what you're thinking.,Yoghurt114,Bitcoin,10,10,0,2015-10,2015-10-13 06:54:57,What is the most powerful least power efficient Bitcoin miner. I know this sounds like a stupid question but I'm a college student and I live in a dorm and don't have to pay for electricity. Also I'm assuming they'd be a lot cheaper since no one wants inefficient Bitcoin miners due to them costing more to run than what they would make.
0,"You like your battery light, don't you?",bat-affleck,Bitcoin,5,5,0,2015-07,2015-07-24 10:03:58,How Telegram users buy Bitcoin through Coinbase
0,My bitcoin savings are paying off way better then any fiat i could have held.,BlockchainMan,Bitcoin,1,1,0,2015-12,2015-12-14 00:24:44,"Try Bits for saving Denominating my wallet in bits has been helpful for saving. I believe in bitcoins eventual rise to a million a coin. If that happens a bit will have parity with the dollar. So every time I skip spending $10 on lunch i buy Bitcoin with it, which is usually 20 or 30 thousand bits. It's easier to make the sacrifice when you begin to believe your chipotle burrito could eventually be a brand new mid sized car lol"
0,"Interesting, sounds pretty much like US sentiment.",sreaka,Bitcoin,1,1,0,2015-10,2015-10-02 21:01:30,"Yes. Today there was an newpaper ad on the train mentioning ""Bitcoin's arrested CEO"" (Karpeles) and whenever I mentioned Bitcoin people think it got shut down, went bankrupt and the CEO was arrested. But with this and Rakuten considering it, that could change quickly."
0,What good do you think will come of you defending anything here?,paulmadore,Bitcoin,-2,-2,0,2015-12,2015-12-24 03:16:41,I'm defending the foundation not Peter V. how can you not see that this is clear from these posts? You realize we are separate people right? I have nothing to do with the guy.
0,"I'm pretty sure while the tech review posts this today, garzik and the mining community with its 60% consensus is like fail, yeah right, nice try gavin, xt bit the dust, now get back to work on releasing .12A w/ bip 100 and unconfirmed transactions.",frankenmint,Bitcoin,-1,-1,0,2015-08,2015-08-28 22:51:15,MIT Technology Review interview with Gavin Andresen
0,Everyone is free to obtain btc we are witnessing the begining of the distribution phase.,usrn,Bitcoin,2,2,0,2015-05,2015-05-18 06:46:03,What is the future consequences of the concentration of Bitcoin wealth in the hand of few?
0,have the bitcoin core devs guaranteed to work on bitcoin in perpetuity?,statelessmancom,Bitcoin,2,2,0,2015-09,2015-09-02 19:34:28,Who are the maintainers of that fork ? And have they guaranteed to maintain it for perpetuity ?
1,"Yea, this won't be a divisive conversation.",bitcoinchurch,Bitcoin,1,1,0,2015-09,2015-09-04 20:25:52,what president are we voting for (USA)?
0,Censored in 3...2...,apython88,Bitcoin,19,19,0,2015-08,2015-08-16 01:20:21,Why is Bitcoin forking?
0,Arrested for whaling,djangocoin,Bitcoin,1,1,0,2015-10,2015-10-22 09:17:29,I heard he was arrested in Japan for stealing parts of the blockchain.
0,Best scifi film in a while.,djangocoin,Bitcoin,1,1,0,2015-10,2015-10-22 09:18:58,In this video he kind of reminds me of the guy from ex machina
1,...easy...,gabridome,Bitcoin,5,5,0,2015-09,2015-09-23 14:24:53,"Indeed, however BTC deposits can be transferred to a gambling site, the winnings can then be transferred back to Neteller and are withdrawal from ATM."
1,What a shitty store of value,duduqa,Bitcoin,-4,-4,0,2015-10,2015-10-13 17:02:46,"Bitcoin is up over the last: 1h, 3h, 12h, 24h, 3d, 7d, 30d, 6m and 2y"
1,Thanks based World Patent whateverthefuck.,BeastmodeBisky,Bitcoin,2,2,0,2015-10,2015-10-18 15:42:38,Bitcoin Prices Up 20% Over Past Month Since World Patent Marketing Starts Accepting Bitcoin Payments
0,"Well even if you had an employer who held bitcoin and paid you directly, he still got it from somewhere... Only way you can go ""pure"" in this scenario is if those coins were mined by your employer.",oxxxx,Bitcoin,1,1,0,2015-10,2015-10-20 20:00:36,That would be me buying bitcoin. Instead of buying it with change from a bank card purchase I would be buying it with a direct deposit to Bitwage's bank account.
1,"But it's not enough that bitcoin should succeed, all other blockchains should fail.",bubbasparse,Bitcoin,-5,-5,0,2015-10,2015-10-29 12:00:42,Bitcoin is just one use of blockchain. Super detailed article on the tech of blockchain and why it's bigger than Bitcoin
1,"Yeah, tyranny for the win!",PoliticalDissidents,Bitcoin,-1,-1,0,2015-07,2015-07-02 00:03:43,"""Democracy"" - Such a big joke."
1,Patent case from Satoshi incoming in 3..2..1..,Essexal,Bitcoin,2,2,0,2015-07,2015-07-07 13:51:55,"Citibank Is Working On Its Own Digital Currency, Citicoin"
1,Using your phone's processor to mine for altcoinz,afrotec,Bitcoin,9,9,0,2015-07,2015-07-13 17:22:00,Coindesk Android app is taking up a lot of my data plan..... what's up Coindesk?!?!
1,And bankers only want to safekeep our money.,throwthecan,Bitcoin,0,0,0,2015-07,2015-07-29 07:57:56,"*Erik, already is rich. He's building a service that makes coins people want to use/hold easier to access. Don't be a dingus."
1,Surely not a reason to increase block size..,portabello75,Bitcoin,0,0,0,2015-08,2015-08-05 14:04:58,good thing the average person is constantly checking the mempool so they know when bitcoin is usable
0,"Considering the risk/reward of mining I think it's fair to say that this ""cost of production"" is pretty near $1M.",thesleepthief,Bitcoin,10,10,0,2015-08,2015-08-05 19:27:21,"Unless it's the miners simply not selling, then you can reduce that figure down to the cost of production of a days worth of new coins."
1,People should put their savings into short selling the S&amp;P 500 to protect themselves!,Zahoo,Bitcoin,3,3,0,2015-08,2015-08-14 19:01:55,"One big question: Will stocks lose $10 trillion in 2015 or in 2016? - Not related to bitcoin directly, but if 0.1% of those $ goes to btc we might see price escalation significantly."
1,"fuck you, asshole.",platinum_rhodium,Bitcoin,4,4,0,2015-08,2015-08-31 16:09:41,The Bitcoin Community on Reddit is cynical and jaded!
0,Basic economics says it doesn't do me good to destroy my money so as to improve the value of money for others.,ChaosMotor,Bitcoin,1,1,0,2015-07,2015-07-26 23:24:12,"More lost coins means more value for the other coins. Two way pegs will probably happen at some point, maybe adding a disincentive to some coin-burners. If it got so bad as to mess up the currency flow of bitcoin, couldn't more decimal points be added to increase the granularity? So it really doesn't matter much. And maybe they don't want to have miners, considering network effect and the difficulty in just bootstrapping bitcoin itself to get beyond security weakness, maybe they don't want the attack vector?"
1,340GB blocks... would that be considered an altcoin?,bitkarma,Bitcoin,22,22,0,2015-12,2015-12-09 00:35:24,"Blockchain Scale Tests by (alleged) Satoshi! 340 GB blocks, 568k transactions!"
0,Your double negative threw me off.,Bitcoinopoly,Bitcoin,2,2,0,2015-05,2015-05-14 03:33:50,"No, that's the point. Tons of coins sold, price held relatively stable. This is a good thing"
0,1 Bitcoin each.,sqrt7744,Bitcoin,1,1,0,2015-08,2015-08-13 19:27:44,those will be affordable to everyday casuals right?
0,He's known?,moonbux,Bitcoin,1,1,0,2015-12,2015-12-09 19:40:36,It's just technobabble like Craig is known for. No content detectable.
0,Why would you compare exchange volume to P2P volume?,toomanynamesaretook,Bitcoin,5,5,0,2015-12,2015-12-15 10:54:53,"thats pretty trivial for an entire week, compared to 10million coins traded on just huobi this week. (hint: fake volume bots)."
0,"Couldn't PoS users be equally careless, and the fork becomes permanent?",Explodicle,Bitcoin,2,2,0,2015-07,2015-07-06 23:47:04,Time to consider Proof-of-Stake cryptocurrencies more seriously. PoW miner/user incentives are not aligned.
0,And at the same time considering/threatening/promising to ban encryption.,Lejitz,Bitcoin,1,1,0,2015-07,2015-07-31 18:31:51,UK Is Leading The Way To Become A Global Bitcoin Hub
0,Good,Future_Prophecy,Bitcoin,-2,-2,0,2015-12,2015-12-22 12:14:54,Meanwhile the last 10 blocks...(hint: we'll soon see fees market)
1,"this, let's just continually run an unnecessary deficit and hope our kids will know how to handle the blockchain later",ppciskindofabigdeal,Bitcoin,1,1,0,2015-12,2015-12-22 20:02:46,"Miners need an incentive to secure the network. Currently, that incentive is approximately equal to the block reward pus fees (50/(2^(floor[years/4])) + fees). As the number of years increases, the first half of that formula, 50/(2^(floor[years/4])) approaches zero, and the only remaining term is the fees. In the future, when the block reward is zero, miners need an incentive to mine. That incentive is the fees. By subsidizing fees now, and not letting a natural fee market grow, we are potentially shooting ourselves in the foot later, when fees are actually necessary."
1,I trust everything on newsbtc.,Cloakt,Bitcoin,4,4,0,2015-12,2015-12-29 13:18:46,VISA: Bitcoin is no Longer a Choice Anymore (newsbtc)
1,sounds legit!,target0,Bitcoin,1,1,0,2015-12,2015-12-29 14:31:40,"Anon leaks keys, multiplier"
0,"Let's stop calling this a ""test"" and call it for what it really is: an attack.",caveden,Bitcoin,5,5,0,2015-09,2015-09-03 22:37:00,"CoinWallet Begins Pre-test of Bitcoin Network, Schedules Largest Stress Test to Begin on September 10"
1,if they can refund me those litecoins i got at 0.032 btc that would be great!,ncsakira,Bitcoin,-2,-2,0,2015-09,2015-09-07 22:13:22,South Korean Law Enforcement to Launch Investigations on Altcoin Pump-and-Dump Schemes
1,"well dang now it's forever on the internet so yeah, great job guy",frankenmint,Bitcoin,6,6,0,2015-09,2015-09-09 01:43:08,Fuck I'm definitely going to jail for that gram of weed I bought on Silk Road - these blockchain analytics tools are scary.
1,"Blockstream, obviously.",Explodicle,Bitcoin,5,5,0,2015-09,2015-09-24 16:30:16,Who would pay for something like that?
1,Clearly,Neverskull,Bitcoin,0,0,0,2015-09,2015-09-29 04:52:46,"This has to be proof that Amazon manipulates their ""ranking"" system. This product is SUPER niche, and very expensive also. No way it could actually be a best seller without some sort of manipulation (either by Amazon or by an outside party)"
0,It kinda sounds like Chinese if you play it at 2X speed.,kris33,Bitcoin,4,4,0,2015-10,2015-10-30 12:22:53,I figured out why the price is going up
1,I'll bet they'd have more success if they tried to regulate terrorism by offering permits to legally terrorize.,Big_Man_On_Campus,Bitcoin,13,13,0,2015-07,2015-07-02 13:49:00,"He's also banned terrorism, but enforcement is proving difficult."
0,There's all types here.,targetpro,Bitcoin,3,3,0,2015-07,2015-07-03 09:42:23,"Maturity level of this subreddit How do people feel about the maturity level here? I mean I realise this is a niche subreddit and it is a bit of a circle jerk, but I often see people talk of governments collapsing, banks collapsing, and a sort of elitism over people who ""just don't get it""."
1,Sealand,daveime,Bitcoin,1,1,0,2015-07,2015-07-04 02:10:59,Really? Where are they talking about in the real world?
1,"Aha, so that's why it's **always down** :D",Ikinoki,Bitcoin,46,46,0,2015-07,2015-07-05 06:20:13,In .NET instead of python.
0,I dare!,ergofobe,Bitcoin,2,2,0,2015-07,2015-07-10 14:36:42,Dare to dream.
0,They have an affiliate program.,VeerAtBitspender,Bitcoin,1,1,0,2015-08,2015-08-01 17:07:13,Does Gyft have a referral system ?
1,"It's the DRM you've always dreamed of, and more!",intellecks,Bitcoin,1,1,0,2015-05,2015-05-04 13:09:41,I have this game but i have no idea how to play it... eli5 anyone?
1,"At least she is doing this to help bitcoin adoption, rather than using it as a publicity stunt.",alarm_test,Bitcoin,2,2,0,2015-05,2015-05-17 10:02:17,Abby Scralet is London's first Bitcoin-only photographer: living for six months only on Crypto. Let's encourage her!
1,"Nope, only the ones that were at one point exchanged for pizza.",erkzewbc,Bitcoin,1,1,0,2015-05,2015-05-19 14:37:50,thats cool. Can that be done to any address/unspent output/transaction?
0,So people can only buy from coinbase if they want to HODL not if they want to buy things?,Pawoot,Bitcoin,3,3,0,2015-12,2015-12-20 11:51:58,"Interesting. I transferred a few small amounts and a large amount to my own wallet on my own computer, and Coinbase asked me if I was transferring to another online marketplace on the last transaction. I answered honestly (NO) and haven't been shut down."
0,There's that too.,Richy_T,Bitcoin,0,0,0,2015-05,2015-05-11 17:31:56,"Sure, if you view ""Economics"" as a valid field of study. I sort of see it as a scammy propaganda field, because economic ""theories"" can't really be scientifically tested or proven."
0,Will*,keastes,Bitcoin,1,1,0,2015-05,2015-05-03 08:21:07,"With the NSA's dragnet, whatever you *did* can be deemed suspicious."
1,Edward who?,redrage97,Bitcoin,-1,-1,0,2015-12,2015-12-23 19:06:06,Edward Snowden on Twitter: Imagine if the government went after corruption as hard as it goes after guys who run filesharing sites. Priorities.
1,Great idea!,__--___---,Bitcoin,2,2,0,2015-12,2015-12-31 13:37:49,I store them on exchanges. :D
0,Mycelium is android only anyway for iOS I think breadwallet is a good choise.,Chynus,Bitcoin,0,0,0,2015-05,2015-05-06 14:18:35,Really? I was under the impression that it was offline? What would be your best recommendation for a mobile (iOS) offline wallet?
0,"Yeah, I like how you can edit a lot of those options.",notreddingit,Bitcoin,2,2,0,2015-05,2015-05-15 08:22:43,"Google+ is usually great with privacy: app says ""I want to see contacts in your circles"" and you click the edit icon and say ""you can see all the contact details in this empty circle, but nothing else"""
1,But but marketeering and sales!,Zarutian,Bitcoin,2,2,0,2015-10,2015-10-04 13:45:22,Just give users complete [autonomy](https://airbitz.co) and privacy over their data by default. What's so hard about that?
0,Did you read the article?,Bagatell_,Bitcoin,-3,-3,0,2015-08,2015-08-15 15:11:36,"I really hope a US state passes favorable Bitcoin laws that produce noisy business immigration into that state (i.e., the opposite of NY). This would set the stage for better legislation across the US."
1,You must be new here,LastOneStanding,Bitcoin,8,8,0,2015-10,2015-10-17 05:23:49,I haven't seen it go up like this before.
0,It's a cool shape but those curves aren't naturally sustainable,Neverskull,Bitcoin,1,1,0,2015-10,2015-10-26 00:52:07,LaunchPad by lowstrife (tradingview).
0,Essentially.,targetpro,Bitcoin,1,1,0,2015-07,2015-07-16 00:59:14,Two sides of the same trick coin
1,Nah I'd rather blindly promote bitcoin and see Greece as a miracle.,guyfrom7up,Bitcoin,14,14,0,2015-07,2015-07-04 16:01:48,"My heart goes out to the elderly in Greece. They are the ones most helpless in this situation. They can't work, move away, or anything. Many will starve, many will be emotionally broken, and many will die. That's the reality and it needs to be understood. Fuck the Greek leadership (and the people who voted for them) for allowing this to happen. The writing has been on the wall for a long time..."
0,Already reached 1M Zimbabwe dollar long time ago.,Cocosoft,Bitcoin,2,2,0,2015-07,2015-07-12 17:17:35,Moon is $1M for me
1,I guess that's why all those world wars where millions were slaughtered took place when we were still using gold coins.,Riiume,Bitcoin,1,1,0,2015-08,2015-08-03 13:43:59,This is blatantly untrue and historical incorrect for most times.
1,Bitcoin needs more felons.,Tsilent_Tsunami,Bitcoin,-2,-2,0,2015-08,2015-08-28 13:00:48,"This entire sub has turned to shit. These people can't even appreciate what Roger has done for Bitcoin. If he wants to waste $100K on his website, who cares? It's his money. Sounds like a bunch of haters crying like little girls."
1,Lycos Instant Messenger,Bitcoinopoly,Bitcoin,2,2,0,2015-05,2015-05-12 23:08:52,What social networks use Java anymore? JavaScript on the other hand ...
0,Transactions aren't cheap.,Throwahoymatie,Bitcoin,2,2,0,2014-12,2014-12-10 01:43:14,could blockchain be attacked by other means though? massive numbers of frivolous transactions? some form of ddos?
0,Can you scan checks on your phone?,kiisfm,Bitcoin,2,2,0,2014-12,2014-12-09 13:23:02,They can only pull of you pre-approve the individual merchant. Otherwise only credit cards are a pull system here. I guess we live in very different worlds. :)
0,It already is?,Onetallnerd,Bitcoin,4,4,0,2014-11,2014-11-17 21:11:37,Another step towards Bitcoin legalisation.
0,"Lots of trolls, kinda put me off tbh.",Introshine,Bitcoin,5,5,0,2015-03,2015-03-14 20:40:32,Why is this sub so dead? There was way more activity in the past.
1,"Yeah, a four month old account with active participation throughout is obviously a back-burner alt for a busy millionaire, that's a completely rational conclusion.",sapiophile,Bitcoin,3,3,0,2015-05,2015-05-27 16:04:49,"Nice try, Mr. Roger Var, the guy who keeps creating new accounts to tell lies."
0,And yet btc-e still chugs along.,Bipolarruledout,Bitcoin,12,12,0,2015-01,2015-01-05 11:20:04,"With Bitstamp down, who will be the next bench mark? Who's idea was it to centralize a decentralized technology? Everybody and their neighbor's cousin uses Bitstamp for price reference, i.e. Coinbase, LocalBitcoins, etc. Who will be the new price reference? While I am on this post, as a community, we really screwed up big time by centralizing our non centralized currency."
0,pwnt,cqm,Bitcoin,0,0,0,2015-05,2015-05-30 01:36:26,Silk Road operator Ross Ulbricht to sentenced life in prison
0,"Well, when inflation is 1-2%, then yea, it is adequate.",zeusa1mighty,Bitcoin,8,8,0,2015-06,2015-06-20 16:00:28,"Yes, 1-2%. Totally adequate."
1,Sounds like freedom to me.,nostdal_org,Bitcoin,14,14,0,2015-06,2015-06-05 09:25:03,PSA: The new Bitlicense regulations would cover localbitcoins transactions. Any person who is buying or selling bitcoins through localbitcoins can now be charged with criminal activity if they did not register with the NYDFS and pay their GoonSquad Mafia Fee.
1,"Hey, if the machine has to jack you off to obtain the sample, that might actually be worth it.",whitslack,Bitcoin,3,3,0,2015-06,2015-06-06 07:36:12,He skipped the part where you insert penis into the machine for DNA sample.
0,"Umm litecoin is also on Huobi and every other big exchange in China , so ya they did.",bossmanishere,Bitcoin,10,10,0,2014-12,2014-12-14 13:11:09,"Sure Litecoin, they mean you."
0,It will be as popular as diaspora,drf24,Bitcoin,12,12,0,2015-01,2015-01-11 16:47:43,Someone please build a decentralized reddit. kthxbai!
0,"0.25% per transaction, not huge but still a fee.",Floooge,Bitcoin,0,0,0,2015-06,2015-06-09 08:08:10,Your bank account: The next thing to be obsolete. **Abra to launch in a few weeks
0,It always does when Bitcoin is involved.,bitmeister,Bitcoin,1,1,0,2014-11,2014-11-01 17:27:40,"Well, that escalated quickly.TM"
1,"Wow, that wan't racist.",platonicgap,Bitcoin,-4,-4,0,2015-06,2015-06-24 15:47:02,"So Bitcoin will choose 8 megabyte because archaic, superstitious Chinese believe this magic wonder number will bring them luck and wealth? So much for decentralization. I propose 4 megabyte just to make their superstitious minds bathe in fear and terror. If you wanted to fight against the centralization of Chinese mining now is your chance: 4 megabyte blocksize!"
1,"But hey, at least they didn't have to have those ridiculous private key thingies.",zombiecoiner,Bitcoin,2,2,0,2015-03,2015-03-10 01:10:36,"We have all seen how wonderful that idea is, just ask the people who kept their coins at mtgox."
1,I'm sure that if the Bitcoin network was facilitating the transfer of trillions of dollars that it would have absolutely no impact on the underlying asset.,toomanynamesaretook,Bitcoin,14,14,0,2015-03,2015-03-11 11:00:43,dammit! I knew it was too good to be true
0,"Yay people paid for their work, this is great!",wshs,Bitcoin,2,2,0,2015-03,2015-03-13 22:51:24,"Yay paywalls, this is good!"
0,"40,000 before 2018",2radioactive4u,Bitcoin,1,1,0,2014-11,2014-11-27 03:40:19,"What is your ""I told you so"" price? When are you going to gloat uncontrollably about the success or failure of bitcoin? I know you're all waiting to message every noob who ever doubted your highly informed opinion and rub it in their face. What's that price point? When do you think you have ""won"" and the debate between the failure or success of bitcoin will be settled?"
0,check out bitquest and you'll get it.,MooneRumblebelly,Bitcoin,1,1,0,2015-04,2015-04-16 17:28:08,what's the advantage here?
1,HEAD AND SHOULDERS BRAH,GSpotAssassin,Bitcoin,2,2,0,2015-04,2015-04-10 17:55:04,Technical Analysis Is Bullshit
0,Yes but what's to stop that guy from sharing the decoded file later on bittorrent?,ncsakira,Bitcoin,3,3,0,2015-04,2015-04-20 01:41:03,"Is it possible to create a lockable media file that unlocks with a payment to an embedded crypto wallet? Let's say I made a low budget horror movie/porno, what have you. I would like to cut out any middle men by distributing it myself via bittorrent. Is it currently possible to create a media file that will play a trailer or a few seconds of the file, but will then unlock the full file with a payment to an embedded bitcoin wallet?"
1,"It's almost like they don't like to help destroy their own business model, mmmm.",Introshine,Bitcoin,1,1,0,2015-04,2015-04-29 13:44:11,Yep banks don't like bitcoin. What else is new?
0,Don't forget the blue balls.,Surfer433,Bitcoin,3,3,0,2015-01,2015-01-16 00:43:24,"Frappachino's in every scene, frappachino's in everyone's hands. I want serious people making serious faces, drinking frappachino's while millions of dollars go down. I want Mark sipping frapps while coding, I want Shrem sipping a frapp while waiting for wire transfers to go through, I want shady Russian BTC-E admins sipping frapps, I want DPR at a Starbucks running his drug empire with a laptop and a frapp, I want their FBI in the listening vans sipping Starbucks muthafuckin-frappachinos! With like Al Pacino as one of the FBI guys giving motivation (except maybe he is different and is sipping espresso or one of our new flavors)"
0,He didn't give a timeline he just said its going to happen,Azp1083,Bitcoin,2,2,0,2015-01,2015-01-22 06:03:00,He last tweeted Uber is definitely taking bitcoin. Never happened
1,"Lol, good point.",Tectract,Bitcoin,-1,-1,0,2015-02,2015-02-12 09:16:19,"Bitcoin has no intrinsic value since the value is in the transaction, not the bitcoin. For gold, the value is in itself. No transactions required. It has intrinsic value."
1,Never seen *this exact thread* posted before,joe-murray,Bitcoin,-1,-1,0,2014-11,2014-11-03 18:39:01,"Bitcoin Elevator Pitch As a longtime bitcoin fan and advocate, I too often get asked the question ""Wait. What's this bitcoin thing again?""? As I think about it, I realize that it's a valid, and tough, question to answer. ""the next generation Peer to peer digital cryptocurrency"" works only with my nerdiest friends, and ""the future of money"" sounds generic. So, I ask the interwebs: Given roughly 30 seconds, how would you describe bitcoin to the uninitiated? An elevator pitch if you will..."
1,Oh then I guess it's okay.,Gloomfrost,Bitcoin,8,8,0,2014-11,2014-11-07 15:42:12,They partnered with Europol or whatever
1,...but people dont use sites like this because the facilitate credit card fraud.,millsdmb,Bitcoin,1,1,0,2014-11,2014-11-21 19:38:56,Brawker switches to Multisig transactions
0,BACK UP YOUR STUFF,gonzobon,Bitcoin,1,1,0,2014-11,2014-11-18 22:16:14,Cryptolocker Virus Hit my Buddies Business Like the title says locked his entire network up today with a $500 ransom that increases by $500 every 5 days. He's new to bitcoin so I'm helping him through the process. Will post updates here for anyone who is interested.
0,very interesting thanks!,goalkeeperr,Bitcoin,1,1,0,2014-12,2014-12-25 16:55:55,"Offline transaction transfers? I'm on vacation for the holidays and didn't want to buy expensive data roaming on my phone. I came across a couple of shops here in St. Petersburg, FL that accept bitcoin and was thinking to myself, why do I need an internet connection on my phone to pay? If my wallet app has the private keys and can create a transaction, the merchant pos system should be able to send the transaction to the network on my behalf. All that is needed is a way for me to transfer my transaction to the merchant's pos system, eg via QR code or NFC. Would this be feasible? I think NFC would probably not have enough bandwidth for a transaction so QR might be the better route. This also wouldn't work with multisig wallets but I still think it would be a neat feature to have."
0,"Someone who spends time on the Bitcoin subreddit desperately trying to create FUD with lies and hyperbole, and tries to pump a corporation-run, trust based e-banking platform - that will be as regulated and costly as traditional banking if it gets any sort of traction - as a replacement, has a horse in the game.",aminok,Bitcoin,4,4,0,2014-12,2014-12-17 11:46:33,"Looks like I was right last time, and I'm only getting more right every day. That being said I don't own any XRP and don't support it, I prefer bitshares. Ripples dominance shows that the age of altcoins is upon us. Bitcoiners need to start accepting the fact that bitcoin will not necessarily be the reserve currency, and unless you want it to be ripple, which is supposedly centralized, then all bitcoiners should start supporting different 2.0 altcoins."
1,Victoria Nuland will be chairing...,AstarJoe,Bitcoin,2,2,0,2015-06,2015-06-03 17:49:05,"In September, Kiev will host the second annual Bitcoin Conference"
1,I'm sorry,Big_Brother_is_here,Bitcoin,1,1,0,2015-06,2015-06-04 19:32:53,I'm on Android.
0,"start a bitcoin company and make something awesome, which gets reported in the news.",platinum_rhodium,Bitcoin,26,26,0,2015-04,2015-04-19 00:52:39,"Hypothetically speaking, how would I crash the Bitcoin market? Say, if I wanted the price of Bitcoin to be like 2 cents so I could purchase a million of them and get rich when the price raises? Or is this not possible?"
0,Will be qBitcoins by then xD,djangocoin,Bitcoin,2,2,0,2014-12,2014-12-13 11:29:48,i hear you can buy space gold with space cash
0,I like the idea of more lawyers being in the Bitcoin camp ;),acoindr,Bitcoin,2,2,0,2015-02,2015-02-16 14:54:04,Southwest Virginia law firm to accept Bitcoin for services
1,Would you call that a proof of stake?,Bitcoinopoly,Bitcoin,3,3,0,2015-06,2015-06-23 13:52:55,"Proof of cash - I asked a Greek supplier to prove liquidity with a Bitcoin address... they agreed. Something so simple isn't really possible with traditional banking systems without a letter from a bank, and even then the bank would need to issue the same letter every day for the same level of security, here's the story: A major supplier to my company is based in Greece which is obviously a major concern with the current economic crisis there. It's important for me to know my pre-paid orders can and will be fulfilled. So I asked my supplier to put eu50,000 into bitcoin and provide the wallet address. They've agreed to do so (although it is yet to happen) and they recognise the value of doing this for all of their international customers. For me this allows me to monitor an address knowing that it contains enough cash for the supplier to continue operating for 2-3 months. If I see the balance in the wallet dwindle I can ask the right questions and potentially order from an alternate supplier. Until I needed my supplier to prove cash reserves I'd never thought of this as such a valuable use of bitcoin. TLDR; Greek supplier agreed to stick eu50,000 into a bitcoin wallet to prove liquidity."
1,"No no, he's a great mod and didn't want that to happen at all!",sadshibe28,Bitcoin,4,4,0,2015-03,2015-03-01 10:43:18,"Come on, you knew this would start an edit war."
0,"Sorry, I didn't mean to undermine what are clearly three very important relationships in your life x",lonelyinacrowd,Bitcoin,4,4,0,2015-01,2015-01-29 10:31:33,I buy my bitcoins for sentimental value. I'm a little offended that's how you think of them. There's 1EyyBYjepxN9jXHL1FhKS3RZUcudRuK2Gi and 1NRmBJHv7kJjaevd9Z3A1uNFutpSC5mpJr and little 1NRmBJHv7kJjaevd9Z3A1uNFutpSC5mpJr . She's my favorite and I would NEVER sell her.
1,"Yeah, because big companies can't ever buy anything from smaller companies... I bet IBM's coffee machines are 5 million dollars a pop and are made by Google directly.",kinoshitajona,Bitcoin,-2,-2,0,2015-03,2015-03-22 18:26:54,Yeah they should definitely become a customer of a company that pulls in a fraction of a percent of their own business.
0,Bitcoin's price is not perpetually falling.,nelsonblaha,Bitcoin,1,1,0,2014-11,2014-11-21 14:59:30,"Except this is false isn't it? Because the cost of getting into and out of exchanges on either side, and the dropping price during that time, means they'd lose far more than $5. This has been repeated over and over again and no one on here has managed to properly refute that Bitcoin is fucking TERRIBLE for remittances."
1,But who is going to build roads?,BaurusdB,Bitcoin,18,18,0,2015-03,2015-03-28 14:02:14,How long will it take for humans to realise that bankers and government are the biggest disease in their lives.
1,wow this news should be on the front page!,BTCisGod,Bitcoin,1,1,0,2015-03,2015-03-31 04:26:21,Federal Agents Charged With Fraud And Bitcoin Theft
1,So that's why I had to wait for my groceries on a parking lot for 2 days before it finally cleared from my bank account?,oskarw85,Bitcoin,0,0,0,2015-04,2015-04-05 07:11:14,"So basically, the ""blocktime"" of the current bank network is on the scale of days, instead of minutes."
1,"Yes, I am a miner, I will spend ten of thousands out of my pocket to keep this currency by kindness from the my deep of my heart...",Sherlockcoin,Bitcoin,13,13,0,2015-04,2015-04-12 22:42:30,"Like someone in another thread said, the people saying things like ""maybe bitcoin the currency goes away but bitcoin the technology survives"" must be expecting miners to process transactions out of the kindness of their hearts. The technology NEEDS a currency and it's extremely unlikely that some other coin gets ahead of bitcoin at this point. How's this so hard to understand?"
1,Yes - it is just a fad like the Internet.,canadiandev,Bitcoin,3,3,0,2015-04,2015-04-24 14:05:06,"Could bitcoin just be a fad? What makes you think bitcoin isnt just a fad, that say, its going to become more popular in the future and not continue its downtrend? What gives you confidence? Peter Schiff has argued that its just a fad. That people will become bored of it eventually, and abandon it."
1,Does this mean that the US Government now accept Bitcoin technically?,scottrobertson,Bitcoin,2,2,0,2015-04,2015-04-30 13:37:38,"Yes, great thing. Government is effectively subsidizing Bitcoin."
1,"If only Midas was live, imagine the price of litecoin by now!",1blockologist,Bitcoin,10,10,0,2015-01,2015-01-09 21:27:35,"That's how you do it. Have a hiccup, and not only fix it, but come back better than before. Anti-fragile."
1,He probably felt bad about trying to have people killed too.,lunarbit,Bitcoin,1,1,0,2015-02,2015-02-05 00:03:19,"Actually he had a lot of trouble lying to the people around him and felt bad about it, and it led in some ways to his downfall."
1,"Yeah, it keeps me up at night.. i've not slept in 50years :]",djangocoin,Bitcoin,4,4,0,2015-02,2015-02-05 10:04:04,Do you have any concern about people using USD you pay to them to do illicit activities?
1,US Navy,djangocoin,Bitcoin,1,1,0,2014-11,2014-11-18 08:24:17,Where do I buy a laser
1,"Why does everyone keep misspelling ""Godvernment"" in this thread?",RenegadeMinds,Bitcoin,2,2,0,2015-02,2015-02-09 00:27:53,A quotation from Frederic Bastiat
1,Let's open a thousand exchanges from moms basement.,usrn,Bitcoin,0,0,0,2015-02,2015-02-25 08:10:04,Free opensource Bitcoin exchange script RELEASED!
0,"Yes it is, when it was asked ""is 8 decimals enough"", otherwise, it would have been asked ""is 2.1 quadrillion units enough""",BuffyButtcoinSlayer,Bitcoin,1,1,0,2014-11,2014-11-11 21:05:56,"Of course finance applications should never work with floats, but that's not what we talked about."
0,"You may also consider creating a custom bet on [BetMoose](https://www.betmoose.com), I see weekly gold and silver predictions on there often",Gloomfrost,Bitcoin,1,1,0,2014-11,2014-11-07 15:59:14,"Trading options &amp; futures on stocks, commodities with Bitcoin? Are there any established players in the Bitcoin industry that allow one to speculate (with leverage) on the price of the S&amp;P500, or the price of Gold &amp; Silver?"
1,You swear you're not really an FBI agent?,Natanael_L,Bitcoin,1,1,0,2014-11,2014-11-12 09:38:20,"Some of us are ladies, actually. ;)"
1,I can't give you an update either.,kiefferbp,Bitcoin,1,1,0,2014-11,2014-11-20 15:48:21,update?
0,So how would I go about calling someone a liar who said they sent me money when I can't check the blockchain,beamerboy46350,Bitcoin,3,3,0,2014-12,2014-12-01 05:24:45,"TIL, a new cryptocurrency totally unrelated to Bitcoin offers Untraceability and Privacy beyond Bitcoin."
1,Using git as intended I see.,rommelvr,Bitcoin,35,35,0,2014-12,2014-12-08 03:24:45,Hi OP - We are aware of this. Some changes that have been made very very recently have not yet synced with Git. They will sync shortly. Thanks for being so alert! -BC.I Dev Team
1,Citizens of a country that won the world soccer championship will never incorporate their business in any other place,StoryBit,Bitcoin,1,1,0,2014-12,2014-12-08 22:11:13,What the hell does being world champions at soccer/futbol have to do with what we're talking about?
1,"Bitcoin isn't viable, get paycoin",kiisfm,Bitcoin,-1,-1,0,2014-12,2014-12-11 16:54:14,"Microsoft, Dell, Newegg, Tiger Direct, PayPal, Expedia, Virgin Galactic, Overstock... You think they're on to something?"
0,"He should just make it like any other promotion he might run, like if it was a holiday or something but exclusively for Bitcoin users.",nitiger,Bitcoin,1,1,0,2015-06,2015-06-07 13:21:45,"Bitcoin promotion ideas for local Computer Store? There is a Computer Store in my area. I go there time-by-time to print stuff, ect and also bought my headset there some time ago. It has a lot of IT stuff for sale. I've been talking with the owner 2 days ago, while waiting for my papers to print and casually asked him what he thinks of bitcoin. He told me that he has heard about it, but never really looked after it. I told him that maybe he could give it a try and accept bitcoin as payment in the store. He was very hestitant, but told me if i can provide him enough proof that bitcoin can be profitable and give him a good promotion idea, he could maybe adapt it. So i'm here, asking you nice people: What promotion could work best in this case? It's a small store in a relatively small city where there is no other store that focuses on IT, so it has a market. I thought about printing QR codes with some small amounts like 0.20$ - 0.50$ each and letting him give them out with each purchase above a specific limit, but i'm low on bits to do this, so that's out. Any other promotion ideas that could be done for free or a small cost?"
0,"Debt in fiat, assets in BTC.",targetpro,Bitcoin,1,1,0,2015-04,2015-04-02 10:59:22,"If you are afraid that the value of bitcoins will go up, you can either hedge against that (buy call options) or you can borrow something else than bitcoins and then convert that to bitcoins (so your debt will not be measured in bitcoins but in e.g. gold/dollars/eggs or whatever)."
0,Log scale pls,kleer001,Bitcoin,0,0,0,2014-11,2014-11-02 17:05:12,What does it all mean?
0,Fold-up-bike,djangocoin,Bitcoin,1,1,0,2015-02,2015-02-02 09:16:15,How is it with taking bike on bus?
1,Now there's a controversial statement.,targetpro,Bitcoin,0,0,0,2015-06,2015-06-04 20:09:42,Karpeles says current exchanges are a disaster waiting to happen
1,Taxpayer money well spent.,usrn,Bitcoin,9,9,0,2015-06,2015-06-09 05:06:39,U.S. DOJ subpoenas website for identities of certain Silk Road commenters.
0,They really should make that more prominent on their site.,blackmarble,Bitcoin,1,1,0,2015-01,2015-01-11 15:15:27,There's a $25 limit per tip bro.
1,"Yeah, there's no such thing as ""network effect"".",SakuraWaifuFetish,Bitcoin,2,2,0,2015-06,2015-06-16 21:56:05,Make your own forum or subreddit. No one is stopping you.
1,"Yah, but atheists don't use money anyway, that in god we trust and all..",Biffingston,Bitcoin,2,2,0,2015-06,2015-06-27 01:11:11,The Bitcoin/Rationalist nexus.
0,"Well you are technically correct, which is the best form of correct.",_gainz,Bitcoin,3,3,0,2015-03,2015-03-07 21:08:52,"There is no ""long term"" in Bitcoin. 5 years is nothing."
1,"vgvtgofskdjiefxjsuxudbegxucjrnd uqwfibdgfkgd cf ggk ee cxiebenxbwwrcbjglafoejbbfe Go ahead, tell me that isn't random.",itisike,Bitcoin,2,2,0,2015-03,2015-03-08 23:47:13,"Of course. Though when comparing a RNG to a human selected seed, the rng wins hands down. Humans aren't very random."
1,i guess with volatility like that Euro will never see any use cases and it isn't fit to be one of the global currencies.,btcluvr,Bitcoin,13,13,0,2015-03,2015-03-11 14:11:28,how low do you think it will drop?
1,"I'm sure the organization you select to force everyone to use this standard will be fair, free from bias, and efficent!",Zahoo,Bitcoin,4,4,0,2015-03,2015-03-16 22:30:02,"I dont know the specifics of this any BTC related license but I am all for implementing strict security standards. Though, this would be a global thing (with reps/experts from all over) and not limited to local governments."
1,And drugs.,MyDixieWreck4BTC,Bitcoin,5,5,0,2015-04,2015-04-25 20:48:50,This!
1,Any day now...,davotoula,Bitcoin,1,1,0,2015-04,2015-04-27 18:30:15,GBTC Today? What do think would happen to the current price if this were to happen ?
0,multibit and campus wifi,fishhoncho,Bitcoin,1,1,0,2015-04,2015-04-28 01:48:00,What software are you using? In theory you may be able to block some wallets but it would be very hard to block them all..
1,"Instead of arguing for and against ""bits"" we should rename the whole thing to ""chain"" as in ""this burger is 6 chains """,descartablet,Bitcoin,1,1,0,2015-04,2015-04-28 19:00:51,Upvoted you. I think they already know that bitcoinn is the blockchain. They name it Blockchain Summit because the blockchain image not has been fucked up like the Bitcoin image. I guess you will hear the term blockchain more and more in the future. Blockchain...powered by Bitcoin
1,"Hey, everyone should be given an equal chance to speak when the organizers don't want to give the money back.",flamingboard,Bitcoin,2,2,0,2015-01,2015-01-06 20:49:44,No Paycoin? Vegas is showing Miami how it's done!!
1,"Lol, my head hurts ""real"" bad.",Logical007,Bitcoin,0,0,0,2015-01,2015-01-07 20:16:23,Spent bitcoins? Expect a tax headache
0,in other words: popcorntime,descartablet,Bitcoin,1,1,0,2015-01,2015-01-09 19:17:15,Time to get the popcorn ready.
1,wait i thought XPY made it all possible?,niteowldood,Bitcoin,1,1,0,2015-01,2015-01-22 20:03:29,Bitcoin has made all of this possible. PexPeppers Garden is expanding.
1,"No no, they'll just be rational and informed enough to vote for the right legislators",jdkeith,Bitcoin,0,0,0,2015-01,2015-01-27 00:35:19,"But people are going to be rational and informed enough to avoid it, eventually letting other services outcompete poorly run companies through market principles! Right guys? Right???"
1,But I thought bitcoin was anonymous,N0TaDoctor,Bitcoin,10,10,0,2015-01,2015-01-29 19:25:42,Prosecutors Trace $13.4 Million in Bitcoins From the Silk Road to Ulbricht's Laptop | WIRED
1,"Yeah, he did absolutely nothing to actually earn that distinction...",Sovereign_Curtis,Bitcoin,6,6,0,2015-02,2015-02-01 13:41:13,Hopefully on the grounds that his expertise is entirely self-styled.
1,And look what a great strategy that turned out to be.,hotoatmeal,Bitcoin,1,1,0,2015-02,2015-02-06 15:10:46,"His mom said he didn't do anything, until it became strategically necessary to admit in court that he founded the Silk Road. Only then did her story change."
0,I'm not using this app until it has six official confirmations.,haakon,Bitcoin,14,14,0,2014-12,2014-12-22 20:00:58,"Yes, everyone should wait till official confirmation from them."
1,"To complete the cycle, we should ban technology from bitcoin",btcfun,Bitcoin,1,1,0,2015-02,2015-02-18 19:26:54,Keywords banned from r/technology; including bitcoin
1,"Yeah, fuck basic infrastructure, because everything any government ever does is categorically evil, right?",Verfassungsschutz,Bitcoin,0,0,0,2015-02,2015-02-20 02:38:52,"It's certanly a value judgment from Bezos, who would no doubt rather allocate that capital as he sees fit, rather than allowing some bureaucrat to squander it on yet another governmental folly."
1,Flattr?,MairusuPawa,Bitcoin,3,3,0,2014-11,2014-11-15 20:01:19,You mean like micropayments for good articles? Would be nice if there was like an anonymous global internet currency for that.
1,Carbon credits are illegal too!,Whooshless,Bitcoin,1,1,0,2014-11,2014-11-27 13:18:59,"There are plenty of local / community currencies in the US, and have been for a long time. Moreover, in places like the US that don't have insane laws against barter any good can be good used as money. Arguing that there is so legal problem with Bitcoin would be like arguing that there was a legal problem with coal or any other good that people may trade for other goods and services."
1,great logic there,bighandxyz,Bitcoin,3,3,0,2014-12,2014-12-09 19:32:57,The replies in this thread are proving OP's point. If he wasn't onto something then this thread would be dead.
0,"No, it does not do any blacklisting, nor is the code useful for blacklisting.",luke-jr,Bitcoin,-3,-3,0,2015-03,2015-03-13 20:27:47,So it's an extraordinary blacklisting patch.
1,"I am so triggered right now, I literally can't even.",alex_leishman,Bitcoin,2,2,0,2015-05,2015-05-26 01:30:32,We need to take to Twitter to promote @Foodler for this. Very offensive. Need to cause them some pain.
1,"Yes, we shouldn't properly analyse and debate changes in a novel cryptosystem that can have a direct financial impact on a lot of people.",hahanee,Bitcoin,9,9,0,2015-05,2015-05-27 16:45:53,You know what i find more concerning than hitting the blocksize limit? The fact that Gavin has to spend so much time convincing non-devs that his strategy will turn out OK instead of actually GETTING SHIT DONE. Just raise the limit. Fear of the unknown is debilitating.
0,I don't understand why I get down-voted...,Sherlockcoin,Bitcoin,1,1,0,2015-05,2015-05-27 18:49:49,ChangeTip Withdraw button is hidden. It took me more than 5 minutes to find it. Why?
0,"General fear not just of the people of Cyprus but globally, probably contributed.",livinincalifornia,Bitcoin,1,1,0,2015-07,2015-07-01 01:37:30,"You're probably correct, but if they bought even at the peak of that 'bubble' they'd be in good shape right now and immune to capital controls. That's amazing."
0,First!,Atlas_84,Bitcoin,1,1,0,2015-02,2015-02-09 18:29:57,Ninja tipping - first 100 comments get free bitcoin PASS IT ON!
0,I'm in Canada and it doesn't work for me.,canadiandev,Bitcoin,1,1,0,2015-05,2015-05-31 20:55:36,what country is allowed to view it? nevermind .. canada works
0,Nobody drew any conclusions as far as I am aware.,codefocus,Bitcoin,1,1,0,2015-02,2015-02-28 18:01:28,Is this how people arrive at conclusions? Check a website. Receive no data. Conclude no connected nodes. Post.
0,"So much good news, I'm waiting for the price drop!",targetpro,Bitcoin,2,2,0,2015-03,2015-03-11 09:01:00,New firm headed by ex-JP Morgan superstar heading to take Bitcoin market cap to the trillions? SO.MUCH.GOOD.NEWS.EVERYWHERE.
0,"Keep talking, it's gaining traction.",XxionxX,Bitcoin,1,1,0,2015-06,2015-06-28 13:50:37,Which is why Gavin &amp; Mike are offering to allow users to decide for themselves by supporting larger block sizes with the Bitcoin XT fork. Anyone can write the block size logic and make it available for users to run; the hard part is convincing them to make the switch.
0,Saddest thing is: is anyone surprised?,Essexal,Bitcoin,7,7,0,2014-11,2014-11-12 11:01:55,JP Morgan whistleblower witnessed 'massive criminal securities fraud' in bank's mortgage operations
0,Don't know why,Introshine,Bitcoin,1,1,0,2015-01,2015-01-17 19:59:19,How would bitpay react?
0,It doesn't offer as much as others.,RenegadeMinds,Bitcoin,1,1,0,2015-02,2015-02-23 06:23:33,"So peace of mind in reference to few bugs/errors, if any? For my time I just find Armory to a better choice, because of multisig and offline transaction signing. Honestly I don't know if bitcoin core wallet offers the same functionality, I'll guess I'll look into it."
0,I bet they moved their coins a lot but they cared not to move those we all identified as theirs.,giszmo,Bitcoin,0,0,0,2015-06,2015-06-14 15:20:26,"It's f**king hard, why on earth you think satoshi didn't move his coins yet"
1,Bring on the red lists.,platonicgap,Bitcoin,0,0,0,2015-06,2015-06-20 04:42:14,"If you have a developer like Mike Hearn willing to firewall off the consensus, consensus becomes irrelevant."
0,Fast block propagation.,killer_storm,Bitcoin,7,7,0,2015-06,2015-06-28 06:27:10,Why is this needed?
1,Yay for money laundering!,robots156,Bitcoin,1,1,0,2015-07,2015-07-05 19:28:33,"Huge bitcoin potential in India! India is very diverse country. Culturally, politically, religiously, and yes financially! More than 35% of India's people live below poverty line, earning less than $2 a day. Unfortunately, there is not much hope for these people on the horizon, and there isn't much Bitcoin can do for them. I am going to talk about the other two categories who can benefit a lot. These are the middle class, and the filthy rich who have undeclared income/assets. In India, the middle class which is huge and growing, is extremely limited with their budgets. Usually only one member earns for the whole family. These families are further divided into lower middle class, middle middle class and upper middle class, with an annual income between $10,000 to $100,000. As your income raises, so do your expenses because of your social status. People in India are very concerned about their status, and its not uncommon for people to show off by borrowing out of their means. Especially in northern India, people will take out huge loans to buy expensive cars and huge houses, just so that they are seen as rich. Point being, the middle class is very limited with their budgets and that extra money can help them a lot! Now comes the other class of the filthy rich. These are usually businessmen who hide their actual income from the authorities in order to evade taxes. This is very very common in India. Just google ""problem of tax evasion in india"". These people have a lot of money as cash, usually stacked up in bank lockers. They are always on the lookout to park their money somewhere safe. Traditionally, they would buy up real estate in cash, and declare only a fraction of the amount paid as the sale price. But the authorities have recently started cracking hard on this practice. Other alternative was to park the money offshore using ""hawala"" transactions. But there is a crackdown on these too, due to concerns of terrorism funding. Most of the people in middle class are salaried people, employed in govt or private companies and their income is almost always 100% white (fully declared and taxes deducted at source). And a lot of the business income is black (undeclared). How can Bitcoin be useful? People with white money can (not very easily, but legally) transfer their money to international exchanges and buy bitcoins. People with black money can buy those coins off of them with cash, at a premium. Both the groups will benefit. At the end, people with lower income but white money will have a little extra and the people with black money will have a very fungible asset that they can transfer anywhere in the world. So whats the problem? Unlike China, Bitcoin exposure is VERY limited in India. My guess would be only 1 in 1000 have ever heard about it. So there is a need for better marketing in India. There is also a potential business opportunity of entrepreneurs in India, as most of the people are not that tech savvy to handle all this themselves."
1,Crazy penguin?,Essexal,Bitcoin,5,5,0,2015-03,2015-03-11 19:46:16,And CP!
1,Oops I should have marked my post,walloon5,Bitcoin,1,1,0,2015-03,2015-03-26 01:39:46,lol the dude explicitly mentions other digital currencies as an option. how can it get more bearish?
1,yes,hellyeahent,Bitcoin,4,4,0,2015-04,2015-04-17 12:24:24,They make margin calls by phone?
0,Submitted 3h ago...,Chynus,Bitcoin,0,0,0,2015-01,2015-01-05 16:15:49,stop reporting the same story...
1,"yeah, that makes sense....",robboywonder,Bitcoin,0,0,0,2015-01,2015-01-31 16:50:38,"He deserves them because their owners (parents) have decided he does. And, if he in fact doesn't deserve them, he will not be able to keep them. Money is not wealth."
1,There are non-combat films?,djangocoin,Bitcoin,1,1,0,2015-01,2015-01-13 08:42:04,Great movie. All future people I highly recommend it if you've ever used a computer or been interested in non-combat aspects of WW2.
1,"12345 abc123 pass 54321 ^ are all good too, at least you have a strong username",djangocoin,Bitcoin,8,8,0,2015-01,2015-01-18 12:40:02,"Most of my passwords are just ""password"""
1,Every bitcoin gets chopped in half lol,djangocoin,Bitcoin,1,1,0,2015-02,2015-02-09 08:38:50,"What is a ""halving""?"
0,Guilty of making the world a better place perhaps.,heltok,Bitcoin,2,2,0,2015-01,2015-01-13 15:44:31,Dude he was caught dead to rights. Due process only applies to what his sentence is. He's guilty as shit.
1,"To be fair, your account is only 4 years old and has only a few thousand karma.",Ratfist,Bitcoin,3,3,0,2015-01,2015-01-13 20:39:30,Fuck off. How's that for a bot? Clever fucking hipsters please Leave me alone
0,Now you know how the rest of us feel when something is US only.,jackmaninov,Bitcoin,8,8,0,2015-01,2015-01-28 17:34:32,Europe only :(
1,...and I'm sure Russia and China will be the ones leading the way.,OldManToza,Bitcoin,1,1,0,2014-11,2014-11-18 05:32:12,"All the coercion, pushing, and spying in the world will not save the dollar. The only way forward is a totally new paradigm: one that respects people's rights and freedoms, one that leaves the obsession to control and abuse behind."
1,"Ask him if he needs anything .... and by anything, I mean *anything* !",majorpaynei86,Bitcoin,1,1,0,2014-11,2014-11-26 12:04:29,"What would u say if u come across Roger Ver? Just as i wrote in the headline, what should u say or do u have some question for him? The below ones are the Chinese people's answer 1. Do you have a plan to built a few Bitcoin churches in China? 2. Is there a competition relations between Apple Pay and btc? How to improve the usability of BTC? 3. It's said u have hundreds of thousands of COINS, is that true? 4. Have u ever had the most difficult days?Or what help u out? 5. Have u thought about the partnership with any company?"
1,I think you dropped this:,Poryhack,Bitcoin,2,2,0,2014-11,2014-11-26 23:38:14,That is exactly what a paid shill would say and want us to believe (you got to be one since you are going against r/bitcoin mainstream).
1,"Yeah, open source programming would never work.",rowdy_beaver,Bitcoin,1,1,0,2014-12,2014-12-08 23:17:43,"I think it does matter what people think that make their living working to make a product that people feel they are entitled to just because it is in a digital format. If someone takes Bitcoin from someone else is that OK with you? Bitcoin is digital and does that work into the ""nature of information"" model? I think some level of sharing is good but I know many professional musicians from bands I am sure you have heard of because they are all very famous that actually make less than a person that makes french fries at McDonalds because people feel entitled to steal their work and not pay for it. I am hoping that there will be a way for people to create creative works and set their own price and people will have to pay this price or not get to see or hear this content and people that find a way around this will be charged with petty theft because that is what they are ...thieves."
1,That would actually be good news too.,ihsw,Bitcoin,1,1,0,2014-12,2014-12-14 23:30:51,"Cue tomorrow's headline ""Corrected Translation from Government Official: China Bans Bitcoin"""
1,Yeah but..... karma!,fiat_sux2,Bitcoin,3,3,0,2015-05,2015-05-21 20:29:35,This is the internet dude. Credit is silly.
0,Please define spam here.,ThePenultimateOne,Bitcoin,7,7,0,2015-05,2015-05-24 04:42:57,"It shows block sizes nearing the limit, but it makes no effort to measure the amount of real use in the blocks (as opposed to spam, microtransactions, testing, etc)."
0,Great question!,targetpro,Bitcoin,0,0,0,2015-03,2015-03-20 08:32:42,"Where, I ask you, is the best list of Bitcoin resources (i.e websites, videos, articles) that one could copy and paste into a document for people new to magical internet money."
0,That's some top kek,shah256,Bitcoin,0,0,0,2015-05,2015-05-28 17:00:22,"Bitcoin is dying, and here is why!"
0,First quarter of this millennium...,Sherlockcoin,Bitcoin,2,2,0,2015-04,2015-04-16 09:19:23,"Just emailed them. They said ""1st Quarter"" of this century, not this year. Not too many years left."
1,"So adorable, apparently Canadian children are just like normal children!",d4d5c4e5,Bitcoin,2,2,0,2015-05,2015-05-27 08:11:55,"Ha, Canadian rainbow money :P"
0,That's the problem with decentralized systems like the Internet.,tetondon,Bitcoin,15,15,0,2015-01,2015-01-04 02:16:53,It's being raided by buttcoiners. They're getting directly linked to here.
1,So you are saying that the future president of the US might have been saved from a heroin OD by jailing him?,-Hegemon-,Bitcoin,9,9,0,2015-06,2015-06-02 03:41:45,At sentencing the judge used a heroin overdose as an example of dangerous the Silk Road is. The OD'er's parents showed up and said how their son wouldn't have done heroin if it wasn't so easy to get. So the joke fits in a dark way. I like it.
0,This is huge!,sebrandon1,Bitcoin,2,2,0,2015-02,2015-02-19 19:24:12,Stripe now supports Bitcoin for checkout
1,"In your Dropbox, duh!",Introshine,Bitcoin,2,2,0,2015-06,2015-06-19 18:56:38,Then where do you store the password for the encrypted key?
0,"Did he say ""moon""?",duduqa,Bitcoin,-8,-8,0,2015-01,2015-01-06 19:46:43,Looking before the Scaling Up Leap - by Gavin Andresen
0,Perhaps some minor/funny announcement...,duduqa,Bitcoin,14,14,0,2015-01,2015-01-25 10:47:14,Correction: huge letdown on monday.
0,When is it available to buy on etrade?,NedRadnad,Bitcoin,9,9,0,2015-03,2015-03-02 02:03:01,Bitcoin Investment Trust is now the the first regulated investment vehicle that allows FIs and individual investors to get exposure to bitcoin... Huge Congrats to the BIT team and Barry for all their hard work!! This is a big deal people
0,"Funny, but not cool.",Lawsky,Bitcoin,2,2,0,2015-02,2015-02-22 12:47:33,"and on their shirts in big letters ""pump n' dump"""
0,I'm told they're re-coding the PHP backend.,Sterlingz,Bitcoin,0,0,0,2015-01,2015-01-06 03:30:52,Why do they need so long? Are they updating code. More details please.
1,I hear the people behind Evo market have some they might want to get rid off...,swedishdelight,Bitcoin,1,1,0,2015-03,2015-03-19 03:42:22,Buying BTC anonymously online I need a way to do this. I would prefer using a debit card or moneypak. I have cash but can't deposit it into a bank. Localbitcoins is not an option in my area. I live in the US of A. Ideas?
1,"Nah, it's just some people spamming the network by moving around their coins heaps to make it look like Bitcoin adoption is happening.",ferretinjapan,Bitcoin,31,31,0,2015-04,2015-04-01 04:01:48,You can't tell me Bitcoin does not have a huge Networking Effect! Look at the Transactional Volume and Price Stability. Every year the transaction volume grows while believe this or not the volatility goes down. Bitcoin is becoming more stable and therefore more useful as money. Does this mean a steady rise and pop past $1000 to $10000 a coin then once again another drop? The volatility chart suggest that this is likely. Every year the boom and bust get more and more smooth! To me its acting perfectly eventually be a store of value and currency. What do you guys think?
1,"yeah, because everytime anyone ever types ""lol"" it means they actually burst out laughing uncontrollably.",FreeToEvolve,Bitcoin,1,1,0,2015-04,2015-04-04 11:48:01,Kinda makes you think how strange a person would be for literally laughing out loud uncontrollably at it.
0,"7 (logged in, search history off, private results off)",r721,Bitcoin,2,2,0,2015-04,2015-04-14 13:30:24,Which one of you fine people is the genius SEO aficionado?
1,"I'm sure this corporate executive would be the first to show his own financial records in the name of ""transparency"".",TheSelfGoverned,Bitcoin,5,5,0,2014-12,2014-12-09 18:05:05,That's a suspicious transaction.
1,So it would be dumb not to support their native monies,abolish_karma,Bitcoin,0,0,0,2015-04,2015-04-26 07:48:25,And tell everyone that your bosses bar serves alcohol to criminals and drug dealers. Because they probably do. Without even knowing it. But that's besides the point if you want to be a dick. Just ask your boss.
1,Pay coin you say?,ichabodsc,Bitcoin,1,1,0,2015-01,2015-01-04 19:17:58,"Anybody know anything about ""paycoin""? - seems to be performing quite well."
1,Ben Lawsky,modus,Bitcoin,1,1,0,2015-01,2015-01-06 12:53:25,What is powerful enough to take out the whole internet?
0,Peer to peer mortgages that are verifiable on the blockchain.,L7L7L7L7,Bitcoin,1,1,0,2015-02,2015-02-07 16:53:52,"My father is VP of a mortgage company, any ideas for his company to move into the blockchain space? So as i said hes VP of a mortgage company. Ive talked to him the past couple years about bitcoin and hes even bought some. Ive tried to think of ideas that his company could do to get into the space. Im just looking for a starting point to think on for his company. I'm not even sure if its possible for his company to survive as micro loans seem like there going to be the future. Anyways if anyone has hits of ideas i would love to hear them. Thanks."
1,Definitely the best way to attract women to bitcoin.,fiat_sux4,Bitcoin,11,11,0,2014-11,2014-11-12 03:47:35,This Is Gentlemen
1,Time to take a long walk off a tall building....,SpaceTire,Bitcoin,4,4,0,2014-11,2014-11-20 20:26:59,OOO NOOO SOO DEPRESSING =[[[[[[[
1,It's amaaaaazing how much stuff you can do with ripples!,knight222,Bitcoin,1,1,0,2014-12,2014-12-19 20:22:07,"Ripple stole $600 million of bitcoins market cap in 2 weeks, is it a threat to bitcoin?"
0,And he'd be branded a spammer likely not having those transactions confirm for a really really long time if at all.,rydan,Bitcoin,-1,-1,0,2015-06,2015-06-04 09:19:05,"the funny thing is he could share a piece of bitcoin with every single one and still have 90 million satoshis left,"
0,Saw a good example - you're as anonymous using bitcoin as you are when you drive a car around and everyone can see the license plates.,walloon5,Bitcoin,1,1,0,2015-01,2015-01-31 22:48:11,A Friendly Reminder: Bitcoin Is Not Anonymous
0,"Whoa, meta.",iShootDope_AmA,Bitcoin,8,8,0,2014-11,2014-11-20 00:41:39,"""This is not something that I am going to change as it is not an issue and my identity is secure."""
0,Or it's an attack on scumbags who think it's a good idea to steal thousands of people's bitcoins.,usrn,Bitcoin,0,0,0,2015-03,2015-03-21 06:50:26,"This is an attack on the fungibility of Bitcoin. Authorities can create dark markets, bust them, send the coins to exchanges, and in short order take down the entire ecosystem with this 'fungibility attack'. They can threaten exchanges to lock coins. Encourage the building of dark markets that they really control. I know some refuse to believe these sorts of things would be done, but they have historic precedent, this is how our governments operate. They don't even have to do everything, they can encourage others at each point. Sadly I think the Bitcoin community though getting libertarian principle is a bit short on understanding the full scale of what we are up against."
0,You need to pay them...,btcdrak,Bitcoin,3,3,0,2015-06,2015-06-19 21:50:30,"Come on guys, just agree with me, I don't have time for all these rebuttals."
0,"The comments section of the article shows that the public perception towards Bitcoin is starting to be more positive...especially when compared to the ""legacy banking/financial system"".",xcsler,Bitcoin,9,9,0,2015-01,2015-01-17 22:57:47,"Bitcoin is threat to sterling and may aid terrorists, warn banks - Telegraph"
0,I can't tell if you have to try to make so little sense or it just comes naturally.,chrisrico,Bitcoin,10,10,0,2015-02,2015-02-13 06:36:09,I'm not really so sure about that. Basically test like crazy. Put some if...then condition set to a certain block height. Then be done with it. I do updates to things like databases that are over 30GB in size without downtime. That is far more like what you are showing.
0,Your loan price indexed?,Zarutian,Bitcoin,0,0,0,2015-04,2015-04-07 18:02:48,"My mortgage is a debt in fiat. What would happen if the currency inflates / collapses? Would I still owe the agreed amount, which would then be worth basically nothing?"
0,Too much cake?,goodbtc,Bitcoin,2,2,0,2015-04,2015-04-03 13:28:36,5 Reasons Why Bitcoin Is Big 1. Bitcoin is a game changer 2. Bitcoin is a game changer 3. Bitcoin is a game changer 4. Bitcoin is a game changer 5. Bitcoin is a game changer
0,Yes... but they have to find the holder through another method.,Zahoo,Bitcoin,1,1,0,2015-01,2015-01-06 03:56:35,Can they go to law enforcement and subpoena the holder of 1L2JsXHPMYuAa9ugvHGLwkdstCPUDemNCf?
0,Because the title of the Monday posts has already been debated to death and switched multiple times :-),statoshi,Bitcoin,2,2,0,2015-06,2015-06-15 15:58:50,"Why you named it ""moronic"" Monday? It's not a very good name IMO.. How about just calling it ""Q&amp;A Monday""? :)"
0,Or SMS.,flamingboard,Bitcoin,2,2,0,2015-01,2015-01-14 06:06:29,*anywhere with internet access
1,Wait a minute... There was financial technology before Bitcoin.,EyeWuzHear,Bitcoin,5,5,0,2015-06,2015-06-24 21:17:37,"""Bitcoin has brought a surge of new talent to the financial technology space."""
0,"Except I'm not, so just keep responding with more drivel you little gnat.",BitcoinThePhrase,Bitcoin,1,1,0,2015-02,2015-02-22 20:09:31,keep on downvoting. it won't change the fact that you're consistantly wrong :)
0,What is Tipping Tuesday?,aesamattki,Bitcoin,1,1,0,2014-11,2014-11-18 20:53:05,Just in time for Tipping Tuesday. Well played.
0,"Stop spreading FUD man, you sound like an idiot.",privethello,Bitcoin,3,3,0,2015-06,2015-06-28 18:11:45,If you give me your address I can send you some tissues
1,Yeah rumour has it they only use Morse code over telegraph lines in those remote regions of Europe.,_EuroTrash_,Bitcoin,8,8,0,2015-06,2015-06-28 18:54:24,Most Greeks don't have smartphones?
1,Let me just explain that to my granny.,randy-lawnmole,Bitcoin,0,0,0,2015-06,2015-06-30 17:41:16,"PSA: Coinbase, Circle, et al. are convenient places to buy or sell bitcoins, not safe places to store them."
0,Prove it.,sadshibe28,Bitcoin,3,3,0,2015-03,2015-03-09 00:03:28,I have 10 million of the 13 million bitcoin in existence.
1,"Qualcomm is a bunch of dummies, should have bought some altcoins instead.",GibbsSamplePlatter,Bitcoin,5,5,0,2015-03,2015-03-14 18:53:01,"The VC who are investing in Bitcoin startups aren't idiots. They will have thoroughly vetted a business plan before dropping $20 mill, much less $116."
1,Because no other human agency offers a better solution to transparency and accountability than a monopoly called government,hillsareshadows,Bitcoin,2,2,0,2015-03,2015-03-29 15:42:06,"It also permits a few to organize themselves into ruthless, powerful, and dangerous organizations. You know, like the government, except without accountability of any kind."
1,"As someone from the US, what the hell is a ""milli""?",TheSelfGoverned,Bitcoin,0,0,0,2014-12,2014-12-23 08:32:11,"Yes, 30,000 bits is $10! Sounds crazy right? 30 mBTC sounds better, but needs a better name."
0,"Silk road's competition, in competition with silk road's competition, being paid by silk road's competition.",platinum_rhodium,Bitcoin,1,1,0,2015-03,2015-03-30 19:53:26,Undercover Agents Working on Silk Road Case Charged with Theft and Money Laundering
1,You mean quarterly bonuses?,targetpro,Bitcoin,3,3,0,2015-04,2015-04-01 05:12:48,I hope these guys gets what's coming for them.
1,...So they shouldn't have an issue accepting bitcoin then...,targetpro,Bitcoin,3,3,0,2015-02,2015-02-03 01:21:57,"""The way I view the Fed it's basically just like Bitcoin"" -David Andolfatto"
1,"Oh, now you've given away too much...",GOOEYFARTS,Bitcoin,10,10,0,2015-04,2015-04-29 23:41:09,Hehe. For the lazy: BIP38 password protected key.
1,Bitcoin's dead,Introshine,Bitcoin,2,2,0,2015-02,2015-02-16 12:10:21,'Cyber bank robbers' steal Money worth 4.3 Million Bitcoin!
1,But does he pay them in Bitcoin?,luffintlimme,Bitcoin,0,0,0,2014-11,2014-11-19 14:44:40,And the guy is always yelling at his poor staff.
1,There's no centrally planned campaign against BTC.,usrn,Bitcoin,0,0,0,2014-12,2014-12-16 08:53:31,"""The only asset, and I use that word lightly, that's done worse than the ruble's 50 percent fall is Bitcoin..."""
0,No.,cbeast,Bitcoin,1,1,0,2015-06,2015-06-01 16:13:57,Mark Karples is starting to break his silence and I thank him for it.
0,"I call it ""saving"", which is what is really being done when people yell hoarding.",twfry,Bitcoin,10,10,0,2015-03,2015-03-09 20:47:29,deferred consumption.
0,True but I'm not seeing the relevance of this comment?,murbul,Bitcoin,1,1,0,2014-11,2014-11-21 15:00:31,SSL requires a trusted third party. The blockchain doesn't.
0,and remember to move the recovered coins to a new address.,ronohara,Bitcoin,1,1,0,2015-05,2015-05-30 13:48:31,Use an HD wallet. Get shitfaced. Restore backup seed on new phone.
0,Socialism had nothing to do with it.,prelsidente,Bitcoin,3,3,0,2015-07,2015-07-01 07:23:14,When the Euro was first introduced I expected *exactly* this to happen and I'm quite surprised it took as long as it did. Having socialist countries trying to use a fiat currency that they don't control the printing of seems crazy.
0,jlaw+btc=happy,djangocoin,Bitcoin,1,1,0,2014-11,2014-11-13 15:22:03,The bitcoin fappening :)
1,mindblown.jpg,usrn,Bitcoin,13,13,0,2015-06,2015-06-11 22:18:43,"Am I wrong in thinking SilkRoad = Napster, OpenBazaar = Bittorrent?"
1,It's only $3bn,hahanee,Bitcoin,4,4,0,2015-06,2015-06-18 21:52:04,"Yes, fuck analysis, we'll do it live!"
0,"Wait a minute, How did you know it was dark roast?",EyeWuzHear,Bitcoin,1,1,0,2015-06,2015-06-25 17:07:20,Ahh - a dark roast fappuccino. Quite the connoisseur!
0,Ha!,saucercrab,Bitcoin,0,0,0,2014-12,2014-12-14 16:28:01,"Prepare a small paper wallet, put a bow on it, and place it under a decorated Merkle tree."
0,"Sorry, I was just taking this opportunity to wish you a happy new year :)",hashman2,Bitcoin,2,2,0,2015-02,2015-02-25 17:23:32,Have I ever in my extensive submission history on reddit demonstrated a knowledge of another language other than english? The answer is no. I said in the original thread that the password is something I can easily remember.
0,"People often get puritanical about Bitcoin, but any wealth in cryptocurrency is money emancipated out of fiat.",omniVici,Bitcoin,4,4,0,2015-03,2015-03-08 03:08:38,"To be fair, Bitcoin had all that negativity from Gox, whereas Monacoin exposed 2ch users to cryptocurrencies. Short-sighted people need to stop bashing cultural, quirky coins because we all know how it turned out with Dogecoins (most ended up coming to Bitcoin)."
1,Well this will certainly help with bitcoins shaky rep,MrSundance1498,Bitcoin,1,1,0,2015-01,2015-01-22 15:36:31,"Kidnappers in Costa Rica demand $500,000 ransom payment in Bitcoin."
1,What's a post office?,djangocoin,Bitcoin,1,1,0,2015-03,2015-03-19 09:53:30,This is also true for post offices
1,"Sure, only a few days' worth of lawyers' time... Peanuts.",_niko,Bitcoin,2,2,0,2015-03,2015-03-21 21:30:21,"I thought MSB licenses were basically free in Canada... you just need to go through the application process, but yeah, they're still not required in Canada anyways."
1,All the more important to repent.,Cowboy_Coder,Bitcoin,8,8,0,2015-03,2015-03-30 19:25:37,I think he's jewish?
1,Markdown doesn't provide them with the extensive redaction features they apparently need.,KayRice,Bitcoin,10,10,0,2015-04,2015-04-10 23:11:07,Why do these minutes not live on GitHub? That way everybody could say the whole trail.
0,"Hell 21 should just offer free support, if the merchant's agreeing to pay for hardware that mines for 21's profit...",obavijest,Bitcoin,1,1,0,2015-04,2015-04-20 01:11:08,A company with enough venture capital could theoretically hand them out for free if enough merchants had them. Have all the machines point at your pool and you could subsidize the hardware that way while the merchant only pays for the support like with bitpay.
1,Can I run a public server without being on the internet?,flamingboard,Bitcoin,5,5,0,2015-01,2015-01-03 22:23:19,Is there some way to run a full node without opening ports?
1,"Those guys from that documentary, Inception something...",Natanael_L,Bitcoin,2,2,0,2015-01,2015-01-04 00:41:31,"Read: after the heat death of the universe. (Joke) In honesty, is it likely that someone could decrypt his wallet.dat?"
1,"Mmmm might be a good investment, buy low ammirite?",Introshine,Bitcoin,1,1,0,2015-01,2015-01-04 10:13:43,"PayCoin is down the most.... hahaha, that's perfect."
1,"Oh yeah, I'm sure that precipitous drop 24h earlier was just coincidence.",drcode,Bitcoin,0,0,0,2015-01,2015-01-05 16:01:39,"The price doesn't look affected now, so it's unlikely it'll do anything when it comes back. The only thing that might cause a difference in price is whether people are going to cash out in dollars or bitcoin, because there will be a lot of people cashing out of bitstamp."
1,"You can keep your doctor and..... the bitcoins will be returned, soonish.",Surfer433,Bitcoin,2,2,0,2015-01,2015-01-16 06:53:23,"Theoretical question: If all of this craziness is true and Karpeles is found guilty of running Silk Road, is it possible that the Silk Road Bitcoin could be handed out to people who had coins on Mt. Gox?"
1,All dangerous criminals.,TheSelfGoverned,Bitcoin,1,1,0,2014-12,2014-12-22 00:01:05,"Yes. Rosa Parks, MLK Jr., etc."
1,"If btc was the only currency, i'd fancy to guess that buying 1btc would probably cost you about 1btc.",Ratfist,Bitcoin,2,2,0,2015-01,2015-01-17 09:15:33,"So if no other currency than bitcoin exists, what is the value of bitcoin?"
1,CLIMATE DENIER!,majorpaynei86,Bitcoin,0,0,0,2015-02,2015-02-12 11:14:52,"I don't know...I think this argument could go both ways. I see a bunch of irrational posts on here all the time that are pro-bitcoin. yes we wall want to be a groups we identify with. Some of use are in the pro-bitcoin group..some in the anti...and others just couldn't care less...they're not commenting at all I think we all have to be aware we have a little bit of this tendency in all of us, and try to have rational conversations when possible. A bit off topic, but i've also noticed espeically lately where folks will use ""science"" or ""scientist"" as one big group as if they all agree, and that if you disagree with someone, they'll point you to ""well x of y scientists disagree with you so you must be anti-science"" science should be about debating....challenging the common assumptions...yes challenging even the unanimous conscience of scientists who after all are also prone to the exact thing this video is addressing."
1,PM me the private keys and I'll grade them.,MyDixieWreck4BTC,Bitcoin,7,7,0,2015-02,2015-02-18 19:48:20,I'm going to need my bitcoins to be MS67 or better.
1,I could build Counterparty in 339 lines of code.,BashCo,Bitcoin,3,3,0,2014-11,2014-11-14 22:30:19,"No, he's really not."
1,"It's suspicious, but I don't know enough about anonymous hype shitposting to disprove it.",Thorbinator,Bitcoin,6,6,0,2014-11,2014-11-25 20:30:21,Seems legit.
1,But thats the best way to scam... (evil grin),jpfromreddit,Bitcoin,4,4,0,2014-11,2014-11-26 21:39:59,It's really irresponsible of GAW to be taking on so many new scams without finishing some of their old ones first.
1,"Checkmate, Bitcoiners!",fixthetracking,Bitcoin,1,1,0,2014-12,2014-12-08 16:21:43,Australian Banks Plan Billion-Dollar Upgrade to Allow Real-Time Payments
1,because correlation is causation,BTCisGod,Bitcoin,0,0,0,2014-12,2014-12-16 23:22:07,This is what's up to your currency if you block bitcoin in your country.
0,"Well, In my opinion nobody ""should"" get more time what they've got no matter what they've achieved.",usrn,Bitcoin,1,1,0,2015-04,2015-04-12 17:22:18,"I think we can all agree that John Nash, Benjamin Franklin, or Leonardo Davinci in their prime are fantastic examples of humans who should get more time."
0,You cannot expect anything positive from someone who opposes encryption (privacy).,usrn,Bitcoin,2,2,0,2015-01,2015-01-23 18:23:08,Bitcoin does not use encryption in the protocol.
0,You're going to give your sister 1 fuck?,Sovereign_Curtis,Bitcoin,15,15,0,2014-12,2014-12-24 17:31:09,"Gift - Created Vanity On Accident Giving some BTC to my sister, mom, and dad for holidays. While creating paper wallets to put in their stockings, I got lucky and generated 1FUCK..... Giving that one to my sister."
0,I'd be kind enough to give people updates every year.,GOOEYFARTS,Bitcoin,2,2,0,2015-04,2015-04-30 04:55:35,How does it work again? Remindme! 9 years ?
0,the key here is updating good old namecoin so all btc miners can get some for free and exchanges can operate smoothly with it.,samurai321,Bitcoin,3,3,0,2014-12,2014-12-23 11:56:59,Namecoin 3.80 released !
0,It better be worth it or they'll end up like the boy who cried wolf.,MyDixieWreck4BTC,Bitcoin,6,6,0,2015-01,2015-01-25 18:01:04,"I have no idea but it seems really childish of coinbase to create a ""to the moon"" page with a countdown and no explanation. It's like Adam Guberuez and his attempts to pump the market. I wonder what their intent is behind this..."
0,This is why you include an offer to exchange for usd for up to one year or one moon.,zombiecoiner,Bitcoin,2,2,0,2014-11,2014-11-30 22:58:19,"Sadly, that's not how my brothers took it when I gave them some bitcoins last Christmas. They were like ""whut is this?"", which led to me having to explain it, which led to them asking ""what is it good for? why should I care?"", which led to me sounding like I was preaching... :/"
0,"This has already been posted, it's currently nearly at the top of the first page, with a much more sensible title.",boldra,Bitcoin,6,6,0,2014-12,2014-12-15 20:00:12,WARNING: Code refactoring bug in 0.10 makes it impossible to merge CHECKLOCKTIMEVERIFY
0,Chances are just as good that it's the thief that did the forwarding to *his* own new address.,fiat_sux4,Bitcoin,0,0,0,2014-11,2014-11-23 04:33:41,I think it's still a good idea for scenarios where a person thinks they might have exposed their private key but aren't sure. Revoke the address and all future deposits tumble to their new address.
0,"Iirc magstripes contain extra info that would be hard to get from card number alone, and not many countries still use mag",elan96,Bitcoin,1,1,0,2015-02,2015-02-07 18:56:03,Couldn't you use the number to generate a magstripe?
0,WARNING: Always do Bitcoin to cash trade(or vice versa) in a crowded place,warproxxx,Bitcoin,1,1,0,2015-06,2015-06-08 07:34:31,Gunmen rob NYC man 1100 dollars worth of Bitcoin
0,"But still, what?",IttyBittyCoins,Bitcoin,-6,-6,0,2015-06,2015-06-17 02:31:39,Unfortunately it is still not available in my state... Not that that is directly their fault but still.
0,Oh THAT's the reason.,platonicgap,Bitcoin,41,41,0,2015-06,2015-06-17 05:02:20,Bitcoin spikes above $240 on Fed interest rate fears
1,And that's why something like OpenSSL has never had any problems - because *so many* experts are looking at it.,daveime,Bitcoin,4,4,0,2015-06,2015-06-18 17:18:29,"If you are not technical, there are plenty of people who are on the Internet."
1,"Government doesn't need to regulate Bitcoin, the core devs are doing a great job at it.",statelessmancom,Bitcoin,5,5,0,2015-06,2015-06-20 06:35:09,"Don't Stifle Bitcoin With Regulations, Canada's Senate Urges"
1,It's called being creative.,Natorboy,Bitcoin,13,13,0,2015-06,2015-06-24 12:32:26,You spelled the word edge wrong in your logo.
1,Yeah you know because Euros are helping them out so much right now.,PoliticalDissidents,Bitcoin,2,2,0,2015-06,2015-06-30 20:48:18,"Seriously, you don't wanna ""protect your savings"" using a volatile currency."
0,That escalated quickly.,supersatoshi,Bitcoin,-1,-1,0,2015-02,2015-02-04 05:31:44,Spotify is accepting Bitcoin right now !!
0,Why would there be negative fees?,bobabouey,Bitcoin,6,6,0,2015-03,2015-03-03 19:37:50,"Hey. Its Michael from the article. On average the fees are from as low as negative 3% to +12-15%, and we are talking about btc-e exchange price. The cheapest option is always the one without a bank in the middle (cash). The most expensive would be fully automated service at the ATM. Commission also depends on the currency that you trade in. Hryvna would be more expensive, cash USD the cheapest. But trading in cash is not exactly legal, so you have to be careful. In terms of liquidity - i can get you almost any amount. I personally know a few local bitcoin millioners (in usd terms of course). And forget AML/KYC crap :)"
1,pretty sure there is an 18k BTC forum being built which is going to be *much* better,MaxSan,Bitcoin,9,9,0,2015-03,2015-03-19 22:45:53,So basically Bitcointalk. They have an army of developers that might be able to help.
0,"This sub has pretty well known for vote brigading, nothing new.",XavierHulking,Bitcoin,2,2,0,2015-04,2015-04-08 19:04:08,"Starting to become like the Yahoo Finance message board,(Troll Heaven)."
1,Paul Krugman,redditHi,Bitcoin,3,3,0,2015-03,2015-03-27 09:29:38,"Who writes the most intelligent, well-researched articles on Bitcoin regulation and legal topics?"
1,If only there was a service that provided me with a car and the means to fix mine if something happened to it.... dang wouldn't that be cool.,MooneRumblebelly,Bitcoin,0,0,0,2015-04,2015-04-17 04:55:23,Your automated uber taxi's internet connected GPS will come in handy when you need to locate its metal frame that will be sitting on cement blocks.
1,"Don't worry, someone else will build them",tokyo-hot,Bitcoin,1,1,0,2015-04,2015-04-18 20:56:59,"There don't appear to be *any* structures on Liberland when viewed on Google Earth. There are a few orchards or something, and that's it."
1,"Yeah, because appealing to The State for dispute resolution **always** goes off without a hitch.",Sovereign_Curtis,Bitcoin,0,0,0,2015-04,2015-04-20 12:57:00,"If there was actual, physical proof of that, there would have been lawsuits."
0,Rub3x is a huge troll; killing two birds..,N0TaDoctor,Bitcoin,2,2,0,2015-01,2015-01-10 16:51:29,Paycoin is a big Scam. just search reddit or bitcointalk.
0,never forget your roots....,freemikefree,Bitcoin,4,4,0,2015-01,2015-01-14 15:25:53,I'll stop buying off-brand ramen and buy the real thing
1,nooooo why you say that,goalkeeperr,Bitcoin,6,6,0,2015-01,2015-01-04 06:12:16,"So you came here.... to tell us you'll answer questions but only on the forums you restrict, control, and censor?"
1,"Well it's either gonna be worth 1/21 millionth of all the money in the world, or absolutely nothing in the long run.",Thorbinator,Bitcoin,1,1,0,2015-01,2015-01-08 02:42:27,"Actually, this is how 90% of the bulls on this sub talk."
1,10 minute old account; sounds legit.,statoshi,Bitcoin,0,0,0,2015-01,2015-01-13 02:18:30,"I still feel so frustrated about the price, even though I believe that Bitcoin is Great. Each time I open app, I find that the price is lower than last time. It's so frustrating. It's clear that I should be far away from Bitcoin news so that I can keep spirit calm."
1,50 btc and it crashed the market!,couchdive,Bitcoin,2,2,0,2015-01,2015-01-14 00:05:33,Is there an estimate of how much people actually gave that scammer?
1,Yeah they will probably add two Bitcoin clones because they are so useful and not redundant at all.,btcdetective,Bitcoin,8,8,0,2015-01,2015-01-25 15:56:06,"The rocket is going to blast off and plant 2 more flags on the moon, guess which 2"
0,ELI5 Google Now?,fiat_sux2,Bitcoin,3,3,0,2015-01,2015-01-30 19:49:22,Google Now adds Coinbase integration.
1,"that's just a digital signal from your mouth to your brain, it has no physical basis or existance long-term and thereful must not have intrinsic value.",Lawsky,Bitcoin,10,10,0,2015-01,2015-01-29 20:39:11,Tell that to my taste buds.
1,Major economists have recommended toilet paper as a hedge against inflation.,SheikhOfBitcoin,Bitcoin,3,3,0,2015-02,2015-02-06 12:12:42,Bitcoin outperformed by toilet paper shares
1,Showing Bitcoin store of wealth quality against FIAT is definitely a waste of time,Essexal,Bitcoin,4,4,0,2015-02,2015-02-06 19:49:45,This post is quite off-topic. Who really cares about the BTC price in that country? And it's a non-sense to compare volatility between BTC and a lost fiat currency. Is like comparing math with toilet paper.
1,"Thank you for using all-caps, just in case someone missed the first post of this announcment!",targetpro,Bitcoin,1,1,0,2015-02,2015-02-25 00:22:39,PEACHDISH NATIONAL MEAL KIT DELIVERY SERVICE ANNOUNCES ACCEPTANCE OF BITCOIN
1,"Dude, its not like Bitcoin is going to be affected by rumors.",swedishdelight,Bitcoin,2,2,0,2015-02,2015-02-28 13:17:00,"Erm, while I respect them for going after confirmation, a professional journalist wouldn't publish a teaser piece like the at all. It's particularly dodgy behaviour when you're reporting on a volatile financial instrument."
1,Guess that's the end of the USD/Euro and several other Forex markets,Introshine,Bitcoin,13,13,0,2014-11,2014-11-13 13:47:35,Forex Investors May Face $1 Billion Loss as Trade Site Vanishes
1,I'm sure both of them are unaffected,1BitcoinOrBust,Bitcoin,2,2,0,2014-11,2014-11-27 12:55:58,Wartime for Bitcoin
1,Wow that's fucking justice.,pizzaface18,Bitcoin,2,2,0,2014-12,2014-12-06 03:31:37,"88-year-old man fined $12000 by the Canadian Revenue Agency, for omitting a small pension."
1,Yeah just like dollars and cents are extremely complicated,bananapro,Bitcoin,3,3,0,2014-12,2014-12-13 15:16:31,That sounds very complicated.
0,Me and a 'friend' will be on later ;-),Essexal,Bitcoin,5,5,0,2015-05,2015-05-24 14:40:55,So where is the Streamium porn already? This is inevitable; I'm surprised I've not seen any yet...
0,To use bitcoins you have to create an accoubt(our simple form hasn't been setup yet),dherik,Bitcoin,0,0,0,2015-04,2015-04-14 06:28:35,"I tried it, and all I could see was the fields for specifying credit card info."
0,I eagerly await you presenting evidence that economics is empirically based when nothing could be further from the truth.,Bipolarruledout,Bitcoin,1,1,0,2015-01,2015-01-19 14:10:48,I eagerly await you guys to tell me how MIT has no idea what they are talking about. And that a professor at Harvard Business School is also not as informed as you are.
0,"Even in Australia you are allowed your drinks (and food) out in the gardens, and we are about as nanny state as you get!",Magikarpeles,Bitcoin,2,2,0,2015-01,2015-01-23 19:33:19,"A proper beer garden would of course allow you to bring your own food (not drinks, though) and your dog. Source: I'm from Bavaria"
0,Who will tax cash?,thomasbomb45,Bitcoin,6,6,0,2015-02,2015-02-08 21:52:49,Like asking who will tax bitcoin or tcp/ip. There is nothing to tax.
0,FUDding intensifies.,Introshine,Bitcoin,1,1,0,2015-02,2015-02-24 10:15:15,Decentralized Malware on the Blockchain
1,Because no-one is using Bitcoin anymore,Essexal,Bitcoin,1,1,0,2015-06,2015-06-18 01:17:50,Are we still spamming the network or why did we get a new ATH in transactions yesterday?
1,"They don't, everything is working just fine.",Late_To_Parties,Bitcoin,2,2,0,2015-06,2015-06-20 17:27:06,"Why does Greece need Bitcoin? Hi, I'm not a buttcoiner. I'm (rather heavily) invested in Bitcoin. But I really don't get why a lot of people here seem to think bitcoin can help the people in Greece. I thougt the mantra here was ""Only invest what you can afford to lose"". Isn't it much better to withdraw cash, maybe even buy some other big currency as USD if you're afraid the euro wil crash, than to start gambling with crypto currencies? I seems obvious to me Bitcoin is a long way of being a stable store of value. So what am I missing?"
1,"And then the one party cheats the outcome by modifying an externality the code depends on, but because we live in some utopian wet dream with ""less police"" the poor person that's been screwed just accepts it.",fluffyponyza,Bitcoin,6,6,0,2015-03,2015-03-19 17:15:39,"Maybe, but also true. Smart contracts = code. Both parties agree on code... and then that code runs."
0,Because the client wants the money sent to a separate institution entirely.,John-Garrison,Bitcoin,6,6,0,2015-04,2015-04-14 14:50:28,"Funny. I have an account with margin, which only requires a $2k minimum balance. My trades settle immediately, I can reuse the money for a new trade or request a wire that same day with no problems. Why didn't you suggest that to your client?"
1,He's much better as a scifi writer.,cap2002,Bitcoin,11,11,0,2015-04,2015-04-05 01:23:48,Bitcoin Foundation's Corporate Counsel (Greg Egan) just resigned.
0,"Well, you seem exceptionally well spoken for a 15 year old, so I was suspicious about your age, but your interests (based on subreddits you're commenting in) seem like those of a teenager.",fiat_sux4,Bitcoin,2,2,0,2015-01,2015-01-03 02:28:03,I know what you'd expect. What was the biggest surprise?
1,"They can't wrestle the control of monitors to turn them on... But they will turn them on in 24 hrs... Oh wait, CES will be over then.",CanaryInTheMine,Bitcoin,1,1,0,2015-01,2015-01-09 18:41:04,I kind of doubt he's an employee. Could just be a regular patron that needed to give his feet a break. I mean the monitors aren't even turned on.
1,Just use Paypal,Introshine,Bitcoin,1,1,0,2015-01,2015-01-11 08:39:29,He apparently never sends money abroad
1,"If you're not too paranoid, I've heard you can keep the laptop's battery and it would still be safe.",transisto,Bitcoin,2,2,0,2015-01,2015-01-27 22:09:51,"A normal laptop would work, but the is to flash the key into the Trezor and destroy the OS+data after doing so (so it can't leak or stay on the PC). Does not mean you have to destroy the laptop though. Just use a LiveCD and do not connect to internet while flashing."
1,"No, they're only going to support the 24-25 states and leave it at that.",Voogru,Bitcoin,0,0,0,2015-01,2015-01-28 05:13:07,"Anyone aware of Coinbase's plans to extend their new exchange to all 50 states? I tried to sign up, only to find out that my state isn't permitted to participate. I'm assuming they are going to be adding them one at a time as they get approval per state, but I can't find any information on what they are doing to address this. Does anyone have any information on this? Thanks."
0,"Yes, it was presented as evidence in several forms, personal diary, chat logs and evidence of the payment for the hit.",lunarbit,Bitcoin,1,1,0,2015-02,2015-02-04 22:25:47,Was the murder-for-hire actually part of the evidence in this trial? I assumed it wasn't allowed in this particular trial.
1,"Today it's only 24 cents, but tomorrow, it's a Ferrari...",BitcoinThePhrase,Bitcoin,5,5,0,2015-02,2015-02-26 21:13:53,what only 24 cents?
0,So you're saying bitcoin will never get larger than a paltry $4.7 billion dollar market?,BuffyButtcoinSlayer,Bitcoin,1,1,0,2014-12,2014-12-16 22:20:03,"If you're a fool, it is. The smart money bought bitcoin some time ago."
1,Centralize all the things!,iwantathink,Bitcoin,-1,-1,0,2014-11,2014-11-20 00:58:25,"Coinbase, Bitpay, Circle, Silbert, a16z, and the Winklevii should all pool their dough for one badass Bitcoin Super Bowl ad. Forget the Bitcoin Bowl, bitcoin needs a badass Super Bowl ad featuring a futuristic self-driving car equipped with bitcoin zipping through lanes while paying other drivers to pull over. Then a drone air-drops groceries the driver just purchased with bitcoin into the car's sunroof. There should also be lasers in there somewhere. I'll work out the details, but this needs to happen. Someone get me Andreesen's phone number."
1,"TIL ""screen real-estate"" is ""currency""",Cryptolution,Bitcoin,-8,-8,0,2014-11,2014-11-23 20:07:53,"You're not only spending your own money, you're spending everyone's screen real-estate. Micro-tips are spammy and useless. If you really want to tip, tip some useful amount, or actually tip whatever the fuck you want if you really think it makes any difference. But please do it in some discrete, non-spammy way and don't feel the need to rub it in everyone's face."
1,The free market will decide if they got insulted or not,dennisd7,Bitcoin,1,1,0,2014-12,2014-12-08 16:53:08,"i'd be careful with that, people might get insulted, just saying ok... :)"
1,"What do you reckon, more like 15/16?",Coleflash,Bitcoin,-3,-3,0,2014-12,2014-12-11 13:03:56,Your investment time frame should probably be more than 12 hours...
1,Are you a shill for some big water company or something?,i8e,Bitcoin,2,2,0,2014-12,2014-12-22 03:42:45,"You have to admit though, water has far bigger plusses than Bitcoin. As in, without it Earth would lose pretty much all life. Maybe all of it, I'm not sure."
0,Don't EVER sleep on Barry O!,JoshAndArielle,Bitcoin,1,1,0,2015-06,2015-06-02 06:05:18,Don't sleep on Barry O!
0,Doesn't velocity lower the value?,Sugar_Daddy_Peter,Bitcoin,1,1,0,2015-01,2015-01-14 19:06:17,"I absolutely agree - although I like to keep a healthy wallet, I also try to spend them on little things - stickers, pagekites, pizza. That kind of stuff. Its the people who use the coins who bring value to the currency. Velocity is everything."
1,"Naw dude that's just an ""obscure law in America""",Zahoo,Bitcoin,2,2,0,2015-05,2015-05-26 16:08:49,And trying to hire hitmen to kill other people is legal in america too?
1,"Yep $5.8 trillion paid for roads each year, I'm sure.",Zahoo,Bitcoin,0,0,0,2015-03,2015-03-19 18:18:22,"LOL and driving on a place called a ""road""."
0,And the FBI is the MPAA ...,daveime,Bitcoin,4,4,0,2015-06,2015-06-12 08:16:53,"Am I wrong in thinking SilkRoad = Napster, OpenBazaar = Bittorrent?"
0,Housing bubble!,timetraveller57,Bitcoin,6,6,0,2015-06,2015-06-08 09:43:56,Houses appreciate faster than bitcoins on average.
0,Did they have insurance?,usrn,Bitcoin,5,5,0,2015-02,2015-02-14 16:54:19,Two bitcoin ATMs have been stolen in Amsterdam
0,"Impressive, most 10 year predictions tend to be quite inaccurate..",djangocoin,Bitcoin,3,3,0,2015-01,2015-01-11 14:03:04,What will Bitcoin look like in 30 years?. In 1974 Arthur C Clarke describes what computers and the internet will be like in 2001. Except now we can use previous gen tech to leapfrog the speed of adoption.
1,This is actually good news!,majorpaynei86,Bitcoin,1,1,0,2015-06,2015-06-14 11:07:28,"This is good, the banks are paying to promote bitcoin, the article is only negative if you choose to see it that way. This kind of article would have been unimaginable only a year ago. To say that a currency needs to be stable is like saying the blockchain is good but not bitcoin. It's not bitcoin that is volatile; it's the legacy system that is crumbling. The only thing stable is debt, until it isn't. We're in a deflationary spiral, the banks, companies and governments are out of ammunition (negative interest rate); next will be collapse of the debt, then hyperinflation. Sweden has one of the highest debts in the world (private and corporate debt) and the consequences for SEB and other Swedish banks will be serious."
0,Maybe it's good they held their ground (being against the initial proposal)...and now we are getting a response proposal from Garzik which has the potential to make everyone happy.,jmaller,Bitcoin,1,1,0,2015-06,2015-06-16 13:38:37,"That post talks about everything except for the question up to debate: what is wrong with increasing the blocksize? He jumps instead to the risk of non-consensus hardfork, while completely ignoring the reason why there is such non-consensus. No one is bent on having a hardfork. Some core devs however are bent on not analysing the issues in question in a logical, maths based manner, but simply refuse and instead focus on authority... If we are to speak of authority, technical expertice, phds in comp science etc, as much respect as I have for Adam Backs for his huge contribution to bitcoin through hashcash, I must nonetheless say, with all due respect, that he did not have the vision to create bitcoin. That genius was Satoshi, who I am sure Adam would agree has both the authority and the technical expertise, and he suggested the exact proposal made by Gavin. Why not therefore clearly, in a concrete, detailed, computer science manner, with maths, logic and analysis state your reasons for creating this apparent lack of consensus, instead of arguing about risks that you yourself and other core devs are causing?"
1,"Yeah, no one ever talks about the dead",Sovereign_Curtis,Bitcoin,1,1,0,2015-06,2015-06-16 22:55:32,If ripple were truly dead they wouldn't be mentioned at all
0,Fuck off,TheReplyRedditNeeds,Bitcoin,3,3,0,2014-11,2014-11-07 14:20:30,"i will shave my pubes,mix it in a soda,drink it and record it on cam if this reacehes $20 worth of changetip,since you guys love giving out tips"
1,Thank you for posting highly relevant content.,killer_storm,Bitcoin,1,1,0,2015-06,2015-06-23 20:41:04,Elon Musk: PayPal Is Screwed
0,Prepare to be disappointed,arcma,Bitcoin,5,5,0,2014-12,2014-12-21 02:41:40,"This document is the prosecution ""throwing everything at the wall and seeing what sticks"". They're going to try to use everything they can, and then let the judge throw out some of it. If more than half of this evidence actually gets shown at trial, I'd be both surprised and supremely disappointed in our judicial system."
0,Tell that to people who are in the process of doing or not doing.,nanosapian,Bitcoin,1,1,0,2015-01,2015-01-04 21:52:56,"""Do. Or do not. There is no try."""
1,"No, he's not done screwing the unborn generations yet... Give him a break!",CanaryInTheMine,Bitcoin,3,3,0,2015-03,2015-03-28 15:06:59,"Grandpa, time to retire."
1,It's only theft if you aren't doing it on the behalf of the state.,Snaaky,Bitcoin,7,7,0,2015-03,2015-03-30 17:29:32,Undercover Agents Working on Silk Road Case Charged with Theft and Money Laundering
1,"Man, hopefully nothing *that* harsh",vocatus,Bitcoin,5,5,0,2015-03,2015-03-31 20:55:32,Probably 2 week suspension with pay.
1,"Yeah man few hundred thousand, probably no more than 1 qualified moderator in that bunch.",graduallywinning,Bitcoin,7,7,0,2015-04,2015-04-08 15:59:24,The Bitcoin community is still only a few hundred thousand people. It's hard to get significant decentralization at those numbers.
0,You is Gentlemen ?,descartablet,Bitcoin,2,2,0,2014-11,2014-11-12 13:12:38,"Why hello there, I am this is."
1,"*I am color blind*, what are **black** people?",cbeast,Bitcoin,4,4,0,2015-01,2015-01-07 14:11:53,Why Are So Few Black People Using Bitcoin?
1,You mean freedom and liberty costs something in risk?,liberty4u2,Bitcoin,2,2,0,2015-01,2015-01-07 15:01:53,"Bitcoin is 100% fungible, every ""coin"" is equal. Track all you like, but it should be assumed the current address doesn't belong to the original ""hacker."" These coins won't be blacklisted, refused, or seized by another exchange; and anyone that attempts to do so should raise immediate red flags and be boycotted. Remove the fungibility by creating blacklists/whitelists and you break Bitcoin. It's better to learn from the mistakes and grow more robust with our exchanges and keys, than it is to risk the very principles of Bitcoin."
0,What's the page?,btcdetective,Bitcoin,5,5,0,2015-01,2015-01-21 13:51:08,Make sure to express interest in projects listed on the projects page! I'm pledging to fund unit test creation.
0,Who does that?,btcdetective,Bitcoin,0,0,0,2015-02,2015-02-08 18:36:41,Does anyone else see the irony of using MacBooks with OS X to develop on the blockchain in light of this statement?
1,Did he get approval from Lawsky first?,scotty321,Bitcoin,10,10,0,2015-02,2015-02-12 03:01:52,New York City Councilman Proposes Bitcoin Payments for Fines and Fees
1,In the exactly same way that Windows never ever wastes your time for free by being buggy or slow,Natanael_L,Bitcoin,1,1,0,2014-11,2014-11-04 12:38:37,"It's free if you ignore the increased burden on the IT department from switching people over, decreased productivity as new users go 'wtf how do I do X', etc. So it's free in the same way that your time is free."
1,Here we go with complex theories,prelsidente,Bitcoin,2,2,0,2014-11,2014-11-12 12:33:46,Supply and demand.
1,"Yeah I agree 20% discount on Amazon is too low, we need at least 50% discount for Bitcoin to succeed.",heltok,Bitcoin,0,0,0,2014-12,2014-12-13 08:24:39,"The problem is not merchant acceptance. It's consumer incentive. Merchants accepting Bitcoin does not give your average joe a reason to buy bitcoins and then spend them. Most of the time, it's cheaper for the consumer to pay in fiat. This situation is preventing main stream adoption and leading to slowly declining price. There need to be incentives to pay w Bitcoin - and strongest is when you want something and Bitcoin is only payment option available. This is where the focus should be right now- not big merchants adding Bitcoin as 10th payment option."
0,I can feel it coming in the air tonight.,Cowboy_Coder,Bitcoin,5,5,0,2015-04,2015-04-30 21:43:15,"Call me crazy, this is just a hunch. But something's changed this week. Can you feel it too?"
0,Kidding?,targetpro,Bitcoin,2,2,0,2015-04,2015-04-23 13:37:24,I don't think the fed does
0,64gb cards can be gotten for 20 bucks.,itisike,Bitcoin,1,1,0,2015-03,2015-03-24 23:47:29,Doesn't this thing include a hard disk?
1,OH CRAP THE NSA'S HERE reddit what do I do?,m3rrickj2k,Bitcoin,2,2,0,2015-06,2015-06-16 18:05:07,"At this point, you're already in too deep. The best thing you can do is turn yourself into the authorities, and beg the courts for mercy. Did your mom not forcibly remove and extinguish the bitcoin from your possession? If not, she may be liable as well. You two seem to have a very fishy, terrorist inclination about you. I just don't feel safe on this subreddit with people like you posting here."
0,I agree.,duduqa,Bitcoin,0,0,0,2015-05,2015-05-28 12:39:29,"One might argue that for the purpose of user's money management by a centralized entity (Blockchain) which is somewhat liable for losses, the security by obscurity model has less risks than opensource. Same as the banks do."
0,Guess you could say he was being ... wait for it ... cryptic.,Noosterdam,Bitcoin,6,6,0,2015-06,2015-06-03 18:03:31,"check out my exchange just now with nick on twitter. he didn't interpret 'recently' to mean march 2014, which is when i met him. he gave an honest answer to an imprecisely worded question."
0,"this is easily bypassed by simply donating more than once, $100 each time.",SatoshisGhost,Bitcoin,2,2,0,2015-04,2015-04-08 14:08:19,"Not quite. The FEC has not explicitly limited Bitcoin donations to $100. The FEC issued an advisory opinion AO 2014-02 in response to a proposal from Make Your Own Laws Inc (MYL). MYL proposed accepting up to $100 in bitcoins, the current limit for cash contributions, following a certain procedure. The FEC approved their proposal, but has not given any sort of guidance explicitly limiting Bitcoin contributions to $100. They could approve of Bitcoin donations greater than $100 or they could disapprove. But they've definitely green-lighted donations of $100 and less. If you're running a campaign and don't want to waste the time and resources seeking another advisory opinion or accepting more than $100 and potentially running into hot water down the line, you play it safe and limit contributions to $100. Ultimately the FECs decision to accept $2700 Bitcoin contributions will hinge on whether Bitcoin is seen more like cash ($100) or a ""check, money order or other written instrument""($2700). I think the distinction boils down to the traceability and proof of ownership of funds. I think Bitcoin's kind of in the middle of these two categories- yes it comes from an address and is traceable in the Blockchain, but addresses aren't easy to connect to anyone the way you'd connect someone to their bank account."
0,"Yes but not all routers can, or should.",Introshine,Bitcoin,1,1,0,2015-06,2015-06-10 20:07:16,"Does Core not do UPNP by default these days, then?"
0,"lol, makes be want to trademark ""mug"" and sue everyone who drinks coffee.",Lawsky,Bitcoin,1,1,0,2015-02,2015-02-05 22:57:58,"And someone is trying to trademark ""Bitcoin"" for bar wares like glasses, mugs etc."
0,Wait until they're done amending it.,fnordfnordfnordfnord,Bitcoin,5,5,0,2014-12,2014-12-03 04:00:40,"Given Steven's support for bitcoin so far, I'm inclined to believe it does what it says it will do."
0,"EVE online is built on stackless python.. Far from ""concept-only.""",waxhive,Bitcoin,2,2,0,2015-04,2015-04-14 11:42:21,"Yes, you are indeed trying something very difficult, and Python isn't making it any easier. DarkMarket was perfectly justified in using Python because they were at a hackathon and needed to produce a proof of concept ASAP, which Python is ideal for. The decision to continue using the original prototype code base was a poor one IMO, but I wish the team the best of luck."
0,Or they are scared by the recent drop and want to see if BTC stabilizes.,DocTomoe,Bitcoin,-1,-1,0,2015-01,2015-01-15 17:32:18,If it is that easy and they still have not done it maybe it's not happening.
1,LITERALLY SELLING ALL OF MY DATA,intentional_feeding,Bitcoin,-2,-2,0,2015-06,2015-06-15 17:53:19,"Changetip fee-less withdrawal extended to Dec 15, 2015 I'm not sure when it happened, but everyone should know that there will still be no fees on Changetip withdrawals until December 15, 2015. Previously, the 1% fee would have gone into effect today, but it appears the date has been pushed out. Apologies if you were already aware of this - I did not see an announcement."
1,DopeCoin will be accepted also.,dopecoindude,Bitcoin,1,1,0,2015-06,2015-06-15 18:23:56,Indie teen comedy Dope to become first film to accept Bitcoin payments
1,Surprised murica would allow a terrorist drug peddling criminal in office,paavokoya,Bitcoin,1,1,0,2015-06,2015-06-18 05:18:17,"Senator Capriglione: ""I have bitcoins ... """
1,And this system did really well,fcktheussa,Bitcoin,0,0,0,2015-06,2015-06-21 20:27:14,This statement is so 1971
0,"By ""those types"" are you assuming those are FPGAs?",KayRice,Bitcoin,12,12,0,2015-03,2015-03-18 01:02:05,Those types of rigs can also be used to crack passwords and encryption.
0,"So it begins, the great bubble of our time.",MooneRumblebelly,Bitcoin,7,7,0,2015-04,2015-04-21 22:40:57,Fractal bitcoin price
1,Ponzi Scam Tulip Esperanto amirite?,Introshine,Bitcoin,4,4,0,2015-03,2015-03-05 21:38:34,James Angel from Georgetown University thinks Bitcoin will end up like the Esperanto Language that never took off. Let's prove him wrong!
1,I love having to click through multiple pop ups before I get to an article.,target0,Bitcoin,4,4,0,2015-03,2015-03-06 01:35:20,Police arrest five in Mycoin exchange scam
0,"It's useful until you're not allowed to use your account anymore, and are receiving calls from a collections agency over a fraudulent debt with PayPal.",noncognitivism,Bitcoin,0,0,0,2015-02,2015-02-27 17:41:45,"Paypal is useful until it's not, basically."
0,"As a note: The last time I saw an analysis of this; a young, smart person needs about $4M to retire.",OnNom,Bitcoin,2,2,0,2014-12,2014-12-03 14:18:52,"Well god damn, I could probably retire off the lint in your pocket."
1,I'm so excited to see galaxy coin on spot 28 on coinmarketcap.,libertariandictator,Bitcoin,11,11,0,2015-04,2015-04-10 04:06:12,Samsung and IBM Team Up on Bitcoin
1,You just don't realize yet.,nitiger,Bitcoin,4,4,0,2015-04,2015-04-21 11:19:59,"""Bitcoin wins, because bitcoin is the most profound mathematical object humanity has ever created."" loooooooooooooooooooooooooooooooooooooooooooooooooooooooooooooooooooooooooooooooooooooooooooooooooooooooooooooooooooooooooooooooooooooool"
1,Why would you want to sell your Bitcoin anyways?,skilliard4,Bitcoin,-1,-1,0,2015-01,2015-01-23 02:48:22,"EXCLUSIVE: Bitcoin's ""Dark Wallet"" adds anonymous cash withdrawals"
1,50%...,gynoplasty,Bitcoin,1,1,0,2015-01,2015-01-26 14:32:59,Can someone get the percentage of the population that this covers?
1,Can't wait to see all the innovative applications built on top of it!,knight222,Bitcoin,62,62,0,2015-01,2015-01-27 15:50:54,"Let me guess. The **decentralized** currency will be only mine by **approved** banks, rules set by the **fed** and no individual will be able to do transactions directly on it. Sound to me like a **close** banking system. Good luck with that **control-freak** bureaucrats!"
1,I'm hoping this is,liquoranwhores,Bitcoin,3,3,0,2015-02,2015-02-15 22:29:17,"Well crap. I only had 1.5 BTC on it, gaining interest, but I was counting on that to buy my son's college textbooks next semester. Ugh. Back to looking for *more* work to cover the loss."
1,yes.,cqm,Bitcoin,0,0,0,2014-11,2014-11-07 20:10:26,Are you paid to spread FUD?
1,"Yeah guys, lets downvote people working on decentralised exchange technology.",notreddingit,Bitcoin,0,0,0,2014-11,2014-11-18 13:55:09,"What we are ATOMIC are doing (we are only in testing right now) is charging a small fee in the source coin if you are performing an exchange, and then that fee is distributed automatically to our asset holders based on their percentage. We are part of the superNET which allows us to use features of other coins such as the anonymous transaction features of coins like BTCD, such transactions would pay an additional premium for access to such features. The assets are completely open to the public and have been available on bter for some time now. I imagine blockstream will be operating at a loss based on the amount of money they are needing, until they find a way to profit without stepping on the toes of their users."
0,"But to be fair, across stamp, finex, OKcoin, BTCChina and Huobi you could easily accumulate 1000BTC per exchange in a day without moving the price.",btcdrak,Bitcoin,6,6,0,2014-12,2014-12-05 20:16:21,No. Trading volume is not the same as accumulation.
0,"Now this is a thread with meat in it, direct sources are sweet!",XxionxX,Bitcoin,1,1,0,2014-12,2014-12-15 16:28:04,"Btc Drak is his boss and is an altcoin scammer, not a Bitcoin developer. Obvious conflict of interest there."
0,":) Kind of true, but getting better everyday!",targetpro,Bitcoin,1,1,0,2015-02,2015-02-12 22:36:12,These two comments represent every conversation on /Bitcoin.
1,"Maybe, if we are REALLY LUCKY, the price will fall to $5 again!",wqhbay1,Bitcoin,3,3,0,2015-06,2015-06-01 12:22:38,"This is probably the best time to buy since $5. Unfortunately, this will only be clear in retrospect."
0,"I don't complain, those pictures are better than stock pictures of gold coins",descartablet,Bitcoin,8,8,0,2015-02,2015-02-14 14:44:10,"It isn't only about KNC, although most of the photos are from there + they've interviewed people working there."
0,"ACK, NACK, are +1, -1, essentially.",GibbsSamplePlatter,Bitcoin,2,2,0,2015-06,2015-06-12 18:53:07,Damn... then I'm still completely lost.
0,But there is no merchant in this situation.,qawsed123456,Bitcoin,-1,-1,0,2014-11,2014-11-24 15:04:57,It's fixed for the user but the merchant is the one who will need to make the change to avoid the extra fees
0,"I've said it before, and I'll say it again: 'Stamp is the new Gox.",whitslack,Bitcoin,1,1,0,2014-11,2014-11-25 04:42:32,Bitstamp Exchange Inactive
1,"Hey I can't help it if I find the best way to drive is to have the heat blasting on one side, AC on the other, and my beer cooler plugged into the cigarette lighter.",TXTCLA55,Bitcoin,4,4,0,2015-06,2015-06-08 18:35:39,"I hear ya, man. They've come a long way since their youth in Haight-Ashbury protesting against the Vietnam war and getting excited about Earth Day. Now it's all about taking their Lexus to the dealer because something is wrong with the climate control on the passenger side seat."
0,It could if it got stuck between difficulty adjustments,cpgilliard78,Bitcoin,1,1,0,2015-06,2015-06-27 01:22:00,It won't go to $0. Not even shitty altcoins go to $0. If I could buy 1MB coins for $1 I'd be all over it. But you would expect one to emerge as dominant.
1,MSM: proof that bitcoin causes car accidents.,itisike,Bitcoin,4,4,0,2015-03,2015-03-13 19:38:00,Bitcoin Billboard siting. _____ Says Shut up and take my Bitcoin Billboard. I was traveling south of on I 95 just south of Richmond VA and saw a Billboard that said (Name here) Says Shut up and take my Bitcoin. It showed a picture of a young dark haired bearded guy. Any one else see this billboard? I got so excited I almost turned around to reread it.
0,CTRL+C CTRL+V .,wrongel,Bitcoin,1,1,0,2014-12,2014-12-26 11:42:02,"Understood. But it does seem that a successful Ethereum makes Bitcoin redundant... if Bitcoin can't implement Ethereum's features before dying out first. Ethereum in principle seems to be able to do everything Bitcoin can do and more. It may not happen overnight, or at all, but it seems like if Ethereum reaches stability and critical mass there is no reason to have Bitcoin anymore."
1,"Yes, because all banks around the world are free and every single Trezor produced is objectively unreliable.",kinoshitajona,Bitcoin,7,7,0,2015-03,2015-03-21 04:54:17,"Yeah, if Bitcoin's best counter to a free bank account is a $120 product considered ""unreliable"" well I've got some news for you guys..."
0,"According to the joke, the banks are buying, aren't they?",giszmo,Bitcoin,1,1,0,2015-01,2015-01-14 17:00:15,And who's buying!? :D
1,I'm sure his endorsement will help Bitcoin's public image!,jdepps113,Bitcoin,3,3,0,2015-03,2015-03-29 12:56:17,Kim Dotcom: It's time for plan 'B'
1,"In other words, no good reason.",Noosterdam,Bitcoin,1,1,0,2015-04,2015-04-15 08:21:38,"I'll go back to what I said earlier about PID loops. In mechanical engineering, PID loops are a taught system for creating stability. Imagine how your car would be if there was no combination spring damper suspension system. It would be terrible. The car would probably shake you half to death. Taking a moving average of the past 2016 blocks essentially readjusts difficulty every block using the same algorithm. The problem you introduce is, there are cases where 2 blocks are mined within seconds of each other. How would a moving average algorithm account for this? There is measurable lag time between nodes, and changing difficulty target requirements on the fly on a global scale is simply not practical. You can get away with doing this every 2016 blocks, possibly even for less, but not for every block without having problems in creating orphans."
1,"Nah man, AB testing!",fnordfnordfnordfnord,Bitcoin,2,2,0,2015-01,2015-01-19 17:59:40,**Spam**
1,"Yeah, that's why when people stopped spending their gold it died.",btcdetective,Bitcoin,0,0,0,2015-01,2015-01-26 09:05:11,"If you want to see success, use the currency as currency. It's okay to hold some but use it too."
1,I heard you're supposed to buy when there is blood on the streets.,MyDixieWreck4BTC,Bitcoin,13,13,0,2015-01,2015-01-31 17:07:09,Paycoin scales the top of shit mountain and emerges as winner of the scam coin of the year - Crashing to nothing it now hovers around $1.89 per coin - only $18.11 below GAWs predicition
1,"Yep, never saw it coming...",oshirowanen,Bitcoin,10,10,0,2015-02,2015-02-09 13:34:19,"Who would have thought that continuing in the same way we did before the crisis, could lead to another crisis? Oh no it's OK, we forced austerity onto the people and gave all the money to the banks. That'll fix the credit crisis!!"
1,"Yeah, how dare people give money to worthwhile content and comments.",sebrandon1,Bitcoin,-1,-1,0,2014-11,2014-11-07 15:27:01,Tipping should be banned site-wide. It's bad enough everyone panders to the hivemind for imaginary internet points. Having users crassly throwing money at one another isn't going to increase the quality of discussion one bit.
1,We should tweak the algorithm to make the price going to the moon.,knight222,Bitcoin,29,29,0,2014-11,2014-11-21 19:38:01,"""The algorithm used to help determine the value of #bitcoin may prove problematic"" - Bernanke. That algorithm, of course, is called the market."
1,Exactly... especially a no name company like Microsoft.,Bitdrunk,Bitcoin,19,19,0,2014-12,2014-12-12 13:48:00,"I don't think that news about something one of America's largest corporations did can be considered ""viral."""
0,Fair enough.,targetpro,Bitcoin,1,1,0,2015-04,2015-04-29 09:20:12,"Yeah. Most of the work they are doing will not be technical. People on this sub cannot see past that a lot of the time. Just because something is technically possible, it doesn't mean a company is going to just use it. It takes a LOT for a company like Western Union to do something like this."
0,"Not everyone can use Bitcoin directly because of transaction fees and limited bandwidth, but that's not a big deal.",Throwahoymatie,Bitcoin,-1,-1,0,2015-06,2015-06-17 03:30:32,Once everyone uses bitcoin this feature will be pointless. Just don't be the first guy in or the last guy out.
0,TIL Cody Wilson was right.,RenegadeMinds,Bitcoin,-1,-1,0,2015-04,2015-04-05 08:17:08,Bitcoin Foundation's Corporate Counsel (Greg Egan) just resigned.
0,It sounds like the reason he didn't want to use it earlier was that it didn't have a bitcoin wallet.,itisike,Bitcoin,1,1,0,2015-02,2015-02-25 15:13:03,"What does ease of use have to do with anything? He said now that it comes with a bitcoin wallet, he's going to download it."
0,BTC-e always has potential.,chinawat,Bitcoin,1,1,0,2014-11,2014-11-12 21:14:27,"is there mtgox 2 ? i don't know what happen, what the cause of this rally, please enlighten me, is there mtgox 2 going on right know, and actually there wil be mtgox trilogy?"
0,I just hope Coinbase doesn't gox us and the US bans Bitcoin entirely.,cbeast,Bitcoin,1,1,0,2015-01,2015-01-27 05:02:17,"Move somewhere with a friendlier regulation attitude, like New York."
1,"No, no, this is obviously because of Ben Lawsky looking out for us",jmaller,Bitcoin,-1,-1,0,2015-06,2015-06-03 14:40:25,"Beautiful. Consumer protection not due to regulation, but capitalism, competition, and the productive efforts of individuals."
0,"I see, thanks for the clarification, misread your post, and being surrounded by the echo chamber doesn't help, either.",sciencehatesyou,Bitcoin,1,1,0,2015-03,2015-03-02 16:59:38,"You seem to miss my point. I am agreeing with you that no sane person would say that ads would be banned. I am saying that the Bitcoin cultists making all kinds of predictions (such as Roger Ver, Erik Vorhees, Theymos and the other agenda-pushers and nut jobs) will also turn out to be wrong but that the Bitcoin technology will continue. Andreas does a little agenda-pushing here and there but for the most part his comments are rational and correct. Roger Ver and Eric Vorhees, on the other hand, are more like the Al Sharptons of Bitcoin."
0,Valid concern,anon83645,Bitcoin,0,0,0,2015-03,2015-03-05 18:32:54,scam scam scam
0,And computers used to cost more then houses.,AnonymousRev,Bitcoin,-1,-1,0,2015-02,2015-02-08 21:46:28,But they cost 3000 meals in some countries though.
0,"""Man who jizz in bank vault, cum into lota money""",djangocoin,Bitcoin,0,0,0,2015-06,2015-06-23 07:35:05,I think the idea is that the gov would have plenty of money if it hadn't spunked it on bailing out the banks.
0,Silk Road Revolutions will be crap,djangocoin,Bitcoin,4,4,0,2015-01,2015-01-12 08:14:17,'Silk Road Reloaded' Just Launched On A Network More Secret Than Tor
1,It's BitTorrent,paulmadore,Bitcoin,1,1,0,2015-06,2015-06-16 14:33:26,"""Unknown"" is suddenly mining 36% of the blocks. Who is it?"
1,This is actually not a bad idea.,recessionbeard,Bitcoin,0,0,0,2015-06,2015-06-18 00:34:39,"Naw, we can't handle an influx of new users, better to just wait 2-3 years while lightning is integrated, it's not like technology progresses or anything so don't even mention bigger blocks. The rest of the world will just have to wait for the lightning network core devs to finish."
0,Super fun to watch!,dresden_k,Bitcoin,2,2,0,2015-02,2015-02-27 04:02:54,What the hell is going on at Bitfinex?
1,...must be catastrophe!,targetpro,Bitcoin,2,2,0,2015-06,2015-06-30 23:51:34,Coinbase not processing blocks since hours
0,Call up Vitalik on your Batphone and tell him you'd like to SELL SELL SELL!,luffintlimme,Bitcoin,1,1,0,2014-11,2014-11-13 17:41:10,....... 0.2BTC wasted.
1,Nice pump bro!,davotoula,Bitcoin,-1,-1,0,2015-03,2015-03-30 05:32:03,"PhD in finance Samir Saadi to Senate of Canada ""It's actually not a bad idea to buy bitcoins now. Buy bitcoin now! If you look at the long run, it looks like it will be going to the roof in terms of value ... it's actually better than gold"""
0,"Dunno how legit they are now, bought my gametimecards in the past there without problems.",Chynus,Bitcoin,1,1,0,2015-04,2015-04-25 06:26:13,MMOGA - GTA V &amp; Mortal Kombat X released! The Witcher 3 Pre-order! 3% discount on Bitcoin
1,"It can't be bad news, the price isn't going up",aaaaaaaarrrrrgh,Bitcoin,1,1,0,2015-01,2015-01-06 01:56:05,This is actually bad news.
1,nice try mr hacker.,neofatalist,Bitcoin,-1,-1,0,2015-01,2015-01-07 15:28:53,"Bitcoin is 100% fungible, every ""coin"" is equal. Track all you like, but it should be assumed the current address doesn't belong to the original ""hacker."" These coins won't be blacklisted, refused, or seized by another exchange; and anyone that attempts to do so should raise immediate red flags and be boycotted. Remove the fungibility by creating blacklists/whitelists and you break Bitcoin. It's better to learn from the mistakes and grow more robust with our exchanges and keys, than it is to risk the very principles of Bitcoin."
1,He said it with conviction so it *must* be true,7x5x3x2x2,Bitcoin,1,1,0,2015-01,2015-01-14 16:04:26,Bitcoin is now the WORST performing currency in the last couple months.
1,"Cummon, it's the future!",Its_free_and_fun,Bitcoin,1,1,0,2015-01,2015-01-15 14:48:07,Im not drinking that kool-aid
1,"Yeah, an open, public transactional ledger - great idea to hide your terrorfantastic transactions.",Introshine,Bitcoin,20,20,0,2015-01,2015-01-17 22:23:46,"Bitcoin is threat to sterling and may aid terrorists, warn banks - Telegraph"
1,"Nah, obviously Bitcoin _needs_ a regulated exchange with its tongue wedged so deep in the arse of regulators, that they will let any US government agency have backdoors and/or direct oversight, and make it possible for them to confiscate/freeze users' bitcoins on a whim, just as easily as fiat from a bank.",wrongel,Bitcoin,6,6,0,2015-01,2015-01-23 07:40:45,I'm confused as to why you guys are wanting but coin to be held and regulated by the mainstream industries? Isn't that getting rid of the whole point of having a decentralised currency.
1,your forgot the,lonewolf420,Bitcoin,0,0,0,2015-02,2015-02-20 20:43:01,i trust the government blindly because the politicians always want the best for the people.
0,Lol love that the dude is giving out Oprahs.,TheBTC-G,Bitcoin,3,3,0,2014-11,2014-11-06 02:47:12,Bitcoin BALLER in action
1,Lawsky can perhaps advise Bitcoin startups regarding Bitlicense and various other regulations!,trilli0nn,Bitcoin,0,0,0,2014-11,2014-11-11 03:21:35,"NYS DFS Superintendent Ben Lawsky to step down in 2015, sources say"
1,Gambling?,RaptorXP,Bitcoin,1,1,0,2014-11,2014-11-15 16:32:31,"How can I earn money without mining? I really want to start earning bitcoin, although mining isn't a possibility for me. Is there any resources online that allow me to do this?"
1,"Yeah, we need to find the sweet spot where people don't notice they are being robbed.",BigMoneyGuy,Bitcoin,1,1,0,2014-12,2014-12-02 14:13:30,Because 2% stable inflation is totally the same as 90% loss of value over 10 years.
0,You sure you don't want to re-think that question?,targetpro,Bitcoin,1,1,0,2015-05,2015-05-24 20:34:28,How is it different from Jon Matonis' case. He messed up the Bitcoin Foundation and then joined some Bitcoin consultancy firm.
0,"I don't know enough to agree or not, but you cracked me up, so +1.",targetpro,Bitcoin,2,2,0,2015-06,2015-06-29 04:27:11,curiosity = self-serving opportunity to strike it big! get a big piece of that fiat apple pie for himself finally yeeehaw
0,You've just answered your own question.,Sovereign_Curtis,Bitcoin,1,1,0,2015-02,2015-02-12 05:36:50,Because banks have been reluctant to work with them so they accumulate literally box-loads of cash. They showed this on Vice (I think it was) where guys with AK-47s were carrying such boxes in SUVs.
1,Its just the manager doing his rounds visiting the guests,MoreTeaPleaseVicar,Bitcoin,1,1,0,2015-05,2015-05-27 12:21:51,"Wow, this is awesome: Photo of Richard Branson on stage with Matthew Roszak (Bitcoin VC / investor) at the Necker Island blockchain summit!"
0,don't EVER use a private key to send BTC more than once.,AnalyzerX7,Bitcoin,2,2,0,2014-12,2014-12-21 21:19:16,How would one know if they fucked up R?
1,Because going beyond the law system's decision about convictions in a country that corruption is legal wouldn't be exploited.,n8u,Bitcoin,-3,-3,0,2015-05,2015-05-29 21:18:29,"It would only be corruption if the politician was pardoning a person to get money or power from that person. Running on a platform to pardon someone because you know that is popular position isn't corruption, that is democracy."
0,Test it with fake notes.,usrn,Bitcoin,3,3,0,2015-04,2015-04-21 20:17:37,Botswana's First Bitcoin ATM Has Arrived
0,"It will be a battle similar to the one waged between the music dinosaurs and the internet itself, inevitably to be futile for them unless they adapt",DaSpawn,Bitcoin,2,2,0,2015-01,2015-01-18 14:20:30,That's why I worry for the future of Bitcoin because those outdated and corrupt systems usually go to heavy measures to ensure their survival.
0,They dont want to get ripped off and if they are not making over $40 off the transaction its probably not worth their time either.,losermcfail,Bitcoin,3,3,0,2014-12,2014-12-07 20:44:13,"Localbitcoin Sellers - Dicks Just tried to buy off 3 different people, my bank card for ID wasn't good enough for the first, second - I'm a new account (Been on there for over a year), 3rd was the same as the first. Do these people not want to sell me their coins with a 10% mark up??? Most infuriating!!!!!"
1,You've got some errant commas there.,MajlisAshShura,Bitcoin,1,1,0,2015-06,2015-06-09 01:57:51,"And then you're called ,,lucky''"
0,"With a face you want to smack, a career you can't respect, and ideas that don't make sense, what's not to love?",paulmadore,Bitcoin,2,2,0,2015-06,2015-06-19 12:22:05,"Jon Matonis suggesting that the 21M coin cap will be up for revision, and block size battle just a warmup for this battle royale"
1,"Good point, at this rate they'll run out of zeros.",Helvetian616,Bitcoin,2,2,0,2015-06,2015-06-11 21:52:28,"Serious question here... where do they go from here? Instead of just getting higher and higher numbers, they must reset to a larger denomination, right?"
1,I love how transactions on Bitcoin are completely anonymous,NewFuturist,Bitcoin,3,3,0,2015-06,2015-06-19 06:19:52,Let's all write our weed purchases into the blockchain for posterity.
0,Only if by invested deeply you refer to him being paid by people from viacoin (iirc he doesn't even own any viacoin) to work on solutions that are directly beneficial to bitcoin.,hahanee,Bitcoin,10,10,0,2015-06,2015-06-19 16:54:30,He's invested deeply in another coin called viacoin. If bitcoin fails his coin benefits......
0,More atoms exist in one apple than the supply of Bitcoins.,MyDixieWreck4BTC,Bitcoin,2,2,0,2015-01,2015-01-08 21:02:49,Because 1 troy ounce equals one Bitcoin or something?
0,Need more popcorn.,MyDixieWreck4BTC,Bitcoin,1,1,0,2015-01,2015-01-27 19:17:39,California Regulator: Coinbase Exchange 'Not Regulated or Licensed'
1,But I expected bitcoin to have Klingon and esperanto translations...,samurai321,Bitcoin,2,2,0,2015-03,2015-03-01 14:25:56,I know people who speak in made up arbitrary languages too :)
1,"Assembler, you fool",Natanael_L,Bitcoin,4,4,0,2014-12,2014-12-16 12:12:08,Like java or python right?
1,"Insist on actual thick tinfoil, not that cheap thin aluminum stuff :)",walloon5,Bitcoin,1,1,0,2015-04,2015-04-10 15:13:40,Can I trust my tinfoil hat vendor? :-/
1,"Same survey: users unable to distinguish differences between Bitcoin and ""Michelin"" brand automobile tires.",targetpro,Bitcoin,1,1,0,2015-04,2015-04-20 18:27:37,Survey: users don't believe in Bitcoin value advance and hardly trust crypto-exchanges
1,*shocker,BigBlackHungGuy,Bitcoin,1,1,0,2015-01,2015-01-18 16:23:36,BTC Miami: Looks like Josh Garza bailed on the mining panel as well
1,But reddit says bitcoin is dead... remember guyss?,habeas_corpse,Bitcoin,0,0,0,2015-01,2015-01-24 21:09:47,I wake up to read my Wallstreet Journal to see this
0,Why is an article over 7 months old on the first page?,niteowldood,Bitcoin,2,2,0,2015-02,2015-02-17 17:48:37,Somebody Forgot to Tell the Blockchain It's Over
1,I think you forgot a,redditHi,Bitcoin,1,1,0,2015-02,2015-02-08 21:19:51,"Actually, all we'd need is faster than light communication."
1,Trusting a third party: what bitcoin is all about.,thouliha,Bitcoin,0,0,0,2015-02,2015-02-21 23:25:04,"You know what: I trust Coinbase. There's far too much pitchfork shaking at a company that's been responsible for a lot of *good* in Bitcoin. A little bit of paranoia is fine, but you're essentially damning Bitcoin when you start to remove valid options for people to get into the market. Realize: yes, a lot of Bitcoin folks are nerds, but the people who will help it move from nerd money/protocol into the mainstream will be people who rely on services like Coinbase. Anything that lowers the barrier to entry is a good thing. As an alternative, start to identify what you don't like about Coinbase and start a conversation with them. Work with them to improve the product. Maybe from your perspective they should offer more resources on the difference between storing BTC with them vs. on your own."
1,"No man, BTC is flawless!",RsubG,Bitcoin,-2,-2,0,2015-02,2015-02-25 19:57:45,"So bitcoin doesn't experience volatility when use adoption is increasing? Of course it does. It's just volatile in a way that rewards holders. The flaw they are referring to is the inability to modulate supply in response to variable demand. Demand for a currency is always going to vary in response to a number of outside forces, this will happen even if the bitcoin economy becomes huge. Varied demand + fixed supply = volatility and volatility is not a desirable feature for a currency."
0,Great article!,cryptodude1,Bitcoin,2,2,0,2014-12,2014-12-05 09:55:00,10 Reasons Why Bitcoin is Inevitable
1,Actually they get paid in 1s and 0s that digitally represent dollars on a computer screen.,karmicviolence,Bitcoin,2,2,0,2014-12,2014-12-11 17:57:52,"No. I know this is a difficult concept, but Microsoft does not get paid in ""Visas."" They get paid in dollars."
0,A godly post.,granatheus,Bitcoin,3,3,0,2014-12,2014-12-13 18:35:27,"What does bitcoin take now? What bitcoin needs now. A videotutorial. Buaffff. Explained by a humorist. Ahaaaa. I believe that we are tired of so many seriousness. If or not? We need that they explain the things to us with humor. If or not? And what we have to do is a casting to find to ours or our communicators bitcoin already. If or not? Only one speaks about companies bitcoin, about businessmen bitcoin, about the price of the currency. That gives adoption of bitcoin stagnant this one. the trade with the bitcoin to come down. But that we do? We use the media to talk about us, and not to teach. We use the media to talk about us, and not to teach the population is bitcoin. When one turns envelopes itself not going anywhere. as a user I would like that every day we were more and promote the currency to my around. I hope that the great lords of the bitcoin is godly also in bicoiners. I hope that they understand well the concept of the history.Greetings to all bitcoiners."
1,"Upvoted, but in 2 hours, I'll be changing this to a downvote.",fiat_sux4,Bitcoin,10,10,0,2014-12,2014-12-17 02:46:57,"Not yet, still have a few hours."
1,Always and forever right now.,Missioncode,Bitcoin,0,0,0,2014-12,2014-12-18 02:45:58,"When is the best time to buy Bitcoin? Should I wait for a little bit or buy them right now? The value keeps coming down and I'm not sure how much of an issue this is... Yes, I'm relatively new to Bitcoin."
0,"Meshnet, bitcoin... Have we finally reached web 3.0?",flamingboard,Bitcoin,1,1,0,2015-06,2015-06-13 07:35:05,MegaNet: A Blockchain powered network by the people for the people. Not controlled by any government or corporations.
0,"Banning discussion of jury nullification not only bans freedom of speech, but it also damages the power of the jury - and the power of the people directly.",TheSelfGoverned,Bitcoin,10,10,0,2014-12,2014-12-22 00:07:20,"Jury nullification is a quirk of the justice system. It's important that juries be independent, which means they can decide a case on whatever grounds they like. However, in theory they are supposed to be applying the law to the facts only. That's why these arguments are banned."
0,Looks like it.,fiat_sux2,Bitcoin,4,4,0,2015-06,2015-06-16 18:35:40,Is that Silbert with him?
0,I am not putting any more capital into Bitcoin or recommending Bitcoin to my friends and colleagues until the block size increases.,BTCisGod,Bitcoin,-3,-3,0,2015-06,2015-06-19 16:56:04,"Is it a good time to buy? Or do you think the price will go back to what it was just before the recent rally? It's been pretty steady since then, going down just a few dollars, so I'm not sure. Should I go for it?"
0,It's likely a California branch.,targetpro,Bitcoin,2,2,0,2015-04,2015-04-04 06:07:35,Why is the receptionist expressing these kind of opinions?
0,It's terrible because it's broken.,knight222,Bitcoin,3,3,0,2015-05,2015-05-28 04:41:37,"The video fetishes democracy. Democracy was invented 2500 years ago. It's an old, obsolete technology. That's not to say the current state of affairs is better. It's terrible. But if the people had their way, they'd vote to overturn the Bill of Rights."
0,$250-400,skilliard4,Bitcoin,0,0,0,2015-01,2015-01-01 23:16:55,"So, whats your price prediction for the end of 2015? I'm hoping we have a better year price wise. If we have another year as good as 2014 (not in terms of price but infrastructure), I'm predicting the price will reach around $2'000 by the end of the year."
0,"Man, you should have seen the FUD about the internet when it was still new to most.",Richy_T,Bitcoin,1,1,0,2015-06,2015-06-11 14:55:01,"""It comes from the shady anarchic world of Bitcoin"" Still getting labeled as shady.."
0,Technology is meaningless without adoption.,Helvetian616,Bitcoin,7,7,0,2014-11,2014-11-01 15:09:57,Hopefully this will make the get rich quick retards to go away and let us focus on the technology.
0,"Actually I don't think he mentions bitcoin in the entire thing--he just talks about various legal advantages, and this may be of interest to bitcoin companies generally.",Anen-o-me,Bitcoin,2,2,0,2014-12,2014-12-01 20:21:49,"Yeah, he should not really give advice abt Bitcoin, since he obviously thinks the entire thing is a scam."
0,"Cool story, you slaver apologist.",Tectract,Bitcoin,0,0,0,2015-02,2015-02-02 05:03:23,"No, it isn't. Tax has a definition. Slave has a definition. They are different concepts entirely. Slaves aren't usually taxed since, you know, they can't own things. Given a choice between being my slave (outdoor hard labor - no way you are coming inside) and paying taxes to the US government, which would you choose? Do you consider not having the right to murder people slavery as well? Because that rule is enforced by the same people in the same way. Absurdity."
0,Raises a concern that should be discussed at least.,Zahoo,Bitcoin,1,1,0,2015-02,2015-02-24 21:30:06,"And what should the exchanges do about it? Prohibit spending of those coins? How do they know they haven't been transferred to someone else who is not involved in the theft. Fungibility is important, in my opinoin"
0,Good point.,zeusa1mighty,Bitcoin,1,1,0,2015-04,2015-04-29 13:02:45,"Altcoins have block chains and a unit of account, and they're all ""soft-failing."" The network effect will always favor the biggest crypto. Imitators are doomed."
0,Switch to Circle.,crazyflashpie,Bitcoin,2,2,0,2015-02,2015-02-06 22:47:15,"Coinbase has stopped blocked me too I'm a new member to Reddit (1st post) but have been reading r/bitcoin for a while. I recently received an email from Coinbase, stating that they can no longer provide me with their service because they have determined that I have violated one of more of their terms of service. I've emailed them 3 times for clarification with no response and even provided ""receipts"" of the transactions for those that I could. I tried to talk with the online chat person, who told me that they could not help and that I would still need to work things with the non-responsive support group. Ironically, I received a customer satisfaction survey email from them yesterday. I've had 3 total external transactions with coinbase, and have bought coins from my linked account 4 times. My most recent transaction was for $110 to my friend's son's wallet at Circle. After my notice from Coinbase, he told me that he purchased a ""novelty"" ID from China (he's a 20 year old college student). I'm sure some will say that ID's fall into some grey area, and that Coinbase is just being cautious since they are regulated and trying to be squeaky clean. I do understand that, especially if the transaction was coming directly from their own service. But this has opened my eyes a bit, wondering how many transactions deep will they snoop? How are we to protect ourselves from being implicated if coins that I previously owned were now being used for something illicit? Will we all be expected to tumble all our coins just to be a bit less worried that our accounts will be frozen? To me, this is very unfortunate. I will continue to tell anyone interested in bitcoin to avoid Coinbase, primarily due to their lack of communication with me, but partially due to their snooping. More importantly, as a bitcoin enthusiast, how can I, in good faith, recommend bitcoin as something legitimate, if there is a good chance that anyone can run into an inconvenience like this? Looking at this from a different angle, such as the six degrees of separation theory, any of your transactions are potentially are only a few transactions aways from being involved in something illicit, which are totally out of your control. Until there is enough velocity of BTC where you can easily come across BTC without purchasing them from places like Coinbase, we will be under this scrutiny. In the end, Coinbase has lost me as a customer and advocate. I've already moved to another service with no issues so this hasn't impacted me at all, other than losing some hope in the future of bitcoin."
1,What would we do without them!,paulmadore,Bitcoin,1,1,0,2015-06,2015-06-12 16:27:05,"Bitcoin gets second wind as world's first hair wholesaler, airyhair, ditches wire transfers for cryptocurrency"
1,sp.,jcoinner,Bitcoin,1,1,0,2015-06,2015-06-29 22:47:28,This is relevant again
0,just because you don't care doesn't mean other people (OP) don't care,TotalMelancholy,Bitcoin,1,1,0,2015-01,2015-01-14 16:12:08,why do we need this AMA?
1,"yeah but dogecoin is too fast, paycoin is the future",goalkeeperr,Bitcoin,4,4,0,2015-03,2015-03-10 21:25:12,Folks probably didn't like when bitcoiners were annoying reddit to accept it either. The Doge folks are good people. They don't bother me.
0,"Meaning that if at some hypothetical point in the future, the blockchain that most people look at to determine whether or not someone has paid them has blocks in it that require permission to create, then bitcoin will have failed at achieving its original goals, and will likely get out-competed by cheaper systems to the point where usage will go down year after year until having bitcoins doesn't have any value because so few people want them.",moral_agent,Bitcoin,1,1,0,2015-04,2015-04-16 15:12:12,What do you mean?
1,....seems legit.,scatoclysm,Bitcoin,0,0,0,2015-03,2015-03-17 16:56:42,BTC-e phishing attemp
1,And I totally have evidence of this.,EzLifeGG,Bitcoin,-4,-4,0,2015-03,2015-03-18 22:42:48,People were buying with borrowed money. It wasn't sustainable.
1,"Well, considering that bitcoin is a CIA project and they already have all of Satoshi's stash, I'd say no because they already have 5% of all possible coins.",twfry,Bitcoin,1,1,0,2015-03,2015-03-31 22:43:28,"What are the chances we discover in the future that the Mt. Gox implosion was due to USG-sponsored hack/theft? I know that incompetence is usually a better explanation than malice, but these thugs in the govt act like they have a license to kill. Well... they pretty much do. They steal from DPR, extort him, fake assassinations, have orgies with Columbian hookers, and look the other way while drug cartels launder billions through HSBC."
1,But BTC is anonymous,CodeNameTheOnlyOne,Bitcoin,2,2,0,2015-04,2015-04-03 11:09:13,but Stringer wouldn't be so stupid to steal BTC and think it wouldn't be traced
1,The media has certainly been too easy on Snowden....,45sbvad,Bitcoin,2,2,0,2015-04,2015-04-06 13:11:53,I on the other hand enjoyed seeing Snowden answer some hardball questions from a somewhat adversarial interviewer for the first time.
0,Apps like this will reverse the down-pressure on market price from merchants cashing out.,MooneRumblebelly,Bitcoin,1,1,0,2015-04,2015-04-24 00:58:05,"Lawnmower Android now available! Just dropped, get it while it's hot."
1,Wait but I thought fractional reserve banking never fails?,Azp1083,Bitcoin,2,2,0,2015-01,2015-01-16 00:44:18,"in advance of a critical election, Greeks begin a run on the banks."
0,"What would happen if some country, any country, started using btc exclusively?",TiDoBos,Bitcoin,1,1,0,2015-01,2015-01-28 12:55:52,Iran is ditching the US Dollar (np-xpost r/worldnews)
1,OMG bitcoin is dead.,Introshine,Bitcoin,3,3,0,2015-02,2015-02-03 00:01:17,Researcher discovers major DoS vulnerability in official Bitcoin client
1,You wanted Bitcoin TV ads...,Essexal,Bitcoin,2,2,0,2015-03,2015-03-01 01:42:33,Silk Road Advertisement
1,I think its ok to rape a girl in a short skirt because shes asking for it....... consequences be damned?,Fashbinder_pwn,Bitcoin,-5,-5,0,2014-12,2014-12-19 09:43:29,"People should do what they believe is right, like ignoring whistleblower laws designed to protect criminals in the government."
1,You just confirmed that part.,_EuroTrash_,Bitcoin,1,1,0,2015-05,2015-05-19 17:21:54,"Yes, Varoufakis is an attention whore and a hypocrite. I think he believes and enjoys Bitcoin, but turns around and jokes about it to mainstream. He was basically saying that Bitcoiners are a proud and happy bunch, but they live in their own world, their own small communities. I honestly stopped listening to him after that."
0,Yes.,iwantathink,Bitcoin,1,1,0,2015-05,2015-05-24 22:26:41,i got my refund and the payment went to 1PQRSmKCKF3EbsboK8TyJwcjNgkXRBJdkk. It seems to be your receiving address.
0,compared to what,Introshine,Bitcoin,0,0,0,2014-12,2014-12-12 21:43:09,"because bitcoin has gone up AND down 25% in one month, that's why"
0,Nope.,skilliard4,Bitcoin,1,1,0,2014-12,2014-12-24 17:22:53,I'm not on Windows but for others running Windows any problem is ALWAYS the antivirus program. Are there anitivirus programs running?
0,wut?,BTCisGod,Bitcoin,2,2,0,2015-02,2015-02-14 03:33:53,So There's A Chance???
0,don't get too excited (take it from me).,ellis1884uk,Bitcoin,2,2,0,2014-12,2014-12-10 23:25:43,I've been waiting for this...
0,"Unless what they actually put their money into, goes against them.",Voogru,Bitcoin,0,0,0,2014-12,2014-12-25 19:40:37,"It wouldn't be fraud, they track the performance of your virtual purchase and if you request it, they'll give you what you are due. So you're not out anything."
0,That's actually not that much.,viners,Bitcoin,3,3,0,2015-06,2015-06-12 21:33:55,FYI: * 1MB blocks require 8.5 GB bandwidth from a node in 1 month. * 20MB blocks require 170 GB bandwidth from a node in 1 month.
0,Baby steps.,Bipolarruledout,Bitcoin,1,1,0,2014-12,2014-12-12 04:50:59,That's what I'm waiting for. But how will we know when it's happening?
1,"Nah man, he was just roll playing.",VivaLaPandaReddit,Bitcoin,5,5,0,2015-05,2015-05-31 21:37:49,"Not really, because they had to dump everything in memory from his laptop on the spot. And you know, the fact that he sent a six figure dollar amount in BTC to the guy for the murders."
0,I'll offer 1 casacius 2011 coin,opticbit,Bitcoin,4,4,0,2015-04,2015-04-29 05:55:44,House seller will negotiate for Bitcoin
0,... which wouldn't prevent them from claiming just this in their CV.,giszmo,Bitcoin,1,1,0,2015-02,2015-02-17 03:16:58,There are humans who can count but don't think critically.
0,you should be using btc-e instead of coi*nsa*base,ncsakira,Bitcoin,1,1,0,2015-04,2015-04-14 22:13:47,im from the u.s and for some reason coin base wont work
0,Is that Gavin?,bitsteiner,Bitcoin,2,2,0,2015-06,2015-06-24 02:27:01,Spotted this on my way home from the Max Keiser meet last night.
0,One of the douchier articles I've read,bubbasparse,Bitcoin,6,6,0,2015-03,2015-03-26 16:38:07,Classy. Calling out obscure people to get audited by IRS for buying tacos
0,"Or, how about an exchange?",hack_jealousy,Bitcoin,4,4,0,2014-11,2014-11-19 21:32:21,"Going from * 1AeaZr5d52sz8Ztcq6NL6bjxinEPzf3hrt to * 1Pu51bwzxtw75ETWdY1YCaCvxFqu3d1nA7 to * 1FsVcdeHbpvUVT3gjeuVR2ZSDnpcsJMsLL which holds 383,431,144 worth approximately 115,100,225 Euros... this looks like the work of a pro. I don't think you'll see your money again. Sorry dude."
0,About time!,EzLifeGG,Bitcoin,7,7,0,2015-03,2015-03-29 05:57:43,Kim Dotcom: It's time for plan 'B'
1,Digital newspapers will never overtake paper,Introshine,Bitcoin,26,26,0,2015-03,2015-03-27 09:24:17,He doesn't get it. Digital isn't taking over 'because its cool'. Its taking over because it wins over the old way. Its better. He comes across as parochial. I wonder how long till he does an about face?
0,*Grammar is not my strongest point*,Mace_Of_Astora,Bitcoin,3,3,0,2014-12,2014-12-16 04:03:58,You're too dependent on apostrophes.
1,He has no DB?,djangocoin,Bitcoin,2,2,0,2015-01,2015-01-13 11:53:49,It would be meaningless with a target too. He is no oracle.
1,That's pat on the head,djangocoin,Bitcoin,1,1,0,2015-01,2015-01-19 08:21:08,I always thought of it as a gesture of understanding.
1,"Yes because the whole world will be able to transfer value using Bitcoin, even if the market cap is $500Million.",Logical007,Bitcoin,1,1,0,2015-01,2015-01-14 18:57:34,The Rainbow After The Bitcoin Storm
1,McDonald's sidechain that is pegged to the value of the companies stock on Counterparty over the Ethereum protocol while taking donations for the Ronald McDonald House via QR code on the food wrappers.,L7L7L7L7,Bitcoin,1,1,0,2015-01,2015-01-26 05:20:21,McDonalds accepting new form of payment
1,not 10k?,baller_11,Bitcoin,0,0,0,2015-01,2015-01-26 06:06:27,"I agree, put all your money in bitcoin right now, price is about to reach 1k+"
0,Is it edible?,baller_11,Bitcoin,1,1,0,2015-01,2015-01-27 21:53:38,"Bitcoin &amp; Banksy Some days ago someone came up with the idea to ask Banksy for a Bitcoin only print release. He didn't release a print for 5 years now, and i don't see any releases soon, so i thought i could help. Got a signed lemon Choose your weapon out of an Edition of 25. CoA from Pest Control is included. I wish to do a Bitcoin only action, maybe you can push me in the right direction. Bitcoin &amp; Banksy fit together."
0,"took Crimea, sent troops to Eastern border",JuryNightFury,Bitcoin,1,1,0,2014-11,2014-11-06 19:48:36,What did they do to ukraine?
1,But why be scared if you have nothingz to hide!11!1!1!1,Trevpeck,Bitcoin,22,22,0,2014-12,2014-12-06 14:13:25,Privacy is not something which requires justification.
1,Those are console peasants for you.,Anfernii,Bitcoin,6,6,0,2014-12,2014-12-13 15:16:43,I love it when arrogance fueled by ignorance gets slapped right in the fucking face.
1,They are one of our current overlords,ronohara,Bitcoin,1,1,0,2014-12,2014-12-16 05:48:56,So Microsoft will be our new overlords.
1,Ehrmergherd stolen credit cards,carloschimbo,Bitcoin,0,0,0,2014-12,2014-12-24 17:27:53,Review: Brawker Let's You Buy 'Almost Anything' with Bitcoin
0,Their welfare state might not even be around for *them*.,Bipolarruledout,Bitcoin,1,1,0,2014-10,2014-10-24 13:53:17,"The change is just to incredible for people to understand, you need to have a basic understanding of what ""Money"" really is first. Baby-boomers hate it because it will affect their welfare state which is all they have really known"
0,Moral of the story: Do not keep all your wealth in 1 asset.^diversify,usrn,Bitcoin,16,16,0,2013-11,2013-11-17 16:31:18,"Moral of the story, become a citizen of Panama!"
0,oh my god the ownage is so delicious here I love it,ptpatil,Bitcoin,6,6,0,2014-07,2014-07-23 00:01:38,"Apparently that's how he rolls. If he can't win the argument with anti-whateverpisseshimoff rants he'll resort to threats of blackmail to control people. Pretty ""statist"" of him. Redacting his own statements and changing what was said to improve his position after the fact then threatening someone if they attempt to do the same thing makes him exactly the kind of person he appears to hate so much. It's funny how the most vocal opponents of something can turn out to be so similar to what their jimmies get all rustled over. In the first 5 pages of his posts chrome's Find shows 10 * signifying edits to his actual posts. There are 3 mentions of the word ""Edit"" none of which are him. That's not the sign of someone who wants to debate by what are the generally accepted methods of post modification."
0,The internet is forever.,flamingboard,Bitcoin,1,1,0,2014-03,2014-03-06 17:16:08,"I don't see a court saying ""no harm no foul"" bc they took it down (like nobody kept a copy)"
0,Store PGP encrypted copies in the cloud(s).,foxevv,Bitcoin,1,1,0,2014-09,2014-09-03 10:59:27,"Worst night of my life (a/o what's in the safe?) Last night my dads house was broken into and his safe was stolen. The thieves simply threw a rock through his back sliding glass window, rummaged around in the house until they found the safe and dom hemingway'd it right off of the foundation it was bolted onto. Inside of his safe was an uncommonly large number of bitcoins (he is an early adopter) on a non password protected paper wallet. I am his technical prowess on how to save and secure his bitcoins and I felt like a complete failure for not setting him up with bip38 when i had the chance. I figured that setting him up with a wallet in his safe in house and a safety deposit box was enough. **wrong.** I got a panicked call at midnight last night saying his house was broken into and his safe was gone with all of the bitcoins in it. I have never felt so helpless in my life as the only other copy was locked away and the bank wouldn't open up for another 9 hours. The robbers had 9 hours to crack into it, figure out what the hell they were looking at( assuming he wasnt explicitly targeted)... and then transfer the bitcoins off into their own address. We were both sweating bullets and did not sleep at all (unsurprisingly). Luckily for my dad and I, they were either not successful cracking into the safe, didnt know what they were looking at or blew up the paper wallets inside trying to break into it. Either way this morning shortly after the bank opened i had the paper wallet in hand and was able to safely transfer the coins off into a fresh bip38. Moral of the story: Safes, however secure they may seem are not guaranteed to stay put. Please be extra careful if you store your coins at home."
0,Yawn!,bitmeister,Bitcoin,1,1,0,2014-09,2014-09-02 23:20:02,Is this chick capable of NOT talking in platitudes? I don't think so.
0,Here we have the true answer.,tsontar,Bitcoin,1,1,0,2014-08,2014-08-23 02:58:40,Hate and love are two sides of the same coin.
0,I thought it was the lead pipes poisoning them...?,mustyoshi,Bitcoin,2,2,0,2014-07,2014-07-07 15:37:57,How inflation and currency debasement caused the fall of the Roman Empire
0,You lose your money everyday due to inflation.,Tester24834,Bitcoin,8,8,0,2014-08,2014-08-11 23:49:33,When consumers are provided similar protections as they currently have with banking and credit cards. Just my opinion. Why would anyone who doesn't ideologically support Bitcoin want to risk losing their money?
0,Privatized things allow you to **choose** a police force that works very well :),Zahoo,Bitcoin,1,1,0,2014-09,2014-09-10 17:20:07,privatized law enforcement sounds like a terrible idea. There are plenty of places around the world (and in the US) where the police force works very well.
1,Because the cops would never do something like this.,republitard,Bitcoin,3,3,0,2014-09,2014-09-13 20:40:59,Fake story
1,What is USD?,bluelightzero,Bitcoin,1,1,0,2014-09,2014-09-18 21:52:14,"r/Bitcoin tiny poll. no bs. guess the price of 1BTC in USD on Dec. 31, 2014:"
1,"Because wanting to profit is mean, selfish and politically incorrect, having you learned that yet?",caveden,Bitcoin,0,0,0,2014-10,2014-10-13 14:50:30,"""Imagine an Uber-like service with no drivers. You pay the car and the car (for very little profit) uses proceeds to pay for petrol, upgrades, mechanic (or programmer), etc"" Why for very little profit? If I would to invest to a project of this scale, why would I settle for a little profit - I would demand MASSIVE profit."
0,Ilyn Payne Meryn Trant Charlie Shrem Brock Pierce ... Mark Karpeles [zzzzzz],Sabrewolf,Bitcoin,17,17,0,2014-05,2014-05-10 23:32:25,Fuck the foundation
1,"Omg, that is soooooo expensive!",chalash,Bitcoin,2,2,0,2014-07,2014-07-22 18:13:49,"Berkshire Hathaway shares are just under $200,000 each - $600 is not that big."
0,Bitcoin would not be a good choice we need something like dogecoin that has 80+ billion supply so we dont have to deal with 0.00000991 to exchange.,ProAssad,Bitcoin,1,1,0,2014-08,2014-08-24 23:41:24,You mean... Sexcoin?
1,Now they will reverse engineer it and make thousands of cheap copies.,KingOfRye,Bitcoin,6,6,0,2014-05,2014-05-25 18:51:45,The First Two-Way Bitcoin ATM in China Made a Formal Debut Today at A Bitcoin Party at Satoshi Square in 798 Art Zone of Beijing
1,"Bitcoin is brilliant, and that was invented by a frail, retired Japanese man.",haakon,Bitcoin,3,3,0,2014-06,2014-06-20 22:29:38,"Really? Most people I have seen have done their most creative work in their early 20's... then after that they start thinking inside the box, having been around more boxes."
1,Silk Road *totally* could happened with gold or USD.,Godd2,Bitcoin,1,1,0,2014-09,2014-09-19 00:19:06,Do you think the Silk Road would have happened without bitcoin?
1,"Hey, Karpeles is the personification of honesty himself, he'd never lie",chipbag123,Bitcoin,3,3,0,2014-03,2014-03-03 16:29:20,There is a high chance that it didn't even happen.
1,That's why I stick with BTC-e,Ilsensine,Bitcoin,4,4,0,2014-03,2014-03-03 18:47:23,"Passport scan MtGox I never traded on Gox, but I'm reading things on passport scans. So if I understand correctly, in order to get your funds out of Gox you needed to send them a passport scans? That is not even allowed in some countries, at least, not in mine. So now hackers have these passport scans. Money is just money, but identity theft, shit man, you can be fucked for life."
1,"Yeah, because people have complete freedom to choose which currency to use in their own country, and is not forced upon them at all by their government.",pardax,Bitcoin,2,2,0,2014-03,2014-03-09 00:08:26,"The market will only support one in the long term Let's see: Dollar, Pound, Euro, Yen, Yuan, Ruble, Peso, Dinar, ad infinitum..."
1,Sorry I forgot the,zeusa1mighty,Bitcoin,3,3,0,2014-03,2014-03-24 14:50:06,And how about the reports about various other companies that say they can do? All of them going for stealing the down payments?
1,"Don't worry guys, i was told the whole point of bitcoin is that government can't hugely influence it, like say the USD.",Thorium233,Bitcoin,15,15,0,2014-04,2014-04-10 03:40:24,"Seriously, fuck China."
1,Because the fees needed to confirm a bitcoin transaction in less than 2 minutes are way less than $0.10,Aalewis__,Bitcoin,1,1,0,2014-04,2014-04-29 03:36:49,"Where I live, paying for gas with credit cards costs an extra 10 cent per gallon."
1,It is positively outrageous that mere market participants should dare challenge the wisdom of highly trained and totally expert Economists.,Miner_Willy,Bitcoin,38,38,0,2014-01,2014-01-23 19:10:50,Argentine Peso lost 14% in a couple of hours. Volatility Anyone ? Why plan B is important.
1,I'll take your coins for $100 each since they will sure to be worthless,osheabutter,Bitcoin,7,7,0,2014-02,2014-02-19 22:08:29,"It IS anomalous data. There is no other 12 hour window on ANY exchange where we see these volumes and a flat-price-volatility. GOX IS SELF DEALING TO MAINTAIN THE FLOOR. Its soooooo fucking over for them, as well as bitcoin when this news breaks and all anyone hears is ""BITCOIN = PONZI"". Its all over for general adoption post-gox. The experiment was fun, and now its almost done."
1,I'm proud to be an American,Illesac,Bitcoin,2,2,0,2014-12,2014-12-20 12:13:16,"American justice: HSBC launders billions, no jail time. Charlie sells bitcoin to a SR launderer, 2 years. Words cannot express the sadness and outrage I'm feeling right now. Banks such as HSBC are found guilty of laundering billions of dollars not just for drug users but for violent crime cartels. Billions. Violent crime. And yet not a single exec faces a day of jail time. Charlie Shrem, who sold Bitcoins to someone who helped people buy drugs on Silk Road, has now been sentenced to two years in jail. If there was any doubt that we are struggling against an immoral system in dire need of replacement, let this end that doubt. Charlie, our hearts and minds are with you, friend. The work continues."
1,It is if your Canadian,btcdrak,Bitcoin,5,5,0,2014-12,2014-12-21 08:52:47,"You're = something you are Your = something you have It's not that hard, people."
0,Yes android is an OS designed using Linux.,mylibertarianaccount,Bitcoin,3,3,0,2014-09,2014-09-23 13:09:35,Android?
0,Which is funny because that is pretty much what the government is going to get from you if you cash out within a year.,rydan,Bitcoin,2,2,0,2014-09,2014-09-25 01:55:40,"You wouldn't *half* to anything, you would only *have* to pay taxes if you cashed them out. Half = 1/2"
0,"If reddit gives a simile of the year award, I'm nominating you and yours.",hey_wait_a_minute,Bitcoin,0,0,0,2014-03,2014-03-23 01:58:25,"A protocol is like a giant camel toe, shining above you like the sun."
0,Because that's maybe the fastest method to get BTC atm.,usrn,Bitcoin,1,1,0,2013-11,2013-11-04 05:18:17,"First time buyer, using local Bitcoin vs. coinbase, bitstamp, etc. Finally decided to stop speculating and plunge into the wonderful world of bitcoins. However, as most of us know, it takes time to get verified/deposit/etc to get bitcoins on websites like coinbase and bitstamp. I decided to go a quicker route (purely out of impatience) with Localbitcoins. Picked some up today for around $217 USD (near the medium of todays high/low via mt.gox). Easy, fun, and had an interested conversation with the seller. Anyway, my question to you all is, why are most people selling on Localbitcoin (from my experience) charging more than websites like coinbase, bitstamp, etc? Is it just the area I live in (not many sellers, only about 7) or is there another reason? Sorry if this is an easy answered question, like I said I just bought today and this question came to mind. Thank you for your time."
0,Your comment is operating in a space where double spends haven't happen when the reality is that ghash *has* committed double spends,DINKDINK,Bitcoin,3,3,0,2014-01,2014-01-09 09:49:30,"You comment is noted. Dont think looking like a jerk is much better. My point is people with 50% or more of the hashrate is not a problem per definition, it only becomes a problem when they start using the hashrate for malicious purposes. There is nothing shocking about a pool with 30% or 50% or more of the hashrate. What would be shocking is if they started doing malicious activity with that kind of hashrate."
0,"If they promised something new, they might be promising.",AgentZeroM,Bitcoin,9,9,0,2013-11,2013-11-02 13:21:26,What is the most promising new altcoin?
0,"I actually got hung-up on this, expecting the stock shiny gold coin photo.",sebrandon1,Bitcoin,2,2,0,2014-10,2014-10-27 18:10:04,not using shiny bitcoin tokens as the story photo?? what is this madness??
0,"If he understood that, he would not be ""wrestling with whether to ban or restrict the use of ""tumblers"""".",kap77,Bitcoin,2,2,0,2014-02,2014-02-12 17:56:07,"He understands all of that, which was obvious if you watched the hearings."
1,And the very next block contains payments to the following addresses: 1JGRvpyNGBFUkhBB9U7**No**nXuMwhmQHzz7j 1NMtVZLQqGdV77XSjJToJ**no**jg7BdP3ATDP 13dtR2JZDrG4Geb**no**3v2QnU7cTGSiokNhQ 1PwhC**No**HDdb4K1atNbx26txbRsdSJvovap 1PzQjKoa**no**47NdPL9zujX7bLNQKiCf8dEw 1BYza**Noo**8eceTMSkb6jpathPPkztNCW9YF 1LoUyMiLkkqnS1**No**1oyYBzZuR8eJEa5ezt 1LmMoFjwabmT9P2vQN5bbchzR4Jc32Re**No** That bitch jYuki told him!,lifeboatz,Bitcoin,8,8,0,2014-09,2014-09-08 10:04:54,For the lazy: OP_RETURN 59756b692077696c6c20796f75206d61727279206d65203f2054657473752e **(decoded) j Yuki will you marry me ? Tetsu.**
1,I'm pretty sure Mt Gox's digital currency is shinier and has a higher percentage of pure bitcoin than other exchanges.,lifeboatz,Bitcoin,1,1,0,2014-01,2014-01-08 21:57:58,MtGox is a scam. Their price is not real. Stop looking at them.
0,"So, sell and get out while you still can?",The_Time_Master,Bitcoin,1,1,0,2014-06,2014-06-08 16:27:32,"Bitcoin's fundamental security cannot be based on ""incentives"" to do the right thing. It is designed to be an untrusted model. It is fundamentally broken."
0,Bitcoin is better without a face behind it in my opinion.,StonerChef,Bitcoin,4,4,0,2014-03,2014-03-06 09:28:26,"Ask r/bitcoin: Should Bitcoin be abandoned because of Satoshi's anonymity? Quoting here, but ""The more people use bitcoin, the more the price rises - but for every dollar the bitcoin ""market cap"" increases by, 25 cents or more of that value goes to its original inventor (""Satoshi"")..."" Couldn't this amassed wealth be an incredibly negative force, when you consider Bitcoin's founder is a total X factor? throwaway."
0,would be hilarious if they opened an exchange and gox us,chairoverflow,Bitcoin,24,24,0,2014-06,2014-06-04 07:43:11,"I just gave a Bitcoin talk @ Goldman Sachs to 3 Managing Directors and 10 Executive Directors This is the 3rd talk at Goldman I've given in a month. There were about 20 attendees and all were incredibly open, interested, and asking good questions. Change happens one conversation at a time."
0,One word answers to negative questions are confusing.,PotatoBadger,Bitcoin,5,5,0,2014-08,2014-08-24 20:55:55,Yes.
1,"Yep, there's no way to provably link public keys with identities.",Matticus_Rex,Bitcoin,-1,-1,0,2014-09,2014-09-25 22:48:09,"Marriages are agreements between two people, not between two private keys. A bitcoin note in the blockchain proves nothing about who signed or agreed to the document. This is why in real life we have notaries and witnesses to contracts."
0,He gave $2000 to a reputable escrow who verified it so the guys who smashed their iphones were covered either way.,popeyepaul,Bitcoin,2,2,0,2014-02,2014-02-13 11:28:46,Imagine if round-peg-2 would have been top bull shitter of 2014.... All the iphones smashed for the biggest lie...
0,Isn't him the one in the tv program Shark's Tank or whatever it is called?,rdymac,Bitcoin,2,2,0,2014-02,2014-02-05 01:01:45,"Mark Cuban, tech entrepreneur and owner of the Dallas Mavs, tweets about Bitcoin again"
0,Isn't the founder in jail?,cap2002,Bitcoin,2,2,0,2014-06,2014-06-18 07:06:36,A year ago flattr added bitcoin funding option after i tweeted with the ceo and send him some coins. It seems to be removed again. I wonder why. Is flattr usage declining?
1,Im gonna try out for the Eagles,enolja,Bitcoin,-2,-2,0,2014-10,2014-10-16 22:09:28,"Yeah, its definitely adventure and not recklessness to leave a steady job, for no alternative, with little development knowledge or any experience, when you have a family. Why don't you let him in on one of your pump and dumps next time so he can gey a better start eh Eric?"
0,"yes, let's confuse the public even more.",n1ce_hat,Bitcoin,2,2,0,2014-10,2014-10-22 15:57:56,imagine the headlines when the media sees the new bitcoin prices
0,You can set change to be sent to a brand new address every time if you enable advanced toggle on the send screen.,keonne,Bitcoin,0,0,0,2014-07,2014-07-20 12:22:38,"So they're moving *AWAY* from where they should be going. Addresses should never be reused. We hear this plea from the core devs again and again, yet huge companies like Blockchain ignore it, and now they're practically spitting in its face. Blockchain should be working on getting stealth addresses to work before they try to associate every contact with a fixed address."
1,Dell should make their own proprietary bitcoin client too!,PartySunday,Bitcoin,1,1,0,2014-07,2014-07-19 21:31:43,"Dell Should pre-install Bitcoin Wallets in all its laptops Now that Dell has started accepting bitcoin in the most bitcoin concious nation - US, it should try to promote bitcoin through its laptops. This could be done by installing interactive guides and bitcoin wallets in all the laptops."
0,I'll make it and post it tonight (busy right now).,genpub,Bitcoin,3,3,0,2014-07,2014-07-30 18:04:33,"Hi Genpub, thanks for the suggestion. I'm using Woocommerce, so I'll probably have to find a small bitcoin image to add to the current footer image. Anyone know where I can find one that matches?"
1,I wonder why...,z_5,Bitcoin,2,2,0,2014-07,2014-07-31 05:22:22,Foreign services usually don't want to touch Americans with a ten foot pole.
0,Anyone have a list of businesses that support this?,PastaArt,Bitcoin,14,14,0,2014-06,2014-06-28 00:16:41,Boycott all businesses that support this initiative.
1,All bitcoin users buy drugs.,millsdmb,Bitcoin,0,0,0,2014-08,2014-08-28 16:29:10,"You should stop helping others steal. A 30% discount is crazy, there's no way that's legal."
0,The community has answered yes - if they threaten to gain too much hashing power.,poolbath1,Bitcoin,1,1,0,2014-01,2014-01-09 19:13:16,So... should we start a witch hunt against every single company/person in the Bitcoin community?
1,"I'm not sure about MtGox, but no it absolutely was not in Silk Road's best interest to get caught, I'm sure if they could re do it, they could choose not to purposefully get caught...",mustyoshi,Bitcoin,0,0,0,2014-06,2014-06-04 00:14:22,Was it in mtgox or silk roads best interest to do what either of they did?
1,Maybe we should ask dogecoin.,Infra-roodborstje,Bitcoin,0,0,0,2014-06,2014-06-12 23:48:23,"Can a reddit group pool together to get the minimum $200,000 deposit to be eligible to bid?"
1,And the community is doing a great job to show that it cares about allowing companies to innovate and succeed unhindered within the Bitcoin ecosystem.,L_Cranston_Shadow,Bitcoin,1,1,0,2014-06,2014-06-17 13:28:23,"Who said anything about whining? Several concrete measures were taken to reduce GHash's mining dominance without any changes being made to the Bitcoin code (and there are plenty of risks associated with changing the code). There was a DDOS attack against GHash recently which took them down to 6% of the mining rate temporarily. There was also at least one miner claiming to be conducting block withholding attacks against GHash. Both of these measures have the potential to directly remove GHash's ability to dominate the mining market, if they have not already done so. Maybe someday the core developers will come up with a remedy for this problem (though I'm not holding my breath). In the meantime, I'm pleased that the community itself has beat GHash back on its own. Hopefully this will put them on notice that anytime they rise above 40% of the hash rate they can expect more of the same. Hell, if they try it again, I'd expect the punishment to be even more severe."
1,b-b-b-but it's not backed by anything.,Thorbinator,Bitcoin,1,1,0,2013-11,2013-11-09 06:47:20,"People were wondering how Bitcoin could continue to grow exponentially. Many possible applications don't even open up to Bitcoin until it's at $1000 or $10,000."
1,Bitcoin will never be a real currency if you keep comparing it to the value of [insert other thing here] :-p,RedPill_S,Bitcoin,1,1,0,2014-03,2014-03-04 14:10:14,See the Bitcoin price visualized as delicious food!
1,"Yeah, giving business a payment term for inventory generally is bad for the economy as a whole.",hseldon10,Bitcoin,2,2,0,2014-03,2014-03-24 19:20:23,"I personally don't agree with credit. Loans. Mortgages, lending people money before they have it. Doesn't work."
1,Those self-serving a-holes just want to see Bitcoin grow and prosper.,bubbasparse,Bitcoin,16,16,0,2014-03,2014-03-26 14:06:58,"Bitpay team does awesome work for the general Bitcoin population, thank you."
0,The circlejerk is strong with this one.,Lance001,Bitcoin,7,7,0,2014-01,2014-01-10 20:17:40,"In 20 years, this will be the coolest vintage picture my nephew will have."
1,"Thank god, after 2 years of waiting there is finally an alternative to SD!",PrimeStunna,Bitcoin,1,1,0,2014-04,2014-04-15 15:03:51,SatoshiDICE Alternative
1,Clearly this plea for funding is a clever ruse cooked up by his defense attorneys to suggest innocence....,allenahansen,Bitcoin,0,0,0,2014-04,2014-04-20 15:29:23,"he only has those bitcoins if he's guilty. if he didn't do it, why would he have a bunch of btc?"
1,"""If I was the real creator, I would never use my real name"" Hmm, that's a very good alibi, exactly what someone who wasn't *not* the creator of bitcoin would have thought of!",fuZZe,Bitcoin,12,12,0,2014-04,2014-04-23 03:47:29,Dorian S. Nakamoto accepts BTC donations from Andreas Antonopoulos
0,There could be a million wallets; the transfers remain pseudonymous.,Miner_Willy,Bitcoin,0,0,0,2014-01,2014-01-16 01:21:42,"But then you don't know who to arrest. There are multiple wallets that may or may not contain the stolen coins. And even if you arrest both, proving beyond reasonable doubt that one of them has the stolen coins becomes impossible. And that's just with two wallets. One can do it with a thousand wallets."
1,i guess multiple testimonies over the last few months with nothing but positive feedback must be all sockpuppets and lies,losermcfail,Bitcoin,2,2,0,2014-01,2014-01-12 06:59:08,Proof?
1,"He's just a *bot* guys, don't downvote him",Gappleto97,Bitcoin,1,1,0,2014-01,2014-01-16 11:19:57,Michael Jackson ^^Tee ^^hee ^^hee
1,"Yeah, because smashing up an Apple Store isn't fanaticism at all...",long-lostfriend,Bitcoin,0,0,0,2014-02,2014-02-13 15:36:26,"I am talking about that. Here. And I'm letting people do what they want. Dissent is not oppression, nor a command. I think it's a goddamn shame to waste technology and resources like that. I also like to enable effective protest, and I don't think this was it. It would have made more sense if someone went into an Apple store with a hammer and smashed as much as they could before getting arrested. At least that would have hurt Apple. But getting arrested is actually sacrifice and risk. It would have made more of a splash on the media, too. But these are my opinions. I'm pretty sure this sub is pro free speech, so maybe you shouldn't tell me to ""go talk about that"" ostensibly somewhere else. I'm not telling people what to do, just that I disagree with what they did, and that it wasn't a very effective protest. I like bitcoin. I do not like mystery Kool-Aid, nor being told to drink it."
1,"Why should it bother me that the government can see every single transaction I make, and can with the touch of a button erase all of my personal wealth?",moral_agent,Bitcoin,1,1,0,2013-11,2013-11-14 20:05:19,We can either be monitored by many governments and corporations around the world OR have the right to privacy. Do you want all your finances monitored? We must avoid the concept whitelisting/blacklisting bitcoins. It will destroy bitcoin's fungibility. The main way to fight this bad idea is to raise awareness of the dangers and as a community REFUSE to do business with anyone who adopts such silly practices!
1,"Oh yeah, I wonder why nobody thought of that.",pardax,Bitcoin,3,3,0,2013-11,2013-11-16 05:48:10,"Just use different adresses, problem solved?"
0,I found a paid troll!,pardax,Bitcoin,3,3,0,2014-12,2014-12-29 19:16:18,"Bitcoin literally solves none of these problems. Countries don't default because of hyper-inflation, hyper-inflation is a last ditch effort to save an economy. Bitcoin isn't stable, there is no currency God that holds Bitcoins value, in fact Bitcoins value is even more volatile than any state dependent currency because there is no rhyme or reason for its value. Bitcoin is a fantasy. A fantasy that somehow value can be assumed for no reason. It has successfully fooled many people but is an unintended ponzi."
0,Yet.,OBAMA_IN_MY_ANUS,Bitcoin,1,1,0,2014-02,2014-02-26 00:11:22,"Gox itself could be considered a Ponzi scheme, but it won't apply to the whole currency."
0,"**They see me trollin', they hatin'... they downvotin' cuz they try to catch shillin' dirty**",kinoshitajona,Bitcoin,6,6,0,2014-10,2014-10-20 12:21:53,What's with the extreme paranoia on this sub? The only other places that are this bad are conspiracy sites. Especially with the paid shills part. There is no evidence whatsoever that there is even one paid shill here yet every day a dozen people are accused of being one. Basically anyone who isn't 100% a Bitcoin supporter is called a paid shill. Any explanation for this quite insane behavior?
0,"And then everyone will be forced to use the central Operating System known as ctOS, and a group of rogue hackers will kill the niece of a 1337 hacker who gains backdoor access to the whole system and then he will plot revenge while hacking street lights to thrawrt police from catching him while he delves deep into the underbelly of Chicago... I need to stop playing Watch Dogs.",kinoshitajona,Bitcoin,2,2,0,2014-06,2014-06-01 08:24:44,"See what happens when I'm high. This is Bitcoins end game. The only people who trade in fiat currencies are State employees. Everyone else will work for a specific companies currency or Bitcoin. You will work for Overstock dollars, Google dollars, Sam's Glass Shop dollars, etc, all made possible by Colored Coins. You will either hold those dollars or trade them on an open exchange to a prefered currency. Imagine a system where your money is company stock. Of course Bitcoin will be THE independant currency. The global reserve currency. It's perfect because it IS based on nothing... nothing except our faith in a system that is better than the one that exists. All other currencies will float on an open P2P liquid market, exchanging between each other based on supply and demand of their company fundamentals. Companies will have to compete in every manner to make sure their currency is competivitve and likable in the market. It doesn't just mean good profits and dividends, but in popularity, doing what's right, not being evil. In a moments notice, you could swap their currency for something else. CEO says something you don't like? Sell! We will hold currencies that WE see as being beneficial to our world view. Don't like nuclear energy? Short them! Like self driving cars? Buy stock/currency in those companies. The entire stock market and currency markets will become one. Fiat = States, Stocks = Companies. All will be openly traded by everyone in the world. Everyone who has a phone will be able to actively trade stocks and currencies 24/7. All based on likes/dislikes of their activity. The stock market is currently for the upper middle class. The folks with 401ks and IRAs. There is a huge percentage of the people in the world that do not have a bank account, but have opinions of these multinational companies. Everyone will be able to vote financially. Reduce the barriers and we will have a global market that doesn't discriminate financially. Financial Equality."
0,There's one born every minute!,sgornick,Bitcoin,7,7,0,2014-10,2014-10-07 20:34:48,Am I missing the joke?
0,I don't leave DNA on my Bitcoin when I spend them.,jackmaninov,Bitcoin,0,0,0,2014-09,2014-09-14 22:38:10,"Bloomberg, cash is darker than bitcoin"
0,Here a warning for the central banks : Your institutions might be obsolete in a near future.,knight222,Bitcoin,2,2,0,2014-01,2014-01-17 15:00:49,Indonesia Central Bank Warns Against Bitcoin Use
1,Because bitcoin totally offers instant transactions with zero confirmation time unlike credit cards and cash,Aalewis__,Bitcoin,4,4,0,2014-07,2014-07-29 03:50:22,Advertisement seems more fitting now. (found on nyc subway)
1,but but... minimum wage does not cause inflation,vamper,Bitcoin,1,1,0,2014-09,2014-09-15 00:09:36,I don't know for what those comparisons are usefull if they don't compare to the rise of income of the avarege person
0,Baby don't hurt me,Essexal,Bitcoin,11,11,0,2014-06,2014-06-01 02:02:39,what is love?
1,sssh you are talking that statist nonsense again,cqm,Bitcoin,1,1,0,2014-10,2014-10-03 04:43:03,"You're asking the White House to have a Senate vote? Do you understand the Senate is within the Legislative Branch and the White House is in the Executive Branch? Constitutionally, they cannot make each other do things. The President has no power and cannot introduce legislation or force a vote in the Senate. FYI, the House of Reps votes on things that are popular all the time when there is an election (they have to get elected every two years), but most of those populist ideas die in the Senate. They can take the long view since they are only elected every six years. It's always worth petitioning, but don't waste your time petitioning someone who can't make this happen. Call/e-mail your Senators."
1,"Who cares, they give me free checking so I'm cool with it!",grumpy_caterpillar,Bitcoin,3,3,0,2014-10,2014-10-07 20:00:05,Big Banks face another round of US charges for rigging the global currency exchange rates.
0,It's technically a metal,neofatalist,Bitcoin,4,4,0,2014-01,2014-01-28 22:48:02,"Gold is definitely more useful than Bitcoin! Oh wait, no. It's not. It's a rock."
0,"Yes, but it is enough to make an insurance claim :)",Tardigrade1,Bitcoin,1,1,0,2014-06,2014-06-19 16:42:32,That cable isn't going to stop a determined thief. It needs to be able to be mounted to a reinforced wall through the backplate or something similar.
1,"So, pretty similar then xD",djangocoin,Bitcoin,-6,-6,0,2014-07,2014-07-15 08:52:42,Japan and China are about as different as Germany and Russia.
1,Don't you mean new bits users,keonne,Bitcoin,1,1,0,2014-07,2014-07-21 09:30:55,Yeah not confusing at all to new BTC users.
0,"Going to bed tonight, doing some coke in front of the mirror.",blomstertjack,Bitcoin,5,5,0,2014-05,2014-05-30 10:52:15,"Waking up today, that feeling."
1,"yer totally, its not like show girls are used to sell phones, tablets, cars, softdrinks or medicine......",Jack_Perth,Bitcoin,1,1,0,2014-05,2014-05-10 02:14:56,This type of marketing is an instant turn-off for me. I'd like to be taken seriously by a company which is trying to sell me stuff. By appealing to such primal instincts they just seem really unprofessional to me. I can't shake the impression of dealing with something cheap or crappy.
0,that tweet was a dickmove.,SprayingVomit,Bitcoin,6,6,0,2014-02,2014-02-25 13:04:57,"Roger Ver: ""You thought wrong. I never said ""."
1,"Die untagged sarcasm, die!",Natanael_L,Bitcoin,2,2,0,2013-11,2013-11-02 14:08:45,"are you against freedom? everyone knows units of measurement should be in inches, feet and miles."
0,Its like watching children discuss adult things that they have an extremely vague idea about.,Bitcoin-CEO,Bitcoin,16,16,0,2014-06,2014-06-14 17:00:47,Looks like the far-right in America has decided Bitcoin is evil
1,"Long-time Redditor, first time Bitcoiner here... TIPS PLEASE!",Atlas_84,Bitcoin,1,1,0,2014-06,2014-06-03 13:01:42,"Not a bad thing in itself, but it raises a flag. There have been many post like yours recently. So, either you are a real new Bitcoin user and new to Reddit, which is perfectly possible, and in which care you are most welcome here, OR you are part of a campaign to manipulate the market, which has been known to happen and is also perfectly possible. Users with older accounts are significantly less likely to be part of a manipulative effort, than users with a new account. So, it would help if you could prove somehow that you and your story are real."
1,Facts U Dislike.,Thorbinator,Bitcoin,6,6,0,2014-06,2014-06-06 06:20:04,great points all -- what's FUD? the Fucking Us Dollar?
0,"With bitcoin, both of those things can be reasonably aproximated without a bank.",pubus,Bitcoin,5,5,0,2014-06,2014-06-16 21:19:06,"But Satan Inc. can guarantee your money back in the event of theft, and can refund you if a vendor defrauds you. Bitcoin pushes all of those to the consumer. How is that a gain?"
1,Great live reporting... wow,kinoshitajona,Bitcoin,2,2,0,2014-06,2014-06-27 19:26:30,Live right now - Bloomberg TV covers Bitcoin Auction
1,"Yeah, fuck businesses for giving customers/investors as much information as possible.",Atheose,Bitcoin,6,6,0,2014-03,2014-03-15 22:10:34,More fluff.
1,"Yeah, bring back the marvelous wonders of the 18th and 19th centuries please.",Atheose,Bitcoin,3,3,0,2014-04,2014-04-10 17:45:37,The 20th century made people extremely soft.
1,I hear Alienware makes the best graphics cards,skilliard4,Bitcoin,1,1,0,2014-04,2014-04-05 03:52:49,Or maybe it's because they are techno-literate and have graphics cards?
1,"Yeah, voting justifies extortion!",PotatoBadger,Bitcoin,20,20,0,2014-01,2014-01-06 02:04:20,"Not as a comment about the law, but have to point out you still have representation via absentee ballot."
1,Spoiler alert: Bread is also $20 a loaf when that happens.,Bipolarruledout,Bitcoin,2,2,0,2014-01,2014-01-07 22:15:21,"""I actually had to adjust this number upwards. But then you come up with a number of about $2-5m per bitcoin."" - Rick Falkvinge when asked about a potential realistic market cap for Bitcoin"
1,"Because obviously it's vitally important that the government recognise it's a currency and money too - oh, except when that would mean something bad, in which case it's important they *don't* see it as money, and we don't need their help anyway, we'll do just fine without them!",r3m0t,Bitcoin,3,3,0,2014-01,2014-01-28 03:01:28,Why would that matter? His office has no say in how it is classified.
1,Tiger said it so it must be true!,Garrand,Bitcoin,0,0,0,2014-02,2014-02-03 04:42:42,"Source? I don't see where you guys got your numbers, and we had people making shit up before."
1,If you don't like it you can get out!,RonaldMcPaul,Bitcoin,1,1,0,2014-02,2014-02-07 00:29:46,"Apple is a company not a government, you vote with your money."
1,You forgot: Comes with a DNA sequencer so you can comply with AML laws.,luffintlimme,Bitcoin,6,6,0,2014-02,2014-02-12 20:02:43,"An interesting idea, but I think if I was going to make an ATM I'd want a machine that: * Is a thin client for a server (allowing monitoring, setting exchange rates, rotating wallets, etc) * Has a touchscreen interface * Handled Canadian and American money * Could accept Bitcoin and dispense cash * Has a secure shell design that would make theft difficult * Comes with the option to handle multiple altcoins * Diverts a transaction fee to a third address Obviously, that'd be well beyond what this machine is meant to do, which is play with the basics. Maybe such a project should be funded by the Bitcoin community... it would certainly speed adoption if every corner store and coffee shop could have a small box made for a few thousand that would sit on their counter, handling small Bitcoin transactions and collecting 1% in each direction..."
1,"Everyone knows the best emergency fund is a fake passport, a fake mustache, a dumb phone, and a hoopty.",MysticX,Bitcoin,1,1,0,2014-02,2014-02-21 15:52:16,Good on you for spending all your food money on bitcoins. Most of us would do the same. Who the fuck needs an emergency fund.
1,I love gawker's reasoned and non-hysterical approach to this.,qwints,Bitcoin,1,1,0,2014-02,2014-02-28 16:10:12,Bitcoin Kingpin Admits Everyone's Money Is Gone
1,From what I read in the article bitcoins will always be cleaner than USDs because they are digitial and cannot carry contaminates.,webwidejosh,Bitcoin,1,1,0,2013-11,2013-11-15 14:38:47,Blacklist money because some people use to buy drugs? Problem solved
0,Ultimate Fighting Coin :],djangocoin,Bitcoin,1,1,0,2014-06,2014-06-12 07:22:33,UFC fighter Rory Macdonald wanting to cash in on the bitcoin gravy train
0,How many CAs were compromised making revoking/renewing the keys pointless?,luffintlimme,Bitcoin,1,1,0,2014-04,2014-04-09 04:01:46,And how many servers' private keys were compromised and the keys not revoked?
1,"Answer the questions, you fucking money launderer!",republitard,Bitcoin,7,7,0,2014-09,2014-09-06 02:01:12,"Moved my bitcoins off coinbase and got the following email We noticed your account has conducted a high volume of transactions with Coinbase. We appreciate you being an active customer! We are required to periodically review high volume accounts as part of being a Money Service Business. To assist in this process, can you please provide us with the following information at your convenience: - Please describe the primary use case for your Coinbase account - Please describe the source of the bitcoin being deposited into your account - Please tell us the source of funds for your bitcoin purchases - Please elaborate on the nature of your outgoing transfers and what, if any, services they are related to Respectfully, Coinbase Compliance Team"
0,check out open transactions - the need for traditional banking institutions is evaporating,asherp,Bitcoin,5,5,0,2014-05,2014-05-08 02:28:43,I cannot envision a world where the finance sector is replaced by block chains... but can definitely see bitcoin and banks co existing as long as the consumer has the final choice
0,Who said anything about taxes?,majorpaynei86,Bitcoin,2,2,0,2014-03,2014-03-31 17:35:27,"Taxes are after the fact. It's the same thing as a cash based system, you still owe taxes."
0,Way to go on security..... wow.,Introshine,Bitcoin,8,8,0,2014-06,2014-06-18 19:25:34,List of Possible Silk Road Bitcoin Bidders Allegedly Leaked by US Marshals
0,"""The Great Train Robbery"" Someone stole my smartphone with the unencrypted wallet!",rowdy_beaver,Bitcoin,1,1,0,2014-02,2014-02-19 15:10:16,"Just for fun: Movie plots that would have been ruined by bitcoin I thought it would be fun to list movies that the plots would be ruined if they had used bitcoin instead of fiat. Especially bank heists, cons, etc."
0,"Can't we stop using ""Bits"" for this purpose now?",Arcas0,Bitcoin,1,1,0,2014-07,2014-07-29 17:44:23,"PSA: Don't change the new Blockchain iOS wallet denomination to ""Bits"". When you click Bitpay/Coinbase payment links it will send the wrong amount of BTC to the payment address. I just discovered this 'bug' today. I installed the new iOS Blockchain wallet. Changed denomination to Bits. Opened Gyft app, wanted to buy a Target Giftcard. Clicked Bitpay's ""Pay with Bitcoin"" link. Blockchain immediately opened, however the app sent .0843 BITS instead of .0843 BTC. I was really confused for a long time why the gift card was not appearing for me, it's because I barely sent them a few pennies worth of Bitcoin and I didn't even realize it for a long time. So long story short, keep the Blockchain wallet denominated in BTC for now."
0,Ignorant with the hopes of being right.,MyDixieWreck4BTC,Bitcoin,5,5,0,2013-11,2013-11-07 00:54:13,Not sure if they are more scared or ignorant.
0,I can just imagine a cattle auction in Australia being done in bitcoin - it would take forever.,floodle,Bitcoin,0,0,0,2014-03,2014-03-20 14:15:15,Western Australian farmers adopting btc for meat exports to foreign countries Btc is about to go through the roof Buy buy buy !
1,Bearish as fcuk,davotoula,Bitcoin,1,1,0,2014-09,2014-09-22 21:03:55,Jack Dorsey says Square will accept bitcoin
1,"""They're not paid to research, they're paid to write!""",targetpro,Bitcoin,3,3,0,2014-09,2014-09-27 15:44:54,It's not a company -_- how can people make this mistake in 2014. Did the writer of this article really not google Bitcoin before pulling some shit out of ass??
0,No problem xD,KrLoSk8,Bitcoin,1,1,0,2014-03,2014-03-17 06:05:48,Oh yeah! Honestly I totally forgot tiger direct was accepting btc. Ty! Haha
0,Except that legitimate businesses may no longer accept bitcoin which decreases it's value as a currency.,FunkTrooper,Bitcoin,3,3,0,2014-08,2014-08-23 18:55:48,"As the governments push BTC away, they will actually strengthen the network."
1,Your right though we should censor information from the top down,Sugar_Daddy_Peter,Bitcoin,7,7,0,2014-10,2014-10-07 23:48:53,"wait, we have Julian Assange on board? The uniter of nations and ideologies? Mass adoption here we come!"
1,BJS4BTC,djangocoin,Bitcoin,1,1,0,2014-10,2014-10-27 10:50:12,A 20 year old female human trafficking victim... I doubt there's many stock photos of that kind of a person holding up a Bitcoin logo and their reddit username.
1,Lawsky will stop them,Helvetian616,Bitcoin,5,5,0,2014-10,2014-10-31 07:13:26,"Who needs regulation to stop these losers, when we've got anarchy and regret instead?"
1,"Impulsive bitcoin hodlers should spend their bitcoins to 1BitcoinEaterAddressDontSendf59kuE as it will take quite a long time to recover the private keys for spending, thus saving you from yourself.",AgentZeroM,Bitcoin,2,2,0,2014-07,2014-07-03 14:36:19,"Finding it hard to hodl Hey guys, 21 year old male here. I'm thinking of just putting away a few BTC as a ""long-shot"" retirement investment, but right now, 10BTC seems like a lot of money. One of my issues is being able to set aside the coins. I'm an active trader and very impulsive. In the long run, 5 years isn't a long time for a possibly huge payoff. Anyone else have similar issues? And don't worry... I do my fair share of spending as well. Especially with Newegg now accepting BTC."
0,"Google ""bitcoin selfish mining attack"" If someone suddenly pulled half the network hashing power, most would assume that is what they're trying to do.",kinoshitajona,Bitcoin,3,3,0,2014-05,2014-05-25 23:32:05,"The chain wouldn't be harmed if CEX suddenly went offline, it would just be appended by the other miners. It would actually boost the profits for everyone else considerably if that happened since difficulty would adjust down with it."
0,I think his prediction is a little low.,Daurgothoth,Bitcoin,5,5,0,2014-07,2014-07-10 19:34:40,"Bitcoin price 'to hit $2000' by end of the year | A venture capitalist, Geoff Lewis has predicted Speaking at CoinSummit in London"
1,The safest!,ThatTalllGuy,Bitcoin,3,3,0,2014-07,2014-07-26 12:57:46,"Only the legal regulated opiates and ssri's of course, since those are safe"
1,Not with that attitude.,MyDixieWreck4BTC,Bitcoin,31,31,0,2014-08,2014-08-12 19:17:10,"Yep, you can't patent the network effect."
1,Worked for the hippie movement.,blomstertjack,Bitcoin,1,1,0,2014-05,2014-05-11 21:12:19,"Well, be the change you want to see in the world. What are you doing about Mastercard?"
1,"The Revelation... they take bitcoin in heaven, right?",LateNiteOrganDonor,Bitcoin,16,16,0,2014-05,2014-05-13 20:01:06,The end...When is that?
1,Yeah... Amazon has never taken a risk on anything,blackmarble,Bitcoin,2,2,0,2014-06,2014-06-07 19:46:19,"No, that's super risky. No company will hold bitcoin unless they plan to speculate."
1,"Dont worry, someone ELSE will figure it out for us",spadmin,Bitcoin,0,0,0,2014-06,2014-06-12 20:14:36,"What is your proposed solution for the ""right incentives""? Or at least your first stab at a proposed solution. Where is the discussion on that topic happening? Bitcointalk? Somewhere else? Here??"
1,"Sure is, I once knew a prostitute with QR codes tattooed near all her orifices for easy upgrade payments.",Big_Man_On_Campus,Bitcoin,1,1,0,2014-06,2014-06-26 04:02:55,Is Bitcoin Welcoming to Women?
1,My favorites are the bars operating like this that only accept cash.,corporate_complicity,Bitcoin,2,2,0,2014-03,2014-03-19 00:18:24,"Well, ATM fees and service charges have gone up steadily since their introduction actually. I'll grant that consumer *do* feel cheated but typically the convenience factor outweighs that and the cost of entry keeps competition from jumping in too quickly. Most people won't use an ATM in a bar for example but there are enough that do to make it more profitable to gouge a few people than to offer a more 'fair' service to more people."
1,Seems legit.,NedRadnad,Bitcoin,1,1,0,2014-03,2014-03-23 18:06:24,Bitcoin Faucet Earner (Earn Bitcoins with your pc without mining)
1,Guess where he got it.,Natanael_L,Bitcoin,11,11,0,2014-04,2014-04-09 09:44:44,I think my girlfriend has that t-shirt he's wearing.
1,But at least you'd be enjoying the high living standards in Somalia.,Ilsensine,Bitcoin,3,3,0,2014-04,2014-04-19 15:43:56,"IRS taxes all U.S. citizens, no matter where they live. You can renounce your U.S. citizenship to avoid taxes, but then: (1) any property you own (even jointly) in the U.S. will be confiscated and (2) you will never again be allowed to set foot in the U.S."
1,This kills silver and gold.,Diapolis,Bitcoin,2,2,0,2014-01,2014-01-22 19:02:53,I guess the same rules apply to silver...
1,Why don't you tell the bitcoin dev team about your amazing discovery.,btcnr,Bitcoin,2,2,0,2014-02,2014-02-10 20:10:37,"When a transaction does not depend on multiple inputs and outputs, then we have a fan-out. It's the need to depend on multiple inputs and outputs that's the problem. Once we have enough of those, then shit hits the fan. We need a certain volume before Bitcon can be majorly abused."
1,He forgot,PerscientAbilities,Bitcoin,3,3,0,2014-02,2014-02-23 23:04:42,any new evidence of such?
1,Spoken like a true business angel.,MairusuPawa,Bitcoin,0,0,0,2014-02,2014-02-26 14:30:23,who the hell would want to buy that clusterfuck of a company???
1,"Don't worry, it'll trickle down",leif777,Bitcoin,3,3,0,2013-11,2013-11-02 12:50:32,I would rather one billion people buy 0.01btc apiece than a few rich people buy a lot. Discuss...
1,Sorry forgot my,Fxck,Bitcoin,-5,-5,0,2014-12,2014-12-23 21:15:20,Why would I go through all that trouble which involves finding someone to buy the items I just bought? I'm not that strapped for cash.
0,This will be the nature for all merchants,Terrierpike,Bitcoin,1,1,0,2013-11,2013-11-23 17:54:47,The ATM operator just found out that it is more profitable to keep the coins...
0,"""official""",PotatoBadger,Bitcoin,34,34,0,2014-03,2014-03-18 23:02:14,Pay for your tickets for the official Bitcoin conference 2014 in Amsterdam with ...
0,Why don't you explain to me how it's broken then?,PoliticalDissidents,Bitcoin,2,2,0,2014-07,2014-07-12 23:00:48,"PoS is broken in its design, so it doesn't matter that you implement it from the ground up. I don't know who you are so why would I care that you ""haven't heard"" of PoS being broken? If you want to stay up to date on things like these join the experts at #bitcoin-wizards."
0,Thanks for the new goal!,Sovereign_Curtis,Bitcoin,2,2,0,2013-11,2013-11-09 19:19:30,"No because 21m is the maximal bitcoins. so 21 xbt get you a ""millionth"" of the total. Imagine having $1 for every $1,000,000 printed, in the history of the USA. that's why 21 is a fun number."
0,Let *what* happen?,Introshine,Bitcoin,5,5,0,2014-10,2014-10-11 08:40:02,The banks will never let this happen.
0,Fuck.,flamingboard,Bitcoin,3,3,0,2014-02,2014-02-05 10:32:43,1981 was 33 years ago.
0,Them possibly going P2P has nothing to do with Bitcoin acceptance.,ezen,Bitcoin,2,2,0,2014-03,2014-03-22 17:49:52,Then you dont understand the power of p2p
0,"Sadly, their computers are shit.",Prahasaurus,Bitcoin,-2,-2,0,2014-07,2014-07-19 13:42:34,DELL is now the world's largest ecommerce business to accept Bitcoin!
0,If they already had it up.,mustyoshi,Bitcoin,1,1,0,2014-07,2014-07-07 00:15:02,Would they have sold in that small time period?
0,"very true, money and emotions never mix well... at least when it comes to casinos money lost due to emotions can be seen, with bitcoin there is nothing to see, and apart from digging into math, it can be as mystical to some people as religious beliefs",DaSpawn,Bitcoin,1,1,0,2014-03,2014-03-02 20:44:08,"It isn't a religion, and a pragmatic rational person would not let it be. But people who start losing money they cannot afford to, start developing cognitive dissonance and begin to act religiously towards it. Denial and disbelief are rampant among those who lost money."
0,Climate change is more due to cow farts,majorpaynei86,Bitcoin,0,0,0,2014-08,2014-08-13 11:18:02,"Oh great, someone who believes human-induced climate change is a myth. THAT's who we want promoting Bitcoin..."
0,I'm waiting for china to ban it again so I can get some cheap coins,majorpaynei86,Bitcoin,2,2,0,2014-05,2014-05-22 10:56:57,"i'm from germany, but i wake up at 3 a.m. to see if chinese are doing something. east coast usa should wake up now, i think they will sell now because the main pump is over, so it will slide down again. i hope that tomorrow when china gets up they will pump again."
0,"Good luck, you're gonna need it.",i_can_get_you_a_toe,Bitcoin,2,2,0,2014-03,2014-03-05 20:55:20,"Nobody is bragging, i'm just stating that people don't know what they are doing on their PCs and then cry like babies when they lose their coins. There is nothing wrong with Windows(except it has a couple of backdoors) but I believe NSA has more important things to develop than reading what a guy on reddit is doing."
0,"No silly boy, you have a WHILE to wait.",Rotorgeek,Bitcoin,5,5,0,2014-01,2014-01-01 14:36:09,"Wait, you mean the miners that I bought 6 months ago and are just now shipping? Lol."
0,What questions do you have?,rowdy_beaver,Bitcoin,1,1,0,2014-05,2014-05-27 20:12:15,Bitcoin coaches Is there anyone that can coach me step by step?
0,"The Bitcoin CEO would never pay his ""Stoodent Athaleetes"".",Big_Man_On_Campus,Bitcoin,1,1,0,2014-08,2014-08-11 20:06:53,My friend is running a Bitcoin based American football bowl -- I don't know anything about football but thought someone might find the Bitcoin part of interest to some
0,"I thought about selling, but then I realized borrowing out the bitcoins on BTCjam will usually give me a fiat hedge.",road_laya,Bitcoin,1,1,0,2014-10,2014-10-04 06:39:18,Anxiously awaiting the next bubble...
1,"But, but... the free market solves everything guise",Right_In-The-Pussy,Bitcoin,-3,-3,0,2014-10,2014-10-06 01:18:50,Pure Manipulation
1,"Control systems for nuclear reactors, explosives, drones, satellites, cars, trucks, planes, medical equipment, radio signals, the internet, modern finance, video games, robotics, television, phones, security, and techno music; all of which could never be **incredibly dangerous**.",Lawsky,Bitcoin,4,4,0,2014-10,2014-10-15 02:47:07,such as...
1,why didnt you just work with their support team?,formatlostmypw,Bitcoin,-2,-2,0,2014-10,2014-10-15 20:59:44,"The Great Robocoin Rip-off: How we lost $25,000 buying a Robocoin ATM"
1,"Dude you'll be so safe bro, FBI has got u don't worry!",xterierk,Bitcoin,12,12,0,2014-10,2014-10-17 18:40:06,"Hey man, whatever it takes to lower my chances of being harmed by a by a terrorist from .00000001% to .000000009%. If we need to make reddit illegal, so be it. Come to think of it, I'd probably better never leave the house again."
1,"LoL, yeah that is the best you can do for a noob that prefers bits instead of BTC xD",rdymac,Bitcoin,2,2,0,2014-10,2014-10-22 19:25:19,Solution: fee is paid in Bitcoin... Sent 56.4 bits with a fee of 0.0001 BTC
1,No.,mohland,Bitcoin,0,0,0,2014-10,2014-10-24 07:26:00,Will UTOKENS be bigger than Bitcoins?
1,What you mean the whole world isn't a libertarian?,PoliticalDissidents,Bitcoin,1,1,0,2014-07,2014-07-19 06:46:08,Whats not to understand? This sub is riddled with subservient statists who only care about bitcoin because moon money.
1,It can only mean that Bitcoin is dying,whols,Bitcoin,0,0,0,2014-07,2014-07-30 20:04:36,"We seem to be on a nasty downtrend, anyone know what's going on?"
1,Bitcoins are too expensive,Sugar_Daddy_Peter,Bitcoin,1,1,0,2014-08,2014-08-08 12:44:48,"What's interesting about this graph, which begins at 1995, is that the adoption rate at its start is over 10% of all adults. Bitcoin isn't *anywhere near* that amount yet."
1,Have to think before you can drink,djangocoin,Bitcoin,1,1,0,2014-08,2014-08-11 08:25:24,"....why not just give needy people the water, and let people practice math. Why do they need to be tied together?"
1,I forgot the,vqpas,Bitcoin,2,2,0,2014-08,2014-08-16 23:43:10,but then where did sweepme.exe come from?
1,Yeah that's why everyone still uses MySpace everyday,omniVici,Bitcoin,1,1,0,2014-08,2014-08-17 18:19:39,Not going to work or happen. I use facebook as a web application. There's no way following people on the blockchain will replace years of engineering talent building out a nice messaging and social media platform.
1,Herp bitcoin isn't a company Apples to oranges derp,Tester24834,Bitcoin,1,1,0,2014-08,2014-08-27 18:07:33,For those hoping for sanity in the BTC valuation someday: Jessica Alba's Diaper Delivery service just got a $1Billion Valuation. (It blows my mind that BTC is still less than $7Bil :)
1,"But what do you have to say about the growing clout of one so-called ""mining pool,"" which now controls roughly half of the computing power on the bitcoin network, giving it the ability, if it so chose, to counterfeit bitcoins?",tetondon,Bitcoin,1,1,0,2014-06,2014-06-18 16:05:02,"The saddest part is that some people read this crap and not only believe it, they also repeat it."
1,How dare you not break everything to think of the children.,Ashlir,Bitcoin,5,5,0,2014-03,2014-03-02 20:01:05,"Are you saying websites should replace parents? What about schools? Should schools discipline children, or should the parents do that? Bad parenting, and lacking or non-existent parental supervision does not mean we should break the internet or eCommerce."
1,Smart business strategy,4_auir,Bitcoin,26,26,0,2014-03,2014-03-11 19:32:50,Dollars Not Accepted Here (png)
1,"For the past two months, he couldn't remember his mother's maiden name which was the passphrase for his half-billion-dollar brain wallet.",lifeboatz,Bitcoin,11,11,0,2014-03,2014-03-25 17:40:19,"I think the only logical explanation if it is true would be that Karpeles indeed had lost access to the cold storage, and now they (presumably with the help of experts) figured out how to recover the lost private keys."
1,"ok, now ELI-FIVE!",BeCoingInABit,Bitcoin,1,1,0,2014-04,2014-04-11 21:58:13,9 Year Old Explains Bitcoin
0,I suppose that's easier than trying to convince them that all the major parties are effectively the same with extremely minute differences that they harp upon to make them seem to be polar opposites.,c0ldfusi0nz,Bitcoin,1,1,0,2013-11,2013-11-17 12:42:22,"Hey, it might not be worth much, but it still keeps people from saying ""If you're gonna bitch about it you should have voted"""
0,"This is a good statement from them, but I'm not sure I understand ""We do not generate malleable transactions,..."" I thought any transaction sent to the network would be subject to this attack.",beaker38,Bitcoin,8,8,0,2014-02,2014-02-11 21:50:38,Transaction Malleability and Coinkite (official post)
1,You mean all that China news was real?,flamingboard,Bitcoin,0,0,0,2014-01,2014-01-04 13:29:05,"PSA - The USA is not the only country using Bitcoin Posts about legislation, taxation and government organisations are frequent here, which is totally fine. What's not fine is when you assume that America is the default and talk about region specific concepts as though they are universal. If you are making posts that relate to government specific concepts, spend two seconds to add something that indicates what country you are talking about. You're clever enough to tag posts about China and India, so do the same for the USA."
1,"Yeah, a centralized service will solve this.",SexWithAGoat,Bitcoin,9,9,0,2014-01,2014-01-23 22:16:55,People on the ground need to develop a BTC banking system there as an alternative to the current fiat systems. Show it works there and it's game over.
1,He forgot,neofatalist,Bitcoin,2,2,0,2014-02,2014-02-06 02:58:33,Non-issue. best of luck with that apple!
1,"Remember guys, Bitcoin is a bubble.",shervin2,Bitcoin,1,1,0,2014-02,2014-02-20 00:24:43,Whatsapp worth $19bn. Bitcoins worth $8bn. Time to buy.
0,Source?,Introshine,Bitcoin,0,0,0,2014-05,2014-05-18 05:28:47,"You sound fucking stupid, and word has it that the conference was just as stupid as you sound (e.g. circling sequential numbers on a piece of paper with numbers for no fucking reason, etc)"
0,Or maybe he was joking,Terrierpike,Bitcoin,1,1,0,2014-01,2014-01-18 13:51:50,What that some prepper div doesn't learn about topics before commenting on them?
0,Its tvoed the time i post was 15 mins from the clock when i siad check the clock.,nived321,Bitcoin,1,1,0,2014-05,2014-05-29 21:54:42,Isn't the time on the TV supposed to be accurate? Is the clock under your TV just 13 minutes ahead?
0,I guess it was worthless in '09.,tormented-atoms,Bitcoin,4,4,0,2014-10,2014-10-29 13:50:13,"How would you get Bitcoin if every exchange, bitcoin meetup site and circle/coinbase closed? How would you *spend* bitcoin if they all closed? It'd become worthless. Trying to argue otherwise is just attempting to ignore and uncomfortable fact."
1,But why would you use a decentralized app; centralized systems are more efficient?,nanosapian,Bitcoin,9,9,0,2014-12,2014-12-31 06:09:08,"After Hong Kong protests, the decentralized app, FireChat strikes again in Russia"
0,Additionally: - enable 2FA on both your email and blockchain account - never use the same passwords for different things - Disable connecting from TOR - Never Remember Two Factor Login - turn on logging - enable notifications,usrn,Bitcoin,1,1,0,2014-07,2014-07-10 19:11:10,"Make sure you have a strong password on your blockchain account, that your computer isn't compromised, and if you had a weak or compromised password previously on the blockchain wallet and had backups emailed to you, delete the old backups secured with the weaker password from any places where they may be online."
0,This problem has been fixed in current versions of wallets.,chinawat,Bitcoin,3,3,0,2014-02,2014-02-21 17:00:32,"Using an Android wallet for bit coins is considered unsafe sooo,"
0,Matthew Broderick in a War Games sequel?,lifeboatz,Bitcoin,2,2,0,2014-03,2014-03-13 15:24:00,This would make a good sequel to oceans 11 (or any crime thriller for that matter).
0,"Yes, because it works so well for people to enthusiastically subjugate themselves to brutal power.",Helvetian616,Bitcoin,2,2,0,2014-03,2014-03-29 14:06:37,China executes its own leaders for corruption. I don't think you should be encouraging ordinary Chinese citizens to subvert the law.
0,"But the form was filled out stating ""I will not use this account to perform X, Y, Z actions"" and after the guidance was passed that what he was doing was X, Y, and Z he did not work to bring his operations back into compliance prior to the investigation, many months following.",jesset77,Bitcoin,1,1,0,2014-02,2014-02-07 22:43:23,"Karpeles wasn't using his account for money transmission at the time he filled in that form -- at the time, remember, bitcoin was toy money, and fincen had not issued that guidance."
0,Is there no way to participate without an Android?,intrepod,Bitcoin,2,2,0,2014-08,2014-08-04 08:59:57,"damn, they need an ihpone app or desktop app for this. actually, can you use mycelium on tails OS? I'm considering going dark after this Ben Lawsky bullshit."
0,"Subscribed to the list, can't wait to play with this!",i_can_get_you_a_toe,Bitcoin,3,3,0,2014-04,2014-04-05 08:58:57,Bitcoin App Store for iOS &amp; Android (No Jailbreak)
0,...Keep your enemies closer.,MyDixieWreck4BTC,Bitcoin,7,7,0,2014-09,2014-09-23 17:40:44,"Yes, very odd. Anyone know why?"
0,"I think the image is enough, unless they actually did a skit.",1Bitcoinco,Bitcoin,2,2,0,2014-10,2014-10-16 03:42:33,no. link?
1,I have never heard this before.,usrn,Bitcoin,2,2,0,2014-10,2014-10-04 09:41:29,Bitcoin Collapse
1,yeah cause bitcoin isn't political,7trXMk6Z,Bitcoin,1,1,0,2014-10,2014-10-31 10:43:32,"No. This is about Bitcoin. Take your extremist libertarianism elsewhere. Great post, really in the interest of you and you only."
1,You are right there were thousands of people who died when cars were chosen over horses and dont forget about the millions that died when the world started using email over snail mail.,sod6,Bitcoin,5,5,0,2014-07,2014-07-14 15:59:30,"Don't be fooled, a paradigm shift doesn't happen over night and without people dying Just saying"
1,What do you need those for in the basement?,Natanael_L,Bitcoin,2,2,0,2014-08,2014-08-01 00:36:14,I still have my sonic curtains up. :D
1,Crowdfunding,Essexal,Bitcoin,1,1,0,2014-08,2014-08-21 12:55:12,"how do we get bitcoin into more movies? i mean; wouldn't it be awesome, if someone like for instance brad pitt was in a movie purchasing something(for example coffee). i think that could start the fad needed for bitcoin to get a mainstream push. any thoughts?"
0,That's exactly how a brazilian would say it.,MoDuReddit,Bitcoin,4,4,0,2014-03,2014-03-26 09:18:51,"""bitchycoin"" :-)"
0,As far as I'm concerned circle is incredibly sketchy as it stands right now.,mcippolito,Bitcoin,1,1,0,2014-05,2014-05-16 22:00:53,"So, is Coinbase sitting in the war-room right now, trying to figure out what there next move is? What do you think they'll do? I've had positive experiences with Coinbase, but I will definitely switch over to Circle if they don't offer free services like Circle."
1,The kid is obviously some piece of shit white privileged 1%'er and is building this website with slave labor.,PotatoBadger,Bitcoin,3,3,0,2014-06,2014-06-13 19:03:47,If anyone has read the comments on there it's absolutely ridiculous the way people are spouting off about how he got the initial investment. Jesus Christ some people are ridiculous.
1,"Yes, it's totally a good idea to kill the guy that controls the private keys of our money",skilliard4,Bitcoin,8,8,0,2014-06,2014-06-15 19:32:12,"I'm not advocating for anyone to do anything, but frankly I am amazed that no-ones tried to assassinate or otherwise harm this guy yet. The fact no-ones been able to find him either is equally amazing to me."
0,Where did all these recent trolls come from?,DarkShadowGirl,Bitcoin,1,1,0,2014-03,2014-03-23 02:27:57,100 percent certain that this will happen. Companies that invested in bitcoin already lost billions of dollars
1,That would require the auditor having a deep understanding of the protocol.,Dratsic,Bitcoin,1,1,0,2014-03,2014-03-11 00:38:03,"I don't understand why actually performing a transaction is necessary for an audit to prove solvency. The auditor could issue a challenge string, and the exchange could sign it using the private keys for a number of bitcoin addresses. The auditor could then simply check the sum of the balances of all those addresses with valid signatures. No panic created."
1,"This is actually bad news, because it means bitcoin is mainstream.",TheSelfGoverned,Bitcoin,15,15,0,2014-03,2014-03-24 02:43:02,"The way things are going these days, this should cause the BTC price to drop by at least 5%."
1,Whooosh.,dsterry,Bitcoin,-12,-12,0,2014-03,2014-03-25 15:57:30,This is the best idea I've seen for an altcoin in quite awhile. Do we know anything about premine or when the wallet will be released? Perhaps a launch date?
1,"Because an electronic currency has anything to do with ""paperwork"".",digitalh3rmit,Bitcoin,1,1,0,2014-03,2014-03-28 18:34:19,"The Taxman Meets Bitcoin... ""A currency that is unstable, with a tax liability, and paperwork has no chance of going mainstream."""
1,"Well, everyone needs something to occupy their time, why not the booms and bust roller-coaster lifestyle of the fiat world?",bitcoin_letus_tomato,Bitcoin,1,1,0,2014-04,2014-04-09 14:54:50,"Which would mean increased interest payments on debt, so they will need to issue more debt to pay off the old debt, to pay off the older debt, to pay off the even older debt, etc. Eventually they'll say fuck it and perform some kind of currency reset where their debt burden decreases significantly, and your cost of living skyrockets."
1,I'm shocked,macro312,Bitcoin,1,1,0,2014-01,2014-01-15 12:09:41,Wells Fargo organizes meet to discuss Bitcoin rules. Spoiler: they don't like it.
1,The free market will sort itself out and automatically de-centralize!,ssnistfajen,Bitcoin,-1,-1,0,2014-02,2014-02-20 20:04:41,"This is the screen cap that boiled my blood this morning. I woke up at 3am to trade on the Gox announcement only to find out that some insiders had gotten preferential treatment 4 hours earlier. In the real world, Mr Karpeles would be in jail for this kind of blatant insider bullshit. Any illusions that we should trust MtGox or that they are not themselves trading on their platform, should already be gone, but just in case you have any remaining shred of impression that they aren't letting their friends and family cash out preferentially - just take another look at that screen capture. To be clear, the payout on that one price movement would net at minimum 2.5 million in shorts profit on Bitfinex, plus 10 million in carry-over to Stamp/Coinbase. They are likely doing this time and again more subtly every day. The blatant nature of this trade makes it obvious that we're nearing the end. Gox insiders are robbing us. And I don't just mean Gox customers. They are screwing the entire market."
1,"Everyone knows the best emergency fund is a fake passport, a fake mustache, a dumb phone, and a hoopty.",MysticX,Bitcoin,2,2,0,2014-02,2014-02-21 15:52:09,Good on you for spending all your food money on bitcoins. Most of us would do the same. Who the fuck needs an emergency fund.
1,"But without the comment, how will they know where to put the acq text?",pan0ramic,Bitcoin,13,13,0,2014-02,2014-02-25 10:20:21,"That's not normal. I mean... WHO will put a comment like this ? There is no way this comment help a developer. Because if a guy REALLY NEED it, he won't be able to understand anything about code. So he won't put anything... And if he can code, he won't need that. So, they put it for us to see it. What if they want to buy some REAAL cheap coins, cheaper than at 100$ ? And there the leak will be just a volontarous stuff ?"
1,Glad you can speak for everyone,pan0ramic,Bitcoin,3,3,0,2014-02,2014-02-27 11:15:52,"The community doesn't care about you, they are libertarians."
1,"With thrill and exuberance, of course!",rowdy_beaver,Bitcoin,1,1,0,2014-02,2014-02-01 14:13:12,How Should Society React to the Growth of Bitcoin?
1,yup... Obey,AnalyzerX7,Bitcoin,1,1,0,2014-12,2014-12-24 03:44:43,I was thinking this too. How does this apply to them? However PayPal is a US company. So PayPal must comply with US law and PayPal here is facilitating a transaction with Cuban exports. So really it shows the inefficiency of a centralised system. Much like how PayPal had to cut off donations to Wikileaks because the US told them too.
0,I really hope he's mining a GPU-friendly algorithm like X11 and not something dominated by ASICs like SHA-256 or Scrypt.,skilliard4,Bitcoin,6,6,0,2014-08,2014-08-14 21:51:43,Seen at my local hardware store
0,"It may not be ""abnormally large"" for The Fed but it's certainly abnormally large for Belgium.",Bipolarruledout,Bitcoin,2,2,0,2014-05,2014-05-15 06:13:03,"yes its suspicious (yet also ignores the BORROWING that belgium and any country does far beyond their actual earnings over any time period) I'm saying that the REASON the fed obfuscated this transaction has nothing to do with ""scaring the market"" because this amount is not as abnormally large as the author claims it is, so the author needs to go back to the drawing board and think of - or engage in - an intelligent discussion"
0,FTFY porn/bitcoin go lube in hand.,djangocoin,Bitcoin,-1,-1,0,2014-12,2014-12-30 10:18:26,porn/bitcoin go hand in hand.
1,Yeah that's why nobody is using Bitcoin in other countries.,AnalWithAGoat,Bitcoin,3,3,0,2014-09,2014-09-01 16:23:44,Lol well so much for Bitcoin in Nigeria...this seems way more convenient and feasible
0,Point 5 highly improbable.,ebaley,Bitcoin,0,0,0,2014-06,2014-06-05 01:13:15,"Someone needs to break the circle-jerk here. 1. You're going to pay a fat penalty on early withdrawl 2. You should never be ""all-in"" with any investment 3. You say you've been in this 401k for 5 years and made 6 grand. If you invested in the S&amp;P 500 in 2009 you'd be up +100% by now so it sounds like your problem is you have a shitty money manager, not that a 401k is a poor investment vehicle. 4. This post leads me to believe you're not very familiar with investing in general 5. We could go to 0 tomorrow. My $.02 - Get more involved with the management of your 401k and start putting a small piece of your paycheck moving forward in bitcoin. Don't play the lottery with your savings."
1,At least journalists clearly do their homework before pumping out articles!,TheBTC-G,Bitcoin,3,3,0,2014-09,2014-09-07 22:53:12,"They really push that hacking 'problem', don't they. Taking Mark 'Malleability' Karpeles' words for granted."
0,moon,BigMoneyGuy,Bitcoin,1,1,0,2014-06,2014-06-17 18:07:09,"How are wall street investors looking at crypto currencies? So any smart wall street investor with money will want to know a few things about bitcoin. 1.) what does it offer that differentiates it from A. normal fiat and B. other crypto currencies. 2.) What/who are it's competitors (LTC) and what are they doing and how are they doing it. 3.) What is the future of this, how long can it last, and how does it hold up to it's heralded claims? - Any input or comments appreciated"
1,That's it folks...the ride's over,majorpaynei86,Bitcoin,2,2,0,2014-09,2014-09-13 18:11:42,DEA seizes Bitcoins without needing wallet.dat file
1,Leave it to reddit to be a dick about grammar...,Chieftallwood,Bitcoin,1,1,0,2014-09,2014-09-15 13:30:08,"I don't know, who's?"
1,"Oh wow, he predicted wearable computing and delivery drones a whole year ago!",halibuthero,Bitcoin,2,2,0,2014-09,2014-09-24 13:27:06,"Venture capitalist Tim Draper predicts $10,000 per Bitcoin in three years | Fox Business News Online Video"
0,Proof of Poop with decentralized contracts and call it OpenBizarre.,BitBacchus,Bitcoin,5,5,0,2014-10,2014-10-01 15:58:32,This is probably a scam. How would you know if the recepient got the package? You would just casually ask? I DONT KNOW
0,If.. Such a tiny little word with so much consequence!,davotoula,Bitcoin,2,2,0,2014-10,2014-10-16 12:23:11,"Marc Andreessen: If bitcoin works, it can be profound! Dreamforce 2014"
1,"Yeah, makes total sense because everyone knows Electricity bills need to be paid every other day",Introshine,Bitcoin,2,2,0,2014-10,2014-10-06 13:59:55,"China's bank's are closed until the 8th. The large mining farms still need to cover the electricity for their operations, so they're selling for whatever they can get until banks open carry on now"
1,Everyone knows if its not in an email it cant be done.,filenotfounderror,Bitcoin,0,0,0,2014-10,2014-10-23 19:59:01,I must have missed where that option was offered in the email sent to him.
0,"Times up, deliver now",rbhmmx,Bitcoin,0,0,0,2014-10,2014-10-07 00:01:43,Give me an hour or two! I'll deliver OP.
1,itshappening.gif,Xenu_RulerofUniverse,Bitcoin,2,2,0,2014-08,2014-08-29 02:06:24,Butterfly labs is shipping!
1,Like when Apple's stock split everyone reported the company was being diluted.,foxevv,Bitcoin,2,2,0,2014-10,2014-10-09 17:49:55,"I can also see a humorous adverse effect taking place, like widespread reporting of bitcoins value tanking to fractions of a cent due to a lack of recognizing the unit change."
0,I choose the moon.,AnalWithAGoat,Bitcoin,1,1,0,2014-10,2014-10-09 23:34:22,"Which is more important, though: the current terminology of the exchanges, or wider adoption?"
1,"Nope, totally meant bullshit.",BS_Filter,Bitcoin,1,1,0,2014-10,2014-10-18 19:05:18,....I am pretty sure you mean bullish?
1,Great article- really explains how this would happen.,ngngboone,Bitcoin,1,1,0,2014-07,2014-07-06 04:49:14,Bitcoin can help less-prosperous nations build stronger economies: Tim Draper
0,OH SNAP,pogeymanz,Bitcoin,2,2,0,2013-11,2013-11-21 12:17:11,This is a bubble and I'm cool with it.
1,This is great news for everyone running a restaurant in your area!,gerikson,Bitcoin,-5,-5,0,2014-07,2014-07-11 14:06:58,"It is amazing how difficult spending money becomes when I think that ""this dinner out that is only $10 today could potentially cost me $100 or $1000 if Bitcoin takes off."" So I too have saved way more than I dreamed I could. ;) The hard part is spending anything now!"
1,"To top that off, they are at the top of the pyramid.",bitmeister,Bitcoin,0,0,0,2014-08,2014-08-08 05:47:22,"By that logic then: Marc Andreesen, Sam Altman, Reid Hoffman, Jimmy Whales, Ben Horowitz, Max Levchin, Yishan Wong, Keith Rubois, Peter Theil, Richard Branson, Yuri Milner, Chamath Palihapitiya, Ken Howery, Jeff Skoll, and many many more are ALL scammers too."
1,"Do you mean, you are stealing public transportation from the hordes of oppressed anarchists who can't stand the thought of having to pay taxes.",throwawash,Bitcoin,1,1,0,2014-08,2014-08-14 21:23:27,"Bitcoin aside, I currently live without a car and it is awesome. Some people think it is strange especially since I don't really live in the city, but you save a ton of money. I also get free public transportation so there's that too."
1,Check your white male priviledge!,TheSelfGoverned,Bitcoin,1,1,0,2014-08,2014-08-21 21:40:42,First rule for getting rich with Bitcoin: be single.
0,Why aren't there wallets in the web store?,nsa_at_home,Bitcoin,3,3,0,2014-06,2014-06-01 04:45:54,Google begins blocking Chrome extensions downloaded outside their Web Store. Is the end of Dark Wallet?
1,"I have discovered from reading the comments on that article that the user ""Chas Caldwell"" is one of the great minds of our time.",Justtryme90,Bitcoin,1,1,0,2014-03,2014-03-12 23:25:10,Bitcoin exchange for high-frequency traders is launched - The Wall Street Journal
1,"But, see, it's not valuable because people only hoard it.",Throwahoymatie,Bitcoin,2,2,0,2014-04,2014-04-20 20:53:42,"you mean when something has value, PEOPLE WILL TRY TO STEAL IT?!"
1,Wow... You must be fun in person,DarkShadowGirl,Bitcoin,1,1,0,2014-01,2014-01-09 09:11:39,And thus we see the extent of your intelligence.
1,Bbbb bbbuuttt I was told macs can't get viruses Q.Q,kingcolex,Bitcoin,2,2,0,2014-02,2014-02-27 21:08:24,Bitcoin-Stealing OS X Trojan Now Masquerading as 'Angry Birds' and Other Popular Mac Apps
1,Aahahahaha that idea is brilliant!,brokedown,Bitcoin,1,1,0,2014-12,2014-12-24 12:46:21,"Where can I buy Bitcoins with a credit card without having to give up my ID? So I've got a credit card with 0% interest for a year. I'd like to buy some bitcoins to hold on the possibility they increase in value so I can sell them later, pay off the card, and pocket the difference before the interest kicks in. I know it's a risk and I'm willing to bet on it. The problem is the few sites I've found that let you purchase with credit cards want you to send them a copy of your driver's license or other ID. I really don't feel comfortable sending my info out like that. I don't understand why buying bitcoins with a card has to be any more difficult than buying anything else online."
1,This is the kind of quality content I come to this sub for.,gonzobon,Bitcoin,2,2,0,2014-12,2014-12-26 01:00:49,I just realized that my obsession with Bitcoin is actually a distraction from my horrible marriage.
0,"True, it's a pity it just looks like the bears are starting to claw this one back-",Right_In-The-Pussy,Bitcoin,1,1,0,2014-10,2014-10-10 13:51:07,"The only thing missing from that ELI5 is that for each short position, if the price reaches a certain level, Bitfinex will automatically panic-buy the owed coins back on the short trader's behalf, relentlessly driving the price upwards."
0,Why did I have to scroll so far down to find this?,Spherius,Bitcoin,0,0,0,2013-11,2013-11-15 12:42:07,"""asked for arguments for and against it. That's not him pushing for anything."" Thank you."
0,What are logs?,paleh0rse,Bitcoin,1,1,0,2014-06,2014-06-20 05:17:53,What's a backup?
0,"The US Dollar isn't scarce, and it has worked for about 100 years.",skilliard4,Bitcoin,-2,-2,0,2014-05,2014-05-09 18:05:09,"And another thing, it can't just ""be decided"" that miners will be compensated by DOGES that are not scarce. The fact that Bitcoin has value is because it's scarce. You're telling me that a LOT of doge will always reward the miners, which will make them happier. Doge isn't scarce, it won't work."
0,Bitstamp/mtgox/btcchina You cant get USD from mtgox or btcchina though.,TheSelfGoverned,Bitcoin,1,1,0,2013-11,2013-11-26 12:16:57,so where should i go to trade BTC?
0,bring your mom to work day said nobody ever,cqm,Bitcoin,1,1,0,2014-06,2014-06-28 14:06:27,What my mother brought me at work today
0,Do you think they are really that simple?,Subduction,Bitcoin,3,3,0,2014-01,2014-01-08 03:41:54,They might not understand what Bitcoin is and think they're just being scammed out of tips but forced to wear those shirts.
0,Jail is almost worth not giving up net worth.,Big_Man_On_Campus,Bitcoin,2,2,0,2014-06,2014-06-03 01:57:15,If you get caught the courts will rape you even harder.
1,But who would ever have enough to buy an entire Bitcoin?,luffintlimme,Bitcoin,28,28,0,2014-10,2014-10-18 00:02:51,Holy shit! It teaches that bitcoins are divisible!
1,Sympathetic upvote because apparently people don't recognize sarcasm when it isn't labeled with a,dabombdiggaty,Bitcoin,1,1,0,2014-10,2014-10-23 23:58:30,***YOU CAN'T TELL ME WHAT TO DO!!!***
0,"Our of curiosity, what troubles have you had as a buyer?",walden42,Bitcoin,1,1,0,2014-05,2014-05-31 04:04:48,as a seller: fuck paypal as a buyer: fuck paypal
1,I like Bitcoin because it's a really efficient payment mechanism.,xcsler,Bitcoin,-1,-1,0,2014-07,2014-07-08 02:21:49,There are a lot of reasons people are drawn to bitcoin. No need to criticize them if they are just now realizing the wider implications.
1,Sounds Turkish to me :],djangocoin,Bitcoin,1,1,0,2014-08,2014-08-05 08:51:30,"""Bitcoin has proven it can scale to a level that no one imagines,"" said Mike Antonopoulos, who is regarded as one of the most publicly recognized security experts in the field of crypto currency. .... who the f*ck is Mike Antonopoulos :D"
1,Cuz that works soooooo well.,Lawsky,Bitcoin,9,9,0,2014-08,2014-08-21 11:20:56,if you don't like the taxes you should lobby to change them
1,So did they just refuse payment from Canadian customers before now?,ataranlen,Bitcoin,-1,-1,0,2014-08,2014-08-26 16:27:28,Newegg Now Accepting Payments From Customers in Canada
1,Just like satoshi envisioned,Pretagonist,Bitcoin,0,0,0,2014-08,2014-08-27 21:47:03,Pictures from another Chinese bitcoin mine
1,"Sure, because what's best about bitcoin it's that it's so evenly distributed trough it's users.",BTCoverlord,Bitcoin,4,4,0,2014-05,2014-05-10 14:39:56,Pope Francis Calls For 'Legitimate Redistribution' Of Wealth To The Poor - Let's contact Vatican to accept Bitcoin!
1,"Nah he knows about that, all he means is that you can't steal any *real* money using this method.",e4xit,Bitcoin,4,4,0,2014-06,2014-06-14 10:00:17,"Worse, he claims double spending is traceable because you'd need to sell into USD. Gavin obviously knows an attacker would buy into an altcoin and perform the double spend that way. 1. send BTC to exchange 2. buy altcoin and xfer out immediately 3. cancel 1 with a double spend. You now have your original BTC and the altcoin."
1,"China hates us, that is why they toil away to provide us with massive amounts of wealth (finished goods).",TheSelfGoverned,Bitcoin,0,0,0,2014-07,2014-07-01 02:08:08,"You must also think we don't need to be protected from hostile foreign threats like Russia, China and North Korea. Yeah... Their leader just fed his uncle to a pack of 100 starving dogs; if you didn't have the US military protecting you, foreign threats would be ass raping you by noon."
1,Because economics has nothing to do with currencies......,AIchemyst,Bitcoin,4,4,0,2014-03,2014-03-03 18:02:05,None of this offers a substantive argument against Bitcoin's fundamentals. Sorry.
0,I refuse to be held responsible for Beiber or Harper.,doctorrecommendedmus,Bitcoin,-1,-1,0,2014-02,2014-02-26 18:45:49,"Me too, but could you take Beiber back please?"
1,Preferably as a torrent?,SmellsLikeUpfoo,Bitcoin,1,1,0,2014-04,2014-04-03 20:10:02,Nice! Does anyone have a collection of the bitcoin articles they have published?
1,Nice try person with own wallet as QR code,BloodyIron,Bitcoin,-1,-1,0,2014-04,2014-04-16 20:55:11,Just downloaded Notepad++ and noticed they accept Bitcoin donations. Donated a small amount and thought you guys might be interested as well.
1,Because we all know that violent revolutions decrease the amount of poverty in the area.,Thorbinator,Bitcoin,3,3,0,2014-04,2014-04-17 05:13:39,Problem : local governments causing poverty. Solution : replace government.
1,"Yes, court proceedings are such meaningless gestures...",Spherius,Bitcoin,4,4,0,2014-04,2014-04-29 16:51:28,Because the US and Japan have given NO indication that they take it seriously.
1,I'd love one of those!,tf2manu994,Bitcoin,-1,-1,0,2014-01,2014-01-09 00:51:58,Give someone a $100 wallet and they'll be forced to figure it out to get that hundred bucks?
1,"I'd recommend reading the trollbox on BTC-E, there are some real trade professionals on there that love to give excellent advice to other users.",skilliard4,Bitcoin,1,1,0,2014-01,2014-01-09 04:06:35,"Thank you for the advice, I do have the opportunity to invest a bit right now, but I'm just wondering if it would be pure madness, or it could potentially keep rising (I saw that it rose tremendously in the last 6 months, so this could be its peak, no?). Thanks anyway"
1,Now you can buy fake medicine with fake money!,seahorses,Bitcoin,0,0,0,2014-01,2014-01-14 22:09:07,"Brazil is starting to catch up with crypto. My bother is now accepting Bitcoin at his sports supplement food store. If you need weight gainers, vitamins, etc, check his website out or come in person to the store in Sao Paulo. He can't wait for the first customer paying in BTC."
1,$816 on Bitstamp.,MyDixieWreck4BTC,Bitcoin,1,1,0,2014-01,2014-01-23 04:43:32,Anyone know what it costs?
1,We should just institute age restrictions to posting.,davvblack,Bitcoin,3,3,0,2014-02,2014-02-04 18:47:03,"Even though the dogecoin post isn't about Bitcoin, users here are seeking to get it banned from the subreddit."
1,This is actually good news: just think of how much more new money this means there is yet to come.,noggin-scratcher,Bitcoin,1,1,0,2014-02,2014-02-05 16:59:13,Three in Four People Have Never Heard of Bitcoin!
0,"Sure,any altcoin will do.",midoman111,Bitcoin,0,0,0,2014-10,2014-10-26 15:39:54,I thought they all dried up? I'm not sure about BTC faucets these days. Altcoins maybe.
0,I could see this being useful in the diamond industry... Certified non-blood diamonds.,hotoatmeal,Bitcoin,9,9,0,2014-10,2014-10-11 18:29:05,"How the block chain can help the wine industry: ""The Future of Wine Provenance Is Bitcoin"""
0,Namecoin?,Natanael_L,Bitcoin,6,6,0,2014-01,2014-01-22 21:44:44,That could be one way. Bitcoin really needs a DNS-like system whereby one could type in AmericanRedCross.bitcoin or AmericanRedcross.litecoin and it would give you their public address(es). I'm not smart enough to know from a technical standpoint how such a DNS-for-bitcoin system would be securely implemented though.
0,"ITT: People who has realized value is subjective, thanks to Bitcoin.",pardax,Bitcoin,2,2,0,2013-11,2013-11-22 00:32:12,"ITT: People who have been blinded by their vested interest in Bitcoin, unable to acknowledge the fact that Schiff is right about the lack of intrinsic value."
0,"He had me at ""Top Gear Special.""",crimdelacrim,Bitcoin,2,2,0,2014-01,2014-01-12 02:26:06,Bitcoin is poised to shake the world: are you paying attention?
0,You really need to work on your social skills.,neofatalist,Bitcoin,0,0,0,2014-10,2014-10-08 14:13:58,"I'd say that I think you're a Facebook employee, but I think you're too dumb to be hired. Facebook will be a ghost town in no time. It's already on the decline."
0,We just went full circle,pablothe,Bitcoin,18,18,0,2014-02,2014-02-07 04:06:18,Washington Dispensary Now Takes Bitcoin for Cannabis
0,Makin' it rain in the club!,hhhhhhhiiiiiii,Bitcoin,1,1,0,2014-08,2014-08-26 13:43:03,"Thanks for tipping me, too!"
0,"The ""not"" part.",republitard,Bitcoin,1,1,0,2014-10,2014-10-11 08:42:45,"What part of ""shall not be infringed"" don't they understand?"
0,Bitcoin debit cards?,vbenes,Bitcoin,1,1,0,2014-06,2014-06-27 12:45:29,"Wait, what? Bitcoin is the solution for how to pay for payphones if your cell phone is dead? Are you envisioning a world where payphones scan paper wallets and then you wait 10 minutes for confirmation and you can make a call? Or are you going to like, scan your pay phone with a cell phone or what?"
1,If I had to pay 16 fixed IPs for just my home I would reconsider AOL online,descartablet,Bitcoin,1,1,0,2014-09,2014-09-08 16:48:44,"Depends on the application. NAT works fine if you're just trying to manage a thousand workstations, but if you're building a bunch of servers that need to be Internet-facing that may not always be the best system to use."
0,bank run!,jmdugan,Bitcoin,1,1,0,2014-02,2014-02-01 00:16:53,Don't Believe in a Global Bank Run? Then why is this PBS author &amp; economist pulling his $1M USD out of BofA?
0,Yep,supernatendo,Bitcoin,1,1,0,2014-02,2014-02-15 07:56:00,"oh you mean literally, written on his crib notes is something like: Talking Points * blah blah blah * blah blah blah * MISINFORMATION"
1,NFC = NoFuckingChance?,djangocoin,Bitcoin,1,1,0,2014-09,2014-09-11 07:35:44,Is this because of NFC?
1,There's always just-dice :],djangocoin,Bitcoin,1,1,0,2014-05,2014-05-27 17:24:21,"Best way to buy 50 more Bitcoins? I'd like to buy another 50 Bitcoins next time it dips below $500. I realise that might never happen, but if it does I want to be ready. I can't meet the ridiculous requirements from Bitstamp as I'm a Brit living abroad and simply can't comply with the document requests (my bills are in electric form etc). I could continue to buy through localbitcoins but I'm paying an unnecessary extra tax when doing this. For 1-2 coins thats fine... but 50 is a significant purchase so I don't want to spend 5-10% over the 'real' price to do this. Any suggestions as to a marketplace I can use that would be competitively priced? I'll be paying by international transfer from a corporate account. I'm willing to supply a scan of my drivers license and a redacted copy of the bank card, but thats it. thanks"
0,The CEO is also super libertarian,mcr55,Bitcoin,-1,-1,0,2014-02,2014-02-01 22:37:39,"Papa John's should embrace Bitcoin, since it was the first ever pizza delivered in exchange for Bitcoin!"
0,Not even a year ago it was $1242 - just sayin :),floodle,Bitcoin,6,6,0,2014-09,2014-09-22 12:25:12,Why is the price so high? Not even a year ago it was 100$
0,"Account is 10 minutes old and has something stupid to say, not hard to figure out.",Ilsensine,Bitcoin,4,4,0,2014-03,2014-03-23 04:32:32,Not sure if trolling... or just very new to Bitcoin price fluctuations.
0,"sounds like a canadian version of coinbase or bitpay (hell, they should just open up a branch/franchise) would do quite well",cryptonaut420,Bitcoin,1,1,0,2014-07,2014-07-23 23:50:43,Bring bitcoin to dell.ca! C'mooooon get 'er done!
0,"Yes, yes he does.",11ty,Bitcoin,2,2,0,2014-01,2014-01-23 20:58:20,But he has such a funny name!
1,"Of course, because it has such a great track record, and a lot has changed since 2008.",TheReplyRedditNeeds,Bitcoin,0,0,0,2014-10,2014-10-22 22:07:02,Assuming the global financial system will collapse is pretty crazy.
0,Looks like a hammer and sickle.,carlio,Bitcoin,8,8,0,2014-10,2014-10-28 13:41:16,Horrible symbol
1,Which one?,BuffyButtcoinSlayer,Bitcoin,1,1,0,2014-10,2014-10-29 13:10:56,In the video.
1,Glad to see the board appointed a new Bitcoin CEO so swiftly.,TheBTC-G,Bitcoin,-1,-1,0,2014-10,2014-10-30 20:13:37,Patrick Murck appointed Executive Director of Bitcoin Foundation
0,"There are still ways of storing your coins just as securely as the trezor does, its just slightly more complicated.",elan96,Bitcoin,1,1,0,2014-03,2014-03-09 20:42:59,Tell that to everyone who has lost their btc recently
1,I'm sure Paypal will benefit the decentralization movement...,ProGamerGov,Bitcoin,1,1,0,2014-08,2014-08-04 08:44:36,"PayPal will buy Coinbase in the next 6 months to a year. As soon as they are done analyzing Bitcoin, they will determine their best strategy is to buy Coinbase."
1,Good to see some objective reporting with no agenda driving the narrative.,beaker38,Bitcoin,5,5,0,2014-08,2014-08-06 18:06:51,Bitcoin - good for who?
1,As long as transaction malleability doesn't get you.,Apatomoose,Bitcoin,4,4,0,2014-08,2014-08-25 11:12:31,"You should definitely take bitcoins , they are the currency of the future and allow you the merchant to pay lower fees."
1,Use an email address with the word dogecoin in it.,Introshine,Bitcoin,1,1,0,2014-06,2014-06-20 07:18:18,"Wanted to post a simple ad in this FB group but it got deleted since my email had the word ""bitcoin"" in it. The admin found it offensive and said it was considered branding. (repost)"
1,"Damm those regulators, A free market would never let that happen",the_viper,Bitcoin,2,2,0,2014-06,2014-06-01 09:04:31,"THANK YOU COINBASE! They took the ""SeansOutpost"" username away from the scammer and actually assigned it to our official account. Much love."
1,I don't know if I'm all that comfortable with you liking me that way...,Natanael_L,Bitcoin,1,1,0,2014-03,2014-03-05 07:52:10,I've always liked you Natanael. Now I know why.
1,"The title says ""[Confirmed]"", so it must be.",lifeboatz,Bitcoin,1,1,0,2014-03,2014-03-11 13:02:17,"He didn't say that at all. He said the BTC market is still essentially zero and adding more complexity to the donation landing page carries a risk of detracting overall donations. He also said he didn't know if it was wise for wikimedia to promote BTC. He remains cautiously pessimistic and in reality a single spurt of donations isn't likely to do much convincing because he needs proof of long term sustainable donations. Where did you get that he was donated $200,000? His BTC account is showing more around ~$11,000."
1,"He's obviously a troll because someone made a well typed out post that suggests that, in his opinion, BTC won't go to the moon.. duh...",BlueLand3r,Bitcoin,0,0,0,2014-03,2014-03-21 01:18:13,How is this person a troll who wants to help everyone succeed for no benefit to him look his other posts he spends warning people against unsecured ponzi scheme scheme for NO benefit to himself. More like HERO
1,So these are Australian banks?,Bitcoin-CEO,Bitcoin,0,0,0,2014-03,2014-03-26 18:01:43,Toronto Dominion Bank and Royal Bank of Canada.
1,"Well, after the trrrorrrists drove those recently purchased cars into the WTC on 9/11, you have to expect some regulation in that area.",dbanter,Bitcoin,1,1,0,2014-03,2014-03-26 21:14:18,"No unless buy it from a private party, car sales get reported to a few government agencies (including homeland security) since 9/11."
0,Occupy Eight Shoes.,dudeynudey,Bitcoin,-2,-2,0,2014-02,2014-02-16 13:02:27,Apple protest in Berlin - evil inside?
1,Send me your emails and passwords and I will fix everything up for you.,goxsupport,Bitcoin,-1,-1,0,2014-02,2014-02-17 20:30:45,"MTGOX Email Login - Here's what happened to me... Like many other users, I received a Gox login email from a Chinese IP, specifically - 111.122.206.63, yesterday. I remember signing up for Gox long ago, but never used it and eventually decided to use CoinBase instead. I use LastPass to generate random password for my websites logins and noticed that I had no entry for Mt. Gox. I went back in my email and found my original verification email from 1/29/2012. I clicked on the verification link, **from over two years ago**, my account verified and I was able to set a password and then login for the first time. Apparently the Gox verification links live ""forever"". Is this what has happened to other users? They signed up for Gox and never verified. Now that the new login system is implemented, do these non-verified accounts just have blank passwords in their database? Did the Chinese hackers figure out how to generate verification URLs? I don't know, I'm just relaying my experience."
1,GOX TOO BIG TO FAIL,Brambleshire,Bitcoin,0,0,0,2014-02,2014-02-25 02:39:59,MtGOX Situation Crisis Draft
1,"Oh yeah I bet you would know how to turn my attempted racist post, that actually wasn't racist, back into a racist post...... you racist",romad20000,Bitcoin,1,1,0,2014-02,2014-02-28 23:26:00,"To display an actual asterisk (\*), you need to use an escape character (backslash), like so: \*"
0,imagine X that's awesome ......,bleahbloh,Bitcoin,2,2,0,2014-06,2014-06-17 08:00:59,"Marc Andreesen: ""Imagine a Bitcoin Valley where some country fully legalizes cryptocurrencies for all financial functions."""
0,Then why do they buy through bitstamp instead of operating their own exchange?,TGDE,Bitcoin,1,1,0,2014-01,2014-01-29 19:47:59,Crypto to Crypto does not need banking/payment providers etc. Coinbase does have a money transmitter license in all 50 states. ( It might be they don't but they have an agreement with a bank that does).
0,Wtf is bit4me?,flamingboard,Bitcoin,1,1,0,2014-02,2014-02-16 15:30:56,Bit 4 me - clearing all bitcoins - buy now!
0,I meant the Visa and Mastercard terms of service expressly forbid charging to cover fees.,SoCo_cpp,Bitcoin,1,1,0,2014-07,2014-07-23 18:11:52,"It doesn't. They don't care as long as they're getting their fees. Payment processors don't make the rules, Visa and Mastercard do."
0,You got goxed?,djangocoin,Bitcoin,1,1,0,2014-05,2014-05-14 08:52:07,Karpeles has got to be in the role of every Nazi bastard in this film.
0,You're a zealot.,toomanynamesaretook,Bitcoin,2,2,0,2013-11,2013-11-16 22:36:51,"No, I contributed by showing why any and all altcoins are terrible."
0,Do you not have online banking in the US?,lisa_lionheart,Bitcoin,1,1,0,2013-11,2013-11-16 01:37:44,Can someone who has bought btc through localbitcoin or similar using bank deposit walk me through it? The info given by localbitcoin is quite vague. I have to confirm via sms about 30 minutes before I go to the bank. But what the heck do I say when I get to up to the teller? What actually happens? Do I just tell them I want to deposit to so and so's account... Do I need certain forms of ID? I have already decided to pay the premium to go with someone who has a high rating / is verified. I have bitcoin from being a merchant but this will be my first actual purchase. I love bitcoin and know a lot about it in some aspects but in this case I am a total noob. Because of tax shit with my business I would rather buy in cash at a bank than the slow process of hooking up my bank account. Thanks!
0,Yes if you wanted to be a cheap ass cunt you could do that.,Forlarren,Bitcoin,1,1,0,2014-04,2014-04-09 16:17:52,"So in other words, buy the yacht with your documented income and buy gas, grocieries and beer with the pile of hidden gold."
0,"I love how so many people call Ron Paul crazy, I feel its only because people are scared of what he says.",killzon32,Bitcoin,8,8,0,2014-01,2014-01-16 04:37:29,"Ron Paul comments on Bitcoin, RonPaulCoin, and Crypto in general on CNBC - Completely owns the anchor and runs the interview"
0,Pending...,fnordfnordfnordfnord,Bitcoin,7,7,0,2014-07,2014-07-14 12:05:06,Coinbase hits 1.5 million consumer wallets Congrats coinbase!
0,Yeah who needs arguments when we have insults!,AnalWithAGoat,Bitcoin,4,4,0,2014-07,2014-07-30 00:47:07,"This kid is an idiot, and half of you fools are eating it up"
1,thats enforceable,cqm,Bitcoin,1,1,0,2014-09,2014-09-18 13:26:21,Looks like ASIC manufacturers won't be able to rip people off as easily soon
0,"Yeah, like he just given savings of his life to some stranger from the Internet... No, wait...",oskarw85,Bitcoin,7,7,0,2014-02,2014-02-25 21:10:59,"Go troll somewhere else, you people are idiots."
0,What does this mean?,luffintlimme,Bitcoin,2,2,0,2014-09,2014-09-30 14:36:54,Ikr
0,Last Week in Bitcoin?,luffintlimme,Bitcoin,2,2,0,2014-07,2014-07-25 16:26:22,This Week in Bitcoin
0,Can it be right near the US border so people from the US can hop over and grab some coins?,luffintlimme,Bitcoin,3,3,0,2013-11,2013-11-24 18:36:01,You're right. Canada :)
1,"Holy shit, no way",BTCisGod,Bitcoin,2,2,0,2014-09,2014-09-24 15:50:29,"paypal vendors can now accept Bitcoin. The company struck deals with bitpay, coinbase, and gocoin to process bitcoin payments."
1,Hey I heard there's thing called bitcoin...,sayrith,Bitcoin,3,3,0,2014-09,2014-09-25 00:44:42,"That's easy to say if you're doing this as an individual. If you're doing this as an international financial institution with US customers, you probably won't do things illegaly."
0,"Yup, can't sign in, but was working about 90 minutes ago.",chinawat,Bitcoin,1,1,0,2014-09,2014-09-29 15:38:08,"Is circle down / being slow for anyone else? It seems as if circle is having some serious issues - I can't even load the home page anymore. Hate to say it but as beautiful as the website is, this is definitely not confidence inspiring."
0,"The WSJ headline: ""Bitcoin CEO Silent on Puppycide Allegations""",backofthefridge,Bitcoin,27,27,0,2014-03,2014-03-03 01:53:00,Headline: Bitcoin Kills Puppies. Nice Ones.
1,"we should just switch to satoshis, this way we will all be rich!",n1ce_hat,Bitcoin,3,3,0,2014-10,2014-10-22 15:56:33,Why do you think that? Do people like to pay each other in pennies?
1,It should definitely be easy for innocent people to get their money back.,NonViolentWar,Bitcoin,4,4,0,2014-10,2014-10-26 05:40:10,"IRS Can Now Seize Accounts on Suspicion, No Crime Required"
0,Wow that looks real legit,Posiment,Bitcoin,8,8,0,2014-03,2014-03-30 10:34:37,Mark Karpeles wasn't even Cooperating with police
0,"I would argue for once every 3 hours, but I suppose that's not the point.",Gappleto97,Bitcoin,1,1,0,2014-07,2014-07-13 06:19:13,"Not millions per block yet, but it can process thousands per block with current infrastructure, which is enough for intra-bank settlements. So it could scale globally, but most people wouldn't be using Bitcoin directly. Instead, they'd be using tokens ""backed"" by Bitcoins, and banks would be incentivized via the market to prove they have full reserves at all times. (Notice: this is **a lot** easier than proving full reserves of gold or cash.) Settlements between banks could occur frequently, like once a day."
1,"No one ever got shot in the face in NYC , they ban guns there",DeathByFarts,Bitcoin,2,2,0,2014-08,2014-08-01 08:29:57,"No law can stop someone from shooting someone in the face, that doesn't mean they won't have consequences for you."
1,Don't have any oil,Natanael_L,Bitcoin,1,1,0,2014-05,2014-05-14 11:00:13,I think a more interesting question is what percentage of your liquid assets is in bitcoin?
1,We don't know if Satoshi is alive.,Natanael_L,Bitcoin,2,2,0,2014-02,2014-02-07 12:16:57,"So, I was looking at some basic characteristics of a cult... The group is focused on a living leader to whom members seem to display excessively zealous, unquestioning commitment. The group is preoccupied with bringing in new members. The group is preoccupied with making money. Questioning, doubt, and dissent are discouraged or even punished. The group is elitist, claiming a special, exalted status for itself, its leader(s), and members (for example: the leader is considered the Messiah or an avatar; the group and/or the leader has a special mission to save humanity). The group has a polarized us-versus-them mentality, which causes conflict with the wider society. The group's leader is not accountable to any authorities (as are, for example, military commanders and ministers, priests, monks, and rabbis of mainstream denominations). The group teaches or implies that its supposedly exalted ends justify means that members would have considered unethical before joining the group (for example: collecting money for bogus charities). Members' subservience to the group causes them to cut ties with family and friends, and to give up personal goals and activities that were of interest before joining the group. Members are expected to devote inordinate amounts of time to the group. Members are encouraged or required to live and/or socialize only with other group members."
1,"Well now you know, duh.",mcippolito,Bitcoin,5,5,0,2014-05,2014-05-17 22:27:13,"""Bitcoin is the most prominent of a group of so-called virtual currencies created by computers and governed by the Bitcoin Foundation"" I didn't know the Bitcoin Foundation governed alt-coins."
0,"I hear this PirateAt40 is a really good investment manager, any chance I can still get some BS&amp;T stock?",Spherius,Bitcoin,19,19,0,2014-06,2014-06-25 03:20:31,I'm looking to rent some office space in the world trade center?
1,"Good point, perhaps the former Blackwater mercenary outfit could give us some pointers.",Dittybopper,Bitcoin,2,2,0,2014-06,2014-06-24 00:09:07,If people have a negative association with one name why would changing the name do anything but make that new name develop a negative association?
1,Al Gore likes it and he *invented* the internet!,Bipolarruledout,Bitcoin,1,1,0,2014-01,2014-01-23 02:25:41,"Creator Of Netscape Praises Bitcoin, Compares It To The Invention Of PCs And The Internet"
1,Just remember in 10 years it will only be 1 btc.,Bipolarruledout,Bitcoin,1,1,0,2014-01,2014-01-29 07:44:25,Luxury 32 Acre Estate for sale in Bitcoin (Oregon)
1,"Yes, let's spam up retailers and annoy them with copy pasta that lacks any real effort, that will certainly get them to do what we want!",skilliard4,Bitcoin,4,4,0,2014-03,2014-03-12 14:16:52,"""Please accept Bitcoin"" - Let's generate a copy &amp; paste script to send to retailers! I think one of the best things we can do for Bitcoin is to help gain acceptance among retailers worldwide. If we each emailed a few businesses that we shop at, I'm sure 5-10% would consider or actually implement BTC for purchases. Ready? Go!"
0,"Answer: Fuck you Answer: Fuck you, we're keeping your money.",goxsupport,Bitcoin,2,2,0,2014-02,2014-02-24 23:10:47,Question: why does gox have polish click buttons when the site is in english? Question: will they fix the polish buttons first or the withdrawls first?
1,Gold will go down to nothing also,evian11,Bitcoin,2,2,0,2014-04,2014-04-23 21:38:33,understood. but if the 'reserve currency' inflates and takes prices of goods with it then bitcoin will simply be as worthless as the fiat currency only harder to bring into existence.
1,"He can't afford it if he refuses to part with any of his 1,000,050 BTC.",bitpar,Bitcoin,1,1,0,2014-04,2014-04-23 23:15:35,I am sure Andreas set him up properly. It's not like the guy can't afford a dedicated $200 laptop now.
1,"yeah, but has bitcoin ever been associated with shady marketing schemes?",BeCoingInABit,Bitcoin,1,1,0,2014-04,2014-04-30 00:29:44,All Bitcoin acceptance is good :)
0,"No one knows, just buy.",pat_o,Bitcoin,1,1,0,2014-01,2014-01-04 22:01:14,"Yep I was there too and im kicking myself for it. That's why I'm not gonna miss this for anything. I just don't know if this is the lowest as it ever going to be in the next few months, you never know I guess"
1,With Bitcoin's market cap we just buy them out and incorporate their ideas.,_omega,Bitcoin,1,1,0,2014-01,2014-01-12 14:43:52,"Indeed, and considering Bitcoin is open source, anything that you could consider a ""marginal improvement"" is likely just an engineering dispute. Anything truly ground breaking would have to be impossible to implement in Bitcoin for the altcoin to have the same advantage over Bitcoin, as Bitcoin has over traditional banking. I personally believe Bitcoin will be the last major currency humans use before we solve our energy problems and eliminate even the need for a currency ala Star Trek. But thats just me..."
1,Just like adblock destroyed ad-funded sites,Empifrik,Bitcoin,1,1,0,2014-01,2014-01-13 19:52:45,Reward miners by letting them send spam. People implement clients that don't show spam. Everything falls apart. Rewarding miners with actual coins like Namecoin does seems a lot more reliable.
1,It's not for peasants obviously,Xenu_RulerofUniverse,Bitcoin,3,3,0,2014-01,2014-01-28 03:52:42,"Remember that ""public"" Wells Fargo cryptocurrency meeting in NYC? I RSVP'd via email and phone the day it was announced. First they claimed my RSVP ended up in a spam folder, then admitted that they gave all the spots to ""major stakeholders, regulators and other folks that simply had to be there"""
1,Maybe they'll just buy coins from Gox?,CoinBroker,Bitcoin,1,1,0,2014-02,2014-02-19 01:23:06,Lol. They are transitioning from straight up theft to a ponzi scheme. Ingenious.
1,"Yea, cuz nobody made money on iphone apps and websites.",i_can_get_you_a_toe,Bitcoin,4,4,0,2014-02,2014-02-22 02:59:16,"I love the idea that programmers have never worked on dumb or useless things, because let me tell you, a whole lot of programmers have quit their job to work on hella stupid things. right now it's the next big iphone app, a decade ago it was websites. There is absolutely no law of nature that programmers only flock to good and successful ideas!"
1,"Well according to the official statements, they are going to be back up and running soon, so it is worth hanging on to.",crshbndct,Bitcoin,2,2,0,2014-02,2014-02-27 06:41:29,You should get on IRC and ask him about it. Tell him you still want it sent.
1,BUT MURICA IS SUPER RESTRICTIVE AND IMPERIALIST!,ithisa,Bitcoin,1,1,0,2014-02,2014-02-27 16:03:15,"My point was that most countries are more restrictive in this sense than ghe U.S. Yes, barter is recognized as an option, but it is eigher prohibitively complicated for ordinary people, or contradicts currency regulations."
1,"Exactly, so we should do nothing to correct this!",Thorbinator,Bitcoin,3,3,0,2014-12,2014-12-14 23:20:28,"At this point I don't think anybody cares. There have been so many bitcoin thefts, scams, security leaks, that most people in the media simply assume that Bitcoin leaks like a sieve."
0,Sony's smartwatches does,Natanael_L,Bitcoin,1,1,0,2014-09,2014-09-26 20:18:16,Does the watch have nfc? Tap my watch to pay sounds sweet.
0,False advertising (since they often promise or strongly imply greater returns than buying directly).,Natanael_L,Bitcoin,3,3,0,2014-04,2014-04-04 12:01:56,It's not a scam because they do exactly what they advertise.
0,Try installing with your package manager.,AnonSweden,Bitcoin,2,2,0,2014-12,2014-12-28 12:45:24,"yeah its still called that. when I try to open it, it's asking to choose and application from a pretty long list. any suggestions?"
0,"Don't upvote me, I'm testing my theory that if you say ""don't downvote me"" you get downvoted, and if you say ""don't upvote me"" you get upvoted.",TheBTC-G,Bitcoin,-1,-1,0,2014-09,2014-09-30 19:34:30,"So it begins. Don't downvote me ,but will this just be a large database of users who participated in an Crypto IPO's so the SEC can go after each one of them? In other words, a""honey pot"" for this IPO."
0,Just wait till grocery stores and big box retail get in.,Bipolarruledout,Bitcoin,1,1,0,2013-11,2013-11-23 14:58:56,"I beg to differ. Between BitPay and Coinbase they have reported 24,000 merchants signed up, and BitPay alone is approaching $10 million a month in merchant transactions."
0,Plausible deniability is everywhere.,TheSelfGoverned,Bitcoin,1,1,0,2014-07,2014-07-17 22:17:57,"No, I get it. You can't stop any transactions from happening. They're just going to try to watch bitcoin NSA style in order to protect our freedom."
0,You mean exchanges didn't disable nxt deposits and withdrawals?,haakon,Bitcoin,1,1,0,2014-08,2014-08-16 05:48:47,"What I found surprising was that people were still buying NXT on the exchanges while there was a real chance of a rollback occurring. There could have been many transactions that would be ""reversed"" after the rollback -- with the exchanges seeing the corresponding losses."
0,with you brother.,ellis1884uk,Bitcoin,6,6,0,2014-04,2014-04-21 18:39:30,"Jeez! We downvote people who don't mindlessly kneel at the altar of Bitcoin for their prescribed dick-sucking session? We aren't allowed to talk about the mere *possibility* that another cryptocurrency will take over? I like Bitcoin as much as the next nerd, but I'm not so infatuated that I can't acknowledge it's weaknesses/potential falibility. I apologize on behalf of the downvoters here, and if this kind of post is truly unwanted, I'll find another cryptocurrency-related subreddit to frequent."
0,So if I like having a government I'm 'statist'?,KoxziShot,Bitcoin,2,2,0,2014-08,2014-08-14 02:03:53,"Consider that those of us who do hate the government are laughed at, criticized, and condemned daily by the vast swathes of human society that advocate the religion of Statism. Feeling like a minority amid a group that just wants to leave you alone isn't the worst fate."
1,I just saved 15% on car insurance by switching to Geico!,L_Cranston_Shadow,Bitcoin,1,1,0,2014-09,2014-09-27 02:51:19,"I do not care if you have received your Circle invite, Shift invite, or invite to your cat's slumber party. This is the reddit equivalent of people posting what they had to eat on facebook. Just stop this nonsense, you are being used as marketing puppets via the old trick of 'exclusivity' by invites."
1,Stuck in a short position eh....Ahhhh I feel bad,Right_In-The-Pussy,Bitcoin,1,1,0,2014-09,2014-09-29 17:55:11,Please somebody manufacture a bad news. soon.
0,Two weeks ^tm,Essexal,Bitcoin,2,2,0,2014-06,2014-06-04 22:10:39,"Is ""The Rise and Rise of Bitcoin"" downloadable today?"
0,Elon,Illesac,Bitcoin,5,5,0,2014-08,2014-08-17 19:14:04,I prey that satoshi is Andreas Antonopoulos! who do you wish Satoshi is?
0,Smart,Shyyyster,Bitcoin,1,1,0,2014-05,2014-05-26 15:31:19,"You have a typo there its ""monetary"" not ""monitary"""
1,"Yes, let's silence people because we don't like what they say",prelsidente,Bitcoin,2,2,0,2014-10,2014-10-06 20:28:47,Please stop.
0,I thought you donated those.,digiorno,Bitcoin,2,2,0,2014-02,2014-02-23 08:54:05,When a sign made me 22 bitcoins.
1,As we all know companies response positively to coordinated mass requests,imahotdoglol,Bitcoin,5,5,0,2014-10,2014-10-11 18:01:40,Let's blast netflix
1,"Yeah, that's what bitcoin needs.",nextgeneric,Bitcoin,2,2,0,2014-10,2014-10-22 16:07:35,"Bitcoin needs fiction to spread like wildfire. Who wants to film a Paper Wallet Heist movie? Oceans Bitcoin :D Let's make an open-sourced movie script and hope one day a film producer picks it up? Or maybe if we have a producer here we can talk you into making one? **Why a heist/fiction movie**, and not a documentary: * 1 we can educate the public about bitcoin basics, not in depth but just enough to enjoy the heist movie without being in the dark. If you start the movie with a guy fresh out of a 20 year jail sentence, then it's easy to explain the 'why are you explaining this to me' trope because bitcoin is only 5 years old. Bitcoin is the brand new tech, so learning about ways to steal it is an interesting premise (in reality, we're showing how hard it is so steal bitcoins) * 2 we can convey the message that bitcoin has many other security that beats credit cards and cash, etc. during small-talk, without alienating credit cards and cash. * 3 even though it's a heist, it's not a realistic scenario, but it will generate discussion on how to hack a paper wallet (because you can't!) and hopefully get people on board the bitcoin discussion * 4 A tonne of people don't watch documentaries because it's not entertainment value for them. A heist? (bonus if it's a comedy?) hell yeah * 5 at the end of the heist I sorta wanna see some dynamics changing in the bitcoin space - right now we have single addresses with tonnes of bitcoins. After the heist it would be AWESOME to see a paradigm shift, live (well, as live as fiction can be) - and watch those big ones split into tonnes of addresses in smaller units so a future heist won't occur. Great end for a heist movie, great message about Bitcoin, even if it doesn't happen in RL. Thoughts? I have a basic premise in my head I wouldn't mind sharing if we can lock in a producer :)"
0,Probably but at that point they would probably be past servicing bit coins and switch to direct competition with PayPal.,redditjerkbestjerk,Bitcoin,-2,-2,0,2014-05,2014-05-09 01:48:32,"Far from insulated. $1 would basically mean there's very little bitcoin activity going on anymore, and it wouldn't add up to much revenue at all."
1,I sure this gives bitcoin a very good reputation.,Aalewis__,Bitcoin,-6,-6,0,2014-07,2014-07-29 08:08:27,NeverGetBusted is teaching drug dealers to ditch their cash stash for bitcoin
1,It's their fault for not making their customers love them.,abolish_karma,Bitcoin,1,1,0,2014-07,2014-07-29 09:06:22,"Difference is, if PayPal did this then that would be a corporate action. With Bitcoin, this is grass roots. It is the people who are making their views known."
1,"Can't be true, no one spends bitcoin.",aristander,Bitcoin,29,29,0,2014-08,2014-08-09 20:09:56,"Dell computer receives order for Poweredge server for 85 bitcoins today ~ $50,000"
1,The syntax is identical!,TheSelfGoverned,Bitcoin,3,3,0,2014-03,2014-03-06 17:05:50,the original original white paper
1,"Don't be silly, we just need to hire a dispute resolution organization!",gotamd,Bitcoin,5,5,0,2014-05,2014-05-19 10:32:16,... and this is why people like you are a scammer's wet dream. Cheat them all you want and there won't be any retribution because it's against their philosophy.
1,Great news for LTC :],djangocoin,Bitcoin,5,5,0,2014-05,2014-05-20 07:38:45,Yeah. And LTC will be on Gox next week
1,But then everyone will stop spending and the economy will die!,TNoD,Bitcoin,4,4,0,2014-05,2014-05-31 14:26:18,Yes it is. No more devaluing a currency and creating money out of thin air.
1,"Remember, Satoshi did not have any political goals in mind!",pdtmeiwn,Bitcoin,12,12,0,2014-05,2014-05-31 22:44:20,The Times | 1/3/2009 | Chancellor on Brink of Second Bailout for Banks | Satoshi Nakamoto
1,"Yeah lol, that website was so credible.",Alexb41693,Bitcoin,1,1,0,2014-06,2014-06-12 21:05:50,"If by ""bit exaggerated"" you mean ""completely spun to appeal to an anti-government masturbatory fantasy"" then sure. It's the government doing what it is supposed to do (help people), and protecting them from the evil banks."
1,I'm sure reddit will solve this cryptographic problem,BigMoneyGuy,Bitcoin,1,1,0,2014-06,2014-06-15 19:26:15,"We absolutely need a change in the protocol. When the next reward will be changed to 12,5 btc per block the hole network could in trouble. Mining as a private person will never pay off or even make so much profit that it would worth mining. Only companies with big and efficient mining farms and cheap electricity costs will farm. So this would essentially destroy the hole bitcoin magic. So what are the solutions? -Fees will most likely not get high enough so it would worth. -proof of stake? What are the best solutions currently that are looking reachable and promising?"
1,"Yeah, because this subreddit is where the real experts meet.",Sukrim,Bitcoin,1,1,0,2014-03,2014-03-02 09:54:50,You must be new here
1,What a mature response.,DillyG101,Bitcoin,9,9,0,2014-04,2014-04-06 19:26:59,If you're 5 you need to go back to playing SuperMario. Bitcoin is for grown-ups.
0,All the tea in china.,goxsupport,Bitcoin,2,2,0,2014-02,2014-02-16 10:02:09,How much would you pay for Mt.Gox? If you had enough money and you were asked to buy the company Mt.Gox what would you pay?
1,This isn't sketchy at all.,chinawat,Bitcoin,2,2,0,2014-02,2014-02-25 12:40:30,Scavenge 100+ bitcoin faucets automatically with this bot. it is virus free feel free to check it with your antivirus before running it.
1,"fact: no one has ever been burned by currency speculation, especially not amateurs.",bushwhack227,Bitcoin,1,1,0,2013-11,2013-11-05 21:46:33,"22mil usd on the books for buys, 44k btc on the sell side..... Next stop... Up."
1,What could possibly go wrong?,Helvetian616,Bitcoin,9,9,0,2014-12,2014-12-28 06:58:23,"They just roll this out, without any testing?"
0,FTFY It's a bitcoin comical.,djangocoin,Bitcoin,2,2,0,2014-05,2014-05-08 07:44:03,Its a bit comical.
0,The source of every stereotype - except the prevailing trait must be negative.,TheSelfGoverned,Bitcoin,0,0,0,2014-07,2014-07-31 22:52:58,Ask one person - assume he represents 99% of r/bitcoin visitors?
0,"Oh man, Buttcoin is doomed.",TheSelfGoverned,Bitcoin,1,1,0,2014-05,2014-05-22 01:21:13,Looks like there's a new player on the market!
0,Not if their Daddies work in a bank!,Essexal,Bitcoin,27,27,0,2014-05,2014-05-23 12:16:05,Our kids will laugh about this... How international payments work
0,Maybe she already mines gold?,Wizardoflalaland,Bitcoin,17,17,0,2014-04,2014-04-13 20:09:58,Agreed. The long term profits earned from putting her to work in a gold mine would be much greater than the short term profit from selling her outright. It would also help keep her warm.
1,Oh but that's done by Apple or Google or Paypal... It doesn't need regulating.,targetpro,Bitcoin,2,2,0,2014-09,2014-09-11 06:35:02,What about the NY ApplePay license? We can't just have people running around tapping to pay!
0,"If Bitcoin even takes 10% of our economy, that's $14k/btc!",luffintlimme,Bitcoin,2,2,0,2013-11,2013-11-08 23:23:40,"Calculating how much 1 BTC is worth by pulling numbers out of ... (bad science!) 1) What if the whole bitcoin network was Skype? Microsoft bought Skype for 8100000000 USD. The number of bitcoins in existence will be 21000000. 8100000000 USD / 21000000 gives us 385 USD for 1 BTC. 2) What if bitcoin was gold? 193000 metric tons of gold has been discovered to date. 1t = 35274oz. 193000 * 35274 = 6807882000 ounces of gold total. 6807882000 oz / 21000000 gives us 324oz gold for 1 BTC. 3) What if bitcoin was USD? As of 2013, there are 3000000000000 USD total (monetary base). 3000000000000 USD / 21000000 = 142857 USD for 1 BTC."
0,You shouldn't.,anon515,Bitcoin,1,1,0,2014-10,2014-10-18 12:26:43,"Even if you were correct, I'm very uncomfortable with the ""one size fits all"" policies handed down by government. Just consider the wide variety of birth control forms -- even for a relatively simple, straightforward problem no single solution pleases everyone. Why then should I believe that for the complex, difficult problems like poverty, environmental protection, or infrastructure building, that the ""one size fits all"" solution is better?"
1,"""Freedom ain't free"" and you're just not rich enough to afford ""freedom"".",ChaosMotor,Bitcoin,26,26,0,2014-09,2014-09-24 19:28:51,As an American - How it feels to see all these Bitcoin debit card companies avoiding the US due to our regulations
0,I hope it's in cold storage,Sugar_Daddy_Peter,Bitcoin,3,3,0,2014-10,2014-10-13 10:13:35,Exactly my thinking having a few k in it being 19. I'll be depressed if I lose all of it if but I'm young so it wouldn't be life changing if I did.
0,"And always remember this: if your house burns down while you're on vacation, never come back from vacation and you will have never lost your house.",OBAMA_IN_MY_ANUS,Bitcoin,32,32,0,2014-04,2014-04-10 23:14:26,Always remember this: you haven't lost anything until you sell.
1,"Ya, went unnoticed forever.",dillpicklechips,Bitcoin,1,1,0,2014-09,2014-09-29 20:26:29,Except that time that guy had 184 billion Bitcoin
1,"No, we need 11",djangocoin,Bitcoin,-2,-2,0,2014-10,2014-10-01 10:00:08,Do we really need 10 of these posts a day?
1,Except Ethereum,foxevv,Bitcoin,1,1,0,2014-10,2014-10-03 01:38:58,"There's no other crypto that competes with bitcoin, not even close."
1,brilliant deduction!,TyTimothy,Bitcoin,1,1,0,2014-10,2014-10-05 02:54:56,"I love it how somebody with 2k available is able to take punch and still believe, while others are pouring in 100k and just complain about not getting rich fast enough. Looks to me like the people who are smart about their investment are the people of less means."
1,But... but... David Seaman said in his latest podcast bitcoin was dead!,StarCitizenNumber9,Bitcoin,1,1,0,2014-10,2014-10-07 01:08:05,Uh.. guys this is HUGE: The largest European payment processor is going into Bitcoin. They are the Klarna Group
0,Nope,ragmondo,Bitcoin,3,3,0,2014-08,2014-08-18 15:43:08,nope.
1,will make sure the private key is full of FF FF FF,vqpas,Bitcoin,1,1,0,2014-10,2014-10-19 13:45:08,"Whenever a hole is NOT drilled, this 100% has to be a 0 with your scheme... maybe not the best idea."
1,"To add to this comment, don't forget to wrap your head in foil to protect your brain.",scrimrot,Bitcoin,7,7,0,2014-10,2014-10-19 15:28:12,"EMP. Lol. A emp large enough to burn flash drives will cause problems that will make digital currencies the least of your problems. If you are really that worried about ti, wrap your flash drives in foil. Problem solved."
0,Neither of these stop CoinValidation.,bitcoind3,Bitcoin,-1,-1,0,2013-11,2013-11-16 08:09:19,"Check out CoinJoin, BIP32 and ZeroCoin for ideas on how to stop this. Also decentralized exchanges would do a fair chunk."
1,Get out of here you dirty anarchist!,chrisrico,Bitcoin,12,12,0,2014-08,2014-08-09 06:06:15,You aren't the boss of me! I'll do whatever I do or do not want to do!
1,Obviously you are mistaken.,tsontar,Bitcoin,1,1,0,2014-08,2014-08-21 02:59:57,But... We're using it... O.O
0,"Yes, but it sets an extremely bad precedent.",long-lostfriend,Bitcoin,7,7,0,2014-03,2014-03-07 15:16:19,"Blacklist gox coin addresses Just a random question, is it possible for Bitstamp or any other exchange to blacklist theses addresses (see other threads about gox coins being split up) ? Like that whoever is doing this can't sell them? thanks :)"
1,Soon to be announced the most revolutionary things since bitcoin itself.,anon1235111,Bitcoin,1,1,0,2014-05,2014-05-20 01:35:52,"So what is Circle? I've seen the hype about getting the $10 in Bitcoin but other than that, what is it?"
1,'In order to retain Freedom for our great nation',Essexal,Bitcoin,1,1,0,2014-06,2014-06-06 10:15:23,Fed's response to bitcoin
1,"Yay for a ""pull"" based payment system....",sebrandon1,Bitcoin,1,1,0,2014-06,2014-06-13 16:59:53,"Perfect, stop a ""hack"" by simply taking a physical copy of every card that comes in there and is even worse because that copy can go anywhere. Good job."
1,I think they made that transition a decade ago.,John-Garrison,Bitcoin,1,1,0,2014-03,2014-03-07 18:36:26,This is part of their strategic transition to tabloid circulation.
1,But BTC-E takes muh credit cards!,Muhbuttcoin,Bitcoin,0,0,0,2014-03,2014-03-11 06:41:01,Exchanges said they will be transparent and audited quarterly. The rest that dont that I hope they will be marginalized. We will see how it evolves. It is pretty straightforward to prove bitcoin reserves without a third party. For fiat an auditing firm can do that.
1,"Yeah, Bitcoin companies should never hedge against exchange volatility.",rc111,Bitcoin,7,7,0,2014-03,2014-03-27 20:19:17,"Bitpay has taken $2.5M in funding. They took it in fiat, not Bitcoin, so they must not love Bitcoin that much."
1,THAT'S IMPOSSIBLE!,duduqa,Bitcoin,1,1,0,2014-03,2014-03-30 16:41:47,Here's my financial strategy regarding Bitcoin 1. Take all your coins 2. Place in cold storage 3. Wait a few years 4. ???? 5. No coins lost or stolen + Profit on value increase!
1,"Obviously it's because government gave IBM the divine wisdom and sanction to produce those goods, and because taxes compel productivity!",PeppermintPig,Bitcoin,3,3,0,2014-03,2014-03-31 14:52:13,"I wonder why complicated stuff like computers can be build without government (or in fact, besides governments) and simple stuff like roads and schools cannot. Ow wait, they can, and they are generally beter than the ones built by the government. And cheaper too! Silly me."
1,"Memes, the sign of a high quality subreddit.",imahotdoglol,Bitcoin,2,2,0,2014-04,2014-04-23 21:46:04,Bored at work = bitcoin meme!
1,"Yeah, I mean, it isn't like the financial system is different depending on where in the world you are.",Naviers_Stoked,Bitcoin,0,0,0,2014-04,2014-04-28 10:11:49,"All of those have benefits. Bitcoin only gives you more responsibility and headaches. It doesn't solve an existing problem for consumers, because for most people the banking system is just fine."
1,"You were innocent, then they proved you guilty of money laundering",ColonelError,Bitcoin,3,3,0,2014-01,2014-01-30 15:30:08,What ever happened to 'Innocent until proven guilty' in todays society? Ordinary citizens have a right to privacy.
1,"Yes, because security through obscurity is always *such* a good idea.",hashfiend,Bitcoin,13,13,0,2014-02,2014-02-11 19:19:06,"Yes, let's thank Gox for bringing this problem to the spotlight instead of talking with other exchanges or the foundation privately. Have you thought about maybe exchanges wouldn't have been attacked if this wasn't brought up publicly like this? While they are at it, might as well create a tutorial on how to attack exchanges to defraud them."
1,I'm sure Canada planned the date of it's 2014 budget announcement around the malleability issue.,vortexas,Bitcoin,1,1,0,2014-02,2014-02-12 06:05:02,These regulatory agencies are sneaky. They slide their regulations in while everyone is paying attention to the malleability bug.
1,Yeah but who has a phone these days?,Empifrik,Bitcoin,3,3,0,2014-02,2014-02-19 22:47:20,You know it can be set up to send an alert to your phone or whatever you want?
0,"Do they use ""megadollars"" or do they rather want to become ""millionaires""?",Sukrim,Bitcoin,1,1,0,2014-03,2014-03-14 10:06:38,"Do any of your non-techy friends say ""gigabyte"" or ""millimetre""?"
0,"Who, who and who?",ivyleague481,Bitcoin,2,2,0,2014-08,2014-08-15 20:12:19,"Coinbase Merchant Highlights: Xsolla, Terminal, Demand Food"
0,They still won't be fully international without restrictions,Natanael_L,Bitcoin,4,4,0,2014-04,2014-04-21 19:36:27,"Yes it's entirely possible. I'm scared that BTC might be a 'pioneer' as it's referred to, but a pioneer that ends up staying a niche and doesn't get the adoption it deserves. I'm worried other platforms might take ideas and tidbits of bitcoin features and make payment platforms that actually succeed, even if it's not decentralized"
0,It has a domain name system built in.,Natanael_L,Bitcoin,1,1,0,2013-11,2013-11-26 16:09:22,I'm pretty novice when it comes to namecoin as well. Yet I think NMC aren't meant for purchasing items. Rather they were designed to replace centralized internet verification. Ex: right now companies use other companies to verify their website and to tell their customers that the site is legitimate. NMC I think aims to decentralize that process. Someone correct me though because I'm sure I got something wrong
0,Moon bound,Essexal,Bitcoin,1,1,0,2014-07,2014-07-27 16:11:19,"Also, let me know what phrase the Bitcoin community would like along side their image flair rather than just *Bitcoin fan*. If you like *Bitcoin fan*, it will stay the same."
0,"Idk, I think he was buying in person, I didn't ask too much, his business not mine sorta thing.",mustyoshi,Bitcoin,1,1,0,2014-08,2014-08-14 02:37:11,"'Glass' like some smoking paraphenalia? Cool, what site did they use?"
1,No I think it is the future of the blockchain.,TheSelfGoverned,Bitcoin,1,1,0,2014-09,2014-09-06 07:14:53,"Seriously, what a waste of resources, why don't you just store it all in a optical medium that's not affected by that kind of stuff? Really, this is just dumb, the amount of trees getting cut just to give you that paper to print upon, should be consider a crime."
0,Hold educational conferences.,Sugar_Daddy_Peter,Bitcoin,4,4,0,2014-09,2014-09-07 19:08:24,Detroit gets a Bitcoin Center! What do we do now?
0,Illegally how?,modus,Bitcoin,1,1,0,2014-04,2014-04-05 14:30:20,"Service works fine, it's just running illegally. It's not even remotely a question and is easy to confirm. They claim an exemption that **does not** apply to the way they do business."
0,"If no one ever made that first pizza purchase for tens of thousands of bitcoins, we wouldn't be here today.",DirtyPolecat,Bitcoin,2,2,0,2014-03,2014-03-23 02:46:11,you're going to regret it when that btc is worth $10 M
1,Oh yeah it only takes a few hours to redesign a website,mvg210,Bitcoin,0,0,0,2014-10,2014-10-01 23:17:35,Coinbase Unveils New Layout In Response To Circle Bitcoin Bank Launch
0,You really know your shit don't you?,hetecon,Bitcoin,1,1,0,2014-10,2014-10-08 20:55:10,"Your faith in the St. Louis Fed is notable, your lack of detecting their bias to misreport or fudge data is pathetic. Let me guess, you believe the Department of Labor figures too..."
1,"The price crashed, therefore bitcoin is dead.",AstarJoe,Bitcoin,2,2,0,2014-10,2014-10-07 16:23:15,"Krugman: more proof that Bitcoin is dead, eh?"
1,I have to donate $1/month to have my credit union account... Ugghh,FirestarterMethod,Bitcoin,6,6,0,2014-10,2014-10-16 19:58:28,Credit union here. No fees. I have no idea why people use banks.
1,Most neckbeard bitcoiners will need the XXXL.,modus,Bitcoin,2,2,0,2014-10,2014-10-20 16:36:02,How would it determine what size he needed the product in?
1,No they are the government,keastes,Bitcoin,1,1,0,2014-10,2014-10-28 03:34:23,Is it possible for me to sue the SEC for hurting me as an investor?
0,Lol!,XxionxX,Bitcoin,1,1,0,2014-03,2014-03-14 00:17:03,This is what it feels like when doves cry
0,I'll give you $5 in BTC for it.,PirateKitteh,Bitcoin,1,1,0,2014-07,2014-07-12 01:54:08,"very possible, How much you think in BTC?"
0,I'm so excited for lighthouse!,PrimeStunna,Bitcoin,3,3,0,2014-07,2014-07-09 22:12:58,"Andreas stepping down from Bitcoin Foundation due to ""complete lack of transparency"""
1,Maybe coinbase will think he's paying women for sex to enlarge his penis?,Onetallnerd,Bitcoin,2,2,0,2014-08,2014-08-06 05:14:57,Penis enlargement is illegal?
1,"Yes, lets confuse the masses so they don't even think about using it",djangocoin,Bitcoin,1,1,0,2014-08,2014-08-06 10:55:58,"Bitcoins are not held on the wallet file. That is not true. Bitcoins only exist as balances associated with a bitcoin address. To be more precise they exist in the blockchain (the public ledger) purely in terms of the chains of transactions that take place and become registered. What you hold in the wallet file is the private key of each address you own. That allows you to spend from the balance associated with the address. You see, bitcoins don't exist. They only exist as balances associated with public addresses."
1,"Online petitions are super effective, and the government always listens to what people want, even when it's directly opposed to their best interests.",trifith,Bitcoin,8,8,0,2014-08,2014-08-13 00:13:07,"Petition to white house to grant bitcoin legal tender status in the USA..........need 100,000 signatures in 30 days to be considered. Help!"
1,"Yes, especially with all the anti-money-laundering regulations in place, the central banks KNOW NOTHING and are shivering in fear of what may come.",terrorobe,Bitcoin,3,3,0,2014-08,2014-08-18 09:19:15,I like how it's open about this being an attack on the finance monopoly of central banks.
0,What a sad life you live which you spend trying to put down people who are enjoying theirs.,Bitcoin-CEO,Bitcoin,9,9,0,2014-04,2014-04-28 22:59:37,"congrats, you finally made one of these that is actually somewhat funny"
0,"Ignore catwelder, he is a local moron/troll.",btcnr,Bitcoin,1,1,0,2014-04,2014-04-03 14:39:36,"Wouldn't a $200 netbook have the same vulnerability? Or are you saying, simply by using the computer, that's what makes it vulnerable, even without the wallet open? Also, where would this keylogging software come from?"
1,"Man, the money is not one of the fundamental aspects for bitcoin's success.",RedditTooAddictive,Bitcoin,2,2,0,2014-06,2014-06-04 15:00:19,How is more money going into bitcoin bad?
0,"In an open market like this, with a bunch of computer scientists, what would go wrong",Alexb41693,Bitcoin,2,2,0,2014-06,2014-06-14 18:20:19,DDoS could be considered violence. I still think it's perfectly valid to defend decentralization.
1,Oh man fuck that apple walled garden though am I right?,derpex,Bitcoin,4,4,0,2014-03,2014-03-05 08:28:41,Yes but the more feasible thing is only my my phone has a strong malaware who stole my session while I was browsing bitstamp on my phone...
1,I thought macs didnt get viruses...,pointychimp,Bitcoin,5,5,0,2014-03,2014-03-05 17:41:52,Use Bitcoin Ticker (TTM) for OSX? Scan Your Computer!
1,Like there's no examples of anyone doing that before...,deltagear,Bitcoin,1,1,0,2014-03,2014-03-09 21:05:31,"This looks barely related to Bitcoin. It seems to be the a mechanism for selling digital keys, which could be used for bitcoin, but can also be for coupons, video games and software products."
1,"Because taxes are theft, duh",ExcelSar,Bitcoin,1,1,0,2014-03,2014-03-12 18:21:15,lol this is a funny article. what is wrong with paying taxes when you are only doing so because you MADE MONEY FROM BITCOIN!? how is paying 30% on money you otherwise wouldn't have made a bad thing?
1,"yes i want facebook to know everything i buy, ill sell all my btc today",b44rt,Bitcoin,2,2,0,2014-04,2014-04-15 19:43:36,Could Facebook's new universal money transfer system be Bitcoin's biggest competition? Since so many people already use facebook and trust it. And it would be dumbed down for the public and make them feel safer sending/receiving funds. I think it's a stupid idea personally...
1,"Good thing scrypt prevents this, amirite?",IHaveDirtySecrets,Bitcoin,-2,-2,0,2014-01,2014-01-03 02:14:37,Litecoin just got pwned by a single pool
1,"Oh, much smaller then.",XxionxX,Bitcoin,3,3,0,2014-01,2014-01-19 13:06:04,"It gets hashed down to 2^160, I believe."
1,Uh... I do the same thing but charge only 1 BTC.,Not-ThrowingAway,Bitcoin,2,2,0,2014-01,2014-01-19 19:45:29,"COINBASE/BLOCKCHAIN WALLET HACK ANONYMOUSLY 10 BTC. Hello everyone, i can hack anonymously bitcoin wallets. 10 btc and i hack everything for you."
1,"Oh sure, look at bitstamp prices plummeting.",xenodata,Bitcoin,2,2,0,2014-02,2014-02-19 21:31:48,Bitcoin Exchange Prices Plummet as Investors Brace for Bankruptcy
1,Fucking magnets.,cbeast,Bitcoin,1,1,0,2014-12,2014-12-24 23:14:18,"Do you really think you can compare an economist with a physicist? All sciences are not equal, some are shit."
0,Get ready for the tip-a-palooza,SMcKie,Bitcoin,2,2,0,2014-12,2014-12-26 21:32:14,MMA Fighter Jon Fitch &amp; Warner Brothers just sent out details about tonight's tipping
0,Taxation is theft.,PotatoBadger,Bitcoin,1,1,0,2013-11,2013-11-04 01:28:54,"Don't be an idiot. It doesn't matter who you *want* to pave the roads. It matters who does. Pay your taxes or suffer the consequences. And when you come back to post ""WTF I CAN'T BELIEVE I GOT AUDITED"" I won't be shedding any tears."
0,She dun goofed.,dkmdlb,Bitcoin,9,9,0,2014-03,2014-03-08 00:33:22,Reporter Who Falsely Outed Dorian Nakamoto As Creator CRIES On CNN Live
0,The fact that people who got in early are rich as fuck scares people (my parents) away.,tf2manu994,Bitcoin,4,4,0,2014-01,2014-01-11 07:21:08,"I feel like there's a reference to something here, and I'm just not getting it."
0,I didnt infringe anything.,gonzobon,Bitcoin,1,1,0,2014-03,2014-03-25 03:05:08,"Then don't use exchanges you think are at risk of doing that. By infringing on BTC-e, you put them in jeopardy and you take away my right to choose, let alone their right to offer their service *to those willing to take on that risk*."
0,"It isn't constrained to fiat currencies, people just have no other metric upon which to base bitcoin's value on.",Naviers_Stoked,Bitcoin,2,2,0,2014-05,2014-05-02 22:18:40,"I very well understand and agree on what you are saying. As bot my post and your analogy imply: currently for the average user, bitcoin is not really acceptable as a payment method due to it's constraints to fiat currencies. This will most likely change but time needs to pass."
0,Because you left for PayPal?,BTCisGod,Bitcoin,1,1,0,2014-08,2014-08-18 15:13:18,Right. That's why worldwide bitcoin fell from 490-ish to 450-ish.
0,"governments and those who control a currency are always a problem with a currency, and it will always be manipulated to serve those who control it, even if that means the destruction of the currency itself bitcoin changes everything, nobody controls it, and if it fails it will be entirely on it's own merrits and technology and not at the hands of greed and power",DaSpawn,Bitcoin,2,2,0,2014-06,2014-06-02 01:55:41,"The currency is not the problem with the Euro, the governments are. Their dumb and inequal policies ruined some countries and now those country's governments are blaming the Euro, which is just dumb."
0,"Not only scandals, but also the complete lack of prosecution for their blatant law breaking",DaSpawn,Bitcoin,2,2,0,2013-11,2013-11-21 15:30:34,same here. Banks says they are compliant to regulations but just google the news and you'll see the scandals involving them.
0,*His name is Roger Murdock* *His name is Roger Murdock* *His name is Roger Murdock*,TheSelfGoverned,Bitcoin,2,2,0,2014-05,2014-05-12 03:51:48,You shall be forever known as the man who coined that term...
0,"Don't be week hands, be a man.",Forlarren,Bitcoin,6,6,0,2013-11,2013-11-09 03:49:15,"It seems like it. I'm scared....If it keeps going down I'm definitely going to buy some more. It's not terrible news really. I plan on keeping my 0.59223858 BTC in for at least a month. Still scared though...someone hold me... Edit to add: My *uneducated* guess is that people in China are waking up and seeing the price and thinking ""sell sell sell!"" Which will only make people say ""$300?? BUY BUY BUY!"""
1,Wasn't funny - punch line needs work,djangocoin,Bitcoin,-3,-3,0,2014-09,2014-09-01 17:02:35,"Absolutely. Funny story: when we were sorting the slate floor for my patio, we wanted the shades of color to appear randomly distributed. But truly ""random"", as in simply laying down whatever was in the stack, appears not at all to be random. We spent considerable time, laying every single piece out in advance, before mortering them, to evenly distribute the colors. In the end, it looked random, but was anything but."
1,100%?,djangocoin,Bitcoin,1,1,0,2014-06,2014-06-27 08:44:24,If someone wants to commit fraud there is no discount big enough to convince then to use bitcoin.
0,Let's do v2.0!,modus,Bitcoin,2,2,0,2014-07,2014-07-24 02:37:28,I miss the Bitcoin show.
1,"of course not, I'm still on 0.3.18!",imahotdoglol,Bitcoin,1,1,0,2014-09,2014-09-02 23:18:55,I hope you upgraded it in that time..
0,"""Love you like a bitcoin""",AgentZeroM,Bitcoin,2,2,0,2014-06,2014-06-13 00:23:52,"I created a YouTube playlist of the best Bitcoin songs. If any are missing, please submit them as a comment."
1,"We just need to get all the missionaries on board with bitcoin, so that after they try and spread their religious views, they can educate the public about bitcoin.",1Bitcoinco,Bitcoin,11,11,0,2014-09,2014-09-10 23:45:09,Next time a missionary comes to the door we're going to talk about Bitcoin and The Federal Reserve. Let the down votes begin.
0,"Just like Moronic Monday, we need to have a Pitchfork Tuesday, where we all can post all the sensationalisms in one thread.",lifeboatz,Bitcoin,5,5,0,2014-04,2014-04-22 19:05:45,If that's true then it's not nearly as bad as people are making it out to be. If there's anything I learned from reddit it's that they love to sensationalize and they love to break out the pitchforks and death threats with nothing to back up the claims being made. It also humors me when people dig up months-old drama when there's no drama to be had at a particular time.
1,"Ah, the wonders of fractional reserve.",minorman,Bitcoin,-3,-3,0,2014-09,2014-09-24 07:56:52,"true that, the Bitcoins don't belong to you, you have a ""promise to pay"" based on a number of conditions"
1,Hang the hoarders!,duduqa,Bitcoin,1,1,0,2014-09,2014-09-30 20:00:08,Chomping at the Bitcoin: An Expert's Take on Bitcoin in China
0,"Or ""Dark Wallet: Just give us a reason to ban Bitcoin.""",KingOfRye,Bitcoin,3,3,0,2014-05,2014-05-29 14:43:56,"Article title should be: ""Dark Wallet: Taking the anonymity of Bitcoin one step too far"" but I guess the author wanted to appear neutral."
0,That and the lack of physical bitcoins.,PastaArt,Bitcoin,0,0,0,2014-04,2014-04-30 11:42:35,"Does anyone else think that until Hardware wallets reach the masses, bitcoin won't go mainstream? I just think we need easier to use security features around bitcoin and I think hardware wallets can really help empower that. Paper wallets aren't good for those looking to invest since there's such a learning curve and chance to mess up. Anyone else think the same?"
1,"Wow, it's enough to make me wish I'd joined the corporate military.",hashman2,Bitcoin,1,1,0,2014-10,2014-10-17 09:31:11,My bank ATM has no fees. And my bank covers $15 a month in fees charged by other bank's ATMs.
1,stahp thinking of the children!,BuffyButtcoinSlayer,Bitcoin,2,2,0,2014-10,2014-10-22 02:10:25,Think of the children...
0,Exactly this sort of unjustified panic went on when Ubuntu started hiring Debian developers.,kingofthejaffacakes,Bitcoin,12,12,0,2014-10,2014-10-23 13:47:06,"Austin Hill, CEO of Blockstream, will soon have a monopoly on Bitcoin development."
1,Imagine how great Bitcoin would be in 2 years time if all the miners stopped mining and just brought Btc,Essexal,Bitcoin,1,1,0,2014-10,2014-10-25 22:21:45,imagine how much better your roi would be 2 years in teh future if you would have taken all of the money you spent on mining and just bought coins the day you bought your miner. If that number is higher than the number you get from mining you screwed up.
0,"Don't forget to tell charities about bitpay, which offers no-fee processing for registered non-profits.",crazyfingers,Bitcoin,11,11,0,2014-06,2014-06-26 15:45:33,I made the mistake of asking a local charity to accept bitcoin. I pledged $100 if they would just give me an adress. It took them less than 24h to make the decision and i had to part with some bitcoin :(
0,This isn't craigslist.,platinum_rhodium,Bitcoin,8,8,0,2014-07,2014-07-03 14:34:56,First Tesla Model S purchased with BTC is now for sale - 200 BTC
0,"It's not really *impossible*, but it is hard to comprehend how they could be that careless.",gotamd,Bitcoin,6,6,0,2014-02,2014-02-25 14:06:09,It's just impossible that during the last year nobody at mtgox just brought out the old calculator just to check the numbers. I'm honestly stunned! At my work the economics team breaths fire when the excel sheets doesn't adds up down on the dollar each month.
0,Honey badger don't care.,mythril,Bitcoin,3,3,0,2014-05,2014-05-21 01:09:41,The coin seems awfully happy while experiencing deadly forces.
0,And and,z_5,Bitcoin,1,1,0,2014-02,2014-02-16 14:14:16,How does it feel? To be played like a fool by greed and and manipulation?
1,"Yeah, that's why I pay with pennies everywhere I go.",intrepod,Bitcoin,1,1,0,2014-08,2014-08-07 20:23:53,"never. using bits is a waste of time. either use full bitcoin, or use satoshis. anything in between is simply confusing."
1,"It's because they like to use it to buy weed, the only thing Bitcoin is good for",skilliard4,Bitcoin,0,0,0,2014-08,2014-08-11 21:59:41,Hispanics love bitcoin more than anyone else: Poll
1,"Yes, all us Bitcoiners will need an attorney for hire with all of the money laundering and illegal activity that takes place with Bitcoin Kappa",skilliard4,Bitcoin,1,1,0,2014-02,2014-02-18 03:13:35,"Criminal Attorney now takes bitcoin, says he doesn't believe in the term virtual currency"
0,"Learn to read, and one day it might make you less of a douche.",btcnr,Bitcoin,1,1,0,2014-02,2014-02-13 21:09:14,Great help! thanks so much! you make the internet a great place!
1,What constructive criticism!,crazyfingers,Bitcoin,3,3,0,2014-06,2014-06-03 22:29:42,So many factually incorrect statements in that presenation. I wonder how much utopian bullshit you managed to fit into the project itself.
1,Indeed!,kiefferbp,Bitcoin,1,1,0,2014-06,2014-06-25 17:28:37,"ASICs are good, right?"
0,Oh good to know.,pardax,Bitcoin,2,2,0,2014-03,2014-03-17 15:06:28,"The double space thing is pretty common for anyone that learned to type on a typewriter. It was enforced on me by teachers as the ""correct"" way and single spaces as wrong. FYI, I'm ~~only~~ 38, used computers for years and still sometimes do it. I'm sure both Dorian and Satoshi would have been taught this, and it's probably standard boilerplate for a lawyers PA."
1,Who would have thought that auroracoin is a scam or destined to fail?,usrn,Bitcoin,5,5,0,2014-03,2014-03-29 20:56:55,Auroracoin - Forked and Game Over
1,"To be fair, I'd say it's too early to say how early we are in the growth life-cycle.",Terrierpike,Bitcoin,3,3,0,2014-04,2014-04-23 17:59:37,"I love how a few months ago bitcoin was like the internet in the late 90s, then it was like the internet at the dawn of WWW, then it was the internet before mosaic, now it's internet in the 1980s? I guess we should expect bitcoin to be like eniac or a jacquard loom soon as it continues to be ""a thing that has existed for half a decade but we have to pretend this is early because it's not doing the explosive exponential growth we were counting on"""
1,Bitcoin...its soooo easy to use.,dudeynudey,Bitcoin,-5,-5,0,2014-02,2014-02-12 17:41:15,"Just had a terrible experience with a localbitcoins transaction. I have 7 bitcoins to my name and decided to sell them this week because I needed money for rent and food and I just don't see bitcoin go up in price any time soon. I figured I'd dump them all on localbitcoins and I'd be financially ok for half a year or so. Anyway, I got in touch via skype with a guy that wanted to buy all 7 of my bitcoins for $700/each. It was a little lower than I wanted but I desperately needed the money so I agreed. We met in the local walmart parking lot late last night and I asked him to show me the money first. He did, he had all $4900. Actually he had $5000 and was ""tipping"" me the extra $100. I transferred the 7 bitcoins to his wallet and once the transaction was confirmed he suddenly pulled a huge knife on me. It was like 7 inches long. I couldn't run anywhere because I was half in my car with the door open and he was standing in the door way. He ordered me to hand back over the $5000. I hesitated but he started getting a bit aggressive so I had to hand it over as I was afraid for my life. He ran to his car and took off and as I tried to get his plate, noticed he didn't actually have any plates on his car. I should have fucking noticed this before I did the transaction but I didn't. Maybe it was because it was dark out. I quickly drove to the police station and filed a report but I'm doubting they'll get my money back now. Sometimes I wish bitcoin did support chargebacks because I wouldn't be out $5000 right now. I'm so angry with myself and my wife is mad at me because we're out the $5000. I don't know what I'm going to do. Such a shitty experience."
1,Yeah let's all withdraw our fiat and coins!,NachoNaanbread,Bitcoin,27,27,0,2014-02,2014-02-20 20:40:34,"I just wish people would stop using Gox. They are directly responsible for at one of the few major crashes of bitcoin, more likely, responsible for the three of the major crashes. Yet people always go back. It is frustrating."
1,I know...gotta get my fiat ready,tookie_tookie,Bitcoin,2,2,0,2014-02,2014-02-26 04:48:09,Massive sell off? Wait when?
1,Normal citizens will be barred from using it anyway... so no worries?,paleh0rse,Bitcoin,1,1,0,2014-02,2014-02-27 06:37:10,"There are no exchanges operating in the US. This setup is the only way there will be one in the short to medium term (it's too hard to get qualified as a MSB in all 50 states). I won't use it either, but there's some people for whom this will have value."
0,I can tell you I've only received one request and after meeting the guy I turned him down because I was pretty sure he was a cop.,Sovereign_Curtis,Bitcoin,1,1,0,2014-09,2014-09-13 19:25:51,I wonder how mycelium trader is doing?
0,What would the PoW be to enforce this?,GibbsSamplePlatter,Bitcoin,3,3,0,2014-06,2014-06-08 13:07:43,"ELI5: why can't the mining protocol be changed such that all mining is done in a p2pool fashion to eliminate the risk of a 51% attack? It is my understanding that even if p2pool has over 51% of the hashing power, there is still no risk of a 51% attack."
0,I use Electrum's 12 words seed and laught at all of you for trying to secure one single private key that you'll probably import to a client that will send the change to another address and everything will be lost.,rdymac,Bitcoin,11,11,0,2014-05,2014-05-25 11:04:55,How I Store My Bitcoin Backups
0,"My vote is for the former, not the latter",Cygnus_X,Bitcoin,1,1,0,2014-03,2014-03-27 19:15:09,YOU ARE HERE
0,Don't underestimate the Chinese.,TheSelfGoverned,Bitcoin,3,3,0,2014-04,2014-04-01 03:05:16,"Sorry to tell you but Amazon and EBay would be much bigger targets than Alibaba. Not just market size-wise, but the Global NameBrand and the customer base from the American companies are both, much larger, and much more affluent."
0,"You can buy $10billion with the ledger, and when you trade you do trade with the ledger.",TheSelfGoverned,Bitcoin,1,1,0,2014-01,2014-01-31 20:08:55,How much can you buy with the public ledger? And if that was the case - why do people trade Bitcoins - versus ledger? And lastly - if it wasn't based on trust why does the market fluctuate based upon mood?
0,None of the three (and they are major US banks) has any default SMS security.,lifeboatz,Bitcoin,2,2,0,2014-01,2014-01-06 21:35:55,If they have sms security that is 2FA
0,"matt, any link to a replay?",lifeboatz,Bitcoin,7,7,0,2014-02,2014-02-25 20:12:30,"Erik Voorhees on Bloomberg TV I'm about to interview Erik Voorhees, the guy who wrote that awesome letter (and lost 550 btc on gox, at least for the time being). Anyone got any Q's for him?"
0,Satoshi Nakamoto is Albus Dumbledore.,TheBTC-G,Bitcoin,1,1,0,2014-10,2014-10-07 13:50:01,"Bitcoin isn't here to make the old ways better, it is here to make those old ways obsolete. It isn't a fancy new train on old tracks- It does not need those tracks, because it can fly."
0,"Step #1 &amp; #2 can't be avoided, but step 3 can be solved via Zero-knowledge proofs (Zerocoin style) and/or Secure Multiparty Computation.",Natanael_L,Bitcoin,1,1,0,2014-02,2014-02-12 16:03:20,"Meh. The problems are: - Someone has to hand out the voting rights (unless you want people to vote proportionally to their bitcoin holdings). - That someone needs to make sure they hand out one voting key per person - Therefore they know who you voted for. There are cryptographic techniques for voting that don't have traceability issues: Google for ""multiparty computation voting"""
0,"I guess all it means is ""has the same units as"".",hotoatmeal,Bitcoin,1,1,0,2014-10,2014-10-02 00:50:27,"Less-than, equal-to, or greater-than. It's a very descriptive operator."
0,"Don't know about OP, but I only buy through my linked bank account.",BKAtty99217,Bitcoin,1,1,0,2014-10,2014-10-13 02:30:29,"Did you pay by credit card, because Circle still passes on the credit card interchange fee to you. It is only free if you fund your account through ACH."
1,"Yea, no one ever talks about how retailers need to start paying employees and suppliers with bitcoin.",Sovereign_Curtis,Bitcoin,0,0,0,2014-09,2014-09-11 15:52:10,"Why is there such a focus on B2C transactions, and not B2B? It seems like bitcoin would be much more useful to the average business to business transaction than a business to consumer transaction?"
0,The guy at the ATM may not be so forgiving.,KayRice,Bitcoin,2,2,0,2014-08,2014-08-07 16:16:24,A bank isn't going to stab you.
0,"*""Spare a satoshi for weed to a poor soul""*",BTCoverlord,Bitcoin,10,10,0,2014-09,2014-09-19 14:04:45,Snoop Dog now accepts Bitcoin via ChangeTip!
0,"You tell me, what's the right way commit tax fraud?",tsontar,Bitcoin,2,2,0,2014-03,2014-03-12 20:09:08,Using tokens as tax fraud isn't a new idea and doesn't actually trick tax authorities.
0,Can we get a list of which .edu accounts work?,AsianThunder,Bitcoin,12,12,0,2014-05,2014-05-08 16:28:54,"That would be the hope :) And since it's your cake day, PM me the email you signed up with and I'll send you the bonus regardless"
0,I could move thousands of these in the US.,imjgaltstill,Bitcoin,4,4,0,2014-05,2014-05-09 11:15:11,A new pre-loaded bitcoin card launched in Singapore
1,"Wow, I can't believe they're letting you discuss the currency of terrorists and criminals to a bunch of children",skilliard4,Bitcoin,1,1,0,2014-10,2014-10-17 07:37:24,"I emailed my school's politics segment of their news program about Bitcoin. They'll be discussing it to 1,600+ kids next Friday. :)"
1,Their TOS prohibit profitable purchases.,qwints,Bitcoin,22,22,0,2014-10,2014-10-05 20:22:10,"Yet, coinbase is cancelling my purchases for some reason and circle is taking forever to link my account :("
1,Let's hope it'll be enough to fix the charts.,vbenes,Bitcoin,1,1,0,2014-10,2014-10-07 07:27:32,Blockchain Gets $30 million Big Investment
1,"The NSA just wants to ""backup"" your data in case you lose it.",targetpro,Bitcoin,6,6,0,2014-10,2014-10-10 19:12:35,"That's such a fantastically ridiculous idea. It's a crime as is to steal corporate data and secrets, yet the government wants to backtrack that position."
1,Just in the nick of time...,djangocoin,Bitcoin,2,2,0,2014-10,2014-10-01 09:58:13,The Rise and Rise of Bitcoin - Movie Review
0,lol GTFO troller mc trolly.,AgentZeroM,Bitcoin,1,1,0,2014-04,2014-04-13 22:04:56,"Gavin stepping down is too little and too late. Gavin has contributed immensely to the core implementation. However under his watch we've had a major fork, heart bleed, stalled development etc. Gavin despite admitting to possessing millions in bitcoin, continued to accept money from the shady bitcoin foundation while staying silent on its misdeeds. Gavin stepping down is simply too little too late. He should have relinquished his leadership position after the first fork event. Incompetence continues on in bitcoin.."
1,Factories worldwide will shut down operations because a bunch of nerds made a very good investment.,TheSelfGoverned,Bitcoin,0,0,0,2014-07,2014-07-10 18:07:27,"Why would the economy be diverted to make people rich? That makes absolutely no sense. The free market will decide if bitcoin is valuable. If it is, the people that hold them will get rich."
1,Then we should've banned cash ages ago!,TheSelfGoverned,Bitcoin,2,2,0,2013-11,2013-11-15 18:26:35,C. Chance they will be using bitcoin after the hearings/advertisement: 1 in 1
1,"Yeah, Bitcoin",addm3plz,Bitcoin,1,1,0,2014-07,2014-07-21 01:41:55,Did Satoshi made something illegal?
0,Well that sounds vaguely familiar!,dreamin_in_space,Bitcoin,2,2,0,2014-04,2014-04-15 01:20:15,Not easily. Accidental one clicks on a credit card can be instantly reversed with a quick call to customer service. Not gonna happen with a bitcoin transaction. They'd have to setup some kind of complex escrow intermediary just to support that.
0,"**puts on tin-foil hat** Maybe that's what the G, actually stands for.",Just2AddMy2Cents,Bitcoin,5,5,0,2014-06,2014-06-12 09:43:02,"Even if they are angels, nothing is stopping the cia/fbi/whatever from taking control of their servers and then gagging them to keep quiet about it. Like what happened to Lavabit where they asked the owner to put in a backdoor and gagged him. So he simply closed up shop because he valued his customers privacy. For some reason I don't think ghash would do the same. Shit for all we know ghash is already a government op."
0,There should be a club: bitcoiners ~~anonymous~~ pseudonymous.,sumanane,Bitcoin,2,2,0,2014-08,2014-08-22 22:09:53,I guess I'm one of you now
0,Don't ya hate when you have a typo in the headline of a Reddit post?,BeCoingInABit,Bitcoin,3,3,0,2014-05,2014-05-04 12:19:59,Great article about why we need Bitoin.
1,This seems like a good place to report it,michaelhorton,Bitcoin,1,1,0,2014-05,2014-05-07 04:02:02,Cryptsy just went down Logging in: an internal error occurred.
1,"Pretty good, but not quite great.",AgentZeroM,Bitcoin,0,0,0,2014-05,2014-05-23 00:41:11,$100 in 3 days is pretty good.
0,You should also never get high on your own supply but people do anyway.,bitpar,Bitcoin,1,1,0,2014-06,2014-06-13 04:39:13,"Not sure how you sit on that many coins and don't have some paper wallets in deposit boxes, some stored behind your moms picture frame, some in your brothers attic, some memorized by heart, etc. To be able to snatch his lappy and get ALL the coins is ridiculous to the extreme."
1,"Duh, so I can cash my check at the bank.",iShootDope_AmA,Bitcoin,4,4,0,2014-03,2014-03-02 19:46:23,Yes. More people need to understand the purpose of signatures.
0,"No, you don't have to write down anything if you keep your cube safe.",IAMABananaAMAA,Bitcoin,2,2,0,2014-03,2014-03-31 14:24:09,"It's ignored because using it can be dangerous due to much lower entropy than any decent RNG. It's not obvious that it has claimed 66 bits of entropy, and even if it does I wonder why would anyone use this instead of good old RNG? You have to wright down the private key in both cases, and the other private key is obviously stronger."
0,Caveat Emptor!,doctorrecommendedmus,Bitcoin,1,1,0,2014-03,2014-03-28 00:20:08,A Reloadable Visa Debit Card That You Fund With BTC
1,"Yes, patriarchy is only intangible!",bobby__peru,Bitcoin,0,0,0,2014-03,2014-03-27 18:47:55,"Nothing to see here. He's a feminist that thinks many of our problems are due to the ""patriarchy."" Sorry buddy, but you don't get to use the word ""crazy"" to describe ideologues who use logic when your camp uses nothing but feels."
1,"I for one feel bad for all the earlier investors, those that bought Bitcoin in early 2013, 2012, 2011, etc.. those poor people must be reeling from their losses right now...",diametric,Bitcoin,4,4,0,2014-04,2014-04-01 21:40:10,"Bitcoin failed, but digital currency itself?"
1,"Yeah I know, its really hard for these non techies to understand",elan96,Bitcoin,1,1,0,2014-04,2014-04-21 19:07:38,"Yeah, cause it'll just be impractical for the OpenSSL guys to have to understand and hold Bitcoin."
1,Because the neighbors have one and I have to keep up with the Joneses.,luffintlimme,Bitcoin,2,2,0,2014-01,2014-01-10 17:50:20,"Buying from Overstock makes no sense. These items are ""overstock"" which means nobody wants it. So why do you?"
1,Right.. seems like a great strategy... the USA shoots itself in the head to avoid paying its debts to China.,btchombre,Bitcoin,0,0,0,2014-01,2014-01-16 21:53:18,"USA encouraging bitcoin to get out of China debt? Does anyone see the flaw in this theory? If this USA adopts bitcoin would this be a way for us to escape the china debt, making dollars almost worthless?"
0,"If anyone asks you for a thorough, layman's terms explanation of Bitcoin, point them in the direction of any video with Andreas Antonopolous doing the talking.",shervin2,Bitcoin,1,1,0,2014-02,2014-02-15 04:58:33,"How Do You Demonstrate The Technological Power Of Bitcoin Without Making It Seem Overwhelming? This is one of the most frustrating problems I've had with convincing people to get involved with crytpocurrencies. Bitcoin's technology and the infrastructure behind it is extremely complex, but the application itself is very easy to use. The problem is that people will not put their money into something they don't trust, so you need to go in depth explaining why it is secure. The problem becomes worse when you spend more than 1 minute explaining the exact technology; you overwhelm them and all they think is ""this is much too complicated for me to use"", and they forget about it. If I simply explain the perks of Bitcoin, they seem generally interested; however, almost everyone seems to question its security. Some common questions: ""What if someone hacks the network and prints tons of Bitcoins?"" ""What if the creator runs away with everyone's Bitcoins?"" ""What makes Bitcoins more ""secure"" than credit cards?"" I can answer all of these questions, but the problem is that if I do, it makes the currency seem way too difficult to use. I try to emphasize that while there's tons of math and computer code behind it, using it is extremely easy. I compare it to how their cellphone may have complex circuitry and code inside of it, but texting their friends and using apps is easy for them. The US dollar may have complicated economics behind it with federal reserve banking and control of money supply, but in the end to you it's as simple as exchanging a paper note with a designated value. Even with all of this, they just seem overwhelmed and forget about it. I feel as though many people also cannot appreciate it's technical features as well. Decentralization, low fees, open source, and security means nothing to them-they just want to keep using what they've grown accustomed to. Is there any effective way to prove that the Bitcoin network itself is secure, without scaring people away out of how nerdy and complicated it sounds?"
0,Let's let the people of 2140 figure out what to do.,shervin2,Bitcoin,0,0,0,2014-02,2014-02-23 22:06:01,When all coins are mined won't transaction fees get out of hand and make btc an expensive option?
1,"Well, it's obviously all those long term holders now realizing they need to buy back in to make up for the theft.",jcoinner,Bitcoin,7,7,0,2014-02,2014-02-26 10:57:51,And for the bad reasons... For the life of me I can't understand the current market bullishness.
0,Good luck with that lol.,jakenichols,Bitcoin,2,2,0,2013-11,2013-11-20 08:57:45,But maybe we can hope for this scenario: The Gov't created bitcoin as a means of taking power away from the Banksters in order to release its people from their grips. I gots hope.
1,They're on sale!,bitbybitbybitcoin,Bitcoin,1,1,0,2014-12,2014-12-16 22:29:26,"Dear Russians, Capital controls are coming. Your dollar-denominated accounts will be seized. Get your bitcoins now! Don't let yourselves be Cyprused."
1,I feel safer already,i_can_get_you_a_toe,Bitcoin,91,91,0,2014-12,2014-12-19 21:41:34,Charlie Shrem sentenced to two years in prison
0,"Sure, in a few hours when I'm done with work.",Throwahoymatie,Bitcoin,1,1,0,2014-04,2014-04-12 17:03:51,Do you want to explain these terms to me and how they apply to our conversation? I've broke down the effects of inflation for you so I expect the same in return.
0,Seven?,AgentZeroM,Bitcoin,5,5,0,2014-03,2014-03-03 12:41:37,"Jesus, how old am I that someone would have to say that..."
0,"Sure thing, thanks for continuing to bring options to us!",Logical007,Bitcoin,1,1,0,2014-09,2014-09-03 19:54:50,Thanks for the feedback!
1,BJs 4 BTC,djangocoin,Bitcoin,3,3,0,2014-09,2014-09-04 14:44:56,What's the best way to buy BTC in thailand? Anyone in thailand have any experience? I would ideally like to buy in baht if possible
0,"Until NewEgg does, keep using Tigerdirect :)",ironicalballs,Bitcoin,6,6,0,2014-01,2014-01-24 19:44:14,Newegg Contemplating Bitcoin Acceptance
0,But it has the same name!,modus,Bitcoin,7,7,0,2014-09,2014-09-22 23:31:06,That's not the real Lawsky BTW.
0,"No, as I remember it described, there is no way to know if an HD wallet is even HD, let alone what it's neighbors are.",haight6716,Bitcoin,3,3,0,2014-09,2014-09-07 04:42:33,Is there any way to know if the transactions are send change/remaining wallet balance to new address within a HD/deterministic wallet?
0,"Bitcoin good, Starbucks ebil.",Essexal,Bitcoin,1,1,0,2014-08,2014-08-02 02:03:27,20% off at Starbucks when paying with bitcoin.
0,You can rebroadcast the transaction if it's not showing up.,bluewaterbaboonfarm,Bitcoin,1,1,0,2014-03,2014-03-10 18:26:00,i searched the tx id and it didn't show up at all :P
1,With such an attitude I'm sure their economy will thrive,usrn,Bitcoin,1,1,0,2014-09,2014-09-15 11:26:49,"All in one month, Outlaw Bitcoin, counter with an 'archaic Electronic Currency, and make it a crime to oppose their current banking system. A political Trifecta coup to stop Bitcoin."
1,But there's lots of jokes made about women...?,Natanael_L,Bitcoin,4,4,0,2014-09,2014-09-21 12:34:42,It's hard to make jokes about something you fundamentally don't understand.
0,"No, it's 50 doge.",Empifrik,Bitcoin,1,1,0,2014-02,2014-02-19 12:17:50,Seven cents? Lol the fuck?
0,Partially HD wallets doing and not just usage.,dillpicklechips,Bitcoin,7,7,0,2014-10,2014-10-20 06:25:47,"Meanwhile, Number of Unique Bitcoin Addresses Used is at all time high..."
0,That's the stupidest thing I've ever read.,grumpy_caterpillar,Bitcoin,1,1,0,2014-10,2014-10-16 09:54:24,The NSA uses the information they collect to kill terrorists like Bin Laden. Whereas the blockchain is used by terrorists to transfer wealth to one another. Big difference there.
0,"That zerohedge article is 'eerily' similar to something you see at least once a week, but having said that, if we have a GFC scale event the btc price will crash hard.",101111,Bitcoin,2,2,0,2014-04,2014-04-25 09:07:27,2014 Is Turning Out To Be Eerily Similar To 2007 (zerohedge)- another economic crisis could be incoming - what effects on the Bitcoin price would this have?
0,Those who by the toolkits are also the ones not smart enough to code their own.,anon1235111,Bitcoin,7,7,0,2014-05,2014-05-19 21:31:07,These people seriously bought malware-toolkits with Paypal? SERIOUSLY?!?!
1,It can only mean Bitcoin is dying,whols,Bitcoin,-2,-2,0,2014-07,2014-07-30 20:04:33,"We seem to be on a nasty downtrend, anyone know what's going on?"
1,"Shitty memes, just what we need.",imahotdoglol,Bitcoin,31,31,0,2014-08,2014-08-11 00:41:11,"Bitcoin planted a seed in me, now there's no going back!"
1,TIL that a 20%+ swing in the last 3 days is a sign of stability.,Terrierpike,Bitcoin,9,9,0,2014-05,2014-05-23 12:00:17,Bitcoin shows signs of stability as it reaches $500
1,Bitcoin is terrible because its not already fully mature and I cant already do absolutely everything with it like I can with the dollar,cryptonaut420,Bitcoin,1,1,0,2014-03,2014-03-02 16:05:04,"What is your argument, exactly? That volatility makes btc not a good store of value, or currency? It is volatile. Sure. No one is arguing with that. It is a nascent technology. How can you expect it to be stable before it even has widespread adoption? Look, I can understand you not liking the idea of bitcoin, and I can even understand wanting to tell people that it has problems. It seems to me, however, that you think we are delusional lunatics holding onto digital tulips and who will suffer the consequences. Why go out of your way? Are you attempting to save us from financial hardship, or something? I somehow get the sense that you just want it to burn to hell so you can laugh at all of us."
0,That's what you got out of the Keynes quote?,Political_douche,Bitcoin,1,1,0,2014-03,2014-03-13 10:13:23,"Yes, this is exactly the reason why Lenin's Marxist worldview has become the dominant economic paradigm of the 21st century. Right."
1,"Yeah, because a reddit comment from 1 average guy is going to pump the price of an altcoin",skilliard4,Bitcoin,6,6,0,2014-03,2014-03-27 03:47:10,Clever way for you to sneak in a pump.
0,"There are just as many if not more people saying ""more coins for me"" while in reality most of those people arent investors and are not buying anything, just trying to counter the fear by creating an atmosphere of greed.",Muhbuttcoin,Bitcoin,2,2,0,2014-03,2014-03-27 21:15:48,"You're defending your position to sell too hard. It's a tell. If you really wanted out, you'd just sell. No, you sir are complete FUD."
1,"Yeah.. I read somewhere that Bill Gates, Warren Buffet, and other millionaires are always looking over their shoulders.",Abshole,Bitcoin,-2,-2,0,2014-04,2014-04-23 14:26:56,One downside: You'll have to look over your shoulder for the rest of your life. Some nut (or group) might think they can get hundreds of millions easily by just forcing an old man to give up his password. It's a nightmare scenario for Dorian.
1,But this guy's *special* because he did it with Bitcoin!,HistoryLessonforBitc,Bitcoin,2,2,0,2014-01,2014-01-27 18:15:47,He knowingly violated AML laws. What is the argument against prosecuting a guy running a financial service who facilitated money laundering?
1,"Yeah you're right, it's only considered a payment if you buy drugs with BTC",toddgak,Bitcoin,1,1,0,2014-02,2014-02-04 04:45:15,"This brings a post that I made in 2012 back into attention. A Bitcoin payment is not a legally binding contract. If your carpenter decides to take payment in Bitcoin, and you pay him, you still did not legally ""pay him"". He can say right after ""Where is my payment? You only gave me this useless BTC"". The problem is that Bitcoin cannot be recognized as having a value in court, it is worthless in the eyes of a judge. When you pay in cash yo get a recept or he would at least acknowledged that he received the payment. With Bitcoin you have . . . The Blockchain? Good luck getting a judge to look at that."
1,"What horrible waste, he could have donated it to a homeless person",popeyepaul,Bitcoin,-4,-4,0,2014-02,2014-02-06 21:43:49,"In light of Apple's decision to remove ALL bitcoin apps, please take a moment to enjoy this."
1,THIS IS GOOD NEWS!,slapded,Bitcoin,1,1,0,2014-02,2014-02-18 17:11:50,"Fuck You Karpeles, still blaming Bitcoin and not his company's incompetence! Seriously, what a fucking ass hat! As I'm sure most of you know in that WSJ interview today, he still blames Bitcoin. He's the dumb fuck who allowed policies which permitted the processing of forged BTC Withdrawal requests! To top it off, he KNEW he was doing this! I really despise these type of people."
1,Isn't that Freicoin?,kinghajj,Bitcoin,1,1,0,2013-11,2013-11-12 02:29:11,Isn't that the coin created to placate the banksters/fraudsters? Making them feel secure that there is a centrally controlled currency that can be controlled ie: manipulated.
0,How did you withdraw BTC?,RenegadeMinds,Bitcoin,2,2,0,2013-10,2013-10-24 15:10:29,We have
0,They claim it is their jurisdiction because someone is using dollars to purchase the coins.,TheSelfGoverned,Bitcoin,1,1,0,2013-06,2013-06-18 20:20:19,Isn't the point of bitcoins to not have regulations by those kind of agencies?
0,"Yeah, the Ripple thing is the only thing that really bothers me about that theory, everything else seems to fit quite well.",btchombre,Bitcoin,1,1,0,2013-12,2013-12-02 23:19:46,"Interesting - met Jed once; connection never occurred to me. Creating Mt Gox is the logical next step after bitcoin, but then Ripple? Not as sure about that."
0,Yeah but you know how it goes; there are plenty of dodge people willing to steal if the opportunity presented itself.,fluffyponyza,Bitcoin,1,1,0,2013-04,2013-04-11 11:31:41,"I saw this too... I don't think anyone could bring themselves to even try these emails.... If it were true that these were legit, than bitcoins name would be forever tarnished..... Luckily they're fake."
0,My bank account shows a tangible balance when I check it online.,zeusa1mighty,Bitcoin,1,1,0,2013-09,2013-09-24 19:26:44,"The ""Tangible"" category is an invention. There is no reason why a currency *has* to be ""tangible"", it's just that *in the past* intangibility has implied that the *finite* nature of the currency can be tampered with. So, tangibility is only valuable to the extent that it insures that the supply of the currency remains definite. The nature of the Bitcoin network makes tangibility a negligible and even costly alternative."
1,Wow...what a criminal.,TheSelfGoverned,Bitcoin,8,8,0,2013-10,2013-10-02 19:38:02,"Rene: ""And in 20 years?"" Ross: ""I want to have had a substantially positive impact on the future of humanity by that time"""
1,"DARPA, man....*DARPA*.",TheSelfGoverned,Bitcoin,1,1,0,2012-12,2012-12-10 00:34:13,Says the guy who doesn't know the history of the internet because he was ~~educated~~ brainwashed by government schools.
1,"Wow, so insightful.",PotatoBadger,Bitcoin,4,4,0,2013-10,2013-10-21 08:36:19,Value of bitcoin should increase faster than it has historically Why? Because the amount of people who get interested in bitcoin and start using bitcoin will increase exponentially. Confidence will breed confidence
1,Politicians are too honest to do such a thing.,PotatoBadger,Bitcoin,3,3,0,2013-08,2013-08-27 20:06:14,What to tell congressmen to do... - Buy a bunch of BTC - Make very Bitcoin friendly laws - Profit Is it really that simple?
1,Real professional looking business you've got going there.,Dolewhip,Bitcoin,-8,-8,0,2013-07,2013-07-13 16:22:58,How I do my little bit for Bitcoin
0,"Well, more like 2ch lol.",kurage,Bitcoin,2,2,0,2013-04,2013-04-16 01:49:34,Lol and reddit I'm sure he's reading this stuff. There wouldn't be any reason not to
1,Censorship is at the core of being a true Libertarian.,JustinKSU,Bitcoin,3,3,0,2013-03,2013-03-11 03:43:28,"This my main problem with him. He deleted my comments on his videos. He's not interested in a debate on the merits of bitcoin, he's simply creating lots of anti-bitcoin propaganda. It's probably to get attention, so he can sell more of his Silver Bullet Silver Shield medallions."
0,"Yeah, you can consider them novelty items.",Natanael_L,Bitcoin,2,2,0,2013-06,2013-06-08 18:48:50,"ok, that makes sense. but what's the point of sending people these mini amounts if they are never able to send them further, hmmm..."
1,I've never bought smokes with a credit card from a gas station.,flamingboard,Bitcoin,2,2,0,2013-11,2013-11-28 16:16:39,"Apparently ""tobacco products"" are against PayPal's terms, and unfortunately eLiquid has been lumped into that category. We also had a very hard time finding a credit card processor for this reason. No more 404, and you're right, the image is a tad big. We'll get that taken care of. Thanks!"
0,"But if the panic sellers manage to buy back in lower, and the long term price goes even higher than when they bought in the first time, it's more profitable than if they had held the whole time.",veltrop,Bitcoin,2,2,0,2013-12,2013-12-07 00:35:13,"Dont worry. Last time the value shot up like this, people bought right at the peak ($266) before it crashed down all the way to $50. A lot of people panicked and sold between $200 and $50 to ""cut their losses."" You don't lose anything unless you sell."
0,Only on the markets everyone else can spam the blockchain all they want.,Forlarren,Bitcoin,2,2,0,2013-04,2013-04-11 03:38:49,Oh that will be rich. An infinity divisiable currency with minimums....
1,"I agree, 3-day low is terrible.",vbenes,Bitcoin,7,7,0,2013-12,2013-12-15 06:50:07,Bad news about bitcoin is ignored here.
1,"Yes, we know that once the price of any asset goes down, it continues to until it is completely worthless.",TheSelfGoverned,Bitcoin,1,1,0,2013-12,2013-12-17 09:59:38,Well after today's big drop. I doubt that banks and big money investors would like to invest in bitcoins. We had a test to keep the price high. We failed.
0,"People overstate the dark side of Bitcoin (used to buy drugs) without ever discussing the really dark side of Bitcoin... Bitcoin makes it far easier to channel money to *anyone*, including politicians.... When politicians (either legitimately or questionably) become vested in Bitcoin themselves, and once the rich become vested in Bitcoin themselves, it will become very hard to pass laws against Bitcoin.",alanX,Bitcoin,2,2,0,2013-04,2013-04-16 12:28:21,"Yes, we need to use bitcoins to bribe and influence politicians :)"
0,Subscribe via Google wallet.. Why not BitCoin payment?,opticbit,Bitcoin,1,1,0,2013-06,2013-06-05 08:03:42,Bitcoin Alert - new Android app with push notifications
0,I don't think you quite understand how this works...,sedaak,Bitcoin,11,11,0,2012-07,2012-07-31 15:26:28,"If there is anything the USA needs, it's more guns."
1,"Yeah, who needs roads..?",durand101,Bitcoin,2,2,0,2013-12,2013-12-27 18:33:07,Bitcoin will end the disease of taxation and theft by governments. Bitcoin will slowly over time deny these thieves of the only thing they want - your money. As soon as humanity wake up to the idea that we don't need bankers or governments in our life the better we will all be. Wake up humans - the solution is Bitcoin.
1,Sounds like the best of both worlds.,nostdal_org,Bitcoin,1,1,0,2013-07,2013-07-09 04:04:10,Luke Jr. is a fundamentalist Christian with a hardon for government.
1,"but wait lol we don't need corporate money, everything is fine without it!",JustSomeBadAdvice,Bitcoin,1,1,0,2013-05,2013-05-20 20:18:25,"for me, it's people like Jon Matonis and Nick Colas who make perhaps the best bitcoin advocates. they steadily introduce it to the world of corporate money, and that's the hardest part."
1,"If there's one thing I learned from Hollywood, is that hackers don't have that impeccable amount of grammar.",TheJanks,Bitcoin,6,6,0,2013-04,2013-04-10 20:34:33,"------------------------ OPERATION APRIL FOOLSCOIN ------------------------ Targets: MtGox, BTCE, Bitcoin24, Bitstamp Mission statement: The recent sell-off was only partially successful for several reasons: - Fresh blood looking to buy - Overly bullish market - Only one exchange targeted April 1st occurs at the end of a bank holiday, fiat will be running low on the exchanges and it is the perfect time for a secondary strike. A triple bluff will be used to trick the market into collapse. - Stage 1: Slowly buy BTC, use accounts to spread bullish propaganda on all major channels; bitcointalk, reddit, twitter, etc. - Stage 2: Dump 10k on Gox, and 1K on all other exchanges. - Stage 3: Put buy orders in below the final sale price to profit from the panic sellers. - Stage 4: When price rebounds to within 5% of the original price dump all remaining coins. - Stage 5: DDoS all exchanges and spread negative propaganda on forums. - Stage 6: Send the pre-made press releases to selected news outlets. We got it this time. Meet on IRC at the designated time and be prepared for a late night."
1,the market is,shitakefunshrooms,Bitcoin,0,0,0,2013-11,2013-11-20 18:25:55,Who's going to serve my tea and crumpets?!
1,"I'm going to be selling about 50,000 BTC tomorrow, so if you want to make some quick cash, I'd sell now.",abdada,Bitcoin,2,2,0,2013-11,2013-11-21 20:29:43,Too much stability. I can't handle it anymore! Which way will it go? Up or down?
0,bubbly.,lifeboatz,Bitcoin,2,2,0,2013-12,2013-12-16 17:06:59,what is the long term trend?
0,This concept takes the constant nickle and dimeing of large companies to new levels.,imjgaltstill,Bitcoin,1,1,0,2013-08,2013-08-14 22:11:50,Micropayments now ready to slash price of online news
1,maybe it comes IKEA style w/ some assembly required ;),chairoverflow,Bitcoin,2,2,0,2013-12,2013-12-06 08:58:22,"""Builds""? They bought it from Lamassu..."
0,dreams and hopes.,ellis1884uk,Bitcoin,2,2,0,2013-12,2013-12-13 17:22:12,What is this based off of?
1,"Because muslims are terrorists, amirite?",pardax,Bitcoin,4,4,0,2013-12,2013-12-14 04:35:41,"""Bitcoin used to fund Hamas bombing killing 38 civillians."""
1,"Yup, that's the best way to distinguish scam mail for every service - look at the buttons.",jdargiel,Bitcoin,1,1,0,2013-12,2013-12-25 20:12:14,You can definitely tell by the blue buttons/links. Those do not look like Google buttons.
0,"Sure, if one dishonestly appropriates property belonging to another with the intention of permanently depriving the other of it.",M2Ys4U,Bitcoin,1,1,0,2012-08,2012-08-05 04:01:37,"So can intangible property be stolen? If it can, then what do you point at when asked by the police what is missing?"
0,What does that have anything to do with an app on Apple devices?,UltraSPARC,Bitcoin,1,1,0,2013-04,2013-04-27 01:56:11,Then apple can at any point of time spend your bitcoins and you have no recourse.
1,FAP FAP FAP FAP,cqm,Bitcoin,2,2,0,2013-08,2013-08-08 22:50:02,One of the top posts on reddit right now! LET PEOPLE KNOW about bitcoin!
1,"Yeah but think of the *hassle* - It's just a lot easier to not do it, ya know?",ANTI-PUGSLY,Bitcoin,4,4,0,2013-05,2013-05-02 02:50:36,I don't think he needs to set up a new account specifically for ACH. He could simply mail people a check for the balance owed.
1,Oh yeah I'm sure,noflag,Bitcoin,1,1,0,2013-01,2013-01-23 18:50:01,Can the deposited credits be withdrawn to bitcoins again?
1,Now you just scared my parents into thinking I am in a pyramid scheme.,XxionxX,Bitcoin,3,3,0,2012-09,2012-09-03 05:22:29,Tell them it's digital Gold.
1,Lithuania...sounds awesome,usrn,Bitcoin,1,1,0,2013-11,2013-11-17 17:33:19,BTCINVE.COM btc investment exchange
1,"""Bitcoin needs to give up...and focus..."" Come on people FOCUS!",barfor,Bitcoin,1,1,0,2013-11,2013-11-21 19:22:39,"How Bitcoin Can Mainstream, in One Easy Step -- Daily Intelligencer"
0,Same :|,PotatoBadger,Bitcoin,4,4,0,2013-08,2013-08-23 04:18:20,I've just been sitting in new reporting all of those darn .io's that keep popping up with random titles.
0,The language barrier.,TheSelfGoverned,Bitcoin,1,1,0,2013-10,2013-10-14 09:26:07,"Bitcoin reaches new highs for the month It's really interesting to see Bitcoin reach new heights even when there are so many pressures at work against it, ie SR being shut down, Dropbox denying, that Chase thing, and a few others. I'm putting this increase on China. I'm wondering what took them so long to get in the game."
0,Exactly.,throwaway-o,Bitcoin,2,2,0,2013-10,2013-10-15 19:45:11,"Hahaha. . It sounds like, ""So we can't have them? Well, we actually didn't want them in the first place."""
0,"Yes, yes, yes, yes, yes, yes.",Bipolarruledout,Bitcoin,1,1,0,2013-11,2013-11-29 04:33:30,So is anybody interested in building an alternative site to ebay that accepts bitcoins?
1,Do you know if they are going to accept Litecoin?,iflyplanes,Bitcoin,3,3,0,2013-11,2013-11-29 08:13:55,China Telecom Accepts Bitcoin.
0,Nobody likes blue balls!,barfor,Bitcoin,1,1,0,2013-12,2013-12-06 21:10:03,LOL Now that is funny. I can imagine them all bouncing around on there blue exercise balls listening the this.
0,"going forward, i have no money for christmas presents.. Thanks CAVirtex.",MumblesInTheCorner,Bitcoin,10,10,0,2013-12,2013-12-02 11:10:27,Going forward it's another reason to not entrust your balance to someone else's wallet.
1,Morgan Freeman - I prefer to be educated by him.,usrn,Bitcoin,1,1,0,2013-12,2013-12-02 19:06:20,Which celebrity would you most want to hear explaining Bitcoin to a layperson? My vote would definitely be Christopher Walken. I wish something like this existed!
1,- Donating - Buying things with it - Savings fund - Gambling - Settling money matters with family and friends Ignorant and short sighted people like you makes this world a better place.,usrn,Bitcoin,1,1,0,2013-10,2013-10-15 16:26:22,What do you guys actually do with your buttcoin? Besides Sheep and BMR. I don't know anyone who buys anything but drugs with this shit.
0,Do people really fall for this shit,inariko,Bitcoin,1,1,0,2013-12,2013-12-09 03:47:29,now i own 0.9999 bitcoin .free 0.5 for all what vote up for me
0,Very smart.,davosBTC,Bitcoin,10,10,0,2013-04,2013-04-25 17:46:27,"BFL shipped a Jalepeno to Wired Magazine, evidently"
0,You are correct.,jdkeith,Bitcoin,2,2,0,2013-08,2013-08-16 01:43:22,"methinks ""Land Value Tax"""
1,could you send me .01 bitcoin?,paxton125,Bitcoin,2,2,0,2013-09,2013-09-29 22:34:58,"A test of Brainwallet passphrases. This was not an exhaustive test, just a little impromptu experiment. The idea was to see what works and what doesn't. Specifically the idea was to make the minimum, or below minimum passphrase and see how quickly it gets snatched. First off the addresses that were swiped were swiped between 4 and 33 seconds after sending bitcoin to them. So it doesn't take long. The ones that didn't get snatched, well, they lasted a week or so before I was satisfied and I moved the bitcoin back to my own, secure wallet. Here's the list: perfume invisible --- taken within seconds. bugjest --- also taken within seconds threaded claRity --- never taken \*\*\*!!!\*\*\* --- also quickly swiped it was the best of times --- gone in 4 seconds completionacknowledged --- gone in 30 seconds shuffles39 --- never taken bg98R3wS --- never taken And last but not least: You stay classy San Diego --- never taken I actually thought the last one would get stolen, but apparently there aren't any big Anchorman fans among bitcoin thieves. The one thing this points out to me is how strong a few numbers or random capitalizations make a passphrase. Had I done ""it was the bEst of times"" the bitcoin would probably still be there. FYI the amount I sent to each address was only about 0.01 in case you're wondering."
0,If that's an email you can copy and paste the address but I agree a qrcode is probably better.,donotwastetime,Bitcoin,1,1,0,2013-07,2013-07-13 20:07:24,How I do my little bit for Bitcoin
1,"Well, BFL said they are shipping last month, so you probably have another 10 months...",DirtyPolecat,Bitcoin,3,3,0,2013-05,2013-05-01 11:12:00,I've been wondering that. i stopped mining back in november because ASICs were coming out... well its april now.
1,"Well, like a bitcoin, sometimes there is only one side to the story.",sunthas,Bitcoin,1,1,0,2013-05,2013-05-01 22:23:00,So tech writer Patrick O'Rourke who wrote a hit piece on the dangers of bitcoin mining isn't concerned with balanced journalism.
1,Thank you for clearing that up for me,Zarutian,Bitcoin,1,1,0,2013-01,2013-01-16 14:19:16,the user resides on candyland and the server resides in mordor
0,[citation needed],Fjordo,Bitcoin,0,0,0,2012-11,2012-11-22 21:58:49,"Not even then. You're just adding a bit of multiplexing by direction by doing that, and it's not going to gain you *that* much."
0,I personally loved the haz-mat gloves when handling an 8th of cannabis.,TheSelfGoverned,Bitcoin,8,8,0,2013-10,2013-10-03 04:06:44,"This is beautiful, Just BEAUTIFUL!"
0,"When it levels off it might be at a far higher price than $200, in fact there some speculation that it'll reach $10K (with BTC taking a very large chunk of international digital transactions).",ihsw,Bitcoin,4,4,0,2013-04,2013-04-09 18:09:33,"Well, I hope soon is a year off."
0,Those words don't make sense.,ares_god_not_sign,Bitcoin,-1,-1,0,2013-04,2013-04-10 16:52:50,"Eat fuck, shitwizard"
1,Because Linux doesn't exist.,Natanael_L,Bitcoin,1,1,0,2013-12,2013-12-05 12:14:57,I almost want to buy a mac. HAHAHA
0,Stop spamming!,Murica-WeThePeople,Bitcoin,3,3,0,2013-12,2013-12-12 20:43:16,"FREE BITCOINS EVERY HOUR, WORKS FOR ME"
0,Fucking trolls are out today.,watch4synchronicity,Bitcoin,-2,-2,0,2013-04,2013-04-10 22:05:42,Burst! below 150 again this; time looks like we're going below 100
0,I did both :),XxionxX,Bitcoin,1,1,0,2013-02,2013-02-15 03:25:51,It always happen like that!
0,I love my new currency.,awetard,Bitcoin,2,2,0,2013-09,2013-09-12 03:09:38,So what you're saying is... bitcoin user not affected.
1,That is absolutely unbelievable.,poolbath1,Bitcoin,5,5,0,2013-09,2013-09-26 19:14:12,"Atlantis bitcoin marketplace was a scam, according to employee"
1,"Yeah she's a conspiracy nut because the Jesuits and the church have never done anything evil, and/or don't have any influence in the world anyway.",throwaway-so3,Bitcoin,1,1,0,2013-10,2013-10-21 16:02:32,She also thinks the banking system is a conspiracy orchestrated by Jesuits and the catholic church. Maybe Bitcoin don't need endorsement from her...
1,Burn the place to the ground.,staiano,Bitcoin,1,1,0,2013-07,2013-07-09 03:05:50,"Sold 3 bitcoins on friday, got this lovely letter from my bank today"
1,"Awesome, I'm sure US government intervention in the Bitcoin economy will turn out well for a healthy alternative to traditional banks.",qemqemqem,Bitcoin,3,3,0,2013-07,2013-07-23 22:16:50,SEC Charges Texas Man With Running Bitcoin-Denominated Ponzi Scheme (Pirate)
1,"If we don't acknowledge btc's problems, then they don't exist!",jonscotch,Bitcoin,5,5,0,2013-05,2013-05-04 18:47:33,"If that's what's happening, then why not?"
0,"going by experience, absolutely every time multibit is closed improperly it corrupts the wallets",DaSpawn,Bitcoin,1,1,0,2013-09,2013-09-27 16:30:07,Is it actually known that MultiBit regularly corrupts wallet files? Got any links for that?
1,"With a name like ""Coeptis"" it's going to be a HUGE success!",stormsbrewing,Bitcoin,2,2,0,2013-11,2013-11-28 15:39:37,E-gold founder backs new Bitcoin rival
0,I am assuming USD?,TheSelfGoverned,Bitcoin,5,5,0,2013-12,2013-12-09 23:47:00,yea 10k
1,Generalising always helps when talking about an individual case,daywalkerRED,Bitcoin,1,1,0,2013-12,2013-12-08 03:25:57,at 80 he must be really in tune with technology... just like everyone else in their 80s...
1,"Ah yes, all of those people who use ripple on a regular basis.",TheSelfGoverned,Bitcoin,4,4,0,2013-12,2013-12-14 06:06:22,"You do understand that banking, retailing, and 99 percent of consumers don't give a rat's ass that it's centralized, right?"
0,I thought we are past the denial stage..,Final_J,Bitcoin,2,2,0,2013-12,2013-12-18 09:04:00,What if the real purpose behind all these regulations from China is that the Chinese government itself could then buy in bitcoins at low price? Just a (probably stupid) thought. What do you guys think? Is this even a posibility?
1,"This obviously means that I should buy from BFL, as everyone is trying to keep their products to themselves!",tzimisce,Bitcoin,1,1,0,2013-10,2013-10-07 04:05:13,"PSA: Don't buy anything from Butterflylabs As obvious as this sounds to most of you that have been around the BTC space, there are many new people that are completely unaware. I just had someone ask me what GPU setup they should make, and after i explained that wasn't a good choice they asked what was the best option at BFL. So if you're unaware the answer is nothing - that's the best option you have for Butterflylabs. Ask the people that have been around the space for awhile, and they tell you."
1,God bless 'murica,mementori,Bitcoin,2,2,0,2013-07,2013-07-31 13:08:30,Because the government doesn't love you.
1,Dirty pirate stealing IP.,flamingboard,Bitcoin,3,3,0,2013-05,2013-05-14 04:27:44,See my reply to this thread. Hope that helps.
1,Nice referral link.,randombtc-er,Bitcoin,2,2,0,2013-06,2013-06-27 01:04:35,"I'm sure some of you already know about this, but for those of you who don't, BitcoinGet is a way for people with out money or processing power to get their hands on some Bitcoins."
1,That's great for Bitcoin PR...,pat_o,Bitcoin,-6,-6,0,2013-03,2013-03-06 18:40:46,Gavin: Only invest time/money into Bitcoin you can afford to lose.
1,This is what happens when you trust your currency to a bunch of amateurs.,supernatendo,Bitcoin,7,7,0,2013-04,2013-04-15 21:00:28,MtGox could be worse... Website of $147b. Bank Offline for Not Renewing Domain Registration
1,"Nah man, there's no written contract so he's in the clear.",joysticktime,Bitcoin,10,10,0,2013-11,2013-11-24 00:04:34,If you haven't already check with a lawyer about what you owe your sister. And be honest with him or her about the situation. You made several conflicting statements that lead me to believe you're not entirely aware of your legal obligations to your sister. Perhaps I'm wrong and you've already consulted competent counsel but you don't want to create a bigger rift between the two of you when she gets older and realizes that you possibly had a legal obligation to her.
0,Horrible idea.,TheSelfGoverned,Bitcoin,7,7,0,2013-08,2013-08-20 22:23:48,"Horrible/Great idea - Lobby congress to favor Bitcoin, by paying them with Bitcoin.. As much as I despise lobbying, this has got to be THE best way to assure Bitcoins future. Greed can always be trusted."
0,"**Looks just like malware**, somebody has been posting fake versions of this project over and over on sourceforge, only uploading the executable.",Natanael_L,Bitcoin,1,1,0,2013-07,2013-07-11 23:43:13,"Open Source Advanced BTC trader (Mtgox and BTC-e supported, other cryptocoins are supported also)"
0,"Can't think of one off the top of my head, sorry.",Krackor,Bitcoin,-2,-2,0,2013-06,2013-06-06 21:10:57,Interesting. Can you give a non-specific example?
0,Yup.,riplin,Bitcoin,2,2,0,2013-03,2013-03-28 20:54:18,"I somewhat follow this now, thank you. Is the red line how many need to be bought to take it to X price than?"
0,how has FTC treated you if you don't mind disclosing that publicly?,frankenmint,Bitcoin,1,1,0,2013-12,2013-12-09 08:28:32,"15 here. Currently holding 1 BTC in BTC and alternate currencies, mostly FTC. I have my account available for my boss and other employees to sell BTC to customers at our game store. Sold 0.2 BTC for some USD to pay off some equipment costs today. So... you're wrong."
1,Glad to see government businesses running well.,walden42,Bitcoin,0,0,0,2013-12,2013-12-11 16:34:50,"Lots of states have laws that alcohol can only be sold in state liquor stores. I can buy beer and wine in a cvs, but the selection is crap unless I love Busch Lite. Otherwise I have to go to a state licensed store, which are generally mom and pop places."
1,I forgot the,granatheus,Bitcoin,2,2,0,2013-12,2013-12-22 22:00:51,3: off-exchange sale to a new major player.
1,"Wow, that's truly shocking!",tikoop,Bitcoin,0,0,0,2013-12,2013-12-23 21:02:22,Banks mostly avoid providing bitcoin services
1,It'll be out as soon as the price stabilizes.,16rjg4,Bitcoin,16,16,0,2013-10,2013-10-28 20:52:05,"Whats going on with the ""Rise of Bitcoin"" documentary? Wasn't it supposed to be done in September?"
1,All those 4 people who heard the announcement?,VirtualMoneyLover,Bitcoin,0,0,0,2013-05,2013-05-05 11:50:25,"He announced it first, everyone had a fair chance to mine too."
1,So you are telling us to buy our gold from the BitcoinStore...,XxionxX,Bitcoin,2,2,0,2013-03,2013-03-23 00:37:37,"Announcing my resignation from Coinabul - Jon Holmquist Hello, I've officially resigned from my position at Coinabul. I put in my two weeks notice about two weeks ago on Wednesday March 6th. I've thought long and hard about my decision and I decided that my time was better served helping other Bitcoin companies. I was recently brought onto the team for [BitcoinStore](http://bitcoinstore.com) and will continue spending more of my time working on that project. I'd like to thank all the customers I had the pleasure of meeting and talking with! You guys rock, seriously. All the troubles and delays Coinabul went through and yet most of you were patient and kind. As for the recent kerfuffle, I guess that is partly why I am leaving Coinabul. Jay has now resolved both issues that gained notoriety on the forums and this subreddit, but I felt pretty much helpless to solve the issues because ""Jay's in charge"". We've recently been disagreeing on which directions to head and well, I now know which way I'm heading. This does not imply that the direction he wants to take Coinabul is not a valid one. This is not me saying that the company is bad, it isn't. I'm still amazed at how quickly we amassed orders and how much we've grown in less than two years. It was great working with you guys to build a new site and company and hopefully you'll continue to support me on my new venture with Roger Ver at BitcoinStore! Thank you, Jon Holmquist"
1,"Right, because the establishment hasn't been pushing austerity for four years, which means that Krugman's anti-austerity writings are right in line with policymakers worldwide, especially in Europe!",Spherius,Bitcoin,0,0,0,2013-05,2013-05-22 15:32:04,"Hahahaha, okay pal, sure. Sure."
1,Contact Bruce Wagner,dylan78,Bitcoin,2,2,0,2013-01,2013-01-28 18:47:43,Having a live debate on my YouTube channel on Thursday on whether or not we can use digital technology to govern ourselves I think it would be really great to have some bitcoin evangelist on to describe how a distributed p2p currency like Bitcoin might work? I can't actually find someone who could play that role... am I missing something?
1,you dropped this:,salikabbasi,Bitcoin,5,5,0,2012-11,2012-11-30 14:30:34,"No, you shouldn't use Bitcoin, you should be constrained by the sanctions imposed on you by other states while also enjoying the limits on your freedoms imposed by your own state. That's what you deserve anyway. Meanwhile, anyone advocating Bitcoin to you is also a criminal."
1,"I mean, it's so complex...",tehsusenoh,Bitcoin,4,4,0,2013-11,2013-11-25 20:12:25,"Actually, I think it consists mostly pedophiles, terrorists, drug dealers, money launderers, some users maybe mixtures of the above."
0,"Well it's the plummet plus the narrow order depth graph next to it that makes it notable, I believe.",MisterNetHead,Bitcoin,1,1,0,2013-12,2013-12-01 07:28:31,If you create graphs that badly with y axises always adjusted to the maximum move then every up and down is going to look like a moonshot or a stone drop. Its 10% . Nothing drastic as always.
0,"The problem there is the USD, not the BTC.",Krackor,Bitcoin,2,2,0,2013-12,2013-12-18 19:55:01,Now try converting USD to BTC or BTC to USD and tell me it's easy.
0,"Go away, troll.",republitard,Bitcoin,0,0,0,2013-12,2013-12-17 06:17:17,"You mean you're tired of trying to mislead people into thinking that its not safe to do a transaction in a bank, when in reality it is completely safe and legal? Maybe you're the one trying to rob people in some random location?"
1,There has to be a 90% crash sometime soon...,Natanael_L,Bitcoin,2,2,0,2013-11,2013-11-30 21:04:07,I found another graph of tulip mania. It may be time to take your winnings and sell.
0,Obvious Ponzi scheme is obvious.,kleer001,Bitcoin,2,2,0,2013-12,2013-12-07 17:19:47,The Bitcoin Gem revival!
0,This is exactly the kind of thing that bitcoin needs more of!,minorman,Bitcoin,1,1,0,2013-04,2013-04-03 21:41:03,How the Internet Archive is having Great Time with Bitcoin | Internet Archive Blogs
0,solid small confident steps,osirisx11,Bitcoin,1,1,0,2013-05,2013-05-03 05:56:47,A solid business plan! So long as you take small confident steps I'm sure you'll have a tonne of customers flocking.
0,"Ding ding, correct.",Thorbinator,Bitcoin,3,3,0,2012-07,2012-07-06 19:21:05,"they take 0.4 percent of the trade from whoever fills the order, and they give 0.1 percent per trade to the order creator (bonus for adding liquidity to the market). this gives them a net rake 0.3 percent =)"
1,yeah nail on the head there...,derpex,Bitcoin,0,0,0,2013-12,2013-12-29 21:33:12,also known as the very purpose of government in general
1,"Ya, almost as disgusting as those people who went in and bought up bitcoins with the intention of selling them later at a higher price ... just squatting on those coins!",sgornick,Bitcoin,1,1,0,2013-09,2013-09-12 23:51:58,Bloody squatters
0,"In the US, you need to be a utility to sell electricity to people...",Spherius,Bitcoin,1,1,0,2013-10,2013-10-09 14:09:15,Which you could resell directly and make more than in mbtc
0,Why don't you get a clue?,Todamont,Bitcoin,-1,-1,0,2013-07,2013-07-26 04:54:17,Why don't you explain.
1,'cause mtgox is keeping everyone's money just to fuck with them..,gsgf523532423,Bitcoin,0,0,0,2013-07,2013-07-18 12:44:52,If MtGox's FB page becomes a wall of shame (it is already on the righteous path) then the market share will drop even more. If they have any hopes of staying in business then this pressure will hopefully force them to service their customers at at the most basic level: letting them regain control of their funds after they've repeatedly failed to deliver (withdrawals not executed).
0,Sorry.. just to clarify; you're going to keep cash in a vault on your premesis equal to 100% of customer fiat deposits?,gsgf523532423,Bitcoin,2,2,0,2013-07,2013-07-19 12:53:52,We will be holding all of our own cash reserves (for what we keep in cash) and the funds held in Bitcoin will be held by us on our own systems and offline storage methods. No reserves are being held by any other third party.
1,Bitinstant fucks up in customer service shocker!,kingofglasgow,Bitcoin,7,7,0,2013-06,2013-06-11 18:00:34,"I understand that it was just launched today and there will be a few kinks and bugs in the process. However, when you have a whole sizable portion of the website which is not functioning and is probably one of the biggest uses of the site, then maybe it is a sign that it was not time just yet to release the product to the customer."
1,"These IOU's are just as good as cash, trust me",DaSpawn,Bitcoin,12,12,0,2013-03,2013-03-28 19:36:01,"Frozen would be a better term- until they decide how much to take. This particular bank is the worst hit by the bailout agreement, and up to 80% of deposits over 100k EUR will be converted to 'bank shares'- in a valueless bank."
1,"also note how effective their laws against piracy have been, or against drugs, prostitution, gambling, sodomy, the color blue...",Eric578,Bitcoin,3,3,0,2013-04,2013-04-14 16:09:16,"Movies are only numbers on your hard drive, and yet it's illegal to share them online. What's stopping them from declaring bitcoin illegal (and litecoins etc.)? If they stop business from accepting them, the would be no more bitcoin exchanges and no more bitcoins trades."
1,"Yes of course, because only a free market society would be susceptible to hacking and DDOS attacks.",Null_Reference_,Bitcoin,5,5,0,2013-04,2013-04-30 22:53:16,This is how you get things done in a free market society.
1,"i might invest at least a 0.01 btc into it, but it seems like a scam",KrLoSk8,Bitcoin,17,17,0,2013-11,2013-11-08 16:50:57,Have you guys heard of the dollar? I'm thinking about investing.
1,"Yeah, because no one outside the US, Canada or Japan (the only places that Square works) would ever want to use some sort of currency.",oiwot,Bitcoin,1,1,0,2013-11,2013-11-14 12:44:49,"The subset with lots of money. The best subset. You'll downvote, but it's fucking true."
1,Gee I hope so can't imagine what life would be like without checks!,youcangotohellgoto,Bitcoin,1,1,0,2013-11,2013-11-28 05:32:01,Are bitcoin checks and credit cards possible? Is it possible to make?
0,Now with 20% larger propellers!,TheSelfGoverned,Bitcoin,1,1,0,2013-12,2013-12-09 07:25:49,Beware of Propagrandpa!
0,Its human brains isn't it,BumWarrior69,Bitcoin,1,1,0,2013-10,2013-10-28 06:37:01,"If a GPU farmer is able to discover my grandmother's secret ingredients for gumbo, then I am more worried about him than anyone else. She doesn't take too kindly to a family member who knows the secrets..."
0,"in the timeline of a few days, that means nothing...",anthonymckay,Bitcoin,0,0,0,2013-11,2013-11-28 23:36:26,I would call it stable since nobody is panicking and it's still slowly going up.
0,Why not when you can just flip the junk on BTC-e :),gigitrix,Bitcoin,3,3,0,2013-12,2013-12-02 02:28:46,A few websites do accept it... as donations. ;-)
1,RIP Bitcoin.,AlberbaNews,Bitcoin,1,1,0,2013-12,2013-12-02 03:00:54,"Stop shouting ""The Bubble pops,OMG Crash etc."" This is not a trollbox. I am tired of the ""The Bubble finally popped"" ""It's a crash"" posts. We all know the price jumps around. The subreddit is not a trollbox."
0,I think you missed the 'fair and balanced' joke.,doctorrecommendedmus,Bitcoin,1,1,0,2013-12,2013-12-10 03:32:42,"No it wasn't on Fox News, it was on Fox Business. Which has like nowhere near the viewership."
0,I'm honored to give this comment its first upvote.,Sovereign_Curtis,Bitcoin,1,1,0,2013-12,2013-12-04 04:00:38,"""In those days, mBTCs had pictures of bumble bees on 'em. 'Give me 1000 embees for a BitCoin', you'd say."""
0,Dog hammock?,webwidejosh,Bitcoin,3,3,0,2013-12,2013-12-12 16:16:59,Still no sales w/Bitcoin. Suggestions? Cat hammock.
0,so did you sell?,munchee,Bitcoin,1,1,0,2013-03,2013-03-22 21:27:10,Should I pull my BTC out now? I know the price is going to go down and I have plenty of BTC in there. I'm also very new to bitcoin and investing. Any advice?
1,"I don't think you get it, if target accepted bitcoins, why would anybody use any other form of payment?",StaticPrevails,Bitcoin,5,5,0,2013-12,2013-12-21 00:57:50,If Target accepted Bitcoin then 40 million people would have still been swiped. A handful of bitcoiners would have been ok.
1,"Yeah, it really is horrible that people have to buy US Treasuries--the *single safest investment on the planet*--in order to escape inflation.",Spherius,Bitcoin,1,1,0,2013-12,2013-12-31 16:17:34,"Maybe, but then again people have become accustomed to the constant drag of inflation, forcing them into ever riskier assets."
0,maybe use a bitcoin escrow service?,Eric578,Bitcoin,2,2,0,2013-04,2013-04-02 16:19:35,"I want to buy coins for people who prefer not to use an exchange. What issues might I run into? Like the title asks, what issues would one run into if one were to accept cash money from someone to buy bitcoin on their behalf? Im thinking about accepting email money transfers, then transferring the cash into my exchange, buying BTC and sending the BTC to the 'customer' for a small fee. Aside from the issue of trust on behalf of the folks wishing to purchase BTC, what issues would someone need to overcome to be sucessful at being a BTC middleman? Thanks!"
1,"lol, yeah MtGox is singlehandedly going to cause the collapse of bitcoin",drcross,Bitcoin,1,1,0,2013-09,2013-09-24 13:31:57,I wouldn't. Gox is having problems so people want out. Bitstamp is the #1 market right now and just look at that buy support...and then compare it to the sell walls. People want out and no one wants to catch the falling knife and be a bitcoin bag holder.
1,Seems legit...,btchombre,Bitcoin,1,1,0,2013-05,2013-05-03 01:02:59,time to sell
1,Everyone of course because they're so scared of defying the all-powerful FinCEN.,mungojelly,Bitcoin,2,2,0,2013-06,2013-06-05 22:15:43,"""Even if a fix to the bitcoin protocol were devised to allow for reversible transactions, the loss of irrevocability could be fatal for bitcoin as it would result in increased transaction costs and slower remittances."" lolwut? Who exactly is going to apply this ""fix""?"
1,You're so funny!,Todamont,Bitcoin,0,0,0,2012-09,2012-09-05 13:02:54,thatsthejoke.jpeg
1,"lol sure, ignore a tax bill from the IRS, there's nothing else they can do since they can not take your bitcoins",DaSpawn,Bitcoin,2,2,0,2013-04,2013-04-13 17:08:27,"""How do we tax it?"" Ha."
1,I am sure the bank will refund all the fees generated (stolen) from their customers through no fault of their own,DaSpawn,Bitcoin,3,3,0,2012-06,2012-06-22 16:59:11,Faulty Patch Freezes Millions of UK Bank Accounts - Slashdot
1,seems legit,losermcfail,Bitcoin,0,0,0,2013-04,2013-04-02 02:54:40,Freebitcoins...
1,"Don't worry, if it's bad, you can just chargeback!",SprayingVomit,Bitcoin,1,1,0,2013-04,2013-04-11 20:55:50,Wanting to buy bitcoins. Cash!
1,"Well, your in-depth analysis sure has enlightened me.",db2,Bitcoin,1,1,0,2012-12,2012-12-11 04:10:39,wont work
1,Require all vendors in the world to enter the dollar bill's serial number into a website that says if the dollar should be considered real or not.,luffintlimme,Bitcoin,3,3,0,2013-11,2013-11-20 02:13:40,Someone needs to get Coin Validation on this stat! $8.5 Trillion unaccounted for at the Pentagon
0,LOL,TheSelfGoverned,Bitcoin,10,10,0,2013-05,2013-05-17 02:20:27,Obama will be impeached for telling homeland security to shutdown bitcoin
0,Thanks.,throwaway-o,Bitcoin,1,1,0,2012-12,2012-12-14 10:42:16,+tip 0.01 btc Mighty words.
0,This does not look in any way staged.,ebaley,Bitcoin,8,8,0,2013-11,2013-11-29 21:31:16,The general situation at home
0,"If you've ever handled a cat-5 cable, you've contributed to building internet infrastructure, and are therefore a money transmitter and a terrorist.",Krackor,Bitcoin,20,20,0,2013-06,2013-06-24 02:02:48,"If they do, will they now charge Twitter as a Money Transmitter... Or I know, lets charge the Internet as a money transmitter, if we can only find their correct address. Another reason to leave California."
0,Those forks...,theblazehen,Bitcoin,1,1,0,2013-05,2013-05-12 06:51:09,"Unfortunately no. It will be of no issue with lunar colonies, but Mars will probably have its own currency."
1,Yeah a $50 EeePc off eBay is way too much of an investment to protect $10000+ of bitcoins.,veroxii,Bitcoin,1,1,0,2013-12,2013-12-01 06:23:06,"In order to use Armory cold storage, you need a separate offline computer, ideally dedicated to Bitcoin transaction signing. Not everyone has that."
0,Yes.,PotatoBadger,Bitcoin,5,5,0,2013-10,2013-10-15 22:57:24,Are we still in early adopter-phase?
0,"yep we've been trapped repeatedly, for nearly million % ROI, by now....",avemo,Bitcoin,1,1,0,2013-12,2013-12-08 14:57:58,Tomorrow it will discover the bull trap.
1,You'd prefer not participating in the network you put money into... very smart,lizard450,Bitcoin,-11,-11,0,2013-12,2013-12-15 16:23:04,I would prefer not to download all 8 gigs (or whatever the number is now) of blockchain.
1,Of course not!,luffintlimme,Bitcoin,0,0,0,2014-01,2014-01-01 07:40:43,"Poll: Will the Bitcoin Price Hit $10,000 in 2014?"
1,Yea... normative gender roles ftw!,jedunnigan,Bitcoin,2,2,0,2013-10,2013-10-24 00:46:01,"I am pretty confident we are the new wealthy elite, gentlemen. It's just so hard to believe. We are only in the beginning storms with these significant rallies from $100 to $230 dollars. I will not be surprised to see prices from hundreds to thousands in the coming months. The world just isn't going to be the same and we have been blessed as the pioneers. What are you going to do with your Bitcoin wealth once your coins hit upwards of $10,000 a pop?"
1,"Yeah, Detroit is the center of our economy.",bacondev,Bitcoin,7,7,0,2013-07,2013-07-19 03:18:57,economic collapse of the nation?
1,It all adds up.,PotatoBadger,Bitcoin,1,1,0,2013-08,2013-08-16 19:44:25,I am Satoshi Nakamoto
1,"Oh yeah, threatening innocent people to make catching criminals more convenient is *totally* compatible with any theory of justice ever.",ELeeMacFall,Bitcoin,3,3,0,2013-05,2013-05-30 16:05:13,"Yes, if they can't pierce the corporate veil to get appropriate individual convictions, kill the company. That should provide appropriate incentive to those not responsible to assist law enforcement."
1,"In otherwords, I had btc before it was cool.",Grizmoblust,Bitcoin,1,1,0,2013-04,2013-04-10 15:14:48,"Bitcoin Is `Gold for Nerds,' Convergex's Colas Says: Video"
1,"Yes, because beanie babies and tulips can also be sent across the internet in seconds and are fungible and divisible into 100,000,000 units each.",digitalh3rmit,Bitcoin,2,2,0,2013-04,2013-04-15 17:51:53,There are a lot of parallels between Bitcoin and the beanie baby bubble in this old WSJ article.
1,I don't see how this relates to Bitcoin ...,RonaldMcPaul,Bitcoin,2,2,0,2012-09,2012-09-02 21:38:31,"Milton Friedman: ""I've always been in favor of abolishing the Federal Reserve and substituting a machine program that would keep the quantity of money going up at a steady rate."""
1,MtGox thanks for taking so long with my wire transfer,CleverBastard64,Bitcoin,1,1,0,2013-11,2013-11-19 01:21:19,"I predict that we hit $1000 before the night is out. We're making history, right here. Today!"
0,"Piper, trezor, Nio (although the degree of security in that one is unknown) and then there's just paper wallets.",Natanael_L,Bitcoin,1,1,0,2013-12,2013-12-07 14:10:02,Physical Bitcoin Wallets Is there such thing as a physical bitcoin wallet? I did a quick google but all I found were a few prototypes. Pros over phone - No worry about malware like you can have with phones (Think about the average consumer) - Cheap (Meaning if someone steals it not much of a problem as your phone) - Could easily be innovated for easy payments (think NFC over QR code) Cons Over phone - Less convieniant (An extra thing to carry) Feel free to add to these lists.
0,You could base it off of your estimated productivity or rent or food or a host of important assets.,TheSelfGoverned,Bitcoin,1,1,0,2013-04,2013-04-27 10:13:16,"Most money has a starting point. This is usually this is a precious metal, or some other commodity (having an inherent value). Inflation and deflation then depends on the amount of available commodity. Over time people get tired of lugging around, gold, sheep, bails of barley, etc. and decide that a representative system would be better suited to commerce. They sit down and agree that for the sake of simplicity, this card will represent 1, 5 oz., portion of gold. The card can be turned in at any time for that gold. These are Promissory notes, or a ""backed"" currency. In this case Gold. This was the case with the US dollar until Nixon. With the mechanisms of high finance, banking has moved to fiat money. This has no inherent value on its own. Money is now thought of commonly as a promissory note from the treasury, but is actually only backed by the citizens' confidence in that unit of money, much like the stock market. Bitcoin does not have this kind of lineage to trace value to. So my question still stands how do you base value for a service with a system whose value has no implied or inherent meaning or value? Absolute Fiat."
0,Count me in mate!,stuffthatmattered,Bitcoin,0,0,0,2013-02,2013-02-15 00:49:44,I pledged to buy 125 reddit gold months if Reddit decided to accept bitcoin as a mean of payment. Get your free reddit gold month here!
1,"People don't kill people, drugs do.",doctorrecommendedmus,Bitcoin,1,1,0,2013-12,2013-12-03 00:43:16,"Who are the ""crooks"" here? Are they the people who stole this enormous amount of money? Or are they the drug dealers who buy their stashes from Mexico, where gangs hire children to kill rivals in turf wars? People who support ""libertarian"" ideals and the ability to buy drugs over the Internet seem to forget where these drugs come from. Please forgive my lack of pity for anyone involved in this situation. On the bright side, it is likely that the value of bitcoins just increased by 1%. Either the thief is never going to spend his bitcoins, which means they are lost; or he will be killed, which means the private keys will be lost. Either way, we all just got richer."
1,HEY BRO I NEVER GOT A TIP BEFORE WANNA PUT THE WHOLE THING IN?,gonzobon,Bitcoin,1,1,0,2013-12,2013-12-03 17:23:44,"You have a large amount of bitcoins in your bitcointip account! Got that warning today, I apparently have over $50 in my account so they gave me this warning. I only ever deposited $10 in my account, and have given out more then $10 in tips I would imagine in the last month or so. Bitcoin, the gift that keeps on giving!"
0,"""I need more monopolies in my life.""",flamingboard,Bitcoin,5,5,0,2013-08,2013-08-01 02:10:11,"Coinbase has been very good for Bitcoin in general. One thing I wish is that they would just go the whole way, and replace Mt.Gox, Bitstamp, and also run the securities game. Also become the place for best charts. Might as well start selling ASIC's too. We need one big professional company, something strong enough to destroy Paypal/Ebay/The Federal Reserve/The average dumbass. Long live Bitcoin. Fuck politics, fuck Obummer, fuck America, give the world freedom and everything else will fall into it's place."
1,"Yeah, I'm going to believe the ramblings of someone who thinks that the ""c"" in Bitcoin is supposed to be capitalized.",c0ldfusi0nz,Bitcoin,1,1,0,2013-12,2013-12-04 02:14:37,"Why buying Bitcoin in 2013 is a no brainer, (at least 10x market cap growth unstoppable very soon)"
1,yeah but how do we *pronounce* them,cffff,Bitcoin,1,1,0,2013-12,2013-12-05 14:34:16,Why not just call them uBits and mBits
1,"Yea, lol",ARussian,Bitcoin,1,1,0,2013-12,2013-12-11 15:03:06,pirating lol
1,Thanks for the tip Mr Redditor for 30 minutes with no connection to OP.,murbul,Bitcoin,3,3,0,2013-12,2013-12-21 20:35:51,Nice! This is awesome I'm going to transfer some btc over now!
1,"Of course, I didn't think to do that.",doctorquien,Bitcoin,1,1,0,2013-12,2013-12-27 02:55:23,Its very easy to find out by googling.
1,"Yeah, because carrying around paper bills with the private key barcodes on them would be safe.",PotatoBadger,Bitcoin,0,0,0,2013-09,2013-09-06 15:35:04,"No, just add a barcode to the bills.. Just like paper wallets"
1,"Right, because most developed nations consider the US to be their political and economic enemy.",Vycid,Bitcoin,3,3,0,2013-09,2013-09-11 22:37:04,"If the US bans Bitcoin or heavily regulates it, it'll only make other nations jump on board faster."
0,Not a good idea.,jedunnigan,Bitcoin,1,1,0,2013-10,2013-10-12 01:32:19,What about all the non-US users?
1,Contact your bank to reverse the transaction.,yyhhggt,Bitcoin,7,7,0,2013-07,2013-07-05 18:12:31,"What happens if Bitcoins are lost? Let's say hypothetically some bitcoins are sent to the wrong address by way of a typo. Would those bitcoins ever be recoverable? What happens if, over the course of time, hundreds/thousands of people 'misplace' their bitcoins?"
0,Bitcoin dropped 3% in value in relation to February.,alkhdaniel,Bitcoin,1,1,0,2013-04,2013-04-09 18:58:57,Especially during a leap year.
1,Yeah but we need that money to pay off our limitless debt obligations...,asherp,Bitcoin,5,5,0,2013-08,2013-08-13 08:00:13,Fun fact: wife will fly from New York to Dusseldorf Germany. Price of plane ticket was $278. Airport taxes : $682. Ridiculous is not even a word to describe the situation.
1,Copyright infringement?,nickem,Bitcoin,1,1,0,2013-08,2013-08-21 14:48:29,The picture is gone? :(
1,Banks are free they never post a profit or absorb any money from their customers,KayRice,Bitcoin,-1,-1,0,2013-06,2013-06-15 01:31:45,Not only that if you are able to manage your money well there is no reason to pay any fees or interest using banks or credit cards in fact by using credit cards you earn free money via various rewards which over the course of a year add up. (tho never get a card with citi bank they are a terrible credit card company)
1,"Yeah, it's possible to spend bitcoins twice.",asdjfsjhfkdjs,Bitcoin,1,1,0,2013-03,2013-03-29 08:25:09,It can be counterfeited?
1,Next up: BitPay pays YOU to use their service.,Julian702,Bitcoin,2,2,0,2013-04,2013-04-17 01:59:16,BIPS Releases 0% Merchant Processing Solution
1,Or a clever ruse.,davosBTC,Bitcoin,2,2,0,2013-04,2013-04-28 13:56:05,AnonymousSpeech is an anonymous domain registration service that Satoshi used...
1,"You didn't hear, we're all criminals",Just2AddMy2Cents,Bitcoin,3,3,0,2013-11,2013-11-14 04:01:40,Is this going to become a thing? I like it but are there legality issues (Reddit Terms of Service / local jurisdiction law)?
0,"No problem, go to jail until you remember.",pardax,Bitcoin,1,1,0,2013-07,2013-07-09 02:38:27,I forgot my password sorry.
0,:(,UlyssesSKrunk,Bitcoin,0,0,0,2013-12,2013-12-01 06:13:20,"You said it, Gene."
0,You're a fucking idiot.,big-o-notation,Bitcoin,4,4,0,2013-03,2013-03-21 19:29:49,im all in fuck this - life savings in - 80k in - this better work out for me.
1,But it is different this time.,rydan,Bitcoin,2,2,0,2013-12,2013-12-13 04:55:49,Well at this point the market is in a bubble. It almost proves his point.
0,I think someone who's stupid and rich would.,TurdDiggler,Bitcoin,5,5,0,2013-12,2013-12-20 16:47:52,Who would be stupid enough to donate to somebody rich enough to throw money on a stupid billboard?
0,I'm grown!,lalicat,Bitcoin,1,1,0,2013-04,2013-04-27 01:04:26,fuck you i do what i want
1,Yeah but when bitcoin reaches $100000 per coin we'll have donated the most of all!,halfprice06,Bitcoin,2,2,0,2013-09,2013-09-17 05:52:08,"This is funny. I doubt anyone would spend bitcoins on dropbox storage. They only vote for it because they think that it would be cool. But only a minority - those with actual bitcoin income - are ready to spend them. In all actuality if dropbox decides to accept bitcoin only to realise no-one really pays with bitcoin, it could be a giant flop. Notice how the humble indie bundle accepts bitcoin, but bitcoin donations are the lowest of all. Average donation is around 5 dollars, but average bitcoin donation was almost less than 1 dollar average"
1,"I'm sure when they make these bankers pay for their ""crime"" no banker will do the same from now on.",usrn,Bitcoin,1,1,0,2013-10,2013-10-05 22:35:06,A familiar story line: Banks get accused of rigging rates. Again.
0,I'm a lot less valuable to them than my bitcoins are.,agentgreen420,Bitcoin,1,1,0,2013-04,2013-04-09 04:41:55,"They probably can't confiscate bitoin from you. They can, however, confiscate you."
1,To the moon!,kingofglasgow,Bitcoin,1,1,0,2013-07,2013-07-02 15:25:16,Here comes the media blitz! Should we circle jerk now or later?
1,"This will work, just like how it worked with Dropbox",imahotdoglol,Bitcoin,-1,-1,0,2013-07,2013-07-10 06:41:18,We need votes to get Sublime Text to accept Bitcoin
1,"Yes, because the Bitcoin 2013 conference in San Jose is a good reference for your average usage rates of a Bitcoin ATM.",PotatoBadger,Bitcoin,2,2,0,2013-08,2013-08-13 03:18:55,"Depends on how they set the commission. If they set it to 10%, then yes, they'll need to sell $50,000 worth of bitcoins to recoup the cost. For reference, the prototype exchanged over $20,000 into bitcoins at the Bitcoin 2013 conference in San Jose. Currency trades aren't like typical sales: people do hundreds of dollars at a time. It won't be that hard to hit $50k in exchanges. Could easily do it in less than a year at most venues. Less than a year to break even on a piece of specialty hardware is not bad at all."
1,According to Wikipedia.,johnetec,Bitcoin,1,1,0,2013-08,2013-08-20 01:56:19,"Gox still hosts about 75% of all BTC market exchangers, so not even all ""fanboys"" are talking."
1,"Yea, fuck roads/fire departments/public education!",Terny,Bitcoin,0,0,0,2013-05,2013-05-14 23:49:33,"I'm afraid I don't agree. While poor governance is a hindrance, good governance allows for a society to operate with consistent rules for everyone to play by. Just take a look at all the countries in the world that have weak governments, they are all dominated by criminal enterprises or international corporate interests. Effective government that is answerable to the people is the only hedge against these interests. The government shouldn't be for sale. If it is, the solution is to develop a better government, not fall back on some kind of anarchist fantasy. But by all means, move to Darfur and prove to us all how much better an anarchist state can be than a governed one."
1,"Yeah, but where the hell are you going to spend Yen...",Political_douche,Bitcoin,8,8,0,2013-05,2013-05-23 09:23:00,"woo that was my first tip, thanks man"
1,Good to hear they're finished mining!,larceniii,Bitcoin,44,44,0,2013-06,2013-06-19 21:55:38,Avalon claims to have started mass shipping via E-mail; Provide Pics
1,"Well, bitcoins will be worth $1000000 in a year so it's actually 800 dollars an hour.",alkhdaniel,Bitcoin,9,9,0,2013-04,2013-04-08 00:39:52,lol ok that makes sense why people are not doing this. 16 cents a hour isn't very good pay
1,LiteCoin will now make new wave of millionaires :O,goxnight,Bitcoin,1,1,0,2013-04,2013-04-12 21:24:24,Mt. Gox now has Litecoin tickers in their Websocket API
1,Because you stopped using PayPal.,awetard,Bitcoin,8,8,0,2013-02,2013-02-20 18:47:00,"What would be their reason? You can pay by cash, what's the difference?"
1,Yeah...this doesn't look like a scam,redforeva,Bitcoin,2,2,0,2013-11,2013-11-25 10:41:33,Invest in bitcoin (I had profit ;))
0,Game on.,EwoutDVP,Bitcoin,3,3,0,2013-11,2013-11-30 08:55:11,"Here's the thing. Bitcoin is money in the same way bank money is money. One is a public ledger kept by users of the bitcoin program, whereas the other is a system of interconnected, privately controlled ledgers. You have as much money as the ledger says, simply because the ledger says it. They want you to keep using their ledger because it's how they make their money (literally and figuratively). They are not going to allow you to take money from their ledger to start using a ledger that they do not control. Bitcoin is still small potatoes to the banks, and as soon as they decide to put a stop to it, they will. Th will make it so that the only way to buy bitcoin is cash. And that will keep it from growing any bigger. Just like they made it impossible to donate money to wikileaks, they'll make it impossible to buy bitcoin. Because it's THEIR money system. They decide who gets to have any."
0,"totally well, maybe not totally, i mean, i can't use it to pay debts legally (like buying a house), so there's that",Terrierpike,Bitcoin,1,1,0,2013-12,2013-12-04 13:43:11,Bitcoin is not a commodity. It's money.
0,I'm into Bitcoin because it is a radical technology with the capability to significantly alter the status quo.,digitalh3rmit,Bitcoin,3,3,0,2013-04,2013-04-08 03:35:53,"A Serious Question: Why are you into Bitcoin? I have noticed a lot of people here talking about how they have made a lot of money due to the appreciation of Bitcoin. That's fine... I guess. What's really disturbing me is the resulting TAX discussion. I thought the whole point of Bitcoin was to be anonymous and out of sovereign control. Am I wrong? When we engage in these conversations about what every little transaction or appreciation costs us in government taxation, aren't we running counter to the whole point? I want to see more discussion about how to remain anonymous and make and keep as much wealth as possible WITHOUT government knowledge or intervention. I'm late to the party. Are these discussions just cropping up because of the relative fame and appreciation Bitcoin has been seeing? Or has anarchy NOT been a founding principle of the coin? TLDR: We hate governance. We have the technology to ignore the government. Why are we not ignoring the government?"
1,not bad at all,heyheyitssat,Bitcoin,2,2,0,2013-12,2013-12-07 06:12:26,Where were at .... where we've been - Its not that bad in retrospect !
0,How did you make the leap that he only wants one OS?,Political_douche,Bitcoin,2,2,0,2013-12,2013-12-14 17:09:51,Why would you even want a world dominated by one OS. Choice is good for consumers. It pushes technology forward. Nothing wrong with apple and Windows having a slice of the mobile pie. The end result is better phones for all of us. Christ this thread is a circle jerk
1,"Wow, did NOT see that last part about the whiskey coming.",okayfineyeah,Bitcoin,1,1,0,2013-12,2013-12-19 04:17:04,"""I AM HODLING"" - hilarious bitcointalk post"
1,"If your definition of an asset is something that never depreciates on an any arbitrary time frame, then yep I see you sarcasm.",avemo,Bitcoin,1,1,0,2013-12,2013-12-22 15:42:33,Im saying that BTC is a liability I think you missed the sarcasm. It dropped 50% BTC IS a liability.
1,Like this: 1n588NGtvDkB6GsqVxwMHKtSxpvmpeh (that's One - november - Five - Eight - Eight - NOVEMBER - GOLF - tango - victor - DELTA - kilo - BRAVO - Six - GOLF - sierra - quebec - VICTOR - x-ray - whisky - MIKE - HOTEL - KILO - tango - SIERRA - x-ray - papa - victor - mike - papa - echo - hotel),lifeboatz,Bitcoin,19,19,0,2013-12,2013-12-24 21:20:57,Is there any method for presenting a bitcoin address over audio? QR codes are great for images and video. Has anyone thought about working out a method for audio?
0,But what if the reanimation system reads your brainwallet and sweeps your coins?,trifith,Bitcoin,1,1,0,2013-12,2013-12-30 18:04:25,"But if I don't spend my bitcoins with them, i won't be reanimated at all!"
0,"They drained it to a government controlled address, its in section four.",Zahoo,Bitcoin,2,2,0,2013-10,2013-10-04 02:02:51,"Yeah, exactly. They can't say they seized them just because they have the private keys; they have to be sure they have **the only copy** of the private keys, which is impossible for seized bitcoins since they weren't the ones that generated the keys to them. The only way to properly seize bitcoins is to transfer them to an address you control. What would be hilarious is if they were forbidden from doing so because that woud be considered ""tampering with evidence,"" on the analogy of draining a bank account rather than freezing it. You can't ""freeze"" someone's Bitcoin account, since there's no way to know whether or not they still have a copy of the private key. They have to drain it to be sure."
0,How is your employer going to get bitcoins?,supernatendo,Bitcoin,1,1,0,2013-03,2013-03-08 22:16:48,"Cheaper to have your employer just pay some of your wage in bitcoin, so you can skip the exchange fees. :Q_"
0,That sucks sorry dude,romad20000,Bitcoin,1,1,0,2013-04,2013-04-12 18:05:52,Crushed dreams
1,"awwww, big bad friedcat wont sell you something he owns for a price you want - what an asshole, he is going to bitcoin hell for sure",Jack_Perth,Bitcoin,1,1,0,2013-07,2013-07-09 06:49:29,Is it morally wrong that Asicminer sells worthless usb sticks? Or are people just stupid for buying them? In the end no one is forcing them of course. They do what they are supposed to do but obviously you're not gonna make your money back. They know this but they keep selling them. Is that wrong? Yes or no?
1,"Of course, the museum is there to say it's perfect, it should not add relevant criticism",imahotdoglol,Bitcoin,7,7,0,2013-05,2013-05-06 05:13:53,of course throw in money laundering.. so much other nice things to say but whoever seem to have made this....
0,No begging.,ctzl,Bitcoin,4,4,0,2013-03,2013-03-28 17:59:42,Tipping people on their cakeday a good way to spread the word? Just an idea no personal stake in it...
0,We didn't get your drift because you used a hashtag on reddit.,madeintheuk,Bitcoin,7,7,0,2012-07,2012-07-26 21:49:37,"More like #winning, if you get my drift..."
1,"Yeah, because economists are experts on internet technology, so they'd know whether the ""World Authorities"" are capable of ""eliminating"" it.",jmw74,Bitcoin,-3,-3,0,2013-04,2013-04-22 14:35:36,"Bank of Jerusalem Economists: ""If does not collapse on its own, don't be surprised if World Authorities eliminate it."""
1,It all goes to China.,luffintlimme,Bitcoin,1,1,0,2013-11,2013-11-20 12:56:01,The the exchange changes. Where does our USD go?
1,"If only we could buy bitcoins with bitcoins .. oh, wait, fiat DOES have a purpose after all ...",daveime,Bitcoin,2,2,0,2013-11,2013-11-25 16:05:55,The case against fiat..
0,Confiscation = Theft,Ashlir,Bitcoin,1,1,0,2013-10,2013-10-25 20:53:58,"FBI vs. Bitcoin Here is another test for bitcoin. Does encryption work? Although the FBI seizure was the second most valuable act of bitcoin confiscation ever, the Feds were actually unable to get their greedy hands on the vast majority of bitcoins associated with the Silk Road"
0,"You're going to have to bookmark a LOT of comments/threads/videos, etc.",TheSelfGoverned,Bitcoin,2,2,0,2013-06,2013-06-06 19:10:51,"Bookmarking this comment to reply when BTC is over $100,000 :)"
1,"Oil, iron, and wheat have had similar gains.",TheSelfGoverned,Bitcoin,1,1,0,2013-12,2013-12-02 11:59:07,Rise 35.000% in two years?
0,Welcome to Sparta.,Forlarren,Bitcoin,1,1,0,2013-10,2013-10-19 17:02:58,"I believe that Bitcoin will continue in a bubble cycle, iterating through periods of stability, rapid appreciation, and crash. As a commodity, Bitcoin's supply is perfectly inelastic. (No other commodity has that property.) And I conjecture that this ""bubble cycle"" is the *only* way we could expect such a commodity's price to behave during the commodity's adoption phase. I assert that market dynamics and game theory lead inexorably to the cyclic behavior we are seeing. Takeaway: buy during the flat periods, and hold during the ramp-up and crash-down periods."
0,That we still need to marks the missed opportunities so far.,LeahBrahms,Bitcoin,3,3,0,2013-06,2013-06-20 17:39:36,The hard part is interfacing with the existing banking system.
1,"of course its the evil foreigners, surely no chinese bitcoin investors were upset by the recent news.",Jack_Perth,Bitcoin,5,5,0,2013-12,2013-12-18 13:49:38,PBOC DDOS'd - media blames 'foreign bitcoin investors'
0,"Two down, roughly twenty-eight thousand to go...",ELeeMacFall,Bitcoin,1,1,0,2013-10,2013-10-19 14:17:17,"Welcome back, mr 2 billion market cap :)"
1,"Yeah, your wallet should be safe even if you give it to a complete stranger!",pardax,Bitcoin,3,3,0,2013-09,2013-09-20 01:13:51,Bitcoin user not affected.
0,"I tried to move all the liabilities to Bitcoin, and it didn't work.",16rjg4,Bitcoin,1,1,0,2013-10,2013-10-22 22:28:06,All the assets!
1,Which is why open source software is known for its vulnerability and software like windows has never been compromised.,hexapus,Bitcoin,3,3,0,2013-10,2013-10-03 16:02:29,Obviously this stuff should not be discussed on the Internet where the attackers can gain more information.
0,Now that HBoS is part of Lloyds are they still morally suspect?,MobiusEscape,Bitcoin,3,3,0,2013-06,2013-06-01 19:24:39,Found in 'Private Eye' - it just goes to show that not all media representations are negative.
1,"Yes, because that will surely stop any and all attempts to discover his identity.",naleves,Bitcoin,2,2,0,2013-05,2013-05-20 13:52:39,"If Satoshi's indentity were revealed it would endanger his life. Stories about his identity should be banned. Yes I realize that these stories are almost certainly wrong, however maybe one time the actual Satoshi will be mentioned. Then maybe some intel analyst will double check the facts and put it all together and identify him. Then his life will be in danger. The world wants Satoshi dead. We shouldn't jeapordize his safety. He is anonymous for a reason."
1,"Yeah sure, let's all be dependent on the American government to make sure to fund NASA and other space projects.",freeroute,Bitcoin,1,1,0,2013-05,2013-05-28 15:28:23,please don't support mars-one. it is a media company without aerospace industry people that hopes to buy all the stuff from other companies and pay for it by big brother reality show on mars. it is dreamware.
1,"i heard it grows on directory trees, maybe you can harvest them",munchee,Bitcoin,1,1,0,2013-03,2013-03-31 22:52:58,"Ways of earning BTC without mining / buying ? Hey guys, I was wondering if there's any way of earning BTC without having to be a miner or a buyer."
1,Seems totally professional to have personal grievances like that embedded in my money,gigitrix,Bitcoin,2,2,0,2012-01,2012-01-19 02:27:02,"CoinHunter (SC lead dev) deliberately removed the licensing information from every source code file that had it. It wasn't just a case of a single licensing information text file missing. It also makes one of the text pieces used in the hashing algorithm in Solidcoin look very ironic. static unsigned char SomeArrogantText3[]=""What's up with kids like artforz that think it's good to attack other's work? He spent a year in the bitcoin scene riding on the fact he took some other guys SHA256 opencl code and made a miner out of it. Bravo artforz, meanwhile all the false praise goes to his head and he thinks he actually is a programmer. Real programmers innovate and create new work, they win through being better coders with better ideas. You're not real artforz, and I hear you like furries? What's up with that? You shouldn't go on IRC when you're drunk, people remember the weird stuff."";"
1,"But dude, if it wasn't illegal, then everyone would literally murder everyone else.",Stevazz,Bitcoin,12,12,0,2013-11,2013-11-11 21:30:17,"I wish they made murder illegal, then nobody would get killed"
1,WooHoo Tax Evasion!,TGDE,Bitcoin,4,4,0,2013-11,2013-11-18 23:00:32,Or sell for cash locally and don't deposit. Woohooo!
1,"""Bitcoin opened at..."" - yeah this guy definitely knows what he's talking about.",J-MRP,Bitcoin,1,1,0,2013-11,2013-11-22 09:30:47,Bitcoin is a Ponzi scheme libertarians use to make money off each other- The atlantic
0,Tell me more about how you are an expert in every field ever.,throwaway-so3,Bitcoin,1,1,0,2013-11,2013-11-28 14:46:28,"Literally every point made here is false and demonstrates a poor understanding of economics, sociology, and psychology. Smart guy, no good at these 3 things"
0,Who wouldn't for them?,PotatoBadger,Bitcoin,8,8,0,2013-10,2013-10-14 04:29:05,"If either one ran for Speaker of the House, I'd for them!"
1,"Absolutely not, they make sure to adjust your payment upward to account for inflation, just like you're allowed to deduction inflation from your investment gains on income taxes!",SilasX,Bitcoin,2,2,0,2013-12,2013-12-03 23:03:15,Did you get paid back in depreciated currency?
0,"Yea I have an FPGA, waiting on asic.",Thorbinator,Bitcoin,1,1,0,2013-03,2013-03-16 00:20:32,Which singles do you use? BFL?
0,"If you consider just under 1% to be ""high-interest""...",Spherius,Bitcoin,14,14,0,2013-07,2013-07-23 17:08:59,These things exist anymore?
0,The next great rise.,Spherius,Bitcoin,1,1,0,2013-04,2013-04-24 20:02:23,"What will cause the next great crash? Obviously nobody actually knows, but the last one was caused by lag at MT.GOX and this seems to have been resolved so what are your thoughts?"
0,Sellers can set their prices in USD but I didn't want to list prices in USD or other currency since the site only supports BTC.,dsterry,Bitcoin,1,1,0,2012-11,2012-11-30 07:37:01,Good work. Have you considered also listing the price in other currencies (just for referrence)?
0,"Very insightful comment, thanks!",UltraSPARC,Bitcoin,1,1,0,2013-04,2013-04-19 12:10:52,god u sound dumb
1,But scary sounding things that fit within the borders of my confirmation bias are always true!,IronBlock,Bitcoin,1,1,0,2013-10,2013-10-17 15:34:11,"Ok, when you think it can not get anymore retarded here someone posts an Infowars link. Fuck me."
1,I know _I_ sure feel manipulated.,AveSharia,Bitcoin,2,2,0,2013-08,2013-08-27 15:26:08,"thats one of those awkward insider trading events that we really don't want to see. I mean if the meeting was something along the lines of...""hey bitcoin is good, we don't really need any extra regulation"" and then one of the attendees who had privileged information goes and buys half a million worth of bitcoin and pockets a cool $50k over night, that won't make us look good. that will just piss people off and bring down more regulation.... Unless it was a member of congress.. in which case its totally cool."
1,Yeah omg how can u not even have 8 houses and a 500 000 usd income gah poor people are somstupid!,FableFabio,Bitcoin,2,2,0,2013-05,2013-05-12 23:04:16,"not to mention *localbitcoins*, how do you not have a bank account? I had one in elementary school."
1,"Yes, much better to have our money continually depreciating so people are forced to spend it.",firepacket,Bitcoin,7,7,0,2013-04,2013-04-15 04:45:55,"It doesn't mean that people won't spend it at all, it means there is a tendency to restrict spending on the expectation it will be worth more in the future. Certainly that's why so many people treat it like an investment, and in part explains the bubble- tulipomania."
0,Yes.,hahahafr,Bitcoin,1,1,0,2013-02,2013-02-25 20:18:20,I'm in the USA. Very relevant. You would meet up with someone for one bitcoin?
1,Come now - why let a simple practical argument get in the way of a good conspiracy theory?,bitcoind3,Bitcoin,-4,-4,0,2013-11,2013-11-16 10:45:09,"Yes, because banks don't have strict policies in place in order to comply with existing laws. Its makes way more sense that they are simply evil and hate freedom. :P"
1,Aristotle was a communist,allocater,Bitcoin,0,0,0,2013-11,2013-11-27 21:00:09,"Money was intended to be used in exchange, but not to increase at interest."
0,And the loans are backed by the full faith and credit of the printing press.,TheSelfGoverned,Bitcoin,1,1,0,2013-12,2013-12-05 04:09:30,They're making loans just like they used to. The difference now is that the money they are loaning out doesn't cost them anything.
1,Yeah we'd rather have the hackers and scammers like we do now.,TheSelfGoverned,Bitcoin,1,1,0,2013-11,2013-11-30 06:06:09,Hopefully nowhere to be found until btc hits $10000.
0,Very very behind,allthefoxes,Bitcoin,1,1,0,2013-04,2013-04-10 23:18:15,Is there no verification yet because tipbot doesnt know what 2$ of btc are right now?
0,"If bitcoin wasn't volatile when you bought it, you buy it and end up poking it with a stick and say ""do something interesting, bitcoin""",AgentZeroM,Bitcoin,1,1,0,2013-12,2013-12-10 00:13:32,"Can't the volatility of bitcoin right now be good for a new investor? Like a lot of people, I screwed up and didn't listen to my buddy 2 years ago. Now that I am interested, and own a few bitcoin, I like the volatility. Even though I own some, I like to see it go down, so I can buy more. I do believe in the long term viability of bitcoin, so why not let it drop several hundred dollars from time to time? Am I wrong in this mind set?"
1,"Yeah, that would REALLY make everyone want to get on board with bitcoin.",inariko,Bitcoin,0,0,0,2013-12,2013-12-18 06:57:59,"What if hackers attacked all financial institutions except Bitcoin, forcing global markets to adopt Bitcoin? This is on the assumption hackers gain some new skills/technology and can massively infiltrate global banking systems. The concept is quite intriguing no?"
0,"it doesn't, but even if it exist, don't invest in it for your sake!",donotwastetime,Bitcoin,1,1,0,2013-07,2013-07-04 05:45:00,if it even exists.
1,just like mtgox,I_AM_A_SMURF,Bitcoin,1,1,0,2013-05,2013-05-09 22:21:58,This Is What One Half Second of High Speed Trading Looks Like
0,He already claimed he was a BTC millionare several weeks ago on his show.,dylan78,Bitcoin,3,3,0,2013-04,2013-04-05 02:54:29,"Any source for that? I have nothing against the guy, but he kinda creeps me out a little bit."
1,seems legit.,pointychimp,Bitcoin,2,2,0,2013-03,2013-03-20 17:01:19,BITCOIN HACK????
1,But how are you going to wreck the bitcoin economy if you don't keep hoarding?,mythril,Bitcoin,1,1,0,2013-04,2013-04-07 22:08:54,Today I'm a millionaire with today's rise in bitcoin I'm officially a millionaire. I'm gonna cash out over the next 30 days. I'll keep 50 % in bitcoin gold and silver for long-term and the remaining 50 % for a house and vanguard. Thank you bitcoin! You changed my life
1,"Covering ignorance as humor, that's a new one.",onlinebizguy,Bitcoin,1,1,0,2013-04,2013-04-15 17:29:41,"It's a joke, bro"
1,also terrorists.,HamstersOnCrack,Bitcoin,4,4,0,2012-05,2012-05-10 07:59:53,...and those who love freedom.
0,"Also, you often need to add self signed certificates as Certificate Authorities.",Zarutian,Bitcoin,1,1,0,2011-06,2011-06-18 20:04:27,"Why? I realize that it's not really necessary in all cases, but what is the harm?"
1,"You greedy, greedy bastard!",HighBeamHater,Bitcoin,0,0,0,2011-06,2011-06-13 06:15:04,So if you are the one who found the block you still receive the same amount of BTC?
0,never attribute to evil robots what you can attribute to stupid meatwads,FuckYouGotMine,Bitcoin,3,3,0,2011-10,2011-10-06 05:33:53,Did RoBoTs take down bitcoin7 exchange?
0,"I have been following that page for a few weeks now, and this is the first time I have noticed a decrease.",HighBeamHater,Bitcoin,1,1,0,2011-06,2011-06-20 22:14:57,"""Instant Mining Difficulty"" is dropping like a rock for both Bitcoin and Namecoin mining."
