label,comment,subreddit,score,ups,downs,parent_comment
1,Bitcoin is dead!,Bitcoin,3,-1,-1,China's at it again...
0,"thx rusty (and all other devs), great work.",Bitcoin,5,-1,-1,ELI5: MimbleWimble
0,"he is promoting ethereum lol, something tells me that he's gonna regret it.",Bitcoin,4,-1,-1,"Andreas M. Antonopoulos talks about Bitcoin, free speech ant the metric system."
0,If the returns are fake then how the fuck are they returning capital every 6 months?,finance,2,-1,-1,"Isn't this the fucking internet? Since when do you need a college degree to have credibility? His point was legit and directly addressed your concern, which you didn't respond to."
0,What event?,Bitcoin,1,-1,-1,"While this was from India, it was not from right now. This happened within a day or three of the initial announcement (on Nov 8th)."
0,isn't that a shadow market then?,Bitcoin,1,-1,-1,"yeah its hard to find info about derivatives. from what i understand, they are products that they sell each other, like the average investor cant even buy them because they only sell them to each other."
0,LOL... That's way to risky,Bitcoin,1,1,0,"If you are brave/crazy you can open a Bitfinex account and put it in margin funding to gain interest on your bitcoins. It is crazy because they can get hacked, but for ""fun"" you can put in a little bit."
0,"Haha no fucking way, I might be able to keep these?",Bitcoin,2,-1,-1,"Sounds like someone made a huge error, consider yourself lucky or if you are feeling gracious send some back."
1,Only need to increase from a 12b to 128b market cap in 12 months... It's possible!,Bitcoin,1,-1,-1,My Prediction: Bitcoin will be $8290.17 in 2017! 1DNQoYSmTWav9Vg2FpWB5E2ZyUkSg1jGHm
0,Has he submitted his timesheet tho,Accounting,1,-1,-1,"Yes his ""engagement"" coming to a close supersedes ours......."
1,When they realize they only have 3 actual customers left maybe they'll change their minds,Bitcoin,2,-1,-1,"Circle, please, PLEASE start selling Bitcoin again"
0,On Bitfinex?,Bitcoin,1,1,0,10000 long contracts were liquidated
1,That's what our trust funds are for,Accounting,1,-1,-1,Cost of Living should be adjusted accordingly - but this looks like typical for west/east coast bigger markets.
0,$AWK is one of the bigger ones,stocks,1,-1,-1,Investing in water? I am interested in investing in water as a commodity. Where do I look? Are there any water stocks?
1,"Sure sure, and the Government is going to claim Google's search algorithms under eminent domain.",investing,20,-1,-1,Just like how Bill Boeing had the genius idea of keeping his planes all for himself and then the government stepped in and now we have United.
0,Nov 8th is next date for the SEC to do something.,Bitcoin,2,-1,-1,Any idea when the EFT will be available for all?
0,I think you got blockchain and government round the wrong way there.,Bitcoin,4,-1,-1,Blockchin controlled by government would be a great solution against fraud :)
0,Thank you :),Bitcoin,1,-1,-1,"We had tons of ""discussion and rational discourse"" on this sub until people's posts started getting deleted 1-2 years ago..."
0,"Be careful, a 49% year can lead to overconfidence.",investing,4,-1,-1,The ones who lost were over diversified or skeptic about the election. How could someone possibly lose money this YTD? The markets won't reverse.... end of the year sell off for accounting purposes. Dow 30K by 2018 still callin it
1,each central bank will run their own API,Bitcoin,2,2,0,"Wow, what a bunch of idiots we've all been: storing 80+ GB of block data, doing a ton of pointless mining, verifying everyone else's transactions, etc. The whole time we could've just *trusted a central server*. That sure sounds a lot simpler, WTF was Satoshi even thinking!???"
1,":) I mean he did only get a lib arts degree, right?",Accounting,25,25,0,The median to mean thing is pretty funny actually given the content of the column.
1,Maybe theyll issue deutsche bank coins after they take everyone's money.,Bitcoin,11,11,0,"That's because they are bail-in s now. Better be first getting cash out. Last 90% become ""creditors""."
1,It was a BlockStream conspiracy to keep everybody in the dark.,Bitcoin,-3,-1,-1,"Thanks. How odd, I've never heard of him in the 6 or so months I've been browsing the bitcoin subs."
1,Solid investment advice.,Bitcoin,6,-1,-1,"Broskee, keep your BTC. It's not worth trading in an appreciable asset for a home that is most certainly over priced from the current housing bubble. Wait for your next bonus or donate some plasma before letting your BTC go."
0,Cabinet installer,Accounting,1,-1,-1,"What were you, a ladder tester or something?"
0,I'm pretty sure they just realized that making cars is insanely difficult.,investing,2,-1,-1,Thanks god they understood their car was far from its rivals.
0,Wont happen this way.,Bitcoin,4,-1,-1,Everytime there is a flash rally... I always wonder... is this gonna be it? Am I gonna goto sleep and wake up and the price is at 10k?
0,every price is the right price to buy a tresor or something to store your btc,Bitcoin,2,-1,-1,It is stupid. I basically stopped using btc due to recent steady price increase. What is the point of buying things with btc and make profit by selling it foe cash if all I actually have to do is hold my btc. I got so lazy.
1,It's just a fad,Bitcoin,5,-1,-1,"Another record volume for LocalBitcoins including regional records in Europe,Pakistan,Russia,Saudi Arabia,USA and Venezuela"
0,As far as I know the laws of thermodynamics have not been refuted.,Bitcoin,1,-1,-1,Do you know that Marx's bullshit was refuted long time ago by a brilliant economist Eugen von Bohm-BawerK? Marx invented nothing that made sense to anybody that understand economics.
1,And Colorado,Bitcoin,7,-1,-1,"Marijuana is not legal in those states, and won't be until Congress says so. State police won't bust you because it's not against state law, but the Feds will absolutely bust you, as we've seen in California."
1,Get richer parents you lazy fuck.,investing,9,-1,-1,"Richer than a hell of a lot of us. $500,000 in cash or cash equivalent ain't just sitting around for me. If you've got it, good for you. Care to share how we can get there too?"
0,Maybe they got a lil old Reddit hug and ran outta money or hit a limit or something,Bitcoin,2,-1,-1,I am no longer able to generate instant cards with the Chrome extension
1,If only there was some kind of market mechanism which we could use to prioritize transactions...,Bitcoin,29,-1,-1,"ViaBTC Transaction Accelerator, accelerate you Bitcoin transaction for free."
1,but but but da fees ... and you have to wait sometimes 12 hours before you get your coffe.,Bitcoin,17,-1,-1,"To be fair, I buy coffee with this unhackable decentralized borderless peer to peer digital gold almost every day. Not using intermediary debit cards either -- straight BTC."
1,Volatility is practically zero so it will stay at $600 forever,Bitcoin,0,-1,-1,"""I only remember what's happened in the last 3 days or so!""- most of Reddit"
1,Shutterstock video,Bitcoin,1,-1,-1,I have no idea what I just saw but that was amazing
1,When 1BTC=$1M,Bitcoin,1,-1,-1,"Question for hodlers: Will you ever sell? I was wondering about how dedicated people really are to bitcoin and how convinced they are that it has a bright, sustainable future. Hypothetically, is there a point when you would just dump all you have if the price is right? Say bitcoin gets to that magical, mythical 10k USD mark, would you sell, return to fiat and buy a house etc or have you already decided to hold for the rest of your life and wait until you will buy the house with bitcoin itself and live comfortably using only btc? To the point when bitcoin somehow replaces money and just becomes part of everyone's (at least in the first world countries) lives... Thanks for you thoughts"
0,Mindblowing how closed minded this subreddit can be.,investing,-2,-1,-1,lol you moron
0,Take a look into BitSquare.,Bitcoin,1,1,0,How can I sell some bitcoin without going through ID verification? I was given some bitcoin and want to sell it.
0,"Thanks, Obama.",stocks,3,-1,-1,This damn election. I just choose to blame it.
1,The control of internet money was never supposed to get political.,Bitcoin,2,-1,-1,"im not arguing consistency. but hes used the same tactics used over here on the btc subreddit as well. he spews emotionally charged rhetoric that makes the divide larger, and actually hurts the classic crowd by detracting from their credibility. obv core is not innocent either. theyre both guilty of creating these ""camps of thought"" that prevent real progress and instead result in something akin to repubs vs dems."
1,Do you even know who he is?,Bitcoin,1,-1,-1,Great argument.
1,Am I the only one who thinks that there is missing,Bitcoin,2,-1,-1,"""Tremendous news! Former Barclays CEO joins Blockchain.info-- A huge win for Bitcoin."" Marco Santori on Twitter"
0,"Drugs, ammunition, and water.",Bitcoin,8,8,0,besides btc what are good stores of value for when it pops?
1,I need my safe space man,Accounting,-1,-1,0,You sound triggered
1,Next they will ban fiat and use only bitcoins,Bitcoin,1,-1,-1,Chicago suspends Wells Fargo from city business for a year
0,DORIAN CRAIG!,Bitcoin,1,-1,-1,True creator of bitcoin. Aka: Satoshi Nakamoto So what is the news with finding the creator of Bitcoin? I know some have claimed to be the original creator but it seems to be known that these people are not Satoshi. I am looking for the run down of the latest news.
0,"Good lord, you can't really be that dense can you?",Bitcoin,0,-1,-1,"Does it have a commitment? Does it have a timeline? No. Ok, then use what little brain you have as to why no one takes it seriously."
1,"It's called Microsoft Edge, waaaaaaay cooler!",Bitcoin,5,-1,-1,Never EVER use Internet Explorer!
0,"No, such a thing is a nonsensical word salad anyway.",Bitcoin,1,-1,-1,"Can someone ELI5 !, has there been some Bitcoin ban?"
1,"But you know, the economic supermajority wants BU!",Bitcoin,4,-1,-1,and BU node count has stagnated at ~300
0,mycelium trader.,Bitcoin,2,-1,-1,"Buying a small amount of BTC in NY? I'm only looking to buy $5 worth, and all the LocalBitcoins listings exclude NY residents. I can't use anything requiring an ID. Is there something simple I can use? I'm willing to pay up to double the price of the actual BTC worth if I have to. Thanks for the help in advance."
1,"""it can't go any lower"" - never heard that in this sub before",Bitcoin,2,-1,-1,This is your buy point NOW
0,Here or there?,Bitcoin,2,2,0,I live here! Something interesting to show friends who come into town
0,"Wink, wink, nudge, nudge, say no' more, eh?",Bitcoin,2,2,0,Wouldn't you like to know ay ay ;)
1,That would make bitcoin a alt coin.,Bitcoin,7,7,0,"Yep, but that change needs to be a hard fork."
1,And nobody has PayPal balances either,Bitcoin,8,8,0,instant as in having your funds locked up
1,Who is this Finney guy and how'd he end up on Blockstream's payroll?,Bitcoin,3,-1,-1,"Hal Finney: ""...there is a very good reason for Bitcoin-backed banks to exist, issuing their own digital cash currency, redeemable for bitcoins."""
0,that became some kind of banksters...,Bitcoin,1,-1,-1,Large mining pools are financial institutions of bitcoin.
0,:-) The only green in a sea of red...,Bitcoin,5,5,0,"Not bad Bitcoin, not bad today"
0,I'm convinced.,Bitcoin,13,-1,-1,It is not a conspiracy theory.
0,Good catch.,Bitcoin,3,-1,-1,"1 states there is no official ""Bitcoin"" implementation. 5 states Bitcoin is free and open source software. Both cannot be true."
0,Professor Bitcorn?,Bitcoin,1,-1,-1,China Central Bank is recruiting blockchain experts to develop China's official digital currency.
0,Not an argument,Bitcoin,1,-1,-1,You don't even understand the words you are using. the blockchain and bitcoin's price is the empirical evidence for 1mb.
0,You don't get it because you didn't think BTC could ever drop below $800.,Bitcoin,1,-1,-1,I can't believe you have been around this long and still don't really get it.
1,"It probably put him in a higher tax bracket, thus overall earning less money.",Accounting,25,25,0,You honestly would rather have gotten nothing?
1,"Don't worry guys, the blocks are not full!",Bitcoin,6,-1,-1,"A year and a half ago, I built this to visualize the limited capacity of the blockchain. Now almost all the blocks are full."
0,Most of the CPAs I knew who were in investment management did an MBA first.,finance,3,-1,-1,CPA wanting to breaking into Finance World
0,Where is Litecoin?,Bitcoin,1,-1,-1,Bitcoin to death
0,which payment method?,Bitcoin,1,-1,-1,Wrong! Friend of mine just started using it and has successfully done a couple of trades already
0,"No, not with Google's 2fa method.",Bitcoin,3,-1,-1,Holy shit. Would a Yubikey protect against a phishing attack like that?
1,More grass roots support for BU!,Bitcoin,5,-1,-1,Plot Thickens: ViaBTC Receives Mysterious 210 Bitcoin Deposit To Cloud Mining Address
0,You are assuming it would do damage just like big blockers assume it would not.,Bitcoin,1,-1,-1,"Unfortunately, the only way you mention we can test it could also irreparably damage bitcoin. Perhaps it would be better to explore other solutions that can be tested before implementing them on the main chain."
0,It might if Goldman Sachs is your biggest investor.,Bitcoin,2,-1,-1,It still makes no sense to stop something that grows 50% per year.
0,What is significant about $13 billion?,Bitcoin,1,-1,-1,It means 13 Billion.
1,"Yes, Because the mods of a tiny subreddit can do that....",Bitcoin,25,-1,-1,Maybe its the free speech crowd at r/btc that made a case of the banning from the subreddit and pushed it to a global reddit ban.
1,"On here, someone will probably say AMD",stocks,1,1,0,2 months
1,Banking hours bruh.,Bitcoin,1,1,0,A few minutes after posting I received a response from support stating that in two days my account will be fully updated. 6 day waits for support for support is unacceptable for a serious finance company. In general my support tickets are answered too slow for me to use Coinbase beyond novelty. I hope posts like this help whoever the fuck's in charge realize their support is shit.
1,The important thing is we're talking about his feelings on gay marriage.,Bitcoin,4,-1,-1,"Don't paint him as a victim, he was forced out by public opinion caused by his bigoted actions. Brave CEO literally lobbied the government and donated money to deny gay people equal rights. The public backlash was so huge, that he resigned."
1,"Of course, and whose fault is it anyway... The patriarchy...yes they're to blame for everything...",Bitcoin,0,-1,-1,The fact that Bitcoin could save Africa is enough to want me to use it
0,"Same thing has happened to me, but I'm only out 250",Bitcoin,1,-1,-1,"Expedia nightmare I've used bitcoin to book a place on Expedia before and it worked perfectly fine. But around 5 weeks ago I attempted to book a hotel and although the payment was shown as sent on my Coinbase page, the timer on the Expedia payment page ran out before ""receiving"" the payment. For 5 weeks I have been on the phone with and emailing both Expedia and Coinbase, neither of whom seem to want to do anything about the almost 600 dollars I'm missing even I have shown them that the payment on my Coinbase account went through. Expedia tells me they can't do anything because there's no itinerary number and therefore they can't find anything in the system, and Coinbase tells me that whether or not Coinbase handles the Bitcoins, Expedia holds the account so it's still responsible for issuing a refund. If anyone has any suggestions about what actions I can take from here or if there are any specific representatives I can contact, it would be highly appreciated. From reading the past experiences with Expedia on this sub, I have a feeling it's Coinbase who is responsible for this."
0,You think they'll destroy the world economy?,Bitcoin,1,-1,-1,What do you think the fed will do when trump tries to abolish the fed reserve?
0,Care to explain?,Bitcoin,2,-1,-1,BAD TITLE. Sorry for screaming.
1,And if she loses you go down and buy a shiny new cardboard box to live in,investing,8,-1,-1,"Well I'm assuming Hillary is going to win, so if you trade futures, buy S&amp;P contracts or DOW. (Don't listen to me though)."
0,"Sure, but what about the delay with the transactions confirmations and the bigger taxes?",Bitcoin,0,-1,-1,This is why we need smaller blocks.
0,"IT department, so hot right now!",Bitcoin,4,-1,-1,"Fuck Ad blockers- NEW DELHI: Amendments to the I-T laws do not seek to tax inherited gold and jewellery as also those items that are purchased through disclosed or agriculture income, the government said on Thursday. The Lok Sabha earlier this week passed the Taxation Laws (Second Amendment) Bill, which proposes a steep up to 85 per cent tax and penalty on undisclosed wealth that is discovered by tax authorities during search and seizure. Dispelling rumours that jewellery would be covered under the amended law, the Central Board of Direct Taxes (CBDT) said the government has not introduced any new provision regarding chargeability of tax on jewellery. ""The jewellery/gold purchased out of disclosed income or out of exempted income like agricultural income or out of reasonable household savings or legally inherited which has been acquired out of explained sources is neither chargeable to tax under the existing provisions nor under the proposed amended provisions,"" the CBDT said. During search operations, conducted by I-T department, there would be no seizure of gold jewellery and ornaments to the extent of 500 grams per married women, 250gm per unmarried women as also 100gm per male member of the family, it said. ""Further, legitimate holding of jewellery up to any extent is fully protected,"" it added. The Bill, which is currently under consideration of the Rajya Sabha, will amend Section 115BBE of the Income Tax Act to provide for a steep 60 per cent tax and a 25 per cent surcharge on it (total 75 per cent) for black money holders. Another section inserted provides for an additional 10 per cent penalty on being established that the undeclared wealth is unaccounted or black money, taking the total incidence of levies to 85 per cent. Top Comment How about the reddy brothers? Has govt notices the recent extravagant marriage celebration they conducted? Has the gold worn by the reddy family women missed the govt''s eyes or it is turning a blind... Read Moretruthconscience81 CBDT said: ""Tax rate under section 115BBE is proposed to be increased only for unexplained income as there were reports that the tax evaders are trying to include their undisclosed income in the return of income as business income or income from other sources. ""The provisions of section 115BBE apply mainly in those cases where assets or cash etc. are sought to be declared as 'unexplained cash or asset' or where it is hidden as unsubstantiated business income, and the Assessing Officer detects it as such."""
1,because big blocks = moon = rich NOW!,Bitcoin,4,-1,-1,How anyone could ever trust that team over the 100+ core devs blows my mind.
1,r/WallStreetBets,stocks,1,-1,-1,"New to stocks, have a few grand to invest I'm 21 years old, I work full time and have some money saved up, I want to invest a few grand (probably $2,000ish) into stocks, I was given a few hundred for Christmas in a Fidelity Account and want to start there, I you have any tips or steps in where to start i'd be interested in hearing them."
1,You dropped this:,Bitcoin,1,-1,-1,This guy knows bitcoin like the back of his hand. Debate over. Just do it.
0,It would be a really big callout to the market if they couldn't.,investing,3,-1,-1,The only reason to own the stock is the dividend. million dollar question is will they be able to keep it steady.
0,price dropped 1.2% Panic sell!,Bitcoin,1,-1,-1,"Before someone posts a ""why bitcoin price is dropping"" , may I suggest this likely buy the rumor sell the news type of situation related to the Italian vote."
0,"Ah, ""like it or lump it"", another attitude that will surely result in success.",Bitcoin,5,-1,-1,Feel free to use an alternative. No one is stopping you.
1,You can't send gold over the Internet to buy drugs,Bitcoin,6,-1,-1,"Why would someone risk X% Bitcoin price volatility to prevent N% devaluation of their fiat currency? I am not fully convinced of cryptos as a store of value to hedge against fiat currencies. Yes, Bitcoin is inflation proof. But it is not stable, at all. In my mind there are the slightly devaluing currencies, such as the Yuan or Pound (&lt;10%), and then the hyper-inflationary currencies. In the former case, Bitcoin volatility completely outweighs price devaluation, and in the latter, their economies are far too immature to support Bitcoin anyways. Don't get me wrong, I love Bitcoin as a peer-to-peer money transfer system. Just less so as a store of value. Why would I buy Bitcoin as an inflation hedge when I can buy gold?"
0,how long are you planning to stay on Mars?,Bitcoin,1,-1,-1,2 weeks.
1,"Now now, don't let facts and truth get in the way of a good lynching...",Bitcoin,3,-1,-1,If anyone's showing their true colours it's those that from this article claim Hearn was compromised or otherwise co-opted by NSA/GCHQ. That's not what happened at all.
1,Better block segwit.,Bitcoin,-1,-1,-1,Search for the truth. I tell you things and I always ask you to verify what I say
1,Because hardforking every week has worked so well for ether...,Bitcoin,16,-1,-1,"There are no major downsides, the reason some people oppose it is that they fear it will make it harder to ram through a controversial hard fork under false pretences."
1,I'm sure there's no 3 letter agencies that have backdoor access to the ME,Bitcoin,3,-1,-1,"Lots of fud little facts. Intel ME requires it to be activated at boot on the BIOS, its not some hidden system checking in with INTEL. This is not unlike Lights out management that is standard in every enterprise server. I have read of some fringe case exploits but before they start hacking your bitcoins, you would have full control of most enterprise servers. Its a management tool to simplify administration of PCs in enterprise environment. Intel ME does not introduce any other risk to your PC that isn't already there If someone has physical access to your PC and you did not handle proper security, encryption of drive, not storing unencrypted keys, or your passwords, then you should be ok."
0,It's the legacy way of doing things....,Bitcoin,4,-1,-1,"It is actually incredible we have a person, with no experience in writing code, holding the industry hostage, and at the same time attacking those whom do write code."
1,"Bitcoin shouldn't be a business, everyone deserves an equal share!",Bitcoin,5,-1,-1,I would never mine for profit!
1,Nice try IT.,Accounting,1,-1,-1,IRS Requiring Verification for e-Services Users-Verification Requires Financial Data-Looks Like Potential Phishing but Isn't
0,the reporter is fairly clueless,Bitcoin,1,-1,-1,"""up 3% on early trade in London"" Does this even mean anything?"
0,"It's not even an altcoin, which makes it hard to take you serious.",Bitcoin,2,2,0,"no, not ""almost everyone"". At all. Just a few handful of people that have (sadly) been fooled, and a ton of shills paid for by such shady projects. Reality is, almost everyone here on this and other respectable bitcoin forums, know what's really up. Lightningcoin has zero benefit to bitcoin. It is an aggressive hack that hijacks another project's already established infrastructure. If, by some insane turn of events, everyone started using this crap, we'd be in much worse shape. It solves nothing."
1,Allowing children to buy drugs on the darknet (alphabay Ect.),Bitcoin,10,10,0,"Other than a Bitcoin wallet, what would this entail?"
1,Do all the CPA's here even know what a collection call is?,Accounting,14,-1,-1,Trying to make A/R Collections a little more fun and creative could help get those past-dues in a little faster! Thought I'd help inspire my fellow receivers in this sub!
1,"Bitcoin Exchange, always go all in!",Bitcoin,2,-1,-1,"Where do you keep your Bitcoins? Where does everyone keep their bitcoins? - Bitcoin Exchange? - Local Bitcoin Wallet? - Paper Wallet / Cold storage? Just wondering what everyone does, and if they keep their BTC around as BTC hoping for a value increase? Or do you convert to local currency ASAP using BTC as a currency transport?"
0,Shit better give ABC a call they can run it after the show about the court psychologist.,Accounting,4,-1,-1,I actually think of a high-functioning autist that uncooks the books of international crime organizations. I guess that's the same thing.
1,Fork fuck the coin!,Bitcoin,2,-1,-1,"So next thing we will be hearing is ""OMG blocks are full"". We need to use BU ASAP."
1,"He did a great job as Reagan's budget director, too",Bitcoin,1,-1,-1,David Stockman warns both Trump and Clinton could lead to 25% sell-off. Stockman has washed his hands of everything in his portfolio except cash and gold.
0,Wouldn't miners leave the pool if shit their pool was doing was hurting the price of bitcoin?,Bitcoin,1,-1,-1,The 12 people who control the top 12 mining networks.
1,I'm totally sure that this isn't a scam.,Bitcoin,1,-1,-1,How i made ~$950 profit in two trades
1,Bitcoin fees are too high!,Bitcoin,1,-1,-1,Bitcoin Believer Peter Thiel Donates $1.25 Million to Trump
0,Do you leave pedantic coaching notes to remind staff who's in charge?,Accounting,8,-1,-1,I was a big 4 audit manager. Ask me anything and I will give you the real shit.
0,It's the internet cash of digital e-money.,Bitcoin,1,-1,-1,Its the currency of money!
1,"Cool, that'll be 1% of the principal balance for the advice",finance,1,-1,-1,"This seems like the safest bet, thanks!"
0,"If you consider a generic rejection email a 'risk,' I don't want to fathom how boring your life is.",Accounting,7,7,0,"Yes it was a risk, because I was applying for something that was not being advertised as something entry level or as an internship. My experience has shown me that students who apply for positions that are not targeted at them tend to be ignored, so the risk was that I was sending my information out to a local firm, really unsolicited (since the advertised for an Experienced Accountant) with the very real potential that I would be ignored. I wouldn't call it a humblebrag but an example that sometimes taking that chance can work out, but only if you actually take the chance."
1,Are you expecting them to know about cryptogrqohy or something?,Bitcoin,2,2,0,They don't hash the passwords?
1,"Well, you have to keep your payables and receivables separated, right?",finance,7,7,0,"They do this most on small business accounts. ""So we will set you up with a savings, and two checking accounts. One will be incoming payments and one accounts payable"" bam."
1,so when are the criminal charges for perpetrating this massive fraud scheme going to be handed down?,Bitcoin,2,2,0,"Ex-Wells Fargo Employees Sue for $2.6 Billion, Allege They Were Punished For Not Breaking Law"
1,"Yes, all European stocks are shit",investing,-1,-1,0,It's funny that you ask this now - European stocks are shit. I'd stick to the U.S.
1,"If only you had posted an address, I would have sent you a bitcoin",Bitcoin,1,-1,-1,Donate to me plzzzzzzzzzzz ;;;;))))))
0,"Don't, he's a scammer.",stocks,1,-1,-1,Or in Fonds/etf. Where else can you invest?
1,"Yep, been long Nikkei since the 80s, all that growth....",investing,7,-1,-1,Time in the market beats timing the market
1,Yes because the election is really decided by the popular vote in America.,stocks,1,-1,-1,Haha don't be stupid Hillary isn't going to win obviously most of America are voting trump xd
0,Watch the gif...,Accounting,2,2,0,Without a computer? What do ya mean?
0,And computer systems,Bitcoin,1,-1,-1,they'll just ban Bitcoin
1,"Google map their address, and check the website .. definately legit company",stocks,1,-1,-1,cannabix technologies (blozf) is getting a lot of hype with their marijuana breathalyzer haven't looked much into yet but imagine this could potentially be standard among all law enforcement. thoughts?
0,Let's hope it happens soon.,Bitcoin,2,-1,-1,"Henry Brade: ""Based on new transaction stats SegWit will more than double the #bitcoin tx capacity. And it enables secure LN for real scaling. We need it!"""
0,What is the maximum amount i can load on it?,Bitcoin,6,-1,-1,"Bitcoin in, virtual card out instantly via chrome extension. Anonymous throwaway cards with bitcoin"
1,You'll have to spam the network with your high fees then.,Bitcoin,1,-1,-1,"They are international, and the only viable option for me at this moment."
1,When the Bitcoin blockchain reaches 1TB = end of bitcoin.,Bitcoin,1,-1,-1,When will the Bitcoin blockchain reach 1TB?
1,"Yep, definitely no bots or market manipulation in bitcoin.",Bitcoin,2,-1,-1,"Yep, no Mt Gox trading bots artificially pushing up the price this time round. Just solid demand..."
1,"I always thought it was Charlie's,",investing,2,-1,-1,You do know it's his investors money and not his right?
1,Not as much as the 500 trillion Jacob Rothschild has,investing,1,-1,-1,Warren Buffett will probably end the year with $100 BILLION in cash. And that will be an all time high for him. I guess it's getting harder and harder to find deals out there (I suppose - he's buying airlines for Pete sakes).
1,So rational!,Bitcoin,1,-1,-1,You were saying?
0,The Chinese especially will like that - maybe 8888 CNY soon as well,Bitcoin,2,-1,-1,Checked at the perfect time
1,H1Z1 invitational crates,investing,2,-1,-1,"What is your #1 stock that you own and why? I'm just curious what stocks people here swear by and own. For me, GOOG has been great (in at $686) but I would like to know, what stocks you guys think will significantly increase in value through 2017? Thanks!"
1,I wonder why,Bitcoin,1,1,0,"Palestinians Say They Need PayPal, But PayPal Isn't Interested"
1,Where is the third image?,Bitcoin,1,1,0,John McAfee's MGT Capital (of recent Bitcoin Mining fame) is subpoenaed by the SEC. Stock down 25%.
1,Did you know it's not the same time everywhere in the world?,Bitcoin,2,-1,-1,"WTH happened Saturday at 8:00 AM? That's all, I just don't see a major news release or anything."
0,"I wonder what the big ""aircraft hanger"" building at the back is for?",Bitcoin,2,-1,-1,Bitmain's Made an Official Announcement about the Giant Xinjiang Mining Facility
0,Define gutter then.,Bitcoin,0,-1,-1,"You're making random values up now mate, just stop and leave."
0,"""It depends""",Accounting,9,9,0,What is our creed? Hopefully something in Latin to use as a sick desktop background
1,"Yes, Trump *definitely* wants civilians massacred",investing,13,-1,-1,"""safe zones"" aka somewhere near Aleppo where Russia is bombing daily no doubt."
0,Sure does.,Bitcoin,2,-1,-1,Bitcoin works.
1,You buy stocks and then you lose all your money,stocks,11,-1,-1,"Can you guys explain to me how to stock market works? Okay, I know, kind of dumb, but I'm really interested in the stock market and want to get into it but I honestly don't really know how it works. Can someone explain a dumbed down version of what it is and how it works?"
0,2 call of poopy 4 me,finance,0,-1,-1,"I don't know what weapons world war 3 will be fought with, but world war 4 will be fought with sticks and stones."
0,"""It seems you need to study a bit more""",Accounting,27,-1,-1,"Bro, that little black lady that pops up after answering one answer wrong in the learnsmarts is in my nightmares for life....and omg quizlet and course hero are bookmarked"
0,Upvoted - cause contrarian,Bitcoin,12,-1,-1,"Running a node noob question - don't upvote I got my 0.13.1 node up and running at home and I have a couple questions. 1) node is running on a headless windows pc. Is there a way to monitor my node statistics on my android phone? I really only want to check to make sure the client is still running. It's connected to my TV currently but I will be moving into the basement soon. 2) Node has been up for 24 hours and is currently connected to 25 peers, 17 incoming and 8 outgoing. Am I helping? Home internet is connection is unmetered 60/5."
0,"well.. in some exchanges, yes.",Bitcoin,18,-1,-1,All time high.
0,I think you meant 'hodl',Bitcoin,1,-1,-1,Also need to factor in hardware related issues due to faulty boards etc... Basically buy btc and hold unless you have a good sum of money
1,I suspect a missing,Bitcoin,1,-1,-1,An exchange? Hosted wallet? Counter party risk !
1,"Yeah, but expectations will be $55.8bil, so it would be right to take a dip.",investing,5,5,0,"Don't worry, they will post a $55bil profit for the quarter and the stock will drop back down where it should be."
1,"""But isn't it linked in Excel""",Accounting,1,1,0,my reaction vs new associate's reaction when the client sends all new TBs on 9-14
1,seems legit...,Bitcoin,2,2,0,RAREPEPE blockchain trading on Counterparty is not taking over the internet.(IT IS).
1,He should have sent his money via the SWIFT network instead if he was in such a hurry,Bitcoin,1,-1,-1,'Lil desperate?
1,Lets give miners full control of the bitcoin consensus system.,Bitcoin,2,-1,-1,"The most interesting slide from the ""Bitcoin On-Chain Scaling Conference"" in China"
0,Time to buy Auroracoin!,Bitcoin,1,-1,-1,Polls suggest the Pirate Party who support Bitcoins as legal tender may win Saturday's election in Iceland
1,But how much of their equity is financed by debt?,Accounting,8,-1,-1,"""OMG they are going to have 3 billion in debt. They have a 90% Debt to equity that means most of their assets are financed by debt"" ""... No that's not how that works. 50% of their assets are financed by debt."""
1,Are you suggesting a SWexit from the EU?,Bitcoin,2,-1,-1,Interesting! UK closes bank accounts related to bitcoin ECB suggest EU to make it harder to acquire and/or use bitcoin. Switzerland makes it very easy for their citizens to acquire bitcoin. Capital flows to the place where it is treated best ...
0,Ya but the job security,investing,2,-1,-1,"Well, you've got to move beyond custodian I believe."
0,People = Peter Todd,Bitcoin,0,-1,-1,"Afaik, Sergio Lerner proposed an ACK operation BIP to enable drivechains, but people are distrustful of his history with software patents."
0,"How exactly is the gov subsidized electricity ""free market""?",Bitcoin,1,-1,-1,"Slush, you can't change the world to make yourself comfortable. Chinese win this war because their cost is lower. Similarly, your trezor sells for $99, and you can't see it's an excuse that Chinese can produce same things with much lower cost to urge people to boycott them. It's free market. It's freedom. Although I dislike Chinese miners. I think they are stupid and greedy and short-sighted."
0,liked the death star behind the FT article :) needs a flying saucer in there ... somewhere,Bitcoin,2,-1,-1,The 5 stages of Bitcoin disruption
0,"Yes, my mistake is Pied Piper",Bitcoin,1,-1,-1,"Pipe piper? Or pied (multicolored) piper? I know it as pied, but he does blow on a pipe/pan flute."
0,I think the politicians will win.,Bitcoin,3,-1,-1,Bet on the Winning Party of the US 2016 Presidential Election with Bitcoin
0,Bitcoin isn't a company.,Bitcoin,1,-1,-1,"He should have gone with ""[insert any successful company here]""."
1,Seems legit.,Bitcoin,1,-1,-1,Will pay $30 for $25 in BTC
0,You are a pure nutter,Bitcoin,2,-1,-1,"No more than we should let you ""invest"" in Bitcoin, until, finally, you're sleeping in a cardboard box behind a dumpster. Or let meth dealers sell meth, until, finally, Pumpkin is chugging cum at a truck stop, in her swank Porta-Potty or the back of someone's smelly Kenworth sleeper. Or let her smoke roofers (reefers?), until she's repeatedly, savagely raped behind the traps, by boogie-woogie negroes jazzed up on heroin. We should call in the authorities before shit gets out of hand. Or we should keep chanting *caveat emptor* and *invisible hand.*"
0,is he talking about SegWit?,Bitcoin,32,-1,-1,"Szabo: ""Best way to destroy your investment in Bitcoin: gather an Internet mob to go redesign Bitcoin."""
1,"Nah guys bitcoin is dead, it never recovered after 2014.",Bitcoin,3,-1,-1,...To the Front Page!
1,Don't forget the DNA sample,Bitcoin,2,2,0,"Bitstamp asking for Police report:P :) I was using bitstamp earlier ... Now after a while ... Added bitcoin , Requested for withdrawl using debit card and see what they say ""we would like to inform you that we have received your card load request. However, before we are able to further process it and continue to provide you with our services, we will have to kindly request you provide us with a police clearance certificate. Please submit your documentation in a reply to this ticket at your earliest convenience."" Although I am a fully verified customer ... Should I visit a police station and ask them I need a police clearance because I want to add money to debit card Bitstamp is going down ? Is that a behavior ? Anyone has same issue ?"
1,Like Jeff Bezos,investing,1,-1,-1,So. Basically Elon Musk is a con artist and doesn't actually generate profit
0,Cummerbund instead?,Accounting,2,2,0,Suit and no tie I would say. Absolutely don't go 3 piece suit
0,Please tell me more about ETH,Bitcoin,6,6,0,"It offers nothing over bitcoin itself, except for another level of complexity. It offers more problems than it (falsely) claims to fix. If as many people used this scheme as bitcoin, it would produce exactly the same delayed transaction times it claims to fix, plus less secure transactions. That time gap could give the other party an opportunity to yank the coins out of the ""escrow"" it holds them in. The entire thing is pretty ridiculous. Fortunately, not many people will actually use it anyway. The vast majority of people talking for it are paid shills. Anyone that looks into how it actually is suppose to work can clearly see it's just a get-rich-quick scam with large corporation funding."
1,"But, but, CoinTrace is a great onramp!",Bitcoin,3,-1,-1,"Just to be safe, you might want to pull your coins out of Coinbase until this thing blows over Take advantage of bitcoin. The IRS probe of Coinbase might turn out to be no big deal, but it creates uncertainty. You can't guarantee tomorrow there won't be an announcement on your Coinbase dashboard saying: ""Due to a pending IRS investigation, withdrawals have been temporarily suspended for your account. Don't worry, all your funds are still secure at this time."" Use bitcoin's strengths. Relocate your funds until there is less regulatory uncertainty. (I am not bashing Coinbase in any way)"
0,Capitalized Trump lol,Bitcoin,2,2,0,"0% is nice, but 0 btc in sales is no good. When variable cost is 0, sales Trump fees. Even at 99% fees."
0,"damn, that's gotta hurt",Bitcoin,1,-1,-1,"yeah, but the spammer is probably fully invested with leveraged short, that's why he's so desperate to bring down the network and price with it."
1,Do they smoke weed and listen to jungle bunny music too?,Bitcoin,-2,-1,-1,"To clarify: The alt-right is a subset of the people who engage in that sort of behavior. breitbart is the information headquarters of the alt right and is a promoter of false aka fake news. Therefore the two go hand in hand. Trump is also a promoter of fake news, and is the champion of the alt-right."
1,Zero after the MIT block chain attack today,Bitcoin,7,-1,-1,$800 Before 2017 Yes or No Can we do it?
0,Could just be enthusiasm ;),Bitcoin,3,-1,-1,The pumpers are back I guess
0,Never-ever-hold-your-money-on-hot-wallets!,Bitcoin,1,-1,-1,Exclusive: BTC38 hot wallet got hacked and lost 1.5 million !!
0,thank you for your advice :) I'll take it serious!,Bitcoin,1,-1,-1,"Used them in past to trade in/out, they are fine. Just don't leave coins there of value too long I'd say. Transfer in, trade, transfer out, etc."
0,"It got deleted, Anyone know what it said?",Accounting,2,2,0,Thoughts on the top comment in this thread that bashes the Accounting profession?
0,"Too many threads on here asking for sub year investing advice, go away!",investing,1,-1,-1,"How should I invest my $5,000 to make more money?"
1,WaMu was such a great consumer bank.,finance,1,1,0,Chase was a lack of controls not so much incompetence. Plus they are rated number one in consumer experience (great online platform)
1,"People are definitely born with knowledge these days, learning facts is for retards",investing,3,-1,-1,Is *everyone* in this subreddit retarded?
1,You missed the,Bitcoin,10,-1,-1,Bitcoin mining is too centralized and bitcoin network is under attack by alt clients
1,Forgot the,Bitcoin,1,-1,-1,Coinbase :) is the most secure and anonymous exchange and wallet.
1,Bitcoin is the currency of criminals.,Bitcoin,1,-1,-1,How is this anything to do with Bitcoin?
0,i regret that i did not do more research when i first heard about bitcoin in 2011/2012....argh,Bitcoin,2,-1,-1,Has anyone regretted geting into bitcoin? Tell us your story
0,I would love your feedback on Altria group,investing,1,-1,-1,"stockAday: any requests for week 7th Nov? In the last 2 weeks, we've covered: * Berkshire Hathaway * DaVita * Dow Chemicals (and DuPont) * Kimberley Clark * McKesson (revisiting it after 10 months) * Priceline * SPDR Gold ETF * Vista Outdoor * Wiley Many thanks for suggestions for this week. e.g. any election themes?"
1,"You can really see how bitcoin is dying, due to too small blocks!",Bitcoin,3,-1,-1,Bitcoin civil war is destroying Bitcoin. :-)
0,What tickers and what dates?,investing,1,-1,-1,"Is there any websites that track shorts on a regular basis and provide charts? Hey - so I was wondering, is there any websites or trading sites that provide charts tracking shorts over time on a symbol? I am interested in knowing a few dates in particular on a symbol but have been unsuccessful in goolging this. I'm not sure if I know what to search for."
0,there's no way i trust myself to do this.,Bitcoin,1,-1,-1,You could definitely make precisely the same mistake 3 times
1,I think u missed a couple of zeros out - too short :),Bitcoin,2,-1,-1,Bitcoin hits 1000000000000000000000000 zimbabwe dollars
1,"shut up, microsoft is the devil",Bitcoin,1,-1,-1,This is really big news and our response is to bash Microsoft/Excel? What is wrong with people.. Take off the tinfoil boys... Excel supporting BTC is good news for the community
1,hampton creek is,investing,23,23,0,Is mayonaise a tech stock?
0,It's still like that.,investing,2,-1,-1,"You could also look at Bakkafrost, which almost have monopoly on export to Russia because of Russia's restriction on import from Norway (it used to be a couple years ago, and I am not sure if it still like that)."
0,honestly both are funny to me,Bitcoin,1,-1,-1,no fun to say that :D
0,"What you are describing is a ponzi scheme, not a pyramid.",Bitcoin,1,-1,-1,It doesn't create any value or have any use cases. They just pay older investors with new investors bitcoins (which have actual value) Its just a huge pyramid scheme. There is no blockchain or mining or anything remotely like a cryptocurrency.
1,"wow - u lucky bastard, so many coins for free!",Bitcoin,3,-1,-1,Seems Legit (Future of scam)
1,Yeah selling political coins isn't spam,Bitcoin,1,-1,-1,Are not my domains and I am not spamming more than all of these political propaganda posts here...
0,The answer to this question is of great interest to me,Bitcoin,1,1,0,Please help me understand this. I'm a person who get work done remotely . My client would pay the charges in USD and they don't want to deal with bitcoin or they don't care about it. So can bitpay give a US bank account number to which my client can wire money and I receive bitcoins ? What kind of KYC do they want?
0,My guess is permanent residency.,Accounting,1,-1,-1,"Thanks for your reply, but sorry what does PR mean?"
1,The lecture does not seem very popular.,Bitcoin,1,-1,-1,Did a Bitcoin talk for one of the biggest dutch newspapers today (Telegraaf) #mainstream
0,And America got a terrible deal with Trump,investing,5,-1,-1,So Trump got a marginally better deal for America...
1,But he isn't part of the Establishment!,finance,3,-1,-1,"A billionaire creates a tax plan favourable to billionaires. I'm shocked, utterly shocked."
1,I can't buy a VPN with BTC because blocks are full,Bitcoin,5,-1,-1,strawpolls can be rigged by using a vpn. every ip address lets you have one extra vote.
0,600 = 2 x 300 = 2 x HODL!,Bitcoin,1,1,0,600 yes
0,Another perspective: too much cash on the balance sheet increases the likelihood of being acquired.,investing,7,-1,-1,"Can ""too much cash"" become a liability? Suppose I discover a Picasso in my basement, that was once worth $17 million. How I came to acquire it seemed legal at the time, but that went sour so -today- I couldn't get fifty cents for it. My asset has become useless; in fact, it has actually become a liability. Remember when Fidelity Magellan fund had to close for a while? It just got too big, had too much cash, couldn't buy or sell anything significant without affecting the markets it was in. Its huge amount of cash became a liability. **Does that ever happen** with the gazillions of dollars that US companies have, ""stashed"" overseas in foreign accounts that they can't bring back without great cost? In the same way that a mutual fund can get too big, does that much cash become a ""problem"" for the company? They can't pay dividends with it; they can't do buybacks; they probably couldn't even acquire a US-based company. There it sits, in the Bank of Ireland or wherever. In the same way that my dubious Picasso became a liability, does all that offshore money become a liability somehow -- or if not, at least ""useless"" to them?"
1,Yea bitcoins totally mainstream now,Bitcoin,3,-1,-1,Because people who weren't early adopters of bitcoin feel like it's not worth buying into at this point so people are going to jump on any new coin to try and make a big profit.
1,"""to help them pay cyber ransoms"" Lol I'm sure that's the only reason.",Bitcoin,5,-1,-1,City banks plan to hoard bitcoins to help them pay cyber ransoms
0,And those wars happened after central banking became widespread in the world.,Bitcoin,2,2,0,"Two world wars started from Europe, but sure, your couple of bitcoins will double."
1,"It wasn't so much, just about 4% of the total bitcoin supply.",Bitcoin,1,1,0,Some French guy lost a couple hundredthousand BTC and forgot to tell his costumers about it.
1,We must discourage uptake by this hoard by limiting the transaction capability of the blockchain,Bitcoin,2,2,0,Smartphone crazy Indians to give a 10x boost to digital payment industry in next four years
1,I am sure the Netherlands wouldn't mind foreigners carving up their special municipalities.,Bitcoin,7,7,0,"I would buy the residents out of Saba in the Caribbean. Then form a new government. There are about 2,000 residents. Most of them are super poor. There is already a medical school there. The island is beautiful. I have thought about it before. You can buy citizenship on St. Kitts (cuz of their corrupt gov't) for a flat fee of $250k per person, and an additional small amount per nuclear family member. Or you can buy a house or piece of land on certain parts of the island for a minimum of $400k and citizenship is included (for a smaller fee). If you offer to buy 2,000 properties on St. Kitts and give each poor resident of Saba $250,000 (plus the $400k house on St. Kitts) then they might take it. But...that is about $1.3 billion. Still...worth it, in my opinion. St. Kitts is sitting on a ticking time bomb of gov't debt. The people there are lazy as fuck. They all just want to retire early and get their gov't social security. The gov't spent all their social security so this would replenish that fund (well...the gov't would actually blow it on other shit and the ministers would find a way to steal a bunch of it...but who cares?). Of course the island of Saba is a Dutch territory. So, that would have to be resolved. Or, find another Caribbean island and do the same thing. It doesn't have to be Saba. I would pay $1million for my share. I would put it in escrow right now if someone wanted to pursue something like this. But Liberia..? No. That place is gonna fucking suck. Tiny. Cold. And shitty neighbors. Building a giant floating city is too expensive. Budget over-runs will ruin it. And in 15 years, I would expect that it would be in dire need of repair. But, I love your general idea! I really dislike my country...and that is a total bummer."
0,Delta gift cards on there as well.,Bitcoin,1,1,0,I'm in Europe. American Airlines doesn't offer enough flights here.
1,"Sure, call Mike Hearn back, ask him to fix Bitcoin!",Bitcoin,0,0,0,"A house divided cannot stand. The current price is a reflection of proposed regulation being proposed by the EU to de-anonymize bitcoin and other crypto's. This is one area where bitcoin has had much success, but if this regulation gets passed, bitcion will become to annoying to use. The current price drop is a reflection of this move to regulate bitcoin in this manner. But the bitcoin community has had so much toxic infighting that we have no fighting spirit left to pose resistance to these regulatory proposals. Many who are left are simply in it for the rise in price. There is truth in the verse: ""A house divided cannot stand."" If you value the freedom of bitcoin and the rebellion it represents, please reach out for compromise on both sides of the fence and seek to ostracize those who refuse to compromise or further inflame these divisions. If you want to see an increase in the value of bitcoin, you're going to have to see the issue from both sides and work to unite against the states that want to impose control over every aspect of your life. If we fail to unite, bitcoin (and most other crypto's) will be relegated to a worthless technical novelty. Waging a nasty toxic barrage against those who see the issue differently only serves to weaken the community and eventually endanger the function of bitcoin. Seek to understand both sides of the issue and identify the bad individuals that cause problems."
1,Who knew that blockstream people were in favor of controlling the protocol?,Bitcoin,1,1,0,Wow. That's a bitcoin core dev suggesting you bribe mining pools to rewind bitcoin for you. Dangerous precedent.
1,Convert everything to BFX.,Bitcoin,2,2,0,What are you going to do when Bitfinex is online? What will you do with your money in Bitfinex account? Will you convert all your altcoins to bitcoin? Or you will convert some amount of your bitcoins to ETC/ETH?
1,He's claiming he invented air now,Bitcoin,2,2,0,"Craig Wright's patent applications According to media, Craig Wright has filed many patent applications in U.K.. Does anyone know what exactly they are? Or are they not disclosed yet?"
1,This is good for bitcoin.,Bitcoin,1,1,0,"If his goal was to prove that evidence on the Blockchain is the only real source of verification -- for anything -- he's really been quite successful at that. Think about it, anyone can steal your identity, credit cards, whatever and impersonate you just by knowing a few easy-to-get things. But the blockchain guarantees you are who you say you are, and have control of the funds you claim to have control of. Nobody else can steal that if Bitcoin is used to underwrite your identity. In a way, it's great for Bitcoin that this whole charade has happened. There are millions in the world who can't get bank accounts because they don't have birth certificates, etc. Bitcoin lets them have a place to store value and thus have an economic identity. I think this is one of Bitcoin's best applications."
1,BUT THE P/E,investing,31,31,0,Amazon breaks $700
1,Very convenient because now you and BTCC possess the private key,Bitcoin,16,16,0,What's everyone think of these physical Bitcoins BTCC is making?
1,I don't know :D I still trade actively on Cryptsy!,Bitcoin,3,3,0,who is he? what scams did he pull?
0,I was joking :),Bitcoin,2,2,0,"you might be right, I'll consider removing it, it wasn't intended to be FUD, it was something that Gavin retweeted, so I thought it interesting for that reason."
0,Looks like a good resource... but bro... it ain't 1998.,Bitcoin,1,1,0,The Bitcoin Ecosystem The number of bitcoin related items and businesses is so large that it's almost impossible to keep an oversight especially for newbees. Therefore I made this simple (but fast) website: http://82.217.214.215/bitcoin.html please tell me if you think something is missing.
0,Pun intended?,Bitcoin,0,0,0,That would be such a cool move.
0,that string could encode the deck somehow,Bitcoin,1,1,0,How do you know the string was used to randomly generate the deck and it's not just a string which wasn't used for anything?
0,The poor boy can't escape his father's obsession even at school :-),Bitcoin,43,43,0,cool
1,Yes lets not discuss the danger of hard forks!,Bitcoin,3,3,0,"Should be closed as off topic, altcoin discussion is not allowed in this sub."
1,Bitcoin is a trustless protocol.,Bitcoin,1,1,0,How to explain the complete absence of reviews for major Bitcoin companies on Trustpilot?
0,Lol wouldn't catch me giving those coins back,Bitcoin,1,1,0,"Bitfinex, what address should the 'hacker' send back the btc to? Has this been published and I missed it?"
0,very good thanks,Bitcoin,2,2,0,You have register but it's free to use. There's no software to download; web-based.
1,Yeah man the narration of a story about the end of money should sound more bland and uninterested,Bitcoin,2,2,0,"this. over the top dramatic. good content, irksome delivery."
1,surely sune isn't bad,investing,2,2,0,That buying netflix tesla twitter amd sune and scty now are shitty ideas.
0,If you want some actual math I advise you to pick up a book with proofs in it like a Baby Rudin.,investing,1,1,0,"I didn't say you couldn't find hard math courses in the social sciences or humanities (philosophy majors often take difficult math courses, for example). I said that you could get a ""worthwhile"" degree with only pretty minimal exposure to difficult maths classes."
0,This is a hardware patent though.,Bitcoin,3,3,0,"It's probably the first time I'm going to agree with you, Luke. Software patents are anti-competitive and should be not welcomed in the 21st century if we want to achieve anything."
0,Funny thing is that if you took their advice you'd have probably tripled your money at least,Bitcoin,2,2,0,for about 2+ months i was under a barrage of eth sub spam in my inbox. didn't help to paint it in a better light at all.
1,So it's about to crash?,Bitcoin,0,0,0,"Are you new to bitcoin? The price is notoriously disconnected from news, to the point where it's almost a running joke."
1,"Yeah, the Chinese government is going to give up its position of control of the global currency.",Bitcoin,1,1,0,is it all chinese action again? as soon as the gov gets wind of that they'll make a statement and everyone will lose their minds.
1,Get her to a safespace!,Bitcoin,3,3,0,That's no way to treat a lady.
1,Yes as I said like everyone is going to run that on their computer or smartphone.,Bitcoin,-1,-1,0,Lightning relies on a blockchain full node too.
0,I thought he stole that off of Louis ck?,Accounting,2,2,0,You mean Bill Hicks. The entire album you're referring to was a blatant rip off of Bill Hick's material. Leary is a thief and gained his fame through stabbing his so-called friend Bill Hicks in the back by lifting Bill's jokes and even his stage persona back when Hicks was not well known.
0,Libertarian my ass,Bitcoin,2,2,0,Don't like Trump or Hillary? Why not check out the candidate that accepts bitcoin?
0,but are those companies worth investing in?,investing,1,1,0,The top mobile games make ridiculous amounts of money.
0,Thank you for saying this.,Bitcoin,5,5,0,"To ""look very seriously at"" is politician speak for ""do fuck all"". But then again, even when they say they will do something its only to get elected with no intention of keeping their word."
0,"Yeah, you want the one that's a deformed clump of 3 large ones stuck together!",Bitcoin,1,1,0,Who in their right minds grabs two small potato chips over a large one..
1,I think he should have ended it with a,investing,6,6,0,I'm so confused. Are you saying to buy shares right now or not?
0,We shall see who holds the cards then.,Bitcoin,2,2,0,This is Jihan Wu calling Core's bluff.
1,They must know you're a big blocker,Bitcoin,5,5,0,Works fine for me. As usual.
1,"If you are like me, buy $300 worth and wait a week.",Bitcoin,5,5,0,Can someone please tell how I can get about $200 in bitcoins ?
1,Found the yacht owner!,investing,0,0,0,you mean headwind. Tailwind makes you go faster.
0,"Yeah, but it wasn't contentious, ya know?",Bitcoin,1,1,0,SegWit forked unexpectedly on testnet
1,They started to only trade the coin that shall not be named.,Bitcoin,-1,-1,0,Anyone know what's going on with Gemini? Trading seems to have been suspended there for days.
1,"We should a captcha PoW, so we can use slaves.",Bitcoin,1,1,0,"""I think Bitcoin should hard fork to a new PoW algorithm to return us to 2012 levels of decentralization with GPUs."" - Creator of JoinMarket"
1,It's all Core's fault.,Bitcoin,-1,-1,0,More mining concentration in China not sure if it's good news... There is growing concern about mining centralization in China.
1,"Whelp, out of my ~13 wallets, one or two gotta be safe right!",Bitcoin,1,1,0,Don't keep your wallet on the internet. Problem solved
1,It's already priced in.,Bitcoin,10,10,0,"Google trends: ""bitcoin halving"" going to the moon!"
0,Read the sidebar.,Bitcoin,1,1,0,Where can I buy BTC from? Any tips would be really helpful.
1,Hard fork obviously.,Bitcoin,8,8,0,"2 unconfirmed transactions for over a week now. How do I push these through? I have 2 transactions that have been unconfirmed for over a week. I am trying to send some btc to my mycelium wallet for spending etc and I accidentally sent the first transaction with no fee and apparently the 2nd transaction with too low of a fee? I have seen people mention ""do the same transactions over again with a higher fee"" but that makes no sense to me at all. Wont that just send new bitcoin and have have nothing to do with the stuck transactions? Can someone ELI5 this for me? Also, what should I be entering as a standard fee in the core wallet so I can prevent this from happening again? Thank you"
1,I forgot to add,investing,1,1,0,It's almost as though fund managers with billions of dollars have different constraints than small retail investors...
0,I wonder how many Bitcoins he possesses?,Bitcoin,6,6,0,Joe Rogan is as excited about Bitcoin as ever
0,What do you reckon is the amount where you can turn a profit?,finance,1,1,0,"Yes. Although, with $100 you probably wouldn't after fees."
0,You just can't make this shit up.,Bitcoin,3,3,0,"We went through all this with mtgox. People wrote detailed proposals about how they could freeze withdrawals but keep allowing people to trade and - if they were insane - deposit funds. Eventually the trading fees would cover the losses and customers could withdraw again. That's not a million miles from what you're describing, and both ideas are ridiculous because you basically just mean: ""let people trade non-existent bitcoins back and forth until the fees eat it all away. Oh and by the way your whole company has to work for free in the meantime because the chances are you weren't even particularly profitable before the hack, and certainly won't be afterwards."""
1,"The people at the very, very bottom own most of the debt.",Bitcoin,2,2,0,Ok. Who owns the debts at the very very top? Bank owners in NYC?
1,It was priced in back in 2002,Bitcoin,2,2,0,How long before the reduced supply of btc after the halving starts to become noticed and effect price?
1,You obviously know nothing about hackers...,Bitcoin,4,4,0,How would the ETF get hacked? There wouldn't be any public facing systems.
1,Like when you have should have started shorting Facebook when mothers were starting to use it?,investing,8,8,0,"Its only begun IMO. When my Mom downloads it, then its time to short it."
0,Blockstreamium?,Bitcoin,-2,-2,0,would blockstream absorb the development of etc?
0,My thoughts exactly.,Bitcoin,1,1,0,"Many businesses need quick access to BTC/USD trading, without exposing their balance to BTC price movements. How does a business hold USD for the purpose of readily buying BTC without holding that USD on an exchange?"
1,WE WANT EXPENSIVE STUFF AND WE WANT IT CHEAPLY!,Bitcoin,1,1,0,"Why is everyone so shocked? They are a business and can do what they want. If you don't like it, go elsewhere, you aren't owed shit. Stop throwing your toys out the pram over someone else's decision to increase fees."
1,"Well, at least they didn't keep it all",Bitcoin,4,4,0,Coinbase ups their transactions fees pretty dramatically across the board
1,"Yeah, but we're getting a token back!",Bitcoin,1,1,0,wow... what a joke. people should absolutely NOT blindly accept a 36% socialized loss without demanding that they show 100% transparency with internal account balances that were being traded. YOU ARE POTENTIALLY SHARING A LOSS WITH THEIR OWN MONEY.
1,An immutable ledger of transactions is clearly a better option than cash for terrorists,Bitcoin,2,2,0,A power grab by the Australian gov to regulate bitcoin and help stop terror financing. Why? Because Mtgox and silk road. Epic face palm.
1,"And no digital gold will need more than 250,000 tx per day",Bitcoin,2,2,0,"Wow really that is your answer? ""The currency of the future that is unusable in the present, yeh \:O/ "" ""Be your own bank ^barely"" ""No one will need more than 637 kB of memory for a personal computer"""
1,"Wow, he's so smart.",Bitcoin,4,4,0,Roger Ver: Paypal 2.0 Is An Acceptable Risk For Bitcoin Scaling
1,Please do a hard fork to refund any BTC lost by those who panic sold due to this glitch!,Bitcoin,2,2,0,What is going on right now? I've been told something to do with Bitfinex is causing the crash? I may be 100% wrong but what's going on? Should I sell right now?
1,Maybe everyone mines the same nonce at the same time,Bitcoin,1,1,0,Wait a second...thats faster than the speed of light...somehow I dont think the falcon folks claimed that and Kristov is jumping the gun a little bit.
1,Because votes matter,Bitcoin,5,5,0,"Just remember to never vote for this man if you live in France. You can't cure stupidity, but you can vote it out of office."
1,Well then... you've surely convinced me.,Bitcoin,5,5,0,Lots.
0,"O shit, here comes dat coin",Bitcoin,1,1,0,The bull has started to sprint... To the Moon guyz
0,Don't forget to bring more flowers,Accounting,3,3,0,Give her a week to understand the meaning of the flowers - then ask her out again and be prepared to smash.
1,They might confiscate your fund for dealing with unlicensed bitcoin exchange.,Bitcoin,3,3,0,"And what happens if you say ""Yes, I am sending MY coins to an exchange""?"
0,Did you grammar?,Bitcoin,1,1,0,Hashocean bitcoin cloud mining shuts down its online presence - Did you scammed with most trusted cloud mining?
0,So..what is it?,Bitcoin,1,1,0,He doesn't know what an unbirthday is!
0,Kevin Hart,Bitcoin,0,0,0,Can someone explain his theory to me. Who is short? Why are they short? And how short are they?
0,"Honestly probably most of them, Thom Yorke puts weird shit into the vocal tracks all the time.",investing,2,2,0,What Radiohead song is that line from?
1,That's what the Secret Service agent said ... so it must be true.,Bitcoin,2,2,0,Is there even any proof of that?
1,Yeah I heard tomorrow it'll get dissolved,Bitcoin,1,1,0,It's probably all part of this EU citizen tax code they want to introduce. The EU is finished anyway. The sooner it dies the better.
1,I knew watching those Tai Lopez videos would pay off,investing,1,1,0,He must know the one secret of investing that none of us don't
1,"yeah, they only pulled in $2.2b last year, up from $317m in 2012. they should just give up",investing,5,5,0,The company needs to fold. Facebook will just keep eating away at their business
1,"yes, the problem is everyone but you is dumb",Bitcoin,1,1,0,"The biggest problem I have right now is that it's too easy to steal, I can't get any when I want it the most, it is easy to lose and requires a physical object to carry around. I'm talking about cash. Bitcoin? One hot wallet on your phone with no more than you'd carry in cash. One cold wallet on an offline laptop/Trezor/whatever. That's it. It isn't hard. It's actually easier and more convenient than cash. It's more secure than cash. It's just fucking better than cash. Except people are too retarded to get this simple arrangement right and complain about Bitcoin ""security issues"". How about: try not storing all of your Bitcoin on a random exchange. This is like walking to a random local shop and asking them to hold all of your cash for you. Really the problem is people just not taking Bitcoin seriously enough. They think it's all digital tokens that represent money and can be left about on other people's computers until they lose enough of them and then it comes around to them that it really is money and they really have lost it when it's gone. I think we just need a single, centralised step-by-step process that makes it even more obvious than the current Bitcoin website. I mean Trezor does this for people. And so do some of the more recent wallets. But instead dumbasses take huge fucking risks doing exactly what they're told over and over again not to do and then supposedly it's Bitcoin's fault."
0,"Just a thought... We have pools, can't pooling be built-in somehow at the protocol level?",Bitcoin,3,3,0,"There's been a lot of thought put into this, but I don't think we have a solution for it."
0,still sucking as usual,Bitcoin,0,0,0,Anyone know what's going on with Gemini? Trading seems to have been suspended there for days.
1,"If you have to choose between an Apple or Microsoft smart phone, just compare their stocks charts",Bitcoin,5,5,0,"The key is ""looking solely at the charts"". You don't assess the value of things in the future by solely looking in the rear-view mirror."
0,Haha that would definitely be nice.,investing,2,-1,-1,Go listen to some of the bigger pockets podcasts. Hopefully in 10 years you can ask me too... Well hopefully you will be doing the AMA in 10 years
0,How can bitcoins get off the blockchain?,Bitcoin,1,1,0,"Keep Your Funds On The Blockchain There is no substitute. Do not transfer your wealth off the Bitcoin blockchain. Do not transfer your wealth to any company. Do not transfer your wealth to any external entity, network, or person. That is the best way to keep your wealth."
0,"Due the way you act on here, nobody will ever take you seriously.",Bitcoin,1,1,0,"You aren't capable of assessing threats. In fact, you're not capable of anything."
0,"This NPR segment is spot on, and it shows how backwards Core and small-block proponents are.",Bitcoin,4,4,0,Planet Money: #708: Bitcoin Divided
0,Oh I gotcha,investing,1,1,0,It's a popular phrase from Catch 22
0,"Half on red, half on black.",investing,5,5,0,"Recently inherited a large sum of money, how can I invest some of it to get a larger return? Hello, I literally have NO knowledge on investing. How could I hypothetically make $10,000 into 50K, 100K?"
0,"Learn to discipline yourself, not to motivate yourself.",Accounting,10,10,0,It is very hard to develop work ethics when you were lazy during childhood. Any tips for someone that is in their mid twenties to develop strong work ethics in school and personal/working life?
0,"let me guess, you would've lost more under the original plan, wouldn't you?",Bitcoin,3,3,0,If you don't have anything on finex why do you care. Those of us that do are far more happy taking at 36% haircut then having this tied up in litigation for years.
1,That makes perfect sense...,Bitcoin,2,2,0,He's identifying the blockchain as a single source I think. It's hard to tell for sure.
1,"But I just watched The Big Short, and want to be super duper rich.",investing,4,4,0,Why would it burst? There's no catalyst. There aren't trillions of structured products built on auto loans. There aren't creative 2nd/3rd/4th/5th mortgages being taken on cars. Individual buyers aren't buying multiple cars to speculate on their value increasing in the secondary market. People are constantly looking for the next housing bubble. This ain't it.
0,"Many people would love to try Trezor, but it is too expensive IMO.",Bitcoin,-6,-6,0,Manage your TREZOR from your Android device!
1,So unexpected,Bitcoin,1,1,0,Craig wright's blog: Sorry and goodbye
1,Bonus point: in-house support,Bitcoin,1,1,0,R3 CEV should use it to raise their $200 million. When all 42 consortium partners stump up their portion then it goes ahead. It is basically designed for mutually untrustworthy partners funding a joint venture.
1,I'm so glad we bailed them out.,investing,0,0,0,"Purposeful, systematic criminal activity is not a ""mis-statement"". It is diabolical and utterly immortal fraud. These companies need to be punished to the fullest extent and those responsible imprisoned."
1,It cannot be anything else but a bubble.,Bitcoin,1,1,0,Fix Cut Set to Push Yuan Low; Bitcoin Bubble Continues
1,Lmao you forgot the,investing,15,15,0,Enough of a dip!?! We're fucked man. Dip? Say hello to the next leg down to 16300. That's a long way
1,theymos should ban you,Bitcoin,9,9,0,"Anyone with a little bit of business savvy can see that we need block size increases. If you want to argue anything else, you are missing the big picture. Such a silly debate."
0,"You can't put more corn into the chicken than the natural ""blocksize"" :)",Bitcoin,1,1,0,"Chickens. People will barter with chickens. You can raise (mine) your own, and unlike a blockchain there never seems to be any limit."
0,Give me the TLDR,stocks,2,2,0,You should listen to the Freakonomics podcast about mattress stores.
1,Those are nothing compared to the tough times we have,investing,1,1,0,"Yeah there was only the great depression or the fuel shortages of the 70's. Viet nam, the cold war. Everyones got problems. Man up, millennial and stop begging everyone for handouts."
0,I still miss ATH shitposts.,Bitcoin,15,15,0,How's it shooting up this much?!! $492. Excellent way to begin a Saturday!
1,I sense no bias or hysteria in this article whatsoever.,Bitcoin,1,1,0,Bitcoin expected to become part of everyday life in the Caribbean within eighteen months as banks abandon the region
1,Except for Vertcoin,Bitcoin,1,1,0,"Yeah, no cryptocurrency has ever become worthless."
0,So what would be the price per Bitcoin if this version of the future comes true?,Bitcoin,2,2,0,10% of Global GDP will be stored on blockchain technology by 2027. Screenshot from WSJ interview of Blythe Masters.
0,Or a money cow,investing,2,2,0,Nobody wants to be Dad.
0,"Oh good, I see since you are being critical, you have new facts to present the world.",Bitcoin,1,1,0,There is evidence of Gavin endorsing publicly a known hoaxer and supporting his (so far) baseless and (apparently) fraudulent new claims. Whether this is due to corruption or gullibility is still to be established but either way this should raise a big enough red flag to make anyone with an ounce of critical thinking raise an eyebrow and ask questions.
0,"Satoshi watches us from above, then provides for his chillen",Bitcoin,5,5,0,Satoshi is very clever ;-)
1,You mean raid 1?,Bitcoin,1,1,0,One word: #BACKUP
1,"Makes you wonder what she sees in him, right?",Accounting,2,2,0,A 6 digit ring? Damn dude
1,Trading bots who are connected to r/bitcoin are selling now because you said the word.,Bitcoin,2,2,0,"is has to be said: ""MOON!"""
1,Ah yes just as Satoshi imagined it would be...,Bitcoin,2,2,0,A close-up look at the HaoBTC mining farm in China
1,"Looks really organic to me, no?",Bitcoin,1,1,0,"So tell me, you really think the whole ""fee-exploding"" mempool hype was not an attack?"
1,Yeah totally!,Bitcoin,-1,-1,0,"Nick Abouzeid on Twitter: ""We shouldn't treat these community debates as battles to win, but rather as competitions to be proud of."" -@JeremyRubin #mitbitcoinexpo"
0,Craigslist Wright quote.,Bitcoin,2,2,0,insightful
1,"Nah we need more group think, its served this sub so well in the past",investing,3,3,0,I doubt that you could understand how perfectly you just proved my point.
0,Never leave funds on an exchange.,Bitcoin,6,6,0,"Bitfinex has been hacked, customer funds stolen. Trading has halted for now!"
0,I'm looking forward to when they get an access denied message trying to hack the account.,Bitcoin,6,6,0,"""Criminal Minds"" found some bitcoins in an unlikely place."
0,"Buy low, sell high",stocks,1,1,0,What are some strategies that have worked for you when buying and selling penny stocks?
1,"Yes, theymos is really falling back behind his own standards.",Bitcoin,5,5,0,"Should be closed as off topic, altcoin discussion is not allowed in this sub."
0,Only you can prevent forest fires.,Bitcoin,8,8,0,People die in fires.
1,If you look closely it's photoshopped.,Bitcoin,8,8,0,"Charlie Lee: The Bitcoin Civil War is over! Time for the price to rise! - Brian Armstrong Retweeted Charlie Lee: ""I approve this message"""
1,"No, it's not like that!",Bitcoin,3,3,0,"No, just good old fashioned denial."
1,Yeah fucking Evil-corp amirite?,finance,6,6,0,Break up the banks and burn all the money. How was the US response any different than telling the American people in no uncertain terms that they are all debt slaves? Where do you work that you don't see or feel frustration and desperation? Are you hiring? I have fin and econ degrees.
0,Tell him I'll buy his coin for $13.,Bitcoin,2,2,0,"yeah not sure what he was talking about. If his balance dropped from $100 USD to $12 USD worth of bitcoin, or if he thinks the exchange rate dropped to $12. I asked him to clarify but could not get more information out of him because he did not have his smartphone on him to show me."
0,This is wrong,investing,-11,-11,0,Idk why this is even a comparison. A chromebook and Mac are two different products shooting for two different markets. The overlap between people looking to buy $300 laptops and people looking to buy $1500 laptops is quite small.
1,revolutionary!,Bitcoin,6,6,0,"And the statement is qualified; it is subject to bank working hours, bank holidays and weekends!"
1,"Stop bothering them, they need all their time to implement pre-mined scam coins and bashing bitcoin.",Bitcoin,5,5,0,Issue is with Coinbase taking days/weeks to respond or fix this issue.
1,what kinda idiot would believe in this conspiracy theory,Bitcoin,0,0,0,1988 Economist cover predicting a world currency by 2018
1,Where's the pyramid and the all seeing eye?,Bitcoin,1,1,0,The making of the 0.1 BTC banknote
1,It would rise even faster if it was all in AMZN!,investing,5,5,0,I have no idea. That's why I have a lazy portfolio. I just see money that would rise quicker if it was in VTI instead.
1,Did I really need a,Bitcoin,10,10,0,"Iceland is a country that jailed fined and kicked out all their bankers making sour loans. They're surviving. And explain how that even equals rip bitcoin. A thriving economy does not rely on bankers. A current $315,339,000- 24 hour volume is far from rip greenspan"
1,Thank you for your valuable insights.,Bitcoin,1,1,0,$535-$550 should be a strong support
0,Do you just want to invest some of your own money or do you want to play with other people's money?,stocks,0,0,0,"How do I become a stock broker or hedge fund manager on Wall Street? I live in Manhattan, am 46 years old, Electrical Engineer by Education and tired of the steel industry. What steps and education/licenses do I need to get into stock trading or hedge fund management on Wall Street? Any help would be appreciated."
1,Spawning thousands of AWS nodes of course,Bitcoin,1,1,0,What are the best sybil-resistant measures you know of?
1,Please tell me you just forgot the,Bitcoin,19,19,0,"Confrontational ideas can be very dangerous, I hope the mod team keeps providing a safe space for normal users while the experts figure out the best way to proceed."
0,"Ford is the safe bet, Tesla is the gamble imo.",stocks,5,5,0,Tesla or Ford? Tesla seems it has potential to drop more with the solar city skeptics however Ford also seems promising right now. Any opinions?
0,"I like JNJ, add it to the list of good choices",investing,2,2,0,JNJ shits on all of those for a 30 year time span... except maybe GE.
1,Because if you tumble your coins you must be doing something illegal,Bitcoin,3,3,0,how and why? ta
0,FTSE was up 3.6%.,investing,0,0,0,"Up by 2% today is not soaring. Buying UK stocks at the moment is a complete gamble, nobody has any idea what is going to happen, the UK government has no plan so far. I personally wouldn't touch UK stocks right now with 10ft pole"
0,I'm not sure tbh.,Accounting,1,1,0,I know they work the same way. I just am not familiar with reporting requirements because I'm in tax. I didn't know if that was a common practice.
1,Have him pm me his public/private key pair and I'll check it out for him.,Bitcoin,1,1,0,"Bitcoin Accumulation?? I recently spoke to somebody that has a bitcoin wallet that they haven't opened in 3 years. 3 years ago he had one block, so 50 bitcoins, however know he is saying that due to ""accumulation"" the number he has has increased. He is downloading a wallet to access it. In addition, he says he has one of the original blocks, 366 according to him, and calls it a 'miners block' I was wondering if somebody could confirm if this is possible??"
0,I have no idea why folks don't like this topic?...,Bitcoin,1,1,0,GBTC? Does anybody know anything about this stock? They must buy bitcoin as people invest in the stock. How do they store them? Are they another store of bitcoin waiting to be stolen?
0,Too soon to have specifics like that worked out.,Bitcoin,1,1,0,(are they using a blockchain to do it? (which one?))
1,I heard Craig Wright might know where 1M coins are and how to get them out of this predicament.,Bitcoin,16,16,0,"I don't think they could even make it to 1 million coins. The daily volume on every exchange with a fee structure is trading under 10k coins in a 24 hour period. The exchanges above that are exchanges without fees so it is safe to assume those volume numbers are inflated due to the same coins trading back and forth. The market is drying up in front of everyone eyes yet the sprinklers are still running full force, something is going to give."
0,Read again.,Bitcoin,1,1,0,"So how the hell do publishers get paid??? Could not find any of this info on the site nor on google. As a site owner, i dont see any good in this ""brave"" if they cant even easly disclose how sites get paid. Brave browser blocks adds regardles on what site you are, even the small one's that dont have a bitcoin adre's or even a subscription mode."
1,thanks for contributing to the conversation,investing,1,1,0,we all like amazon and google too
0,you have to wait for the ach transfer to clear for the limit to reset.,Bitcoin,1,1,0,Coinbase changes instant buy limits? Did they change Instant Buy limits in the last day or two? I just bought $100 a couple days ago and it was made available instantly as I have a backup credit card on file. Then today I try to buy $50 and it tells me 1 week. What happened? I got no email about something wrong nor have my cards changed. Please help.
0,LBC does offer escrow and dispute reconciliation services ... that can be useful.,Bitcoin,2,2,0,Localbitcoins is dying!
1,is that an endorsement?,Bitcoin,1,1,0,"Confirmation bias, same reason I downvote Trump related submissions."
1,"No, better buy high and sell low..",Bitcoin,5,5,0,Do you also believe we should invest in as much as possible while the price is so low?
0,Not on the Firm side but I assume a client who doesn't provide enough support would be a tough case.,Accounting,2,2,0,"Corporate tax people, what were some of your toughest cases? Technically and also due to clients and staff, natural disasters etc.."
0,It's a buy!,Bitcoin,11,11,0,How I feel around here on days like this...
1,It's just the 50% fib retrace,Bitcoin,4,4,0,Meanwhile in Etherland...
0,Can anyone cite this?,Bitcoin,1,1,0,He did specifically say the block limit was temporary
1,proof or it's merely sarcasm,Bitcoin,1,1,0,You betya ass it's gonna be the fake journalist Aquent.
0,... then why would you keep it?,stocks,2,2,0,"Its PE is higher than $AMZN, and it's even worse when you consider the average PE is lower in the industry that $LC is in. Am I long on $LC? Yes, but I don't expect it to outperform any of my other securities (ETFs included) for the current year. You can probably find better bets."
0,There were too many to finish!,Accounting,1,1,0,Which parts did you find tough? I swear I completely guessed at least 20 MC
1,"Yeah, silly you for asking someone to teach you something.",stocks,-1,-1,0,"Right cause that's not what I thought of when I was in high school investments class, silly me. Thanks snarky redditor!"
0,Did he hack to steal stolen money to fund terrorists fighting terrorists?,Bitcoin,1,1,0,So this guy hacked people and then gave away people's money to terrorists?
0,He's definitely not alone.,Bitcoin,13,13,0,"Why would you think I am trolling? I didn't write with the purpose of annoying other people, I just expressed my thoughts, which represent my feelings, and I don't think I am the only one."
0,"You're voting for Trump, aren't you.",Bitcoin,10,10,0,Weak and pathetic beta male hodlers that have no balls who act like a bunch of fucking pussies
1,"Crushed 8% after solid earnings, great.",investing,1,1,0,"$SHAK - What are your plays? I bought some calls. 100 locations and growing aggressively. Sure, it's a burger chain. It's growing like madness."
1,Taking bets on how many months until it's shut down.,Bitcoin,1,1,0,Bitcoin Deep Web Marketplace Silk Road 3.0 Is Back
0,"Get Mycelium on android and use Glidera via their ""Get Bitcoin""-Button (if you'r in the US i think)",Bitcoin,1,1,0,What allows me to buy Bitcoins with a debit card?
1,"Ahhh, all those Indian terrorists out there make it hard to tell who is and isn't a terrorist",Accounting,1,1,0,I'm Indian-Canadian and will be suspected as a Terrorist. :(
0,just an idea... but maybe a third phone charger would be more cost effective :),investing,7,7,0,Haha ... doesn't everybody need 2 wives
1,Better open a short,Bitcoin,4,4,0,"cnLedger on Twitter: ""CN General Provisions Civil Law (Draft): Virtual assets will be officially protected by law. Providing legal basis for BTC related cases"""
0,"Right, that is easy, because it will be a centralized, permissioned system anyway.",Bitcoin,2,2,0,"Also, they may use a more refined technology that enables much faster consensus and payments to process through, instead of 10 minutes, maybe 6-15 seconds."
0,It's not a lottery if you just pay the right fees.,Bitcoin,11,11,0,Imagine if I move all my 300 BTC and get this shit happening. I know they are safe on the blockchain. But it's frustrating. This shouldn't be a lottery type of payment layer. Where you might get in first blocks or not.
1,Paying for coffee with bitcoin is a spam transaction,Bitcoin,1,1,0,Bitcoin Coffee in Paralelni Polis Prague
0,Drop the beat,Accounting,2,2,0,It's high noon
0,Waiting for your post to be set ablaze... :P,Bitcoin,1,1,0,"your meme is bad, and you should feel bad"
0,"I can't come up with a better name for mbtc (than litecoin), it's hard.",Bitcoin,1,1,0,"So does ""bitcoin"" if you think about it."
0,Just a flesh wound.... a deep life-threatening flesh wound.,Bitcoin,5,5,0,119.756 BTC stollen in Bitfinex heist
0,Was new wallet a web wallet?,Bitcoin,1,1,0,"n00b question, can't find my bitcoins A few years ago I bought a bitcoin and put it on blockchain. A bit later I transferred it to a different wallet. Problem is a few years later I can't find the new wallet and all I have is the to/from address on the transaction list on blockchain. Can I use this or any other method to find where I transferred my bitcoin?"
0,i've seen this multiple times in nyc...,Bitcoin,1,1,0,"By Gazoo, street artist."
0,Discussion fodder for the first day of classes FTW!,Accounting,1,1,0,"U.S. Army fudged its accounts by trillions of dollars, auditor finds"
1,Now we can front run calpers we only have to wait 20 years!,Bitcoin,1,1,0,Yeah we will check this new technology out when it's not new anymore. Give us 20+ years thanks
0,"Crickets so far, I'm also curious about a statement from him.",Bitcoin,2,2,0,"So Gavin got ""bamboozled."" OK. What's Matonis' excuse? We've discussed Gavin's role in this stunt ad nauseum. Obviously, he is paying a price for being involved. What about Matonis? Why did he play along and what does he have to say about this?"
1,any stock under $100,stocks,1,1,0,What other ones are cheaper?
1,Thank you for your valuable insights.,Bitcoin,1,1,0,$535-$550 should be a strong support
1,Obviously Amazon should only count as 1 node.,Bitcoin,1,1,0,How does that make them fake? Are they still propagating blocks are they still seeding the blockchain for new nodes? ELI5 Many / most major internet businesses run on AWS these days why isn't AWS good enough for Bitcoin. Surely AWS is better than some shmucks Comcast connection.
0,"If I hadn't read Watchmen, I'd assume OP is a sociopath.",Accounting,31,31,0,"As a comic book geek and fellow CPA, I love this."
0,Noob question: why is this bad for a taxable portfolio?,investing,2,2,0,"actively managed + dividend funds, definitely not ideal for a taxable portfolio"
0,Now this is not the news you want.,Bitcoin,1,1,0,Bitcoin: Beginner's Guide - Everything You Need To Know To Make Money With Bitcoins
0,..the kind of hero we need,Bitcoin,5,5,0,USA
0,"January 3, 2009",Bitcoin,1,1,0,"When did ""Hodl"" begin? Hodl is all the rage and obviously this is a typo of the word ""hold"" , but when did it begin?"
1,Oh no what are we going to do.,Bitcoin,1,1,0,BBC News - Bitcoin drops more than 10% after security breach
0,Good night sweet prince.,Bitcoin,33,33,0,Craig wright's blog: Sorry and goodbye
1,because the economicpolicyjournal site design inspires confidence,Bitcoin,0,0,0,The MIT-Central Bank Connection. The attack on bitcoin from MIT makes perfect sense.
1,I thought Bitcoin was supposed to be anonymous,Bitcoin,4,4,0,Mystery Solved: $6.6 Million Bitcoin Theft That Brought Down Dark Web Site Tied To 2 Florida Men
1,Listen to your Dad and give me all your profits.,investing,3,3,0,Potential Correction Awareness.
1,Can't argue with some good ol' fashion handwaving ;),Bitcoin,0,0,0,"You can trivially create a transaction that confuses nodes receiving the thin block communications. They'll think they already have a transaction, but when they try to reconstruct the block, it will fail. Not sure if they fixed the result, but the previous result was a miserable failure where it couldn't even recover, even reverting to old behaviors of asking for the entire block. Of course, its supporters handwave such an attack away."
1,Yes I can see that.,Bitcoin,1,1,0,"No, he's just making a point that there still could be fewer users than accounts."
1,Newsflash: Elon Musk lies to shareholders,stocks,1,1,0,"Last time I heard Musk speaking about this topic, he said that they're not going to raise any capital from the stock market anytime soon, but I don't see any other ways for them to raise so much money."
0,Hookers and drug dealers really don't care about how it looks,Bitcoin,1,-1,-1,LocalBitcoins earns hundreds of millions of dollars worldwide. But they got no money for mobile application. Its almost 2017 and we are still trading on the ugliest possible web interface
0,thanks obama,Bitcoin,7,7,0,"President Obama gifted me 600,000 Satoshi one year ago today. They have appreciated in value around 200%. Thank you, President Obama!"
0,Judicial kinda can,investing,3,3,0,It's the only branch that can up and do something on a whim
1,Zerohedge.,investing,1,1,0,What do YOU listen or read for financial news? I am looking for new podcasts or email subscriptions for daily news. Thanks for the suggestions. Currently I listen or read to the following: Listen: 1. Masters in Business with Barry Rhitoltz 2. Knowledge at Wharton 3. Planet Money 4. Business Insider Read (Email Subscriptions): 1. Quartz Daily Brief 2. Morning Brew 3. The Daily Distiller 4. National Mortgage News
1,That's true - I never thought of it that way,Bitcoin,1,1,0,as soon as its not profitable they will stop.
0,Buy a Trezor.,Bitcoin,2,2,0,"how to ensure my bitcoin doesn't get hacked? unlike paypal, i can't get my money back if someone hacks me. i'm using bitgo at the moment and i'm new to btc. i have 2fa enabled but how can i ensure my btc stays safe. is there anywhere i should transfer it? i heard online btc wallets are not safe."
0,Sounds like somebody's got case of the Mondays,Accounting,8,8,0,What phrases do you hear in public accounting that annoy you? Because I really think that we could beef up the walkthrough documentation this year.
1,AAPL is up a whole percent today so there's gotta be some truth in this right?,stocks,3,3,0,The greatest indicator ever? A farmer asks his goats and chickens for stock picks
0,I also went straight to bollocks.,Bitcoin,2,2,0,Bollocks
1,"Yes, anybody who isn't sure if a complicated event is good or bad must be a conspiracy junkie.",Bitcoin,-1,-1,0,That's cuz you are a conspiracy junkie with not too much sense.
0,what was the name?,Bitcoin,1,1,0,"While we're on the subject of names, your username is kind of sucky too."
1,But I thought Coinbase only did bad things,Bitcoin,12,12,0,Twitch has re-added Bitcoin payments! This time via Coinbase
1,mad brooklyn kids live at home with they moms,Bitcoin,1,1,0,He's up all over Brooklyn. Nice enough dude. Met him once at my art gallery in Bushwick.
0,"start date Oct 2008, 70k, MST",Accounting,2,2,0,starting salary nyc Can any future first year associate tell how much they got offered in nyc for big4(any service line)
1,Lisa needs bracelets.,investing,6,6,0,DELTA PLAN!
0,"I read this, and it didn't make sense to me also.",Bitcoin,1,1,0,"They encrypt the message with Satoshi's private key They mean public key, right? It doesn't make sense to me that you could encrypt with the private key that you want them to prove *they* have? Sorry if I'm missing something, I don't know about signing."
1,"Yeah, there is nothing more unfair in the world than the small blocksize in bitcoin...",Bitcoin,0,0,0,When will the poor people in the 3th world learn that bitcoin is not for them. Step up your game instead of working for 5$ a week.
1,It might double if they raid Craig's house!,Bitcoin,1,1,0,Australia to auction $11.5 million confiscated bitcoins
1,Oh snap they're going to stop mining?,Bitcoin,3,3,0,Swiss move to reduce blockchain regulation
1,Why not increase the max number of coins while we are at it?,Bitcoin,2,2,0,"Luke-jr: ""it seems reasonable to propose a hardfork to the difficulty adjustment algorithm so it can adapt quicker to such a significant drop in mining rate"". A hard fork this June! Will there be an increase in the block size?"
1,"But he's like a karate master, why wouldn't they hire him?",Bitcoin,0,-1,-1,oh come on it was a joke what government agency would ever hire roger?
0,"I'm saying, only jerks go around shouting their agenda at everybody regardless of the conversation",Bitcoin,-2,-2,0,Are you somehow implying that this sub isn't as much mine as it is yours to comment in?
0,Your fee was too low.,Bitcoin,0,0,0,Can anyone tell me why I still have 0 confirmations after 9 hours?
0,"Hence, the Lightning Network.",Bitcoin,2,2,0,The fee per transaction would have to be massive for miner to survive. That's a more accurate way of putting it so you cant pick on semantics instead of the point.
0,I feel like I'm missing something here....,Bitcoin,2,2,0,Satoshi Nakamoto came out of hiding to celebrate the halving!
1,Clearly the fact it's high!,investing,1,1,0,Why would you be fearful? What are the indications of fear in this stock market?
1,You should post this to steemit you'd make about 40k from upvotes,Bitcoin,1,1,0,"Yup agreed, I just wanted everyone to see how ignorant the author is."
1,Obviously the way to win is to buy stocks that only go up!,investing,4,4,0,"Exactly. You are very correct when asking yourself question: ""if it's a way to never have losses, why wouldn't everyone do this?"" And a general rule is that there is no instrument or strategy that allows you to never have losses anyway, unfortunately..."
0,Just what is needed ... more shitcoins.,Bitcoin,1,1,0,if a strong company for example Disney was to create their own coin how far do you think it would get?
0,They're all at different stages of development.,Bitcoin,1,1,0,"Well, all of these are testnet scams."
0,"Yeah, you've always got to be careful tooting your own horn when Bitcoin is involved.",Bitcoin,8,8,0,"Next time the bear shows up, I wonder if Mike Hearn will ask if anyone's checked on Andreesen."
0,"Somewhere Karpeles is laughing at you, you idealistic chump.",Bitcoin,0,0,0,The more you question characters and integrity the further you are from what Bitcoin is. If you need to trust people instead of code then you've had that long before Bitcoin was created. Bitcoin wouldn't exist if people weren't corruptible or made mistakes. Maths is not trust based or require character references.
1,"Well, I guess hodling a currency who lost 50 % in 2014-2015 is better",Bitcoin,1,1,0,"There was a public poll a few months ago where Russians were asked a few questions about cryptocurrency. Among them: ""Do you understand cryptocurrencies?"" And ""Should cryptocurrencies be banned?"" So, less than 20% of respondents admitted they understand the cryptocurrency, but 45% thought it should be banned completely. That's Russian public opinion on the matter for you. ;) Uninformed, but already scared of anything new or different."
1,"Good thing they can't do this with cash, huh?",Bitcoin,4,4,0,Paedophiles pay to watch abuse with bitcoins - how desperate is this? (Ignore Morgan Freeman fail ad placement lol)
1,Just like gold,Bitcoin,1,1,0,You are deluding yourself. The store of value depend on the liquidity. And the liquidity depend on the cost of using it.
0,Too much superstition going on... ;),Bitcoin,1,1,0,NNNOOOOOooooooooooo
0,"Price inflation, not currency inflation.",Bitcoin,1,1,0,that's inflation
1,Nice website.,investing,1,1,0,"Have you been scammed with Binary Options?? Have you ever been scammed by a Binary option Auto trader or Signal Service, I'm just interested in putting together a report on the worst scams out there. Thanks in advance for your input"
0,any freemarket buying and selling is not manipulation,Bitcoin,1,1,0,"not to be a tin foil hat kinda person, but you have to wonder if all the miners in china were actually one operation and at any time could join forces to do whatever they wanted at any time. Do we have any proof that the bitcoins mined in china are being put into the spending pool and not hoarded by any entity? If they own a large majority of coins wouldn't they also be in a position to manipulate value?"
0,Lighter network routing demo.,Bitcoin,5,5,0,Hi Bitcoiners. Who can tell me wht is shown in the picture?
0,"And the worst part of that sentence was ""whilst"".",Bitcoin,0,0,0,Username certainly fucking checks out.
1,Your personal anecdote must really accurately sum up the entire worldwide mobile phone market!,stocks,2,2,0,Apple is probably done. How many I phone 6 do you see? I see mostly people with 5 and 4.
0,You should wait some hours.. i think there will come an even bigger drop..,Bitcoin,1,1,0,"Can someone explain the pricedrop Sorry, im not familiar with what goes in the btc world. I just feel happier with it vs in a US Bank. Im also gonna make a purchase larger than 100$ for once and id hate to make the wrong call when i couldve just waited two days and made an extra few bucks. Also where is a better place to buy other than coinbase. I feel their prices arent all that great soemtimes."
0,You don't need to prove something in order for it to be true.,Bitcoin,1,1,0,How do you prove that a piece of information doesn't exist anywhere on the planet?
1,You shouldn't be so bad at trading I guess.,Bitcoin,1,1,0,BFX: negative trading wallet
1,"Yea, once he clears 95% of the black vote it will be no problem.",Bitcoin,1,1,0,"Yep, I have a feeling Trump is going to win."
1,"Yes, it was a simple tutorial in hash verification that the whole internet misunderstood.",Bitcoin,1,1,0,He didn't seem to claim it to be anything though.
1,Can't put a guy who gets his hair cut at supercuts on this chart,investing,3,3,0,"I'm probably biased from reading The Big Short recently, but shouldn't Mike Burry be on this chart and totally dominating it?"
0,ether is a pre-mined scam.,Bitcoin,1,1,0,Only thing that has changed is the DAO hack. DAO goes down = Ether goes down = Bitcoin goes down. I trust in Ether to pull through hence I am sticking out.
1,But I thought darknet markets reduced violence?,Bitcoin,-1,-1,0,"I'm only wondering if the ""victims"" might just find them once they get out of jail, not exactly the type of people you want to be ripping off."
0,Yep never had a problem with Electrum,Bitcoin,2,2,0,How does Electrum do this? It seems to automatically calculate fees.
1,I think you fail to see the real use of these foundations.,Bitcoin,1,1,0,Andreas Antonopoulos on Twitter: Clinton pledges support for public blockchain projects. A great use is putting charitable foundation accounts in a transparent ledger.
0,"so what's going on there right now, a bar fight?",investing,1,1,0,If there was a war in the middle east oil would skyrocket.
1,It's a conspiracy by evil core devs to seize world's power.,Bitcoin,10,-1,-1,What is segwit?
0,Why would this announcement hurt the stock so much?,Bitcoin,1,1,0,"Elon Musk: ""Enable your car to make money for you when you aren't using it""."
0,I would say im sorry to get your hopes up but I envy you :),Bitcoin,1,1,0,"Ugh, I was looking forward to a hot chick with a sexy accent but it's just an English girl. (I'm English)"
1,I cannot wait to buy fedcoin.,Bitcoin,1,1,0,The case for bitcoin (or something like it)
0,"What would be the argument *against* sharing, provided that you have already opened a position?",investing,8,8,0,I'm not sure I understand. Why would hedge funds share their ideas with their competition? Are they just trying to pump up stocks they already own?
0,Give your ID to whom?,Bitcoin,1,1,0,Helpful Tips I just got interested in Bitcoin. Is it worth getting? What happens when I give them my ID? Will I lose money and how can I earn money?
0,First order of business - A tasty dessert drink from starbucks,Bitcoin,9,9,0,Mark Karpeles on bail
1,Yes the evidence is clear on that isn't it,Bitcoin,1,1,0,"Is it also speculation that Gavin partnered up with a know government man, Mike Hearn, who then proceeded to try to hijack the project? It seems pretty clear that Gavin is also a government actor at this point. He might not have always been. But he is at the moment."
0,"Lol, do you think a certification will teach you everything about excel?",Accounting,1,1,0,"that doesn't sound like someone who would be good at their job. You shouldn't have to look something up every five minutes. And where did you get community college from, it's an actual certificate from the actual Microsoft company."
1,Sound like it's time to short,Bitcoin,0,0,0,Forbes: 4 Reasons Why Bitcoin Represents A New Asset Class
0,let's hope the Bitcoins don't get cryptolocked or stolen too,Bitcoin,2,2,0,Companies Are Stockpiling Bitcoin to Pay Off Cybercriminals
1,Rebalance bro.,investing,34,34,0,"OH NO, MY BONDS ARE PROBABLY OVERWEIGHT IN MY PORTFOLIO NOW BY 3%. WHAT EVER WILL I DO?"
1,Only under EU regulations,investing,1,1,0,that's a fire hazard.
0,It's not at the protocol level it's at the application level,Bitcoin,12,12,0,"Core I am a hardCore support (lulz) but here i feel a little betrayed, allowing things like that at protocol level just open another attack vector :("
1,don't you know Bitcoin is based on **VIP2P**?,Bitcoin,1,1,0,Since fucking when?
1,Obviously the FED,investing,3,3,0,"Yes, in America no politician dares to say, ""time to close these unprofitable state run factories"". China has so much courage to do what nobody in America can do. Now list the state enterprise factories that you think the US govt would close if they weren't scared of a dead sentence."
0,Dress codes are a pervasive scope limitation on *my sick fits*.,Accounting,19,19,0,Dude looks like he audits Rick Owens.
1,I bet they aren't as flexible we are!,Accounting,14,14,0,"Don't forget no matter how much your recruiters brag, all four of us lost to an outdoor equipment seller, two supermarkets, and a place that sells boxes."
1,The market is also asking for free transactions.,Bitcoin,1,1,0,No doubt that the market is asking for a bigger block size. It's probably the reason that the price has stagnated. Twisting and blaming market forces for the shitstorm is not rational at all.
0,Ok apparently lucky charms is the new Apple,investing,1,1,0,"Strong brand, kids love them. Yup, checks out."
0,Smartest guys in the room- fascinating documentary about the rise and fall of Enron,investing,44,44,0,Best Investing Documentaries on Netflix? Title. Please specify if UK or US specific etc! Thanks.
0,What it means is he doesn't want his supporters to shell out money they need to his campaign.,investing,-3,-3,0,"Then why does he have a ""Donate"" button on his website?"
0,I'll be there,Bitcoin,2,2,0,Who's attending the Toronto Blockchain Training Conference?
0,So why have you just signed a statement agreeing to implement a hard fork?,Bitcoin,8,8,0,It was never necessary in the first place.
1,Not anytime soon with 1MB blocks.,Bitcoin,1,1,0,This banal comment and every variant of it is getting tired.
1,I hope you forgot this:,Bitcoin,0,0,0,Noooo. That's a newfangled idea to insure that future off-chain solutions have a niche in the market to fill. The block size cap was put in place solely to stop spam.
1,"Google will buy the email division, you'll be assimilated against your will.",investing,32,32,0,Does this mean I should finally migrate to Gmail?
1,can somebody please ban this guy?,Bitcoin,0,0,0,"I think it's wrong to compare Bitcoin with the Leicaster City Football Club. Yes, Bitcoin is the king of crypto currencies, but it's a really insignificant player in the global transaction processing space. A better analogy would be a very small football club with some 20 seats by their playing field. People would not be willing to pay a lot for the tickets, if the stadium is full they would shrug their shoulders and go to another match instead. If the seats are all sold out, it would be really stupid not to set up some more seats. If bitcoin transactions become too expensive, people will either stick to traditional banking or chose a different crypto currency. Another thing, full blocks and the fee event is not some theoretical future event, it is something that has already happened. Was it a disaster? No. Was it bad? Yes. Is the capacity limit holding back Bitcoin? Yes. Increased fees will be a problem, it will prevent Bitcoin from being used for coffee-sized transactions. I believe that if another cryptocurrency will become the go-to-currency for coffee-sized transactions, it will eventually take over for bigger-sized-transactions as well. Increased fees is not the only problem - ""stuck transactions"" is the other side of it. Bitcoin is designed to work well when there is free space in the blocks. Users that didn't get the memo that the blocks are full, or who are using the wrong software are suffering (a friend of me tried to send me bitcoins from a blockchain.info-wallet - 48 hours later he had to resend the transaction, it had timed out). One can no longer trust zero-confirmation transactions (some claim that they never could be trusted - but they do have a great business value and usability-value). Stuck transactions - it's like buying a ticket for the football match, coming to the match and be denied in the door: ""sorry, you didn't pay enough for the ticket; someone else paid more for the seat. Try coming back at the next match instead""."
1,Blockstream Corp is a company,Bitcoin,3,3,0,"This is just going to confuse people further, making Bitcoin seem more like a company."
0,Never use the B word when talking to a bank.,Bitcoin,5,5,0,"My UK Bank Account Got Suspended for Buying Bitcoin, What can i do? Tried to buy one bitcoin but my account got suspended. Why is this and what can i do?"
0,Irrelevant if you use the 'good' online wallets which are completely trustless.,Bitcoin,-1,-1,0,Ok google: what is MtGox ?
1,Yeah .. Lightning is super stupid and dumb lolllllll,Bitcoin,7,7,0,"Hahaa!! that would describe very well the LN situation! Hey let's put all Tx off chain, imagine how much space we will save! Only that's the dev that are going mad.."
1,But Warren Buffett says diversification is stupid!,investing,9,9,0,"Why in the world would you put 80% of your portfolio into a single stock? I hope the lesson you learned here is about risk mitigation. You just gambled, not invested."
1,Because Jack Dorsey is a visionary.,investing,2,2,0,"ELI5: Why Twitter has a 12B market cap, but has never made any profit."
0,"I don't think he was disagreeing with you, just F.Y.I.",Bitcoin,2,2,0,They can do what they want. Doesn't make my statement not true.
1,Believing that people have inherent value and worth is emotional ...,Bitcoin,1,1,0,Advocating that governments stop murdering innocent people is a rational argument.
1,because court works out for poor people,Bitcoin,1,1,0,Then the solution is the small claims court.
1,It's worked so good in the past...what could possibly go wrong?,Bitcoin,5,5,0,Insanity... but I won't complain I booked tickets on the lifeboat a while ago
1,"No, hard copies.",finance,6,6,0,PDF copies?
1,"You keep forgetting Tesla is not a car company, it's an energy company.",investing,3,3,0,From a value investor's viewpoint the shorts are correct. From a trader's perspective they are not correct for now.
0,This is good for Bitcoin.^TM,Bitcoin,32,32,0,Microsoft Store doesn't accept Bitcoin anymore
0,By decentralisation he means not to centralize development right?,Bitcoin,3,3,0,"""From our perspective the most important and true superhuman power of Bitcoin is decentralizaton and that is it."" Cameron Winklevoss @SXSW"
0,This man has all the answers!,investing,1,1,0,I think the market will continue to go up. Unless it goes down.
0,Fuck the bitcoin foundation.,Bitcoin,6,6,0,And the most ridiculous tweet of the day goes to...
1,I'm utterly convinced by your eloquently presented arguments.,Bitcoin,4,4,0,wrong ln is just not needed.
1,If they would have called it a DAO sale instead of a crowdsale they could have raised millions!,Bitcoin,1,1,0,"Mycelium Crowdsale , Are you investing ?"
1,Definitely not a shill,Bitcoin,1,1,0,Its a great way to enhance your bitcoin experience!
0,"The good old 1.2k prediction, heard it was supossed to happen this year.",Bitcoin,1,1,0,"7 Market Predictions for 2016: Gold, Energy, Stocks, Bitcoin"
0,"RBF should not be deployed, do FSS-RBF .",Bitcoin,-1,-1,0,Poll: What percentage of the Bitcoin community do you think is qualified to meaningfully contribute to the Replace by Fee debate?
1,Don't you know their just having technical issues?,Bitcoin,2,2,0,Class Action Lawsuit Officially Launched Against Cryptsy
1,Should've added the,stocks,4,4,0,"It's called ""beta""."
1,Didn't he do a ride-along on their first stage coach?,Bitcoin,1,1,0,"He owns 10% of Wells Fargo, and grew up in a different era. He doesn't see value in technology, he's more brick and mortar with his investments."
1,It was an implied,Bitcoin,1,1,0,Exponentially? LOL no.
0,You're being very immature in this thread... please try to be professional.,Bitcoin,7,7,0,Don't tell me what to do
1,The next two weeks are critical.,Bitcoin,2,2,0,Mass adoption is coming
1,Why are posts about alt chains here?,Bitcoin,0,0,0,Vitalik Buterin Bitcoin Is A Transition Technology
1,That's why men get paid more than women,Accounting,9,9,0,"It's pathetic where I work. There is a clear double standard. Men are expected to wear dress pants, dress shoes, and dress shirt. In more professional cases also a suit and tie. Women somehow get by wearing slip on flats for shoes, khakis, and a cotton long sleeve top I've seen a few other firms where I live and that appears to be the standard"
1,Hell we should just rebrand bitcoin as Coinbase...,Bitcoin,3,3,0,"Coinbase is gonna be stinking rich! This can be a game changer. They are in position, as they are now with this, to be first in all Bitcoin innovations. If only they were more decentralized. That may be the only way another company can bypass them."
1,"Ping and tracert work, thus lightning network is the perfect solution...",Bitcoin,0,0,0,Understand the Bitcoin Lightning Network with a simple experiment you can try for yourself
1,"Yep, so let's keep rewarding countries with cheap electricity, because that totally makes sense.",Bitcoin,6,6,0,"Having 1tbps local bandwidth is besides the point. Its not USACoin, bandwidth has to apply globally and as far as china is concerned, your 1tb fibre connection will struggle to get 100kbps thru the GFW"
0,You've been watching too much Jackass 3D.,Bitcoin,3,3,0,Does anybody else get the urge to slap him across the face with a 10 pound salmon? Or is it just me?
0,You can buy a house in parts of Queens for $400k give or take.,investing,5,5,0,"$180k saved at 26. Still cant afford a house. How would I go about finding an investor to manage the money for me make it grow while i sit on it and wait. Houses in my area go for $1 million for a modest house in a modest neighborhood. While I'd be able to afford the down payment on a place, I cannot afford the monthly."
1,Decentralization!,Bitcoin,6,6,0,Bubble Pop. ;-)
0,Why are we promoting HYIPs?,Bitcoin,1,1,0,"Bitcoin Earning Websites Directory - Submit &amp; Promote Your Faucets, Rotators, Casino, HYIP"
0,Essentially the authorities shot themselves.,Bitcoin,2,2,0,Tldr it makes it worse x1000
1,"Yes, much better to centralize development of the decentralized currency.",Bitcoin,-2,-2,0,Gavin has no vision and having two or more Bitcoin repositories that hardfork one another by design habitually is stupid.
1,I'm certain he'll get a fair trial.,Bitcoin,2,2,0,Silk Road Moderator Faces Extradition to the US
0,Lead in the water,investing,1,1,0,Water Utilities What hurts water utility companies?
1,Jewluminati,investing,-1,-1,0,"JPMorgan has agreed to pay the remnants of Lehman Brothers $1.42B in cash. JPMorgan has agreed to pay the remnants of Lehman Brothers $1.42B in cash to settle most of the failed investment bank's $8.6B lawsuit over claims that it illegally siphoned billions of dollars from Lehman before its collapse. The payment doesn't settle every claim, but resolves the bulk of the suit, and allows post-bankruptcy Lehman to make another $1.5B distribution to its creditors. The settlement is not expected to have a material impact on JPMorgan's upcoming results."
1,He's unlocked lots of value for $FCX shareholders,investing,2,2,0,"LOL, Icahn's been 'great' for $AAPL, sorry Xerox, tag, you're it. ... Just realized this is probably why $AAPL recovered a bit today: Icahn will be less involved with Apple and more with Xerox. Yay! (said me and 100 million other $AAPL shareholders)."
1,This move will surely stop all the criminals and terrorists from using cash.,Bitcoin,4,4,0,"Germany to make cash payments of more than 5,000 Euro illegal"
0,"Gotcha, so it's not a set it and forget it investment.",investing,0,0,0,"1. what disease is hot right now? (zika, breast cancer) 2. find company going after vaccine better than what is already on the market, if there is one at all ($INO, $TPIV) 3. decide if you think the vaccine has a real shot at approval and pour money into it"
1,"Yeah, Instagram has been a disaster since Facebook bought it",investing,4,4,0,"This. Yahoo ruined it for me. Perhaps Facebook will buy it.. Oh no, that would be worse."
1,Thank goodness we can put our trust in the hands of a few,Bitcoin,1,1,0,"Consensus has been made among a large enough group of miners/developers that the minority is effectively shut out at this point. So there isn't consensus among the whole Bitcoin community, just among a select group of people who get to make decisions for us about the future of Bitcoin."
0,Why don't you email and ask?,Bitcoin,1,1,0,Why would Circle close my account? I've never done anything even remotely wrong with Bitcoin. Does anyone know why they would shut me down? And where I could purchase Bitcoin now? Thanks
1,"Ad block user reporting in, what ad you talking about",stocks,2,2,0,"Google Finance Technical Indicators Removed Hey Reddit, I'm pretty new to investing but have been pretty successful over this last year. It's not the most reliable information and was filled with a lot of junk, but sometimes you could get some pretty good company info and see why a stock shifted and what event caused that shift. Does anyone have a recommendation for an alternative or something similar, I'm disappointed that its been replaced with a google ad... shame on you google."
1,sure ill take your stolen CC info and send you bitcoin; an irreversible payment method.,Bitcoin,2,2,0,How can i open an anonymous BTC wallet and how can i top up that with VISA / MasterCard card? I'm beginner in this.
1,Blah blah blah you cant compare things to nazis,Bitcoin,-6,-6,0,"The right to seize it, and the ability to do so, are two different things. Finally, do keep in mind that everything the Nazi government did was 100% legal in Germany at the time."
0,It can be frozen if miners decide not to put your transactions in the block.,Bitcoin,-4,-4,0,"If only there was some sort of account you could store your money in that would be impossible for anyone to freeze...... That being said, I hope it all works out for ya!"
0,Born 8:26 am est on bitcoins birthday,Bitcoin,1,1,0,"I'm literally in the hospital right now, my wife just went into labor!!!!"
0,"Let me guess, you watched the big short recently huh.",stocks,1,1,0,Looking to diversify my portfolio a bit... Water stocks?!
1,"Oh, right, financial markets are not intertwined.",Bitcoin,1,1,0,Not bitcoin related. Bitcoin isnt a stock. Bitcoin isnt under the control of the Chinese market policy
1,"No need to introduce ""spam"" into the blockchain.",Bitcoin,1,1,0,Congratulations Eligius! 1 whole transaction in your block!
1,You must be a terrorist if you want to transfer that much money outside bank controls.,Bitcoin,1,1,0,It still amazes me that $2.5 Million can just be sent in a totally transparent fashion for $0.04 and no one can do anything to stop it.
1,I am sure they don't want 7x faster validation using secp256k1,Bitcoin,41,41,0,No one wants what is in 0.12
0,"Read this topic, withdrew my assets there just to be sure and had no problem at all.",Bitcoin,4,4,0,Kraken problem I have been unable to withdraw bitcoin from Kraken for 2 days now. Now their site is having problems as the withdraw page gives a 502 error. Support does not respond to ticket. Anyone know what's going on here?
1,"Naww lets keep bitcoin dialup compatible, that is way more important than usability!",Bitcoin,125,125,0,"Block limit needs to be increased to ensure better user experience. Nothing like having to explain to a bitcoin newbie how his transaction is now stuck, because the fee was too low."
1,"Yea, just like they stopped decentralized torrents.",Bitcoin,2,2,0,Marc Andreessen: The fact that my friend Jamie feels the need to say this increases my confidence level even further
1,Ya because USA healthcare is A++,Bitcoin,4,4,0,"Governments rarely ""skimp"" on anything. :-)"
1,"Yeah, 3+ years at EY and over a year at a smaller firm, I have no idea what an audit is...",Accounting,0,0,0,Maybe where you work. Not true in the rest of the world. Working with areas and coming up with solutions to control deficiencies and poor strategies is perhaps the most important part of auditing. have you never heard of an operational audit?
0,"Ugh, bunch of statists in this thread.",Bitcoin,0,0,0,SEC Charges Bitcoin Mining Companies GAW Miners and ZenMiner
0,Global Reserve Currency,Bitcoin,5,5,0,"What do you wish for Bitcoin in 2016? What is your wish for the Bitcoin protocol and ecosystem in 2016? Some starting thoughts: * 7MB+ blocks to handle new services and use cases coming on * $1K+ price so there is enough liquidity to handle larger transactions regularly * Few large companies offering salaries paid in Bitcoin * Few large new retailers accepting Bitcoin for payment * One small country adopting Bitcoin as official secondary currency (you can pay government fees with it) * Decentralized marketplaces * One major use case for colored coins, for example a country using it for land titles"
0,You are making a big mistake thinking that accountants know anything about public policy.,Accounting,3,3,0,"Anyone else think Bernie should be proposing a living wage through a bigger EITC program rather than a $15 minimum wage? Would this just be too complicated for the american public to understand or is it just not sexy enough to platform off of? Also, seems like so many more jobs would go offshore with a $15 minimum wage versus an expanded EITC program."
0,Selling product they clearly did not have,Bitcoin,2,2,0,Suing for what - the BTC they don't have in a brainwallet or tucked away in a Trezor stashed under someone's brother's nephew's pillow? At least in the old wild west you could gather together a posse on have a lynching. Now the government protects those who screw people over and prosecute the ones who want personal freedoms.
0,"It's wrong, 1B to date...not 2015.",Bitcoin,13,13,0,Record $1 billion invested in Bitcoin firms so far in 2015
0,Im not going to set up and fund an account for one trade,investing,0,0,0,With trades like that you need a robinhood account.
1,It's coming in two weeks.,Bitcoin,3,3,0,Still waiting on that ETF
0,Go out SJW retard and get lost for good this time.,Bitcoin,1,1,0,Oooo. I was so hurt by your lame-ass insult. Grow up.
1,How much stock will you sell because of this?,investing,1,1,0,It's affecting my phone and I can confirm; am pissed.
1,So you mean to tell me it's vaporware?,Bitcoin,-1,-1,0,It won't. It will go into various betas and people will see it's not actually that useful or good so it will just continually be in more and more different types of beta never actually launching.
0,Contact Dave's Wallet recovery service.,Bitcoin,2,2,0,"Cant send btc from my own wallets! I have several wallet.dat with bitcoins,one of them 30.28 btc,second 1 btc,third some btc.In all I forgot my passphrases to my wallets.I ask wallet recovery services no success.I use pywallet with web version,after I click change passphrase,bitcoin core was closed,nothing worked,and my passphrases dont changing.What I do wrong?What alternative methods for change passphrase?or send btc directly with bitcoin core on my coinbase account?"
1,"This is *exactly* the change we've been waiting for, Core!",Bitcoin,4,4,0,"Great News, Bitcoin Core has made Opt-in RBF optional!"
1,"I already dumped all my coins, bitcoin is crashing",Bitcoin,1,1,0,Will you dump all your Bitcoin because of all the recent news? For me it is a tiny blackhead on a still very attractive and safe haven from 'you know who'.
1,"Relax, there may be a hardfork scaling in july 2017...",Bitcoin,44,44,0,"Last 100 blocks * Average size 892kb * Median size 955kb * Antpool mined 4 blocks with zero transactions in them (average is 909kb if you don't include these) * Average fee is 0.37BTC\block (1.5% of current block reward) Transactions are still rising. Are there really that many new people using the network for various things? Or is it someone spamming the network in constant and devious ways? Fascinating to see it still rising though, loving the growth. Better work on your scaling solutions quickly.... Time is running out."
1,You forgot the,Bitcoin,2,2,0,"It's certainly not credit card fraud. If it was, could I say ""it's certainly not credit card fraud""? Of course I couldn't. But I just did. I think I proved my point."
0,"I want to save him from being robbed of his cut of the economic growth, and a life of slavery.",Bitcoin,2,2,0,Most ppl are living paycheck to paycheck so once fiat collapses it wont really matter to them what the price of bitcoin is. As long as they're producing as much value as they're consuming they'll be fine.
1,what do jeans have to do with anything?,Accounting,2,2,0,Is gap irrelevant here?
1,But Call of Duty is DAED GAME and World of Warcraft subscriptions are collapsing!1!,stocks,1,1,0,"Maybe you should wait it should go up to $38 within a month. Black Ops 3 breaking records, also World of Warcraft revenues continue to stream."
1,Yeah tax evasion is a great strategy.,Bitcoin,1,1,0,"Nope, fuck that noise. Just declare shit for taxes when it touches your bank account."
1,You are obviously,Bitcoin,1,1,0,I honestly can't tell when people saying this are serious any more.
0,"When you say ""having devs that believe in Satoshi's vision"", what do you mean by that?",Bitcoin,5,5,0,"1.75mb if everyone updates max. Besides its more about having devs that believe in satoshis vision and listens to community. Put the blockchain first then additional layers as a useful option, not necessity. Talented devs but that's not enough. Hopefully they will still work on Bitcoin tho"
0,That was an early days term meaning you could manually choose outputs to include in a trx.,Bitcoin,4,4,0,What do you mean coin control?
0,*Raptor tears you a new one*,Bitcoin,1,1,0,Clever girl...
0,temper tantrums,Bitcoin,3,3,0,is there a TLDR version of what all happened?
0,The side with the longest chain?,Bitcoin,6,6,0,Bitcoin is not dead. But it is obviously headed for a contentious fork. I wonder what side the users are on.
1,Didn't Classic solve this problem with internet polls?,Bitcoin,2,2,0,I don't know how the community determines consensus. That's the difficulty of a hardfork. There are no judges either... so everyone needs to come to the same conclusion somehow.
0,in before the first person to mention the block size debate,Bitcoin,0,0,0,Opportunity for bitcoin? FanDuel and Draft Kings' payment processor Vantiv has cut ties with the daily fantasy sites. x-post r/fantasyfootball
0,or you could google it and then see it's commonly referred to that + the first thing that pops up.,Accounting,-11,-11,0,"Makes more sense. Is this some sort of super-popular resort in the US, that if you said to someone ""breck"" they'd instantly know what you're talking about?"
1,But it doesn't exist yet!,Bitcoin,-2,-2,0,"Fred Ehrsam (Coinbase Co-Founder): ""The Lightning Network will go live and will be wildly successful. All these fair criticisms are surmountable. Will be cool to see - a lot of theoretical Bitcoin/crypto work may never work in production - but I'm pretty convinced LN will."""
1,And who says sarcasm can't be detected over the Internet without a,Bitcoin,2,2,0,"No dude, govt officials are looking out for the little guy. That's why we need regulation."
1,"Wow sounds awesome, can't wait to sell my bitcoins so I can buy HSBCcoin.",Bitcoin,1,1,0,HSBC says the blockchain could be used for 'helicopter money'
0,"Could never figure out how to get fiat to them, oh well.",Bitcoin,1,1,0,"""From our perspective the most important and true superhuman power of Bitcoin is decentralizaton and that is it."" Cameron Winklevoss @SXSW"
0,As someone who doesn't give a shit.......,Bitcoin,2,2,0,As someone who has moved heavily into ETH... *golf claps*
0,Buy to ^the ^moon?,Bitcoin,2,2,0,As good as any technical analysis I've seen. I'm buying!
0,sunk cost fallacy,investing,-1,-1,0,"That's actually something I don't really understand. People say ""keep it!"" But if it is planned to go down (and at this stage we can safely say there isn't anything in sight capable of reverting the trend) what's the point? Isn't it better to just sell, wait a few months and the buy back - at lower prices? I don't understand the concept of holding onto a shitty market."
0,We may be getting into some central limit theorem here.,stocks,1,1,0,"But on average that wouldn't tend to happen, right?"
0,I think the priority thing got removed in the latest Core version.,Bitcoin,1,1,0,Well.. doesn't the amount of BTC transacted impact miner priority for 0 fee transactions? So doing it with less coin wouldn't necessarily test what OP wanted.
0,Block size debate,Bitcoin,2,2,0,What is this 2MB thing?
0,There is a way to vote for bigger blocks by running a BitcoinXT or Bitcoin Unlimited node ....,Bitcoin,6,6,0,"The blocks are being generated much faster than usual, but still the mempool is getting bigger and bigger. Still people say that we don't need bigger blocks right now."
1,My Robinhood is like a Roth right?,investing,3,3,0,Oh god this could turn into some awesome tax evasion charges.
1,"He should sue Shkreli directly, I will make the popcorn",investing,6,6,0,What happened to the guy who shorted KalBios and started a GoFundMe for his losses? I'm Assuming he had to cover and eat the loss. Can he sue Shrekli directly?
1,I prefer Depreciation Expense,Accounting,15,15,0,"Office expense, always office expense"
1,buy 600 dollars in bitcoin,investing,3,3,0,I have 600 dollars that I want to play with. Do I play poker or do this?
0,A foolish one.,Bitcoin,23,23,0,What kind of CEO does not listen to his CTO on technical matters?
1,Such sage comments in that link,Bitcoin,1,1,0,Is bitcoin a better investment than gold?
0,You must be new here...,Bitcoin,0,0,0,Bitcoin Is Suddenly Surging Again
0,He knows EXACTLY what he's doing.,investing,4,4,0,Are you trying to insinuate that he knows what he's doing?
1,But didnt you know the stock market goes up a guaranteed 7% every year?,investing,13,13,0,"Considering he has said he needs to spend the money on a bachelors degree in 2 years, I'd say he has about 0% risk tolerance."
1,thank god that nobody stores large amounts of coins there!,Bitcoin,1,1,0,"BTC-E Withdrawals broken, trading suspended"
1,But... but... blocks are full,Bitcoin,5,5,0,"It's up to you to rise above Hey gang, it's time for a pep talk. This subreddit can be tough to navigate. Filtering out the noise can be difficult, but it's important to do so. Only you have the capacity to determine what is real and what is not. Skip the fear mongers, the concerned troll posts, the attempts at censorship, or those demanding action for problems that do not exist. Try not to get caught up in debate with these folks, because it isn't really debate for them. Rise above."
0,That's not a good analogy.,Bitcoin,1,1,0,"Bitcoins never leave the network. LN is like me printing the private keys, and exchange them with someone, and that someone exchange them with someone else. Those trades are off the bitcoin blockchain, but does this mean I'm not using bitcoin? Also is this a real bitcoin, or fake?"
1,"So since the year before we doubled from $200 to $400, we're on track for $8000 bitcoins this fall!",Bitcoin,2,2,0,So?
0,It's never too late.,Bitcoin,1,1,0,"That's very interesting, I've been in Bitcoin for a long time and never heard of this."
0,"FYI: default dust threshold is 546 for P2PKH transactions, not 543.",Bitcoin,1,1,0,"Counterparty is a protocol built on top of the Bitcoin protocol. It allows you to issue, send, and trade ""assets"" on the blockchain. It does this by defining a set of message types (ex: issue, send) that can be encoded into bitcoin transactions. The Bitcoin blockchain is monitored for these messages and they are indexed and evaluated by federated nodes which come to consensus on which assets are issued, how many ""tokens"" they have, which addresses have what balances, etc. So, here's what a Counterparty transaction ""looks like"" (not really): ISSUE ASSET To: 1CounterpartyXXXXXXXXXXXXXXXUWLpVr Send: 0.00000543 BTC Fee: 0.0001 BTC Encoded: {""Create"": ASSET, ""Quantity"": 10000000} SEND ASSET FROM: 1CounterpartyXXXXXXXXXXXXXXXUWLpVr TO: Some bitcoin address Send: 0.00000543 BTC Fee: 0.0001 BTC Encoded: {""Send"": 10000 ASSET} In this example, I create an asset and then send some quantity of that asset. It's made possible by sending the minimum amount of bitcoin possible, paying the miner's fee, and encoding the Counterparty transaction data inside. Bitcoin is programmable money. This makes Bitcoin our data store, and bitcoin transactions our ""save"" function. Counterparty federated servers evaluate that data for validity and determine the current state of the network. To some people, it's controversial as it adds ""weight"" to the chain, it also bloats the UTXO pool, if you don't sweep the ""dust"" you create, but I see it as extending Bitcoin's functionality. Some cool features include: - Issuing dividends - Voting - Decentralized exchange"
1,"Yeah, someone with that much bitcoin must be a real dummy.",Bitcoin,1,1,0,"whoever it is, he's kind of dumb not splitting it up into multiple addrs"
1,You must be new here.,Bitcoin,49,49,0,Why would a mod delete such an excellent blog post about Bitcoin on the bitcoin subreddit? That would be really weird!
1,Dude no one buys illegal drugs with Fiat currency.. It's all done thru bitcoin.,Bitcoin,5,5,0,"I've never understood the ""bitcoin is used to buy illegal drugs! Get rid of it!"" argument. Oh, a currency was used to buy something illegal? Well that's never happened before..."
1,"It's just a ""paper loss"", guys, it's not real",investing,-1,-1,0,Yes you have.
1,you forgot to get the presidential cufflinks in that pic...,Bitcoin,1,1,0,Bitcoin Billboard in front of Wells Fargo at BTC Miami
1,"Avoidance, but not that it matters",investing,0,0,0,"Oh, at first I thought it said 'tax evasion deal'. Same difference."
1,More proof that Bitcoin is involved in crime!,Bitcoin,1,1,0,"Ex-secret service agent who stole $800,000 in bitcoin newly arrested"
1,The price is only going up because miners are stuck in the meeting and can't sell any coins.,Bitcoin,3,3,0,Bring on the rally.
1,The price looks really disappointed...,Bitcoin,-1,-1,0,"Well, if everyone is as disappointed as I am, then it's a win I guess."
0,PG trades at a 26 PE,investing,1,1,0,I don't follow CLX but how does a consumer staple stock trade at a 27 multiple (TTM) 25 (fwd) with 4% growth? Seems like it's ripe for a re-pricing.
0,I'm having trouble believing there are over 300k *real* Bitcoin users.,Bitcoin,5,5,0,Bitcoin's Big Challenge in 2016: Reaching 100 Million Users
0,"Yes, I was trying to explain why, technically, that rule is not possible to implement.",Bitcoin,1,1,0,"Either you didn't understand what I was proposing, or I am totally missing the connection. What I am saying is that the miners can only claim half of the transaction fee for each transaction. The rest goes to whoever finds a block X blocks in the future."
0,I have a hobby of sculpture and painting.,Accounting,3,3,0,"How many of you have a creative outlet of some sort? I was watching Season 3 of Maron on Netflix and this quote came up: ""I do know what's great about being a creative person or an artist, as opposed to an accountant. I mean if you're an artistic person, whether that's a painter or a standup comic, or a writer, a musician, a poet, whatever that is, that the worst shit you go through is just fodder, it's material, or it's fuel for your creativity. It's some weird gift. If you're an accountant it just makes you blow your brains out."""
0,Pay for training the street.,finance,1,1,0,(Freshman) Best resources/courses to learn finance/modeling... BIWS? WSP? Hello. I'm a freshman at Wharton undergrad. I already want to start learning finance &amp; modeling for this summer. What resources would you recommend? I'm sure others who want to break into this area would also appreciate answers. -Breaking into Wall Street? -Wall Street Prep? Etc. Let me know! All help is appreciated
0,"None, it's the type of people the firm hires that does it.",Accounting,9,9,0,"You have to log your fucking bathroom breaks? What kinda shitty, micromanaging firm do you work for Jesus."
0,Why not do both?,Bitcoin,3,3,0,Why not just accept Bitcoin at your etsy store or main site? Problem solved.
0,Alipay (by themselves or when asked by CN gov't) would shut down anything like that quickly,Bitcoin,1,1,0,"Someone should make an app that intercepts the QR codes and substitutes a Bitcoin proxy. You scan, send QR along with BTC to the proxy, it pays the QR, merchant gets fiat and you pay Bitcoin"
0,As if increasing the blocksize has no downsides at all.,Bitcoin,-1,-1,0,Why bigger blocks can result in more fees and a BIGGER fee market
1,That guy was right,investing,0,0,0,"China's stock market falls again, closes down -5.3%"
1,You forgot about DDOS and Censorship,Bitcoin,2,2,0,"i think gavin quit on his own? if a majority agreed with u they would have moved to xt, no?"
0,I've never heard of btc38.,Bitcoin,3,3,0,BTC38 sent me a .scr file via Skype Upon questioning they tried to claim it was a PDF. I'm guessing it is likely to contain a keylogger or some other malware. Absolutely disgraceful behaviour from a supposedly reputable exchange.
1,"Yes, I'm sure the bottom line cost comes from their own pockets",Bitcoin,2,2,0,"But as a person with a credit card, I have absolutely no concerns of my details get hacked as if unauthorised transactions are made, that's the banks problem. Yes it's inconvenient that I have to make the effort to call up the bank and make a claim, but they cop the financial loss, not me. Is this not how most people take it?"
1,"Oh no, Bram's angry",Bitcoin,0,0,0,"Bram Cohen, inventor of BitTorrent and Core supporter is pretty pissed at Coinbase"
1,The breakout is due to anticipation of the 4th Classic block.,Bitcoin,0,0,0,Look what's breaking out... #Bitcoin $BTCUSD +5% and $438/coin. Nobody's talking about it.
1,yeah ... happy day for the bitcoin ceo,Bitcoin,2,2,0,Market capitalization
1,Depends if it's classified under one year.,Accounting,2,2,0,Patrick: Is goodwill a liquid asset?
1,Cant wait until Bitcoin becomes as useful as Snapchat,Bitcoin,1,1,0,Banks could use bitcoin technology by next year: study
1,"No, no, no, all that money goes to drug rehab programs and building roads and schools!",Bitcoin,2,2,0,Whoah whoah whoah. The US Government only auctioned off those bitcoin. The majority of their funding comes from US Dollars - printing and taxing.
1,The Church of Scientology did it!,Bitcoin,2,2,0,Two startups attempting to take a government agency to court sounds like a good way to burn through capital.
0,"I'm out, have a great day.",Bitcoin,1,1,0,Sigh... stop using big words you don't understand.
0,It's good to see how it would look like when your reserves are depleted while you still have them.,Bitcoin,1,1,0,Create more space for transactions by actually making sure blocks are full?
1,What about the government's freedom to do what it needs to do to protect you?,Bitcoin,6,6,0,"Freedom is bad. I'm talking about the other guy's freedom and not mine, of course."
0,"""You mcnulty are a gaping asshole, we both know this.""",Accounting,4,4,0,"""So tell me Jimmy, where *don't* you want to go?"""
0,"With all the warnings in airports, I doubt anyone would actually take one.",Bitcoin,3,3,0,Evil thought. Hand out a bunch of empty physical bitcoins or paper wallets with $1 or $2 of bitcoins to travelers before they enter the TSA. Nothing generates hate of the TSA more than random Nazi like searches of people innocent of any crime.
0,So basically don't buy $tsla until the hype is gone.,investing,-1,-1,0,"Tesla has received its first pre-order for its Model 3 in Australia, the first market to begin selling its highly anticipated mass-market EV. An overnight tweet from Elon Musk: ""Tomorrow is Part 1 of the Model 3 unveil. Part 2, which takes things to another level, will be closer to production."" Despite yesterday's Electrek leak that described some of the car's specs, many are still waiting to see what will be included with the vehicle's basic configuration. Supercharging? Autopilot? Other bells and whistles?"
1,Because it has 5 Chinese that control about 75% hashrate,Bitcoin,4,4,0,What makes the Bitcoin blockchain more secure than other chains?
0,At the same time?,Accounting,5,5,0,I race motorcycles and shoot guns.
1,fuck the free market!,Bitcoin,4,4,0,He is terrified and offended by anything unregulated.
1,Protip: invest in nuclear holocaust bunker.,Bitcoin,1,1,0,"When the power grid is down, nothing is more useful than lead and canned food"
1,totally....,stocks,1,1,0,"You don't buy on the way down, you buy at the bottom."
1,"Yes, the best time to fill the car with gas is when you've already run out.",Bitcoin,10,10,0,Are blocks full? You be the judge.
0,CES has essentially been dead for like 10 years already; who cares.,Bitcoin,1,1,0,Ledger Wallet: Pretty sure the only #bitcoin startup at #CES2016 #CES
1,Yay for another reference to everyone in the community being ignorant idiots &amp;lt;3.,Bitcoin,7,7,0,Not the uneducated Crowd for sure ! Maybe you should try to code or propose ideas with technical reasons behind it !
1,But he got 4 transactions reversed!,Bitcoin,1,1,0,One data point does not make a trend.
1,You forgot the,Bitcoin,-2,-2,0,I prefer relaying only non-spammy transactions. Also saves bandwidth and comparatively discourages spamming the network with supercheap txs.
0,"Update: is working, but some issue with my pdf files.",Bitcoin,1,1,0,This still working? I couldn't get it to process my pdf files tonight.
0,Damn good rates too!,Accounting,4,4,0,His intro video is fantastic. I expected a total joke... left impressed.
0,"Horse and buggy manufacturer say ""horseless carriage"" has no future.",Bitcoin,2,2,0,"Bitcoin has no future, says UBS chairman Axel Weber at Bank of England's Open Forum"
0,DoS yes but I meant adding a lock so that I can open it whenever I want.,Bitcoin,1,1,0,"Good point, but the chain doesn't even have to be unlocked to do that DoS attack."
0,I'm pretty certain I heard him say it a few times on LetsTalkBitcoin back in 2013 .,Bitcoin,1,1,0,"I'm sure I heard Andreas use this phrase mid 2013 at the latest, and sometime after that was when BitReserve was launched."
0,Serious question: how's their research into autonomous vehicles coming along?,investing,1,1,0,VW isn't going anywhere. Looking forward to a brief dip I can buy in on.
1,"damn it, well its been a good run guys guess ill have to sell everything.",Bitcoin,2,2,0,'Bitcoin is Dead'
1,Ya this company needs to be saved.. Heading right in the gutter if you ask me,investing,24,24,0,How I miss Steve's leadership at Apple. Only thing that will save this company is a brash young radical leader. Timmy and Jony are only going to make things thinner and shinier.
1,"Uffff, good thing I got them cheap at $420... Blaze it!",Bitcoin,1,1,0,300!!!
1,But... that's so un*democratic* of you to say!,Bitcoin,11,11,0,It should be clear without saying that general users are not technically competent enough to make decisions about protocol design.
1,you must have many friends.,Bitcoin,1,1,0,"Oh no: "" the Grecian computer scientist who knows the disastrous consequences of currency monopolization all too well."" WTF is ""grecian computer scientist""?! I'm sure Andreas is not feeling well with that ""title"". Also Amanda... please don't make interviews with people that will explain you something that you have no idea (and you just make that approval sign with you8r head). This is terrible! I like your ""decrypt"" shows but this wasn't good at all."
1,Only criminals and terrorists use cash - ban it and live free!,Bitcoin,79,79,0,"Germany to make cash payments of more than 5,000 Euro illegal"
1,Don't let facts get in the way of a good mudslinging.,Bitcoin,2,2,0,I'm pretty sure Jeff has written several BIPs in the last year and also argued on technical merit repeatedly.
1,So you're saying visa supports terrorism?,Bitcoin,1,1,0,Introducing the Shift Card. Bitcoin Can Now Be Used Anywhere VISA is Accepted
1,Yeah it's right up there with investing in beanie babies.,investing,1,1,0,That would probably be a bad use of the money.
0,It's written by someone who has a third grade reading level at best.,investing,2,2,0,"this article is awesome for beginners, what your problem with it?"
1,He was saying you are your GPA.,Accounting,17,17,0,"I am not a grammar nazi or anything, but come on man."
0,You might as well burn all those exam fees.,Accounting,2,2,0,Brute force method of passing the exam: take each section each quarter until passed? Has anyone done this? Schedule each maybe 2-3 weeks apart and just take all 4 of them each quarter? And then keep doing this every quarter until you pass? Or would this end horribly?
0,Try running with -checklevel=2,Bitcoin,2,2,0,How can I speed up Bitcoin Core syncing? It's take about 2 hours to sync a week and it is still 26 weeks behind... it didn't take this long when I first got it so is there anyway to speed up this process?
0,"Lol, so sick of hearing ""KILLER APP!""",Bitcoin,2,2,0,Bitcoin's new killer app being developed in Australia by Code Valley
1,I believe your forgot the:,Bitcoin,1,1,0,I prefer to make xerox copies of my paper wallets.
1,fingers crossed lol,Bitcoin,-1,-1,0,"Hopefully, he talks about bigger blocks"
1,The Microsoft what?,Bitcoin,1,1,0,"It's like back when Steve Ballmer laughed and ridiculed the iPhone when it was released, claiming it would be no challenge for Microsoft's Zune."
1,I'm sure he'll send one full bitcoin to every American,Bitcoin,1,1,0,Donald Trump sent me 1 Bitcoin...
0,hash is extracted pulp from the plant (greasy).,Bitcoin,2,2,0,"exactly hash is another word for cannabis,"
0,Is that a rhetorical question and the answer is assholes?,finance,1,1,0,"Out of curiosity - who do you think the limited partners of your standard elite, super-performing hedge fund are?"
1,Especially since Treasury notes dropped to around 1.5 on the 10 year!,investing,1,1,0,Sell 20-40% and buy bond funds. Had you done that originally you wouldn't be stressing here.
1,Well then if casino has to put limits that pretty much confirms the martingale system works!,investing,2,2,0,"First, roulette is way less than pure 50/50 due to 0 and 00. Second, roulette tables always have limits set to prevent a player from martingale'ing themselves money. Casinos don't stay in business ensuring players can win as long as they can always post the next martingale bet."
0,God damn this subreddit is the best.,Accounting,23,23,0,"My manager just blew up the bathroom at our client. I have a few questions... 1. Do I make a face at other staff on the job seeing if they smell it too? Or do I sit here, work on cash, and live with this? 2. How long do I wait til I can go in there so I can pee? 3. Should I add on to the smell by blowing it up again?"
1,Clearly if Facebook fails it means one of the lower layers like TCP or HTML failed too.,Bitcoin,5,5,0,I would have thought layers compartmentalize risk. If layer 3 fails it does not split down into layer 2 for example. There's still plenty of natural selection in these layers of gardens.
1,RBF and SegWit will make it simpler.,Bitcoin,-5,-5,0,"""Bitcoin has a lot of usability issues for non-tech people."""
1,"LOL yeah, what *you* say really matters to me.",Bitcoin,2,2,0,"Given your replies, I see it's as I thought: You're mostly on the idiots' side."
0,How did it work until now?,Bitcoin,1,1,0,BTCC now accepts direct bank deposits!
0,I wonder why nobody sofar suggested coinbase.,Bitcoin,0,0,0,Any bitcoin Wallets that allow instant and/or credit card purchases? I've been using Coinbase for my bitcoin wallet and the biggest pain is that the processing takes minimum 3-5 days to get your bitcoin to you AND they do not accept credit cards. I'm looking for an accredited site that allows me to purchase bitcoin via credit card and has instant transactions (or 1 day processing). Any suggestions? Thanks
0,"Because the wall street journal, and I quote, said: ""Europeans, go buy some bitcoins.""",Bitcoin,1,1,0,ELI5: Why is btc prices all the sudden shooting up?
1,The next 2 weeks are critical,Bitcoin,1,1,0,Breaking out over the downward Trend line. Can we we just be building upside momentum?
1,"Yeah, we'll be real lucky if we end up with Russian and Chinese dominance over the world.",Bitcoin,-1,-1,0,"US imperialism and hegemonism, fortunately Russia and China challenge this 70 years statu quo more and more now."
1,"Yeah it's down, how do I go on with life now that I can't express myself anymore in 140 characters?",Bitcoin,2,2,0,news on the Twitter outage??? Been going on a while.
0,"Does anything restrict that protocol to ""micro""payments or can it be used for big payments too?",Bitcoin,5,5,0,True Micropayments with Bitcoin
1,Because companys without a strong brand never invent and patent anything,Bitcoin,-1,-1,0,"BS. The company filing will usually have a well known brand. Its sales are on the strength of that, not on the strength of its technology being patented. That's freakin absurd. ""Patented technology "" is the catchphrase used to sell unnecessary junk to the double digit IQ crowd. Sorry"
0,Damn Brazillionaires are gonna ruin the world!,investing,1,1,0,A Brazilian sounds like a fuck ton
1,"Just ignore Andreas, he likes to ""pretend"" a lot.",Bitcoin,-3,-3,0,It's not going to be big. I don't care how long they hype their beta. What do people get out of pretending that this is going to be big?
1,"Sure, cash never went mainstream either, because people lost wallets with cash in them.",Bitcoin,4,4,0,"Why bitcoin will likely not go mainstream, in one post."
1,I assume it's,Bitcoin,1,1,0,I honestly can't tell when people saying this are serious any more.
0,"Well I plan to holding it long term, so I'll just enjoy the dividends in the mean time.",investing,3,3,0,ur brave.
1,he missed the,stocks,1,1,0,Smart comment. Don't know why the down votes!
0,It'd be a pain but it still doesn't magically remove the anonymity from a crypto currency,Bitcoin,1,1,0,Try do that with millions of dollars
1,They will make it up in volume.,investing,1,1,0,Poor sales? I feel like that would stop the juggernaut.
0,"If you click the link, you will see the header, I just copied and pasted it.",Bitcoin,1,1,0,"Oh, your post said ""(our fee collection mechanism)"" so I thought you were part of the project."
1,by knocking out the competition with 10% wallet transfer fees,Bitcoin,8,8,0,i wonder how much money they paid him. how do they expect to make it back?
1,"Yeah, but only for altcoins - not with bitcoin sadly....",Bitcoin,4,4,0,Some unnamed services already offer such services.
1,"too volatile, it will never last",Bitcoin,2,2,0,"This is not a chart of Bitcoin, but of Berkshire Hathaway. Nevertheless, it shows exactly a $14 asset can climb to be worth $250,000 each over time. Bitcoin might just do the same."
1,"Yeah, the Japanese economy is a model of growth and prosperity.",Bitcoin,2,2,0,"Exactly. The same way the USD, YEN, and pound were all destroyed by quantitative easing."
1,"Yeah, well I disagree totally.",Bitcoin,1,1,0,I agree totally.
1,Because economits have done so well controlling currencies,Bitcoin,2,2,0,We should not defer to Core on economics just because they're good at code and cryptography
1,I hear gold is doing well,investing,1,1,0,"With current market, what should I BUY? The market seems to be on a rollercoaster going up and down this year, how can I invest smart for short term and long term?"
1,"Oddly enough, $100 in Monopoly money is still worth $100 in Monopoly money today.",Bitcoin,1,1,0,"soon, Monopoly money will technically hold its 'value' better than fiat monies."
1,Sounds almost as safe as cold storage.,Bitcoin,1,1,0,Most of my bitcoin is earning interest on poloniex where people pay 0.1+% per day to use it for margin trading leverage. This works out to 40%+ interest per year. I think its quite safe as others upload millions $ worth on poloniex. And the loans are collateralized and they can't withdraw it off the exchange.
0,How many of minutes of profit is $150 million for Barclays?,Bitcoin,0,0,0,"CNBC: ""Barclays fined $150M in forex case, terminates global head of fixed income trading."" #bitcoin"
1,You Filthy Statist,Bitcoin,2,2,0,Anything less than 90 days ought to be illegal.
1,But but I heard opt-in RBF was developed in secret and quietly merged during a holiday!,Bitcoin,10,10,0,"BlockCypher (0-conf. 'confidence factor' service): ""We've been following the evolution of this patch closely, we're prepared."" -- In regards to 'opt-in RBF'."
0,I'm not worried then.,Bitcoin,1,1,0,I think only other digital currencies and gift cards maybe.
0,The government has always made up crazy arguments to justify their thefts and intimidation tactics.,Bitcoin,5,5,0,You know asset forfeiture has gone of the rails when they start using the same crazy arguments that sovereign citizens use
1,Poor reviews.,Accounting,2,2,0,why are you switching firms if you don't mind me asking.
0,So how is the FCC's test biased toward big cities?,Bitcoin,4,4,0,This one is also biased toward big cities....
1,Pretty sure OP is,investing,5,5,0,its up 80% since mid feb. kind of missed the boat.
1,Should have opened on 4/20,Bitcoin,3,3,0,OpenBazaar open for business!
0,"yeah, I think a better option is a money order.",Bitcoin,1,1,0,We're back to 2010 style cash by mail again I guess.
0,Did you miss that the bitcoin network is decentralized?,Bitcoin,1,1,0,How about a world war 3 / nuclear war?
1,I'm sure he will really appreciate some comment brigading about the positives of internet money :D,Bitcoin,1,1,0,This YouTube celebrity just posted a video about getting scammed by PayPal... (120k followers on how to make drones). Stop by and tell him about permission-less money.
1,"Maybe Bitcoin should be an open ledger, so no-one can hide",Bitcoin,1,1,0,German Government Tracks Bitcoin Transactions To Prevent Terrorism Financing
0,more like less overpriced,investing,1,1,0,Do you think they are cheap compared to 2055 prices??
1,"I hear ink is much less expensive than hashes these days, this may have merit.",Bitcoin,1,1,0,the printer always has more ink?
1,"Yeah, bigger blocks are a dumb move.",Bitcoin,2,2,0,I don't think there's enough space on this page to list how stupid it would be to switch to classic. As you are a Classic Promoter then I rather doubt there is any point in us telling you what you already know. Sorry but I think that most of the people here have enough sense to not be fooled by posters pushing to destroy bitcoin.
1,Why can't we have a lock as strong as the TSA approved luggage locks on our phones?,investing,1,1,0,"While public opinion may be divided on whether Apple should unlock one of the San Bernardino shooter's iPhone, Tech CEOs have come out in support of CEO Tim Cook's strong stance against the FBI. In an open letter Wednesday, Cook wrote, ""the government's demands are chilling... We are challenging the FBI's demands with the deepest respect for American democracy and a love of our country."" Google boss Sundar Pichai as well as Jan Koum, CEO of messaging service Whatsapp , are among those who have backed Apple's decision."
0,Never.Fuck.With.Em,stocks,1,1,0,"Thoughts on Airlines I own shares of JetBlue (JBLU), Alaska Airlines (ALK), and Southwest Airlines (LUV). They have done pretty well for me thus far. I'm thinking of investing more money into companies like Hawaiian Air (Hawaiian Holdings HA) or Allegiant (ALGT). I'm looking for your thoughts and advice on Airlines, which ones to invest in or if investing in more airlines is perhaps not a good idea."
1,I thought we just had to follow Tim Sykes advice and we would all be millionaires?,investing,2,2,0,"Have you ever met a successful day trader? To what degree are they successful? FI/ER? I am curious because the majority of my customers that actively trade, are complete morons who rack up commissions and would be better off holding long."
1,"It's just virtual money, backed by nothing.",Bitcoin,2,2,0,what a shame our rally had to add 50% to their sale price.
0,What other bullish news do we have recently?,Bitcoin,2,2,0,fuck man. the bullish news doesn't stop!
0,50c coins.,finance,6,6,0,by what measure ?
1,"""its a bubble!""",Bitcoin,9,9,0,Ledger is proudly hodling the Bitcoin balloon at CEBIT 2016
1,"Pssshhhh, next you'll claim there's a difference between crony capitalism and anarcho capitalism.",Bitcoin,0,0,0,from what I gather Sanders basically wants to turn USA into something similiar to the nordic countries.
0,God damnit China just ruining my day,investing,1,1,0,"I really hope that today is the day the link is broken. I think China risk is more than calculated considering last week. Currently futures look decent, let's see what happens."
0,"HCP, I believe it is damn near 8%",investing,5,5,0,Your favorite dividend stock? I'm looking for some stable large cap dividend stocks. I already have Ford and I think apple is a good hold and a safe bet for future dividend increases.
1,We better buy these RSK tokens asap to make the devs rich!,Bitcoin,0,0,0,Smart contracts are coming to Bitcoin via Rootstock and the private test-net is to be deployed THIS month!
0,"Nope, you are the idiot my friend..",Bitcoin,-6,-6,0,Idiots like you don't. All the rest of us recognise his experience and knowledge on the subject and very much appreciate his contributions and explanations.
0,@kraken_suspended ... Now what ... DID the Kraken investigation end?,Bitcoin,1,1,0,"RemindMe! May 1st 2016 ""Did Kraken investigation end?"""
0,The best advertisement for UBER is the average cab driver.,Bitcoin,1,1,0,It's like they're begging us to use Uber.
1,"Not a bad plan, but your should do a NASDAQ index!",investing,-1,-1,0,So what's he trying to say? Put everything into an S&amp;P 500 fund and forget about it?
1,But you can't kill what's already dead.,Bitcoin,1,1,0,Dead again. Time to change the bitcoin logo !
1,"I notice full time mom isn't on the list, probably because it's the hardest job in the world!",Accounting,8,8,0,"Tax Manager #2, Audit Manager #10 in Glassdoor's list of 25 Best Jobs in America for 2016"
1,Some men like to watch the blocks burn.,Bitcoin,1,1,0,Not really. I've been okay with how things are and have found the fee market exciting to see develop.
1,Great PR for Bitcoin to have this guy and Kanye using it,Bitcoin,31,31,0,"Martin Shkreli just paid for Kanye's new album with ~38,000 BTC"
1,"Yeah, IBM have never done open source before...",Bitcoin,2,2,0,If IBM opensourced that means whatever they were doing likely failed or the hardware is beyond the reach of an ordinary person. That's why picking through IBM code would suck
1,"Billions, not on Netflix but it's basically a documentary on life on Wall Street",investing,2,2,0,Best Investing Documentaries on Netflix? Title. Please specify if UK or US specific etc! Thanks.
1,He will make it greater,investing,6,6,0,But the wall is already great...
1,"Yeah, just ask about how it went in Chicago!",Bitcoin,5,5,0,That story you just told isn't actually what has happened in any of the countries that ban guns. They basically all see gun crime drop dramatically.
1,This minor utterance is proof that widespread adoption is coming soon.,Bitcoin,2,2,0,Also redditard culture to post about even the most mundane occurrences.
0,A prominent Nigerian prince emailed me a few years ago about a promising financial opportunity.,Bitcoin,1,1,0,"who is the most likely candidate for being ""Satoshi"" i know there have been many possible theories on who he/ or she might be..but who are some of the top candidates, what is the general consensus on who ""Satoshi"" is in your opinion"
1,But... But... He works at gamestop and recommends them to customers..,investing,4,4,0,Weird decision IMO. No signs that it will ever be profitable.
0,"I would say 70% of the religious folks, off the top of my head Practically all abrahamic religions",Bitcoin,2,2,0,"Percentage of people in a religion like that: 0.000056% But yes, let's continue to talk about it"
0,Maybe someone will donate less on his driving and more on his parking...,Bitcoin,7,7,0,So how would it work in practice? I have to follow you in order to donate?
0,"As I was no familiar with them until this moment, thank you though for changing that.",Bitcoin,3,3,0,Why not use lighthouse to fund voat development
0,Ok but if I want a movie it's between *Clueless* and *Boa vs Python 3*?,stocks,1,1,0,And award-winning shows made very recently.
1,"* Area 178 m2 aka 1,916 ft2 * Population 4 (2007) TO THE MOON!",Bitcoin,66,66,0,"A self-proclaimed micronation, a tiny island off the coast of Portugal, just made bitcoin it's national currency"
0,"as it is the software will dox you to any LE efforts, you have been warned",Bitcoin,3,3,0,"They are not targeting them (wink wink nudge nudge). I hope the PR game works, but there is no way that the vendors on there wont be 99% drug dealers in the first months."
1,blame hr...its always their fault,Bitcoin,1,1,0,"This whole ""blockchain-shhh-not-bitcoin"" language is tiring. FFS."
0,"I understand, just thought it was funny :)",Bitcoin,2,2,0,I just kept typing. I didn't know what to do.
0,Important != interesting,Bitcoin,-1,-1,0,"The exchange rate is one of the most important aspects of bitcoin since its utility is dependent on it. Bitcoin with the current market cap is not nearly as useful as one with 1000 times as much. Not to mention the credibility it gives Bitcoin, one of the hardest challenges to overcome at this point that is not simply fixable with a technical solution."
1,"Yeah, they're more like donators than investors, really.",Bitcoin,8,8,0,VC or companies investing money does not mean they control any of these companies.
0,"dude 40% isn't correction, thats a crash, correction is like 10%-15%",investing,3,3,0,"All these people claiming ""minimum 40% correction"" have me worried. Half my mind says ""IT'S LOW BUY MORE NOW"" and the other half says ""IT'S GONNA DROP SELL IT ALL NOW"". I invested almost a year ago and at one point was up around 5%, now I'm down 4.05%."
0,At least 1 mil of early coins is considered lost.,Bitcoin,4,4,0,"Today I realized there are some 460-500 people alive per bitcoin right now, and by the time the mining has finished there will be 524+ people on earth per bitcoin. 7.5 billion people alive now, 11 billion by 2100. Everything is rough estimate."
1,"No, there aren't any Bitcoin Improvement Proposal proposals for that.",Bitcoin,2,2,0,Are there any BIP proposals that incentivize full node operation?
1,That's the spirit,Bitcoin,0,0,0,Good thing we're nowhere near that point.
1,Regulatory reporting and Compliance probably....,finance,11,11,0,What area?
1,Soon to be going concern.,Accounting,1,1,0,Are there two people that are shadowbanned here?
1,"""Got rejected from dream resume booster, plz help.""",Accounting,9,9,0,Dream firm. Lol
1,Anyone who makes blanket statements doesn't know what there talking about,Bitcoin,1,1,0,Not sure why you're getting downvoted.
0,"There is also a search bar to explore thoroughly discussed topics and find relevant answers, use it.",Bitcoin,1,1,0,"This is a forum for asking questions, deal with it."
1,"No no no, it's not racist if it's against white people",Bitcoin,10,10,0,"Woah woah woah, cool it with the casual racism."
1,That's what they want you to think...,Bitcoin,3,3,0,My trezor arrived in usa without getting opened Nice try nsa but you missed mine suckers
1,this has nothing to do with bitcoin!,Bitcoin,4,4,0,Venezuelan Inflation Soars to 800%
1,"But, but, but-- you're going to miss it going to the moon any day now.",investing,2,2,0,"Looking to tax harvest on AMD, any downsides? Going to be exiting a few positions that I have done decent on, and would like to offset that by exiting AMD for the required 31 days. This should offset the gains I have in the other funds. I have not done this before -- is it as simple as leaving and re-entering the position 31 days later? As long as the fund doesn't jump in the 31 days, are there any downsides to this strategy?"
1,"Yes, we should definitely do this every time there's a contentious debate over a critical issue.",Bitcoin,1,1,0,New dev team
1,"Right, it's not like every new Bitcoin Core version has commits from hundreds of different people.",Bitcoin,3,3,0,"Me for instance. I'm not part of the bitcion-core power structure, so none of my commits will get merged in. Thats how it works with pretty much all open source projects. You have to hang out on IRC, so to conventions, have drinks with the current dev team, before anyone will take your changes seriously. Thats why I'm writing my own implementation of bitcoin in python called moneywagon."
1,"Maybe Kyle's talking about the Hoover wagon (or ""Bennett buggy"" as we called it in Canada)?",Bitcoin,1,1,0,"The comment ""replacing the carriage with an automobile"" implies that the horse is pulling the automobile."
1,"Totally a fad, everyones going to back to tacobell once the fad is over.",investing,19,19,0,Chipotle's business model is asinine and the only reason they've succeeded is that they arrived right in the middle of one of the most asinine dieting fads in history.
0,The only thing down this road is rabbits.,Bitcoin,1,1,0,We must go deeper.
1,Just giving you a hard time Forgot the,investing,3,3,0,Wut?
0,That Nathaniel Popper is so hot right now...,Bitcoin,6,6,0,Silicon Valley banks on Bitcoin as a way to overtake Wall Street
0,"Congratulations, Airbitz team!",Bitcoin,4,4,0,"AirBitz receives $450,000 seed investment from Block26"
0,a pending bitcoin ETF that's probably not gonna get approved,Bitcoin,3,3,0,"What is COIN ? One of the replies to a post I made said this ""COIN is going to make it easy for big institutions and average Joes to invest in bitcoin, even using retirement funds. Of course, GBTC already does this, but COIN is more direct and will get 1000 times the publicity."" Can someone tell me more about COIN. What is it? Who are they?"
1,I think we've already established the fact you can't promote a change until its consensus.,Bitcoin,-2,-2,0,This just shows you have no idea how Bitcoin works. Bitcoin does not establish consensus about mempool. It's not a fork.
0,"That made me chuckle, switching to iPhone instead of an Android based device ;)",Bitcoin,1,1,0,"Be warned, I was a windows phone user for years (I love the phone so no hate intended) but I switched to Iphone because of a serious lack in Bitcoin apps. (I heard with Window 10 coming this will be dealt with (universal apps))."
0,Can't forget the fedora...essential.,Accounting,5,5,0,Bow tie and suspenders
1,It's a tough one,Accounting,1,1,0,"So on the one hand you could work and try to find time to study for the CPA, and stack a bunch of paper in case you need to move in order to get your first public job, or you could not work, maybe pass the CPA quickly or maybe struggle and have to explain in every future interview what the hell you have been doing the past year or 18 months, have nothing saved, and then hopefully get a job making 56k or quite possibly less. Hmm...I have no idea what you should do."
1,Count me surprised.,Bitcoin,2,2,0,"It turns out the NSA was collecting voice calls, photos, passwords, documents, and much more (than only 'metadata')"
0,I want to try whatever he's been smoking...,investing,2,2,0,"It's simple. Communism is the stadium. The economy is just the team on the field. A nuclear war could break out tomorrow. Every single major city on planet earth could be destroyed. Our little blue spec could be plunged into 100,000 years of nuclear winter. Species could be decimated with less than 0.00001% of life remaining. And *none of this would do anything to halt the communist agenda*."
1,- Experienced coffee getter - Tick and tie expert - I love petty cash - Will work weekends,Accounting,2,2,0,"Experienced (1-2 years) audit people, can I get some examples of what you put on your resume for work experience/responsibilities? I want to update my resume, but I'm curious as to how you fine people have manifested your work onto your resume line items and need some ideas. thanks!"
1,"Yeah, that's what I said.",Bitcoin,2,2,0,And he doesn't have financial sense because he doesn't embrace bitcoin? Really?
0,"And the dominoes continue falling, is not so obvious by now where is all fiat debt heading?",Bitcoin,1,1,0,CNN: Puerto Rico just defaulted (First US Commonweath to default in history.)
1,utility companies since there will be more than usual overnight electricity usage,investing,7,7,0,How to make money off of Fallout 4 if Bethesda is private? fallout 4 is going to be the largest video game of all time. However the production company and parent are both privately held. Is there any way to get in on this boon?
1,Do you know how rare that fertilizer is?,Bitcoin,2,2,0,What about the pile of shit for $85?
1,It worked for the banks!,Bitcoin,1,1,0,Regulating Bitcoin Legitimizes a Treacherous Business
1,Congress ought to teach them a lesson by cutting their budget again.,Accounting,5,5,0,"Got to love the IRS At the moment, I am on hold with the IRS for the client. At this point, I have talked to 2 people for under 5 minutes per person and have been on the call for 2 hours and 50 minutes. Just loving life over here! Anyone else having to call that wonderful bureaucracy today?"
0,Sorta like how entry-level positions require 2-years experience.,investing,-9,-9,0,What jobs? It doesn't even make sense. You can't continue to be Series 7 certified unless it's actively being sponsored by your current employer. Source: Was Series 7 certified.
0,Shouldn't you have asked before the markets closed?,investing,1,1,0,"So, Greece.. Say I believe somewhere this weekend Greece and Europe reach another agreement, Greece stays in the Eurozone and they get back on their feet, for now. What would I invest in before the decision and is there a lot of money to make?"
0,Entirely doable.,Bitcoin,1,1,0,"A very simple, but not ideal, solution is to simply have Bitcoin banks like Coinbase that handle the vast majority of transactions off chain. These banks would then settle between themselves with large batched bitcoin transactions."
0,So why fuck changetip?,Bitcoin,1,1,0,Woohoo! Go Bitcoin! To da moon. This is gentleman. Yay!
0,"Yes, Satoshi used ""bloody"" once in a forum post.",Bitcoin,5,5,0,"And leaving aside the more complex theories, watch the bitcoin belle video in its entirety if you can stand it... Or jump to 31:55 for one example. Basically, he says ""Everyone continues to think too small"" about BTC in terms of viewing it as ""just"" a currency. The examples he then gives are basically document authentication by hashing onto the blockchain... Yeah, that is something no-one really thinks about, must be Satoshi! And the Turing complete thing that Szabo scoffs at but VaughPerling says could be achieved in a soft fork seems to just be parroting some recent posting by Jeff Garzik. And a minor point. The wired article has 5 quotes from Craig using the word ""bloody"" in emails. Has anyone ever seen that phrasing in any real SN emails? And PS, he calls bitcoin ""Bee Tee Cee""... FRAUD!"
0,"Suit be ready to talk, be enthusiastic.",Accounting,1,1,0,Big 4 office hours preparation I just registered for a Deloitte and KPMG open office hours at my school. The firms come to my school and students are open to sign up for a time slot to meet with the firms individually. What should I expect? How should I prepare? Should I wear business causal or suit?
0,6% with average rating,Accounting,1,1,0,First year B4 raises: What was your raise (%) at the end of your first year? Do associates get performance bonuses? Thanks!
0,You are correct.,Accounting,1,1,0,It actually means either twice per week or once every 2 weeks.
1,So you did it in private?,Bitcoin,3,3,0,I ended up giving the tip on his Google+ page
1,Oh man after this show comes out I'm going to get so much action!,Accounting,1,1,0,"Here is the trailer for ""The Catch,"" a new ABC show about a forensic accountant."
0,Im almost certain all this is a lie.,investing,-4,-4,0,"AAPL seems like a pretty good bet. As you said, you're young so you can afford to take risks. Just make sure you're always honest with yourself, and come up with consistent strategies. I was personally a very emotional trader, and made several good bets that payed off initially. It was easy to keep that way during a bull market, but during the bear market of 08, I got absolutely slaughtered. Actually to this day I have to be very disciplined in my investments to protect my assets from...well, myself."
1,I can't wait to use their great youtube app with this.,investing,1,1,0,"YouTube is launching a $10-a-month subscription option in the U.S. YouTube is launching a $10-a-month subscription option in the U.S. next week that will allow viewers to watch videos from across the site without interruption from advertisements. Why not just get AdBlock? Well, the service, called YouTube Red, will also provide original shows and movies, a subscription to the Google (GOOG, GOOGL) Play Music service and supports the newly-launched YouTube Gaming app. Is GOOGL coming to media market?"
0,"See you there, bro.",Accounting,3,3,0,Yeah to the 31st
1,But its down 60% in the past year !,Bitcoin,0,0,0,"Damn, only 582,000% ROI..."
1,Clearly were all node.,Bitcoin,0,0,0,I am not node.
1,Oh sign me up!,Bitcoin,2,2,0,What BitLicense application looks like. 2 months and $100k there.
1,Vanguard because everyone here recommends it and I follow the sheep.,investing,5,5,0,I'm going to put in $500 a month with an starting investment of $2000 at age 19. Do you guys have any recommendations?
1,"Jesus is coming back, its been 2000 years, but he'll be here any day now.",Bitcoin,1,1,0,"I hate to break it to those who live in hope, but you will never hear from the 'real' Satoshi again unless he is somehow revealed (which I also think is unlikely). It was never his MO to continue his work as Satoshi in the bitcoin project once it was unleashed and gained momentum. Once he was gone, he was gone for good."
1,Ye fuck the queen of Europe.,investing,1,1,0,"Europe is too unstable. Fuck the queen, invest in murica, usa #1"
1,"made $400 investment in BTC, now i have millions of dollars im afraid to touch",investing,43,43,0,"Risky moves you have made that were a success What are some risky investments you've made over the years that turned out a success. My money is mostly in index funds, but the other day I couldn't resist. I've been watching apple for a while and after watching the stock fall almost 5 dollars in a few days, I bought it around 125 a share. I put down 16,000 on it. I'm in it for the long run, not looking to sell for a while, but still feels weird as I never buy individual stocks. Apple is a different animal and if the iWatch is successful, who knows where this stock can go"
0,You'd be surprised what some of us have seen.,investing,1,1,0,"Well, why did you say ""50k + bank of America **checking**"" lol. I thought the same thing he did. All I could think of was: who the hell puts 50k in a checking account...."
1,Put 500MB and you get the infinite perfect blockchain!,Bitcoin,0,0,0,Bingo. 1 MB is baby shoes. 20 MB is business shoes. 40 MB is rocket boots.
0,There is always value in speculation,Bitcoin,1,1,0,Why is there value for NASDAQ in posting trades to the blockchain? The main novel feature that the blockchain provides is trustless accounting. Don't NASDAQ and their clients trust NASDAQ?
0,"well yeah, but people seem to be doing that and still getting banned?",Bitcoin,2,2,0,"Naah, it just seems that you should always withdraw the coins from coinbase to your own wallet before buying stuff."
0,oh to the moon then for sure,Bitcoin,1,1,0,They are now allowing 2 kids. Maybe it's time for Bitcoin now ?
0,CLTV is technically possible outside P2SH but sending to a version 1 address is safe.,Bitcoin,3,3,0,"Just to clarify, OP_HODL is only possible in P2SH transactions, or? There is no risk that I get a locked output to an 1abcd... address without noticing it?"
0,Competition has begun.,Bitcoin,2,2,0,callwithus accept bitcoin
1,"""His house""",Bitcoin,1,1,0,"If he were, I doubt the AFP would have raided his house like they did."
0,It doesn't help that most contributors actually do not care at all about the interface.,Bitcoin,4,4,0,"Patches are welcome, these are things that we all know, we all complain but nobody sends patches. Less complaining and more coding. Most core coders are figuring out way more important problems to keep the system running and scaling so the whole Bitcoin experiment won't collapse, sadly they're not the best at UI design/experience and they require help. Most UI/UX coders nowadays are web developers and when they take a look at a C/C++ project with a Qt based user interface they shit their pants and forget about all these things."
1,Oooh what a total lying bastard.,Bitcoin,2,2,0,"Liar and fraudster. I looked up his claims about how ""tulips keep the grass down around castles"" and there was zero evidence of it. What an odd thing to lie about."
1,No it started when they censored dogecoin.,Bitcoin,57,57,0,It's been going downhill ever since they started censoring Ethereum.
0,"I don't know what onename is; what does this mean for name-coin, if anything?",Bitcoin,3,3,0,Onename moving from namecoin to bitcoin blockchian
0,This appears to be a US problem.,Bitcoin,1,1,0,"So when are you, the Bitcoin community, going to wake up to the fact that you are under attack? You are. Four kinds of classifications designed to extract the maximum amount of money from Bitcoin holders in the United States. Numerous taxes and that's just in the English-speaking world. Australian banks sabotaging Bitcoin businesses. Plenty people involved with Bitcoin in prison or paroled (prison without the bars). When will you understand that groveling to the establishment for acceptance and approval of your severely-anti-establishment (and highly liberating) software project is only going to encourage the establishment to further kick you in the teeth? Sorry to bother you with the question. It's just a question that I've been asking yearly in various forms, simply to gauge how many of you have finally understood why Bitcoin was invented, and when you decided to leave the shackles (of your mind) behind."
0,In your wallet.,Bitcoin,1,1,0,Where do you watch transactions coming in? I've been staring at Blockchain today
1,"Yeah, because telling a payment processor that you are a money transmitter makes things easier.",Bitcoin,1,1,0,They accept bitcoin as a payment method and it would seem odd for them to not want to deal with bitcoin companies. You might have written your company's description in a way that makes it seem like a money transmitter.
1,"Sure, send those coins directly to the iTunes store.",Bitcoin,1,1,0,That's not a bitcoin transaction. Use bitcoin to buy directly from vendors accepting bitcoin.
0,This is actually good news.,Bitcoin,15,15,0,"um, did anyone else see that Illuminati eye on the economist article image?"
1,I guess there's *no such thing as black-hat anymore*...,Bitcoin,4,4,0,"The rules of bitcoin are what the protocol allows, he was only doing valid blockchain functions. If they weren't to be done they shouldn't have been allowed by the protocol."
1,Lotus Notes,investing,7,7,0,"Where does IBM make money? and what's their plan for the future? Anyone know? When you look at Oracle you know where they make money what their core business is, same for Cisco or SAP for example. But IBM is a mystery to me, it can just be my ignorance ;)"
0,I didn't give you permission to dress up as me for Halloween,Accounting,3,3,0,"I come every year dressed as a depressed 20-something who never gets enough sleep, hasnt been laid in months and just wants the pain to go away."
0,Well then sign me up!,Bitcoin,2,2,0,"Finally, there is a hotel on Danube accepting bitcoins, although you risk imprisonment when you try to check in."
1,Magic...or stock gnomes...or the alignment of the fucking planets.,finance,18,18,0,What do you think the real cause is?
1,Just shut the market down for a few weeks... that should fix it all.,investing,1,1,0,Shit just got serious : US stock market authorities have been forced to suspend the futures market on the Nasdaq index.
1,"Yeah I know right, Feathercoin to the moon",investing,0,0,0,I don't own Bitcoins
1,Let's all donate for a new design,Bitcoin,4,4,0,The design of r bitcoin is still the same... oh... we need a new design..
1,"Thank you, armchair doctor!",Accounting,0,0,0,"I think saying ""Hey, this has symptoms in common with ADD"" is perfectly valid."
1,Next time try not being a secret financial terrorist.,Bitcoin,1,1,0,"At least they let you keep your account. :) When they cancelled my last transaction they closed my account to boot. Spent a week or more trying to get a reason, but they never told me and started to just stealth close my tickets rather than respond. I'd had the account around a year, was verified out the wazoo, and did frequent trades with them solely for my personal portfolio."
1,"Pretty weird that this thread isn't banned yet, seeing as how XT is an altcoin and is off topic.",Bitcoin,27,27,0,Today I reread the whitepaper: The XT manifesto might not be that consistent with Satoshi's original vision
1,"Those are some compelling pieces of ""evidence""",Bitcoin,5,5,0,Here we go again... The New York Times thinks it's identified Satoshi
0,They're just pissed they've been scooped on the latest Satoshi doxxing.,Bitcoin,3,3,0,"Newsweek on Bitcoin: ""Did you mean bitch?"""
0,I think OP would have accounted for that simple error.,Bitcoin,9,9,0,That's because you can't see multiple colors on the same pixel.
0,Tell that to twitter Google Facebook bounties,Bitcoin,2,2,0,"Yeah man, sorry to bum you out, but $5k is a pretty good bounty. Bug bounty programs don't pay out anything close to a proportional value. Bug bounty programs are meant for people who want to establish careers as professional security researchers (or people who just want the badge of honor on their resumes). Bounties are not meant to make you a gazillionaire. The companies that operate bounty programs are purposefully attempting to avoid initiating a bidding war between themselves and black market buyers. You can probably tell there are Pretty Good Business Reasons to want to avoid that. Combined with the risk of selling exploits on the black market, which includes jail time, most companies believe a bug bounty program is enough to incentivize good actors to help them out. If you want to become a gazillionaire from a handful of exploits, you'll either have to exploit them yourself or sell them on the black market. If these companies were smart, they'd have their ""official"" bounty programs and unofficial black market buyers. This addresses both issues; it lets people who are trying to advance their careers do so and improve security at minimal cost to the company, and it also makes it so that people who are looking primarily for the payday don't end up causing substantive damage by selling to a malicious third party."
0,They can always rause the spread or bank fees and make people pay for their bad luck,Bitcoin,3,3,0,"These fines are big to the average Joe but when the money comes for free from the top, they amount to no fine at all or at worst a cost of doing business. The USD is a bit too easy to be used as a punitive measure. A fine in bitcoin however..."
0,no price rally with 1 MB blocks.,Bitcoin,4,4,0,Sinking Deeper Into the Red Zone: Historical Chart of Average Blocksize and Network-Imposed Blocksize Limits
0,"Shouldn't it be ""Transaction""",Bitcoin,2,2,0,Bitcoin as Layer 8 of the OSI Model -- Inspired by author and economist George Gilder
0,Time isn't real ain't shit on my wrist,Accounting,1,1,0,"Is a 3.5-3.6 GPA good enough for big 4 in toronto. coming from a target school with networking,and ECs? Many ppl say you need an A- others B+. What GPA specifically?"
1,I heard Donald Trump will 'make Bitcoin great again'.,Bitcoin,1,1,0,There's a lot of great papers out there that would be absolutely amazing to have in code... but as long as it only exists as an idea it will not gain any traction. Whitepaper AND code is what made Bitcoin great. Both on their own are not very useful at all.
0,Target date retirement fund.,investing,1,1,0,"I just opened a Roth IRA, what do I buy to forget about for 10-40 years? So I'm currently in college, and I just put 1000$ into my account. Should I just buy a DJIA, S&amp;P 500 index fund, or another ETF? I'm trying to just buy one so I can minimize condition. I might use this to buy a house in ten years, but I might just be starting my retirement right now. I already have a brokerage account for stocks, I'm not looking for $RLYP or anything."
1,"Markets are sinus curve, buy low sell high",investing,1,1,0,"why the fuck do people who know nothing about this think this is the place to put their money? I'd love to see an analysis of this. Its like moths to the flame, over and over again."
1,"Yeah, it is not like we have ever printed 3.5 trillion in a few months before",Bitcoin,2,2,0,If they print the dollar will lose credibility for sure 3.5 trillions is not trivial for sure especially if China convert that to Gold just after.
1,Great reasoning!,Bitcoin,1,1,0,"I have never met u/derpUnion, but I would say that the advice he just gave is some of the dumbest I've seen in a long time. It betrays a huge misunderstanding about what we're doing here."
0,nobody believes you,Bitcoin,-2,-2,0,"I've been posting here for the last two years. The angry mobs have demanded ""trolls"" be banned, price talk be banned, bubble talk be banned, dogecoin be banned, totes_meta_bot be banned, ethereum be banned, litecoin be banned, and on and on and on and on. It is mildly amusing to watch people get upset now that something they like got banned. I can't say I didn't warn you. Reap the whirlwind."
1,"Yes...but since it's down so far right now, it's a good time to buy in.",investing,2,2,0,SDRL has been one of those stocks that redditors love to lose money on. People have been talking it up all the way down.
1,you got to use,Bitcoin,3,3,0,I don't think you know how sarcasm works.
0,It *is* very pretty...,Bitcoin,12,12,0,The article points out that there are cheaper wallets... Why is this one so special?
1,that and Mexican food,Accounting,2,2,0,I always say I tend to set higher expectations for myself and I put a lot of pressure on myself when it's not really needed.
0,You shouldn't have high school on your resume still.,Accounting,5,5,0,Posting this because of multiple requests to see my resume
1,But *this year* is the year for Linux on the desktop!,Bitcoin,0,0,0,"No, I don't remember that. Since many corporations were using Unix/GNU, it's not a huge leap to think they would use Linux/GNU, where they can buy x86 servers off the shelf for dirt cheap instead of Sun machines costing many thousands. I do remember the Linux on the desktop movement, which never achieved anything approaching widespread traction."
0,"He's also banned terrorism, but enforcement is proving difficult.",Bitcoin,79,79,0,We will ban encryption!
1,Thank god there are regulators to help the market from grinding to a halt..,Bitcoin,1,1,0,"China Trade Halts Locks Up $2.2 Trillion of Shares, Freezing Market"
1,I guess he forgot to put an,Accounting,1,1,0,wait what lol
1,"Yeah, a bailout is a sure thing.",stocks,0,0,0,BTU is a very old company from 1889 and to be honest is a downright steal at the moment with the current low prices. Right now it is setting up perfectly for a bounce and should return to 5+ dollars within a few months. Same with NBG stock very old company from 1841 it dropped as a result of the troubles in Greece. But a bailout is due to be announced today/tomorrow and it is assumed that the bailout will save Greece and its banks. Now I am looking for one more stock to buy tomorrow.
1,You must have stumbled across a drug deal!,Bitcoin,9,9,0,I overheard someone describing Bitcoin's timestamping algorithm in a parking lot 30 minutes ago. That is all.
0,"Whatever you want since to calculate it you have to completely make up T, V, and U.",Bitcoin,1,1,0,"What is the fair value of bitcoin now, according to your framework?"
1,...and then sell their data mining to the highest bidder.,Bitcoin,1,1,0,Analytics Service Challenger Deep Aims to Be 'Gold Standard' of Bitcoin Data
1,Make sure to report it to IRS.,Bitcoin,4,4,0,Offered a Craigslist Auto Seller a BTC deal...he accepted
1,Downvote for forgetting the,Bitcoin,2,2,0,I send via Western Union bank to bank for free across the world. Last time I did this I got an email 30 minutes later telling me the money had arrived already. Not sure how it was that fast but it was. Bitcoin would have taken twice as long and he'd still have an asset class that he needed to exchange.
1,"but this guy is 23 years old, and it seems like he has *everything* figured out!",finance,1,1,0,"This author seems to think ""you have to be like me to be successful, so here's how to be me."""
1,"I'm going to leave this world and start living on the moon, if they take my rights for Notepad away",Bitcoin,2,2,0,"No, that is not the right approach. I would like to propose the NoteLicenceTM. Everyone who uses any kind of notepad obviously needs KYC/AML regulations on it. Fingerprints, $5000 fee, it also has to fill out the 50 page long application form... wait what? How is it supposed to fill out when at this point it is not allowed to use any kind of technology like this? Oh, I think you guys get the point ;)"
1,But it is a perfect market timing indicator!,investing,3,3,0,Isn't it kind of obvious that every crash is under the 200 day average.....?
1,That's totally not aml/kyc compliant.,Bitcoin,2,2,0,"I'm guessing $10,000 is too much to ask."
1,"gubmint bad, protest against gubmint good!",Bitcoin,-1,-1,0,Jesus do you even know what's going on and why this has been done? Almost everyone here including those in the affected areas are in support of this. And its only cellular Internet. Wired connections and non public WiFi is fine.
1,Bitcoinist doing clickbait...that's unusual.,Bitcoin,1,1,0,American Teen Sentenced to 11 Years for Helping ISIS with Bitcoin
0,"After all the shade thrown at private ledgers, here we are, with a de facto private ledger.",Bitcoin,2,2,0,Photo: On Scaling Bitcoin stage: People representing approximately 90% of the Bitcoin hashing power.
0,I still hate these shits.,Bitcoin,2,2,0,"Barclays talks blockchain, bitcoin and distributed ledgers | International Business Times"
1,Ya that volume is sure legit,Bitcoin,1,1,0,Bitcoin Price Rockets To One-Year High on Record Volumes
1,So let's do whatever we can to help China and Russia and the Taliban and Daesh and Iran.,Bitcoin,-1,-1,0,"I mean I see your point, but Snowden likely didn't have the opportunity to go after them, he didn't have access to China's secrets, he had access to the NSA's secrets. And while not everything in the breach should've been leaked, we definitely needed to know about the NSA's excessive information gathering."
1,"Well, cryptocurrency is firmly rooted in the belief that individuals are better than the masses.",Bitcoin,1,1,0,Manipulation of the debate by mods who do not want to tolerate dissent.
1,"Yeah, that's why this sub keeps shrinking",Bitcoin,0,0,0,Not many people left who actually want to use Bitcoin.
1,12M wallets,Bitcoin,1,1,0,There might be 12 M bitcoin users according to Wences... How is it determined? I read this on the live blog of the Consensus2015 conference in NewYork...
0,15 minutes,Bitcoin,4,4,0,20 minites
0,Is this what the btc-e troll box looks like?,Bitcoin,2,2,0,Bitcoin just hit 2000 yuan
1,Mike Hearn must have gotten a job recently at Bitpay,Bitcoin,1,1,0,BitPay is blacklisting certain bitcoins &amp; rejecting customers. I'm certain others are doing it too. Fungibility is most pressing issue IMO
1,They should know it only happened if the government says it happened.,Bitcoin,-1,-1,0,"This is getting a bit silly. Just because someone posts a long, bizarre story on a weed forum, it happened?"
1,So kind of like regular insurance?,Accounting,1,1,0,"Most firms have it but if you look into it, it's actually a waste of money and borderline scam."
1,"On the bright side, this introduces people to bitcoin!",Bitcoin,0,0,0,Looks like Ashley Madison Bitcoin extortion efforts are working
1,Got a problem with decentralized peer to peer moderation?,Bitcoin,1,1,0,"Haha, you mean the ones with the most sockpuppets decide?"
1,All shills who work for Yahoo!,investing,1,1,0,"hmm, maybe some people had issues. but i saw zero mention of that almost anywhere and there were a lot of people in that thread who watched it."
1,Fraud would never happen,Bitcoin,1,1,0,DocuSign &amp; Visa's Smart Contracts &amp; Payments Prototype using the Bitcoin Blockchain
1,"Right, I'm sure he wouldn't raise taxes.",investing,48,48,0,Bernie Sanders 2016!
1,"Lol, stop trolling this wonderful community",Bitcoin,0,0,0,"But, Ethereum is Bitcoin 2.0?"
1,"Yep, and I'm sure banks hold gold because they are interested in it's industrial uses.",Bitcoin,5,5,0,"Why would he talk about bitcoin? That's exactly the part of cryptocurrency the bank is uninterested in. It's all the rest, mainly blockchain technology the banks need to invest in (read: could try and corrupt) if they want to ride this cryptocurrency wave."
1,Geee what useless technology,Bitcoin,-4,-4,0,Tim Draper explains how blockchain technology will radically change venture capital.
0,that seems to be the only option I could see it as,stocks,1,1,0,Short covering? Only a mere 61% of the float short lol. Who knows. No news.
0,First step is to get the name right...its RSM,Accounting,9,9,0,"Just got offered a tax internship at the fifth largest accounting firm, McGladrey! Any advice on what to expect with having an internship at a midsize-large firm? The internship I got offered is a pretty decent gig. It is $26/hourly + overtime, full time. The internship takes place next summer. I'm trying to get some advice and to see if anyone has had tax experience....if you have any suggestions, let me know!"
0,"It's killer app is exactly what Satoshi said it was, ""Digital cash"".",Bitcoin,3,3,0,"Contrary to conventional wisdom, Bitcoin already has its killer application: store of value Bitcoin's censorship resistance offers up a usually overlooked advantage to all other currencies in existence: additional units cannot be arbitrarily created. 99% of everyone out there overlooks this benefit. Early in Bitcoin's history (first decade), its use case is not: * buying stuff * money transmission * smart contracts * remittance * tracking asset titles * programmability Rather, it's simple: it cannot be arbitrarily debased. Yes, it's volatile, but over the long term, it's volatile in the same direction--up. That's not to say that those other use cases won't exist. They will, sooner or later. But the *first* thing that needs to happen is a massive base of liquidity on the order of $100 billion to $1 trillion minimum. Only then can it become broad enough that transmitting $1 million of it from one place to another will barely move the price. I can't wait till the price is over $10,000/BTC and the pundits scream in puzzlement at how it's all a bubble since it lacks a killer app and ""you can't eat Bitcoin""."
1,"Thanks to Mike Hearn, we now have segregated witness!",Bitcoin,1,1,0,"The creation of this feature has nothing to do with XT, the fork, etc... It was already being worked on and investigated long before the squabbling."
0,I wonder how many in this sub who ARE invested in Bitcoin don't really understand the investment.,Bitcoin,23,23,0,"I am sure every one in this thread is going to pretend this means he couldn't figure out wallet software or something and just brush this off as ""lol, computer dummy"". Instead of what a real investor would really mean: How does this INVESTMENT work. Where does the profit come from? Why invest in this thing instead of other things? What is the structure of the investment. Bitcoin in and of itself doesn't generate any revenue."
1,"This is already ""priced in""",Bitcoin,8,8,0,oh shit. I better panic buy now.
1,I forgot my,Bitcoin,1,1,0,"strong consensus is not 'nearly unanimous consensus' and for this particular issue, i'd expect nearly unanimous consensus."
1,"Obviously, it is as simple as timing the market.",investing,2,2,0,"here comes the shit storm. Dow will close down 982 points from this wild, unexpected announcement from the fed."
0,Well congratulations mahfuckah,Bitcoin,12,12,0,It was me Approximately 6.5x365x265 bitcoin days destroyed
0,No it isn't... Starbucks killed it in 2015.,investing,0,0,0,The whole market is down since January.
0,and growing!,Bitcoin,3,3,0,Still less than 1%
1,Because publicity is bad!,Bitcoin,1,1,0,As much as I would like a rally... if FT starts pumping Bitcoin that might be the moment to sell..
1,I assume he turned your whole town into ISIS,investing,-4,-4,0,"Nope. The Saudi prince is actually well aware the oil will not last forever, so he is diversifying the kingdom's portfolio. Source: I live in a town that was revitalized by his investment in a semiconductor foundry."
0,I don't think so.,Bitcoin,1,1,0,Any products we can buy with bitcoin? Saffron? Or IT services for bitcoin? Etc?
1,They should make a contention policy asap,Bitcoin,2,2,0,They should open it up to the bitcoin community to edit
1,"You are right, Argentina is doing great",Bitcoin,1,1,0,"If socialism is causing Venezuela's woes, why aren't the 10 most socialist countries in worse shape? Perhaps the answer isn't just 'socialism'."
1,"Until RT reports it, it can't be true.",Bitcoin,3,3,0,Russian authorities propose 4 years jail time sentence for trading bitcoins
0,Do you need to own an iPhone/iPad to use the app?,investing,2,2,0,Was a user of Scottrade for years. Ditched it for Robinhood.
1,"Yeah, you try four decades of hookers and blow and we'll see how quick you are then.",Bitcoin,2,2,0,"Thanks, Operation Choke Point! Thank god the people in charge of the prevailing corrupt system are so dumb."
1,[REDACTED],Bitcoin,2,2,0,move on to what?
1,"Coz we're cutting edge bitcoiners, not marketers",Bitcoin,1,1,0,Why not just give $25 to both parties? That would likely bring in a ton of new users.
1,"But you could get an iMac in different colors, so your argument is invalid.",investing,1,1,0,You know apple was a horrible investment most of the 90's and would have went bankrupt if not for Gates ego investment.
1,"Who the fuck needs bigger blocks, right?",Bitcoin,4,4,0,The One Chart that Tells the True Story of Bitcoin this Year
1,Any reason why I shouldn't sell all my BTC and pick up GBTC at $60 per coin?,Bitcoin,1,1,0,"SO uhm, massive *massive* arbitrage?"
0,"So what, we stifle innovation to cater to ""investments""",Bitcoin,1,1,0,Unfortunately China has a significant investment in Bitcoin and mining.
1,yes because anyone that buys netflix is an idiot,investing,1,1,0,"The're a serious force, just look at Tesla, GoPro, Shake Shak, Netflix, etc. The honestly might have a bigger impact than any of the other groups (except maybe activists)."
0,"As the others are saying, this isn't really much of a drop.",Bitcoin,1,1,0,"After celebrating the new highs, what's the deal with the recent sharp drop?"
0,"It's almost like Steve Martin in The Jerk, finding his name in the phone book for the first time.",Bitcoin,1,1,0,Oxford Dictionaries adds definition for blockchain
0,"Thank you for your concern, I will be careful.",Bitcoin,1,1,0,save this thread for later when you will remember my words: Coinbase is a bank and will seize your coins in any moment.
0,By 2035 99.5% of all Bitcoins will have been mined.,Bitcoin,3,3,0,2135
1,"Speaking of B4, what's the main draw of it vs smaller firms?",Accounting,8,8,0,Yes but do you know when I will hear back from the Big4 recruiter? I was thinking I might just track her address down and go to her house to make sure I'm still in the running. What you say?
1,But supply has to grow with the economy!,Bitcoin,2,2,0,"The real satire is a currency of with unbounded supply being considered valuable. I mean, wtf people....seriously!?"
1,I thought exchanges didn't have to pay tax?,Bitcoin,1,1,0,New Jersey Lawmakers Propose Tax Breaks for Bitcoin Exchanges
0,"No, because if the stock market goes into recession you get fucked.",stocks,2,2,0,Would options not be a good investment considering the leverage it gives me?
1,i thought all of his pieces were satirical...,Bitcoin,5,5,0,"That came from a satyrical piece he wrote. Which means, the statement was not to be taken seriously. I think we need a bot for every time this is posted."
1,You just make up the numbers until Excel spits out the number your boss wants.,investing,4,4,0,"DCF Valuation Help Forgive me for I am noob.. I am trying to value a company with discounted cash flow (DCF) analysis. I know the all the steps but I don't know where to find the information. Where do I find projected growth rates or more specifically projected EBIT, D&amp;A, NOPAT, change in NWC, CAPEX, etc.. for a company 5 years out? I say 5 years because I'm looking to discount to present value from 5 years."
0,"You shouldn't compare bitcoin's market cap to a country's GDP, rather a country's total assets.",Bitcoin,1,1,0,"Tajikstan's national annual GDP is $17B, you do understand that value would be at least the minimum market cap of the Somoni, right? Or do you want to share a source that puts the Somoni's market cap below 4B?"
1,It never happened...,Bitcoin,-3,-3,0,Wikimedia quietly removes Bitcoin donations from page as well as edit history.
0,Storj was before ChainDB,Bitcoin,1,1,0,is this in response to ChainDB?
1,"your doing it all wrong, when prices drop you supposed to sell",investing,2,2,0,Don't trade. Buy once or twice a year. I use sharesight to help manage my portfolio. It tells me if a holding drops significantly in a short time. In which case I buy more. Just set the dividends to reinvest and live your life. Few will get their money back for hours put in trying to time the swings.
1,Once there's finally a way to invest in the technology behind Bitcoin.,Bitcoin,4,4,0,How long till it's in the ticker line next to oil and the euro?
0,SUIT UP YOUNG MAN Good luck!,Accounting,8,8,0,Started a new job today!
0,Can we get a BIP to change the spelling of his name?,Bitcoin,2,2,0,"Meanwhile, back at the ranch Pieter Wuille is putting the final touches to the Segregated Witness test network."
0,Maybe you can find a really good RSS feed.,Bitcoin,0,0,0,Is there a site with all the best bitcoin headlines in one place? I really liked the 'Trust Machine' article from the economist. Whats the best of the rest?
1,Sure would be nice if there was some way to make this comment stand out,Bitcoin,0,0,0,One of our main communty volunteers kerneloops quit for personal reasons recently and decided to delete all his related accounts. We were able to recover stuff on ltb but the youtube stuff was all him. :/
1,"Yes, centralize all things!",Bitcoin,1,1,0,"Bitcoin Price Stability Here are some thoughts on solving an issue with price stability which could in turn have benefits in getting more people interested in Bitcoin. The problem as I see it is that Bitcoins price is being controlled by a handful of exchanges that lack sufficient liquidity to provide price stability by themselves. What Bitcoins needs is a way to pool liquidity of all the exchanges so that Bitcoin is being traded on any given day within the same pool like the Forex market. The fact we can still have an episode where a rogue exchange like we saw with MtGox run Bitcoins price up or down on nothing but hot air is an issue that needs addressing. We have wash trading going on in China, we have spreads that go as wide as a full $10, think the Btc-e vs Bitfinex spreads we have margin cascades that run havoc with price we have thin liquidity to an extent that a person using very little funds and margin at their disposal can do as they please. Because liquidity is so thin on these independent exchanges the price is being moved around more like a penny stock pump and dump than a currency or commodity. I realize there will be episodes like in any currency or commodity where you see strong price movements but this will be done so in a way that is not exchange independent. There simply isn't enough liquidity at the moment for loosely regulated independent exchanges who offer margin products to dictate the price of Bitcoin. Trading Bitcoin day in day out can be a total snooze fest, I wouldn't see this as a problem if we pooled liquidity. Personally I can't believe the miners and the exchanges have not gotten together to address this problem which would not only benefit the Bitcoin ecosystem by attracting more users to Bitcoin by way of price stability and legitimacy. What I'm calling for is the centralized processing of orders so that price is being traded from the same page and not independently. I read a lot about the price of Bitcoin about how to get more people to use it and how to stabilize Bitcoins price which seems to be one of the biggest hindrances for people considering adopting Bitcoin. The price of Bitcoin is in the hands of fully independent thinly liquid exchanges offering margin products, well this for me is a serious issue that if solved will get a lot more people on board."
1,I hope he doesn't get two years in the gulag just for making that video.,Bitcoin,2,2,0,Famous Russian blogger Ruslan Usachev talks about Bitcoin English subtitles
0,"Burn their building down, that'll teach em to not tell you by Friday",Accounting,8,8,0,Whats The Best Way To Follow Up For PwC I was told I would hear a decision by Friday and it's Saturday now and I have heard nothing. I know I more then likely didn't get the offer because its been a week with no communication HOWEVER they were having another Superday on Friday and I was going for a tax position which not that many go for so maybe they were waiting to see more candidates before making a decision? Regardless they said by Friday and it's Saturday how do I sent a nice email asking what gives?
1,"Because rape is fun, right?",Bitcoin,5,5,0,NEO + BEE 1
1,But he totally didn't do that!,Bitcoin,5,5,0,And hiring people to murder.
1,forgot the,Bitcoin,1,1,0,Did you see Western Unions new Bitcoin Campaign? :)
0,The point is that you might lose more if bitcoin never gets popular,Bitcoin,1,1,0,"Variance is independent of expected value in this case, and a minor difference in expected value can make a huge difference when there is thin margins. Discounting it as noise shows exactly why Gavin should not be leading this charge so heavily."
0,Pulled right out of your ass.,stocks,2,2,0,You're going to have to wait about 30 to 50 years to see $100 again. Caveat emptor.
1,"No, but if you do that you'll be sent to gulag",investing,-1,-1,0,Did they also ban all trading on the NYSE?
0,Circular logic is circular.,Bitcoin,58,58,0,How can something already have 90% consensus if it hasn't been proposed and discussed? Does he want something to get 90% consensus magically?
1,Can't we all just agree that tonal bitcoins is the way forward?,Bitcoin,4,4,0,"Actually, there are one million bits in one bitcoin, so one million dollars per would equal one dollar per bit. If you wanted satoshi/dollar parity a single bitcoin would have to be worth $100million."
0,ah :) Thank you for the explanation!,Bitcoin,1,1,0,"Merge mining already exists .... NameCoin is the prime example. The main difference to what you sort of suggest is that there is effectively a floating exchange rate rather than some tied mechanism. My own view is that NameCoin is a vastly underused resource. It is already: * very established on the various exchange systems * designed as a key/data storage system which is the basis of almost all Bitcoin 2.0 requirements. * protected by a good percentage of the Bitcoin hash power * very short of developer resources, so a interested player could have significant influence in extending it in ways required for Bitcoin 2.0 services To me, that is a opportunity gradually going to waste."
1,"Great reply and explanation luke-jr, keep up the great work that you do around here!",Bitcoin,3,3,0,It didn't cover the fact that putting a full node on a VPS is worthless.
1,I bet you would like Alabama.,finance,2,2,0,"Cambridge university BA/MA economics, MIT HEcert international studies (basically awarded for a semester abroad, I mostly took sociology and econ classes), Cambridge University MPhil innovation strategy and organisation, Oxford University PhD Business. Recently unemployed... Fuck my life. Previously I worked for a start up, a year in academia and a couple of years as a consultant to a very small VC outfit."
0,Poor Tibanne,Bitcoin,2,2,0,Mt Gox CEO re-arrested in Japan
1,"Idiot, you need to wait longer!",investing,2,2,0,How'd all those GTAT bets work out?
1,Only Americans are allowed to have bitcoins.,Bitcoin,1,1,0,This is what I got after I logged in coinbase!
1,Statist shill detected.,Bitcoin,0,0,0,"If this guy is such a terrible scammer, why doesn't the FBI or whoever bring about charges?"
0,can you eli5 the chart?,Bitcoin,8,8,0,"Emotions and uncertainty are at a high right now, and there are traders looking to take advantage of that. Beware of manipulation! 20,000btc sell on Bitfinex was combination of 10,000btc short and 8,000btc long position being closed. ""Be greedy when others are fearful"""
1,"That's great, since I didn't end up needing to use any currency in 2014.",Bitcoin,3,3,0,"Bitcoin has been the world's strongest currency in 2010, 2011, 2012, 2013 and 2015"
1,I forgot that being pushed to only spending money on pure essentials are the goals of society.,Bitcoin,1,1,0,"People need to eat, live, drink and breathe. You will have to spend your money on essentials. The way it's supposed to be. Not waste it on luxury items that are wasteful. So there is no such thing as 0 investment. Unless you're a rock."
0,You never lost anything untill you have sold it.,stocks,11,11,0,"Everyone post how much money they lost today so I don't hate myself as much. 8% of my portfolio, gone."
0,Greek government plan: 1) Crash the Euro 2) BTC to the moon 3) Profit,Bitcoin,1,1,0,Greece government has been buying coins for a long time. Blockchain proves it!
1,UBS Coin to da MOOON!,Bitcoin,2,2,0,UBS Building Virtual Coin For Mainstream Banking
0,I never said it wasn't important...,Bitcoin,-10,-10,0,No the price is very important to the bootstrapping implementation of a bitcoin currency.
0,It's good for what I am going to do with it.,Accounting,1,1,0,I hope it's top tier
0,I'm talking specifically about Open Transactions.,Bitcoin,1,1,0,"Ok, yea, wait and see is a good mantra. More tools in place now, like the bitmex derivatives - this may change the setting no?"
1,"Obviously, uncapping the blocksize would have zero side effects.",Bitcoin,0,0,0,"With a 1Gb mempool, 1000 nodes are now down (compared to yesterday)"
1,"Oh wow a 30$ increase, must definitely be moon time",Bitcoin,2,2,0,"Yes Houston, We Are Ready For Liftoff"
0,its a great way to improve... But I sure don't love it by any means,Accounting,1,1,0,Love rejection - it's a great way to improve. All the best.
1,"yeah, inflating the currency is not a ""haircut"" for the pleb.",Bitcoin,2,2,0,You're wrong. This cannot happen in a country with a printing press.
1,This is definitely the beginning of the end of the nation-state.,Bitcoin,0,0,0,Trading halted on NYSE floor
1,Bitcoin Foundation,Bitcoin,2,2,0,What actually determines the Bitcoin price?
1,On wowwwww so rebellious!,Bitcoin,1,1,0,"New Bitcoin mainstream media mention: ""perhaps"" a new safe haven"
1,Thanks Obama!,Bitcoin,7,7,0,The Most Popular Bitcoin Dice Site Just Shut Off Deposits from US Players Due to the US's Legal/Regulatory Climate
1,"Yeah, while we're at it, let's all use floats",Bitcoin,0,0,0,"LOL. Python, a dynamic language with financials. Nice thinking!"
1,"Well Karpeles is in fact Satoshi, he started MtGox in order to sell his stash.",Bitcoin,11,11,0,We've come full circle.
0,$30M of that is to a company that has nothing to do with Bitcoin.,Bitcoin,-4,-4,0,$60M? \*yawn\* Bearish. :P
1,I guess this means that China unbanned bitcoin!,Bitcoin,4,4,0,Looks like the chinese wants to mop up all available bitcoins. 14usd spread between chinese exchanges and others. If it thightens up we will be seeing huge lift in price.
0,WTF is this shit.,Bitcoin,-1,-1,0,"Without us noticing, we are entering the postcapitalist era. At the heart of further change to come is information technology, new ways of working and the sharing economy. IMHO Bitcoin will enable that change."
0,It only works every time 60% of the time,Accounting,3,3,0,"Darn, I thought this sex panther was fool proof"
0,"If ignorance truly is bliss, you must be the happiest man alive :)",Bitcoin,0,0,0,"nah, i'm good thanks."
0,Excel demands you sacrifice marketing students to please him.,Accounting,14,14,0,"Excel is love, Excel is life"
0,"""Is this guy nuts or is there about to be some kind of techno-revolution?""",Bitcoin,4,4,0,"Nails it. Really gets rolling at the mid-way point. Every time I finish watching one of his videos I get more pumped up about what really matters: moving power to the end points. Audience seemed a little stunned by the end. Seemed like they may have been expecting the standard mainstream pro-blockchain, bitcoin-apologist pitch, they didn't know quite what to do with this version of bitcoin. Which is good - gets people actually *thinking*"
0,Does Peernova use Bitcoin's Blockchain?,Bitcoin,2,2,0,"Negative, Peernova is running the whole thing, they will be dealing with the specifics of ownership etc.. I've worked with them and I can assure you that T0 has no Counterparty involvement."
1,Blockchaindesk,Bitcoin,1,1,0,Is there a site with all the best bitcoin headlines in one place? I really liked the 'Trust Machine' article from the economist. Whats the best of the rest?
0,"I agree, we need more moon!",Bitcoin,2,2,0,You can't be serious. Do you think anybody is going to feel Euphoria at $300 when most of the remaining hodlers are strong hands that bought in from $500-$1000 per coin? Very few people are going to feel Euphoria even when we reach the previous ATH. We've been grizzled and a lot of us are still quite upset to be so far below our composite buy-in levels that we aren't going to be settling for anything less than moon at this point.
1,I received over $9000 from BlockStream for signing the roadmap.,Bitcoin,5,5,0,"This post only shows that the real ""roadmap"" here is for a group of people, mostly bitcoin core developers, force a ""consensus"", while they are being payd by a private company, Blockstream. That is a major case of conflict of interest, and nothing is being done or said about it. Coinbase is not alone going with XT. Bitpay, Xapo and many other important companies. Now It's their time to step up the game against this absurdity in the bitcoin world."
0,"Nope, you have a better chance with star wars figurines",investing,3,3,0,"Are gems (emeralds, rubies, diamonds, etc.) a good long term investment?"
1,"...bbbbut it's all about blockchain technology, not Bitcoin!",Bitcoin,2,2,0,And + banker altcoins price failure.
0,Quickly following G2A.,Bitcoin,2,2,0,Gaming platform Kinguin now accepts bitcoin payments
1,"Okay, checking their balance sheets right now.",Bitcoin,1,1,0,Check their quarterly balance sheets. They have to list liabilities. If the liabilities due to customer held funds is less than $2.7M this is guaranteed to be true. In fact I'd argue if it is less than $500M then it is probably true.
0,And IPv6 is a lousy design for IPv4 interaction or compatibility.,Bitcoin,1,1,0,"It's a non-issue, IPv4 is sooo embedded it cannot be replaced, upgraded or changed. The most IP6 could do/is doing is co-exist with IP4."
0,"Supply and demand, bitches.",Bitcoin,16,16,0,"Is there a proper explanation why the price jumped almost to $300? Hey, I was away for 2 months and had no wi-fi anywhere close to me. When I left the price was hoovering around $220 and now that Im back I see almost $300. What happened?"
1,You forgot to add the,Bitcoin,-3,-3,0,This is the type of reasoned argument we really need instead of technically literate people who are familiar with the technology and economics behind bitcoin discussing things on the mailing lists.
1,i was sarcastic,Bitcoin,2,2,0,dogecoin does use bitcoin blockchain
1,Yeah because you would normally buy gift cards for yourself instead of paying them directly.,Bitcoin,5,5,0,Bitcoin isn't being accepted at Starbucks or Target or WholeFoods. *Giftcards* are being accepted at those places. Fold sells *giftcards* for bitcoin at a steep discount. You are buying a product directly from Fold and paying in bitcoin. No middlemen are involved.
1,People can't decide for themselves!,Bitcoin,4,4,0,And some media outlet will believe that it is.
1,"It's a coup!, OMG, for the love of god, bitcoin is doomed!, sell all your coins.",Bitcoin,0,0,0,wtf is this shit? god damn bunch of fucking amateurs can't even release software.
1,This is freedom brought to you by the most free country in the world.,Bitcoin,10,10,0,The Most Popular Bitcoin Dice Site Just Shut Off Deposits from US Players Due to the US's Legal/Regulatory Climate
1,GUNS AND GOLD,investing,1,1,0,"Say the market crashes tomorrow...what do you buy? Outside the obvious answer of ""anything"", what are some good stocks/funds to buy in a crash?"
1,Well...he never registered for that NY Bitlicense thing...sounds like a money launderer to me...,Bitcoin,5,5,0,Any kind of legal trouble?
1,But what she's doing will help Bitcoin adoption more than NASDAQ using it!,Bitcoin,4,4,0,"The level of white-knighting is off the chart here or how being a cute female get 10 times more attention than average... *Now, ready to get downvoted into oblivion since I merely said the truth...*"
0,"Japan is like Americas lap dog, they will throw him to the wolves without question.",Bitcoin,1,1,0,"Yeah, I'm sure that if it turns out he's Japanese the IRS will be there. The IRS is only interested in American citizens and businesses operating in or through the US."
0,Except companies on stock markets do add value.,investing,3,3,0,A friend of mine once told me that gambling in vegas was risky. But I went there and played roulette and made like $200 bucks! My friend is such an idiot! Right guys???
0,What does it matter if it's content is 10 times better?,Bitcoin,10,10,0,"Like over 5,000!"
0,Looks like we'll be in profit soon :),stocks,1,1,0,I bought at 60 :(
0,"Cus we could totally gank their shit, noe wat i mean",Bitcoin,2,2,0,Won't we be able to attack/take-over their blockchain by pointing a chunk of the hashing power of the Bitcoin network at it? Or are they using a fundamentally different PoW algorithm?
0,You're quickly REGressing,Accounting,1,1,0,I AUD to know
0,"Yes, its the broken window fallacy.",investing,2,2,0,isn't this the broken window argument? Just because the money isn't going into oil doesn't mean it isn't going elsewhere?
1,I don't get it,finance,2,2,0,sarcasm is hard to convey through text. It seems like he was joking.
0,He runs tech for a corporation or school.,Bitcoin,2,2,0,A few thousand machines?????? Your last name isn't Gates or Ellison by any chance is it?
0,This is why currencies are preferred to barter.,Bitcoin,1,1,0,"True, but it's a far more likely coincidence, as all you need is fiat which people already have access to."
0,Who said anything about _2_ years?,Bitcoin,5,5,0,It has largely been a TERRIBLE way to save money for the past 2 years.
1,"Ya, it doesn't have ""bit"" or ""coin"" in the name.",Bitcoin,2,2,0,They picked such a bad name for this..
0,These will have to be replaced with software to have any sort of desirable future.,Bitcoin,1,1,0,...what?
1,"MyBitcoin, MtGox, and pirateat's got a good investment program going.",Bitcoin,1,1,0,"If you were going to store coins in cloud storage what site would you use? Hey guys, now i know most of you will say to avoid this option but i also have a couple of trezors. My idea is to disperse my holdings over these 2 and 1 cloud based. Main reason is that i dont want to put all my eggs in one basket and dont exactly trust myself 100% either so would also like to hold some with a cloud based option as well. I currently have some in circle, is this a good option or is there a better option people would suggest?"
1,"Yeah, you will have to wait till the market opens on monday",investing,5,5,0,Is it too late to buy Tesla stock? If so what would be a good alternative?
1,"Just don't forget to input the amount of bitcoins you'd like to receive each day, and press enter.",Bitcoin,0,0,0,I have a Raspberry Pi. Can I use it to mine Bitcoin?
1,"Yeah, a nation defaulting is not relevant for Bitcoin",Bitcoin,5,5,0,This post seems off topic. I don't see any mention of bitcoin in that article.
1,Always great to see facts backed up by ... facts.,Bitcoin,1,1,0,"Your argument is pathetic. The people who say that are a small minority of the ones who want a blocksize increase. (It's analogous to stating that all the muslims are terrorists) Leaving the blocksize limit where it is will seriously cripple the experiment though, that is a fact."
1,"2017: ""basically for 20% transactions costs because we use 1 MB blocks!""",Bitcoin,-7,-7,0,TEDx Talk - It's time to re-imagine money - bitcoin introduction (Youtube) - 10-Aug-2015
1,It's not corruption if it's legal,Bitcoin,4,4,0,Government corruption.... alive and well in the USA
1,TIL bitcoins aren't a unit of account,Bitcoin,2,2,0,Bitcoin index called 'stepping stone' for currency
0,We haven't quite reached the moons of Jupiter yet.,Bitcoin,21,21,0,Hoorray for Europa!!
0,"Don't doge the question, which alt will end up being a dog?",Bitcoin,3,3,0,"If Doge is wrong, I don't want to be right."
1,Banning things because they work better works very well,Bitcoin,11,11,0,Eugene Kaspersky: Cryptocurrencies Will Be Banned When They Unsettle National Currencies
0,"deny it all you want, matters not to me.",investing,0,0,0,"""clearly hyper inflated""..."
0,If no one is willing to pay for your product you don't have a business you have a club,Bitcoin,0,0,0,The point is that they're not even being allowed to charge a measly 1% on withdrawals. The company I'm working for has had the same kind of problem. Our users just want everything to be 100% free. How is that sustainable? Why should we develop the service if nobody will support us?
0,"Fair enough, glad to hear your financial situation is improving.",Bitcoin,2,2,0,"If you go far enough back, I don't even have a checking account! Funny how financial situations aren't stagnate."
1,Is it still illegal in Thailand too?,Bitcoin,1,1,0,Your information is inaccurate. Bitcoin is **NOT** illegal in Bangladesh. People just regurgitate misinformation.
0,I don't want this in Bitcoin.,Bitcoin,-18,-18,0,"Meanwhile, back at the ranch Pieter Wuille is putting the final touches to the Segregated Witness test network."
0,Reactionary decisions rarely create tranquility.,investing,1,1,0,"In 2008, I always wondered why my sister lost her job at Kodak because some bankers were selling bad mortgages. Everyone panics and loses their shit, and real people lose real things because of it. It's all ridiculous."
0,... Are you plugging it as a form of advertising?,Accounting,1,1,0,eFiling Portal
1,...says years of scientific evidence.,Bitcoin,3,3,0,"Regardless of your consumption, if you ever want to quit, vaping is the wrongest way you could do it."
1,"Yes, history is useless.",investing,-2,-2,0,This has to be the most ludicrously worthless article.
0,"If they could have fined bitcoin, they would have done so a long time ago.",Bitcoin,6,6,0,FinCEN Fines Ripple Labs Inc. in First Civil Enforcement Action Against a Virtual Currency Exchanger
1,"Right, because anyone critical of Anon is just a bigoted fool.",Bitcoin,1,1,0,Believe in that stigma you where presented about Anon
1,"I want a blockshare, this sounds like a great deal!",Bitcoin,1,1,0,"Head of FX at ADM Investor Services: ""Bitcoin is the 21st century equivalent of gold. It's a store of value."" BTC discussion a4:53 mark."
0,Casinos have better odds than penny stocks.,investing,7,7,0,"New to investing. Are penny stocks good? I am hoping to make some money over a short amount of time, like under 3 years. I understand long term is the best. What are some recommendations? Thank you."
0,Depends on what the warning read.,Bitcoin,1,1,0,"What do you mean ""last week no problem, only a warning""? A warning *is* a problem."
0,"notaries, payment channels and lightning",Bitcoin,2,2,0,Faster confirmation times: possible? Or is there a technological limit?
1,Downvoted for controversial/inflammatory remarks on this sub.,Bitcoin,1,1,0,David Cameron is Wrong About Encryption
1,"and when there is sarcasm to be had, you won't have it?",Bitcoin,1,1,0,"If you are giving people money to teach them a lesson the lesson shouldn't be ""this drops in value every day!"""
1,"But how could he be satoshi, his real last name isn't Nakamoto!",Bitcoin,3,3,0,Is Jim McCoy the real Satoshi Nakamoto? Bitcoin described in 2000.
1,What don't you know that government is by definition inept?,Bitcoin,0,0,0,"Well, that's not so horrible. There are lots of examples of government-run (typically municipal) Wifi networks, we have one in Minneapolis. If they're the *only legal* Wifi network is when it's disturbing."
1,"here, you left behind your",Bitcoin,3,3,0,Just like how lighthouse put kickstarter out of business.
1,What about without the hard r?,Accounting,7,7,0,Don't call anyone a fag or nigger
1,One day he will update the bitcoin forum.,Bitcoin,27,27,0,"Thermos is well insulated. It keeps the tears of the community warm, for later consumption."
1,Don't you know how easy it is to become a CPA?,Accounting,27,27,0,Give someone a Reddit account and they become tax experts
0,Stop thinking what you're thinking.,Bitcoin,10,10,0,What is the most powerful least power efficient Bitcoin miner. I know this sounds like a stupid question but I'm a college student and I live in a dorm and don't have to pay for electricity. Also I'm assuming they'd be a lot cheaper since no one wants inefficient Bitcoin miners due to them costing more to run than what they would make.
0,"You like your battery light, don't you?",Bitcoin,5,5,0,How Telegram users buy Bitcoin through Coinbase
0,"Well looks like I'm going to be looking for a new auditor, if this continues.",Accounting,2,2,0,We're just writing it off.
0,My bitcoin savings are paying off way better then any fiat i could have held.,Bitcoin,1,1,0,"Try Bits for saving Denominating my wallet in bits has been helpful for saving. I believe in bitcoins eventual rise to a million a coin. If that happens a bit will have parity with the dollar. So every time I skip spending $10 on lunch i buy Bitcoin with it, which is usually 20 or 30 thousand bits. It's easier to make the sacrifice when you begin to believe your chipotle burrito could eventually be a brand new mid sized car lol"
0,"Interesting, sounds pretty much like US sentiment.",Bitcoin,1,1,0,"Yes. Today there was an newpaper ad on the train mentioning ""Bitcoin's arrested CEO"" (Karpeles) and whenever I mentioned Bitcoin people think it got shut down, went bankrupt and the CEO was arrested. But with this and Rakuten considering it, that could change quickly."
0,What good do you think will come of you defending anything here?,Bitcoin,-2,-2,0,I'm defending the foundation not Peter V. how can you not see that this is clear from these posts? You realize we are separate people right? I have nothing to do with the guy.
0,I'm confused about this as well,stocks,1,1,0,Are you speaking about a specific stock or the compound that can be extracted from the plant?
0,Everyone is free to obtain btc we are witnessing the begining of the distribution phase.,Bitcoin,2,2,0,What is the future consequences of the concentration of Bitcoin wealth in the hand of few?
0,have the bitcoin core devs guaranteed to work on bitcoin in perpetuity?,Bitcoin,2,2,0,Who are the maintainers of that fork ? And have they guaranteed to maintain it for perpetuity ?
1,"Yea, this won't be a divisive conversation.",Bitcoin,1,1,0,what president are we voting for (USA)?
0,holy crap have you even read chapter one of Stocks 101?,investing,2,2,0,i'm actually going to wait 30 days and then buy back in only if it is at or below 100 dollars a share.
0,Censored in 3...2...,Bitcoin,19,19,0,Why is Bitcoin forking?
0,Arrested for whaling,Bitcoin,1,1,0,I heard he was arrested in Japan for stealing parts of the blockchain.
0,Best scifi film in a while.,Bitcoin,1,1,0,In this video he kind of reminds me of the guy from ex machina
1,...easy...,Bitcoin,5,5,0,"Indeed, however BTC deposits can be transferred to a gambling site, the winnings can then be transferred back to Neteller and are withdrawal from ATM."
1,"Get outside, talk to people, man.",finance,3,3,0,When you come in from outside maybe you could provide some evidence for that statement.
1,What a shitty store of value,Bitcoin,-4,-4,0,"Bitcoin is up over the last: 1h, 3h, 12h, 24h, 3d, 7d, 30d, 6m and 2y"
1,Thanks based World Patent whateverthefuck.,Bitcoin,2,2,0,Bitcoin Prices Up 20% Over Past Month Since World Patent Marketing Starts Accepting Bitcoin Payments
1,"that is why i love tax, i never have to use financial accounting, fuck credits and debits!",Accounting,3,3,0,"Debit, credit, what's the difference? Meh."
1,"But it's not enough that bitcoin should succeed, all other blockchains should fail.",Bitcoin,-5,-5,0,Bitcoin is just one use of blockchain. Super detailed article on the tech of blockchain and why it's bigger than Bitcoin
1,"Yeah, tyranny for the win!",Bitcoin,-1,-1,0,"""Democracy"" - Such a big joke."
1,Patent case from Satoshi incoming in 3..2..1..,Bitcoin,2,2,0,"Citibank Is Working On Its Own Digital Currency, Citicoin"
1,"Yes, just like they (of course meaning Obama) stayed silent on 9/11",finance,1,1,0,What does that even mean? Obama personally profiting? Why would he do that when he's going to make $100+ million on the private speaking tour after his presidency? Does he really want to sacrifice his legacy for this?
1,Using your phone's processor to mine for altcoinz,Bitcoin,9,9,0,Coindesk Android app is taking up a lot of my data plan..... what's up Coindesk?!?!
1,And bankers only want to safekeep our money.,Bitcoin,0,0,0,"*Erik, already is rich. He's building a service that makes coins people want to use/hold easier to access. Don't be a dingus."
1,Surely not a reason to increase block size..,Bitcoin,0,0,0,good thing the average person is constantly checking the mempool so they know when bitcoin is usable
1,People should put their savings into short selling the S&amp;P 500 to protect themselves!,Bitcoin,3,3,0,"One big question: Will stocks lose $10 trillion in 2015 or in 2016? - Not related to bitcoin directly, but if 0.1% of those $ goes to btc we might see price escalation significantly."
1,"fuck you, asshole.",Bitcoin,4,4,0,The Bitcoin Community on Reddit is cynical and jaded!
1,"Haha relevant username, my sides!",Accounting,4,4,0,Probably should enroll in a PhD program as you're woefully inadequate.
0,I will pick up 400 ish shares on Monday.,investing,1,1,0,Did you pull out of NBG this morning? Saw it at 1.29 this morning and couldn't resist. How bout you?
1,340GB blocks... would that be considered an altcoin?,Bitcoin,22,22,0,"Blockchain Scale Tests by (alleged) Satoshi! 340 GB blocks, 568k transactions!"
0,Your double negative threw me off.,Bitcoin,2,2,0,"No, that's the point. Tons of coins sold, price held relatively stable. This is a good thing"
0,1 Bitcoin each.,Bitcoin,1,1,0,those will be affordable to everyday casuals right?
0,He's known?,Bitcoin,1,1,0,It's just technobabble like Craig is known for. No content detectable.
0,Why would you compare exchange volume to P2P volume?,Bitcoin,5,5,0,"thats pretty trivial for an entire week, compared to 10million coins traded on just huobi this week. (hint: fake volume bots)."
0,"Couldn't PoS users be equally careless, and the fork becomes permanent?",Bitcoin,2,2,0,Time to consider Proof-of-Stake cryptocurrencies more seriously. PoW miner/user incentives are not aligned.
0,And at the same time considering/threatening/promising to ban encryption.,Bitcoin,1,1,0,UK Is Leading The Way To Become A Global Bitcoin Hub
1,I trust everything on newsbtc.,Bitcoin,4,4,0,VISA: Bitcoin is no Longer a Choice Anymore (newsbtc)
1,sounds legit!,Bitcoin,1,1,0,"Anon leaks keys, multiplier"
0,"Let's stop calling this a ""test"" and call it for what it really is: an attack.",Bitcoin,5,5,0,"CoinWallet Begins Pre-test of Bitcoin Network, Schedules Largest Stress Test to Begin on September 10"
1,if they can refund me those litecoins i got at 0.032 btc that would be great!,Bitcoin,-2,-2,0,South Korean Law Enforcement to Launch Investigations on Altcoin Pump-and-Dump Schemes
1,"well dang now it's forever on the internet so yeah, great job guy",Bitcoin,6,6,0,Fuck I'm definitely going to jail for that gram of weed I bought on Silk Road - these blockchain analytics tools are scary.
0,I think I've had worse job interviews.,Accounting,6,6,0,"To anyone that wants to become better at interviewing, watch this"
1,"Blockstream, obviously.",Bitcoin,5,5,0,Who would pay for something like that?
0,"lol i'm holding nflx,aapl,amzn,fb,dis :)",investing,1,1,0,"At 100x earnings I wouldn't hold it for five seconds. The stock price, as with Tesla, Facebook, Twitter and others, is completely detached from reality."
0,It kinda sounds like Chinese if you play it at 2X speed.,Bitcoin,4,4,0,I figured out why the price is going up
0,There's all types here.,Bitcoin,3,3,0,"Maturity level of this subreddit How do people feel about the maturity level here? I mean I realise this is a niche subreddit and it is a bit of a circle jerk, but I often see people talk of governments collapsing, banks collapsing, and a sort of elitism over people who ""just don't get it""."
1,"Aha, so that's why it's **always down** :D",Bitcoin,46,46,0,In .NET instead of python.
0,They have an affiliate program.,Bitcoin,1,1,0,Does Gyft have a referral system ?
1,Just look at the TSX listings,investing,0,0,0,"Is there an easy list of penny stocks available in Canada? I've been wanting to look through Canadian penny stocks, but I can't find an easy way to view all the penny stock listings. Should I just use a stock screener or something?"
1,"It's the DRM you've always dreamed of, and more!",Bitcoin,1,1,0,I have this game but i have no idea how to play it... eli5 anyone?
0,What companies are you looking at for this sector?,stocks,1,1,0,industrial warehouse space... you just wait
1,"At least she is doing this to help bitcoin adoption, rather than using it as a publicity stunt.",Bitcoin,2,2,0,Abby Scralet is London's first Bitcoin-only photographer: living for six months only on Crypto. Let's encourage her!
1,"Nope, only the ones that were at one point exchanged for pizza.",Bitcoin,1,1,0,thats cool. Can that be done to any address/unspent output/transaction?
0,So people can only buy from coinbase if they want to HODL not if they want to buy things?,Bitcoin,3,3,0,"Interesting. I transferred a few small amounts and a large amount to my own wallet on my own computer, and Coinbase asked me if I was transferring to another online marketplace on the last transaction. I answered honestly (NO) and haven't been shut down."
0,There's that too.,Bitcoin,0,0,0,"Sure, if you view ""Economics"" as a valid field of study. I sort of see it as a scammy propaganda field, because economic ""theories"" can't really be scientifically tested or proven."
0,You must live in a niiiice neighborhood,investing,38,38,0,Just realized this motherfucker lives in my neighborhood -- one block down.
1,Edward who?,Bitcoin,-1,-1,0,Edward Snowden on Twitter: Imagine if the government went after corruption as hard as it goes after guys who run filesharing sites. Priorities.
1,Great idea!,Bitcoin,2,2,0,I store them on exchanges. :D
0,Mycelium is android only anyway for iOS I think breadwallet is a good choise.,Bitcoin,0,0,0,Really? I was under the impression that it was offline? What would be your best recommendation for a mobile (iOS) offline wallet?
0,ITT: Overreaction.,investing,11,11,0,"U.S. gains 142,000 new jobs in September While U.S. unemployment rate holds steady at 5.1%. As expected?"
0,"Yeah, I like how you can edit a lot of those options.",Bitcoin,2,2,0,"Google+ is usually great with privacy: app says ""I want to see contacts in your circles"" and you click the edit icon and say ""you can see all the contact details in this empty circle, but nothing else"""
1,"thanks for your inspired and intuitive statement, it has been noted in the people of high regard....",finance,1,1,0,LOL MD INVESTMENT BANKING
1,But but marketeering and sales!,Bitcoin,2,2,0,Just give users complete [autonomy](https://airbitz.co) and privacy over their data by default. What's so hard about that?
0,Did you read the article?,Bitcoin,-3,-3,0,"I really hope a US state passes favorable Bitcoin laws that produce noisy business immigration into that state (i.e., the opposite of NY). This would set the stage for better legislation across the US."
1,You must be new here,Bitcoin,8,8,0,I haven't seen it go up like this before.
0,Banks are not hard money lenders.,finance,5,5,0,"No, it wont effect your personal credit, but thats mostly because no bank will lend to your LLC anyway."
0,It's a cool shape but those curves aren't naturally sustainable,Bitcoin,1,1,0,LaunchPad by lowstrife (tradingview).
0,Essentially.,Bitcoin,1,1,0,Two sides of the same trick coin
1,Nah I'd rather blindly promote bitcoin and see Greece as a miracle.,Bitcoin,14,14,0,"My heart goes out to the elderly in Greece. They are the ones most helpless in this situation. They can't work, move away, or anything. Many will starve, many will be emotionally broken, and many will die. That's the reality and it needs to be understood. Fuck the Greek leadership (and the people who voted for them) for allowing this to happen. The writing has been on the wall for a long time..."
0,Already reached 1M Zimbabwe dollar long time ago.,Bitcoin,2,2,0,Moon is $1M for me
1,Nahhh eBay was different man that was a P2P and B2P horizontally structured bring and buy sale,investing,1,1,0,A garage sale company... Hmm... Wonder how eBay got started.
1,I think I dropped the,finance,1,1,0,"Based on your answer above, I would advise you to not. It sounds like your interest is either very superficial or like you idolize the industry but have no idea what you're getting into. Finance isn't easy money - anything that pays well is usually difficult or requires an exceptional skill level."
1,Today was a real confidence builder of the US economy.,stocks,2,2,0,Dow just dropped 1000 after opening bell
1,Bitcoin needs more felons.,Bitcoin,-2,-2,0,"This entire sub has turned to shit. These people can't even appreciate what Roger has done for Bitcoin. If he wants to waste $100K on his website, who cares? It's his money. Sounds like a bunch of haters crying like little girls."
1,Lycos Instant Messenger,Bitcoin,2,2,0,What social networks use Java anymore? JavaScript on the other hand ...
0,Transactions aren't cheap.,Bitcoin,2,2,0,could blockchain be attacked by other means though? massive numbers of frivolous transactions? some form of ddos?
0,Can you scan checks on your phone?,Bitcoin,2,2,0,They can only pull of you pre-approve the individual merchant. Otherwise only credit cards are a pull system here. I guess we live in very different worlds. :)
0,It already is?,Bitcoin,4,4,0,Another step towards Bitcoin legalisation.
0,"Lots of trolls, kinda put me off tbh.",Bitcoin,5,5,0,Why is this sub so dead? There was way more activity in the past.
0,And yet btc-e still chugs along.,Bitcoin,12,12,0,"With Bitstamp down, who will be the next bench mark? Who's idea was it to centralize a decentralized technology? Everybody and their neighbor's cousin uses Bitstamp for price reference, i.e. Coinbase, LocalBitcoins, etc. Who will be the new price reference? While I am on this post, as a community, we really screwed up big time by centralizing our non centralized currency."
0,"Well, when inflation is 1-2%, then yea, it is adequate.",Bitcoin,8,8,0,"Yes, 1-2%. Totally adequate."
1,But I need more consumer discretionary!,investing,1,1,0,Fitbit IPO 6/18 anyone planning to purchase?
1,Sounds like freedom to me.,Bitcoin,14,14,0,PSA: The new Bitlicense regulations would cover localbitcoins transactions. Any person who is buying or selling bitcoins through localbitcoins can now be charged with criminal activity if they did not register with the NYDFS and pay their GoonSquad Mafia Fee.
1,"Hey, if the machine has to jack you off to obtain the sample, that might actually be worth it.",Bitcoin,3,3,0,He skipped the part where you insert penis into the machine for DNA sample.
0,"Umm litecoin is also on Huobi and every other big exchange in China , so ya they did.",Bitcoin,10,10,0,"Sure Litecoin, they mean you."
0,It will be as popular as diaspora,Bitcoin,12,12,0,Someone please build a decentralized reddit. kthxbai!
0,you tell us,investing,8,8,0,"But what if you invested in the 90s, cashed out after the crash because you were broke and had debts to pay, and invested back since then like this genius typing this comment?"
0,"0.25% per transaction, not huge but still a fee.",Bitcoin,0,0,0,Your bank account: The next thing to be obsolete. **Abra to launch in a few weeks
0,It always does when Bitcoin is involved.,Bitcoin,1,1,0,"Well, that escalated quickly.TM"
1,"Wow, that wan't racist.",Bitcoin,-4,-4,0,"So Bitcoin will choose 8 megabyte because archaic, superstitious Chinese believe this magic wonder number will bring them luck and wealth? So much for decentralization. I propose 4 megabyte just to make their superstitious minds bathe in fear and terror. If you wanted to fight against the centralization of Chinese mining now is your chance: 4 megabyte blocksize!"
1,"But hey, at least they didn't have to have those ridiculous private key thingies.",Bitcoin,2,2,0,"We have all seen how wonderful that idea is, just ask the people who kept their coins at mtgox."
0,"Yay people paid for their work, this is great!",Bitcoin,2,2,0,"Yay paywalls, this is good!"
0,"40,000 before 2018",Bitcoin,1,1,0,"What is your ""I told you so"" price? When are you going to gloat uncontrollably about the success or failure of bitcoin? I know you're all waiting to message every noob who ever doubted your highly informed opinion and rub it in their face. What's that price point? When do you think you have ""won"" and the debate between the failure or success of bitcoin will be settled?"
0,check out bitquest and you'll get it.,Bitcoin,1,1,0,what's the advantage here?
1,HEAD AND SHOULDERS BRAH,Bitcoin,2,2,0,Technical Analysis Is Bullshit
0,Yes but what's to stop that guy from sharing the decoded file later on bittorrent?,Bitcoin,3,3,0,"Is it possible to create a lockable media file that unlocks with a payment to an embedded crypto wallet? Let's say I made a low budget horror movie/porno, what have you. I would like to cut out any middle men by distributing it myself via bittorrent. Is it currently possible to create a media file that will play a trailer or a few seconds of the file, but will then unlock the full file with a payment to an embedded bitcoin wallet?"
1,"It's almost like they don't like to help destroy their own business model, mmmm.",Bitcoin,1,1,0,Yep banks don't like bitcoin. What else is new?
0,Don't forget the blue balls.,Bitcoin,3,3,0,"Frappachino's in every scene, frappachino's in everyone's hands. I want serious people making serious faces, drinking frappachino's while millions of dollars go down. I want Mark sipping frapps while coding, I want Shrem sipping a frapp while waiting for wire transfers to go through, I want shady Russian BTC-E admins sipping frapps, I want DPR at a Starbucks running his drug empire with a laptop and a frapp, I want their FBI in the listening vans sipping Starbucks muthafuckin-frappachinos! With like Al Pacino as one of the FBI guys giving motivation (except maybe he is different and is sipping espresso or one of our new flavors)"
0,He didn't give a timeline he just said its going to happen,Bitcoin,2,2,0,He last tweeted Uber is definitely taking bitcoin. Never happened
1,"Lol, good point.",Bitcoin,-1,-1,0,"Bitcoin has no intrinsic value since the value is in the transaction, not the bitcoin. For gold, the value is in itself. No transactions required. It has intrinsic value."
1,But their website says restaurants can't pay to help out their reviews!,Accounting,2,2,0,And a larger one if you want the bad ones to not show
1,Never seen *this exact thread* posted before,Bitcoin,-1,-1,0,"Bitcoin Elevator Pitch As a longtime bitcoin fan and advocate, I too often get asked the question ""Wait. What's this bitcoin thing again?""? As I think about it, I realize that it's a valid, and tough, question to answer. ""the next generation Peer to peer digital cryptocurrency"" works only with my nerdiest friends, and ""the future of money"" sounds generic. So, I ask the interwebs: Given roughly 30 seconds, how would you describe bitcoin to the uninitiated? An elevator pitch if you will..."
1,Oh then I guess it's okay.,Bitcoin,8,8,0,They partnered with Europol or whatever
1,...but people dont use sites like this because the facilitate credit card fraud.,Bitcoin,1,1,0,Brawker switches to Multisig transactions
0,"That's exactly what I needed to know, thank you!",Accounting,1,1,0,"Salary would be an operating expense, and would flow through down to the net income. I think what you mean is you want to take $80,000 in draws. Remember in financial/intermediate accounting, all of the net income flows through to retained earnings. In this case, the retained earnings is your own personal equity account. From this equity account, you can draw assets from the business (such as cash) which will in turn reduce the equity account. Let's use use a VERY basic example at the end of year: Cash 100 (Assuming everything is paid and received in cash) Net Income 100 Close it to equity: Net Income 100 Equity Account 100 Your Cash Draw of 80K Equity Account 80 Cash 80 Thus you are left with 20K of cash and 20K of equity. Remember, you will be taxed on the NET INCOME part of this (i.e. 100K since it is a flow through) and not the DRAW you take (reduction of equity AKA return of capital in the business). You can take that 20K you have left and use it as you please since you've already effectively paid taxes on it. Hope this helps."
0,BACK UP YOUR STUFF,Bitcoin,1,1,0,Cryptolocker Virus Hit my Buddies Business Like the title says locked his entire network up today with a $500 ransom that increases by $500 every 5 days. He's new to bitcoin so I'm helping him through the process. Will post updates here for anyone who is interested.
0,very interesting thanks!,Bitcoin,1,1,0,"Offline transaction transfers? I'm on vacation for the holidays and didn't want to buy expensive data roaming on my phone. I came across a couple of shops here in St. Petersburg, FL that accept bitcoin and was thinking to myself, why do I need an internet connection on my phone to pay? If my wallet app has the private keys and can create a transaction, the merchant pos system should be able to send the transaction to the network on my behalf. All that is needed is a way for me to transfer my transaction to the merchant's pos system, eg via QR code or NFC. Would this be feasible? I think NFC would probably not have enough bandwidth for a transaction so QR might be the better route. This also wouldn't work with multisig wallets but I still think it would be a neat feature to have."
1,Victoria Nuland will be chairing...,Bitcoin,2,2,0,"In September, Kiev will host the second annual Bitcoin Conference"
0,"start a bitcoin company and make something awesome, which gets reported in the news.",Bitcoin,26,26,0,"Hypothetically speaking, how would I crash the Bitcoin market? Say, if I wanted the price of Bitcoin to be like 2 cents so I could purchase a million of them and get rich when the price raises? Or is this not possible?"
0,Will be qBitcoins by then xD,Bitcoin,2,2,0,i hear you can buy space gold with space cash
0,I like the idea of more lawyers being in the Bitcoin camp ;),Bitcoin,2,2,0,Southwest Virginia law firm to accept Bitcoin for services
1,Would you call that a proof of stake?,Bitcoin,3,3,0,"Proof of cash - I asked a Greek supplier to prove liquidity with a Bitcoin address... they agreed. Something so simple isn't really possible with traditional banking systems without a letter from a bank, and even then the bank would need to issue the same letter every day for the same level of security, here's the story: A major supplier to my company is based in Greece which is obviously a major concern with the current economic crisis there. It's important for me to know my pre-paid orders can and will be fulfilled. So I asked my supplier to put eu50,000 into bitcoin and provide the wallet address. They've agreed to do so (although it is yet to happen) and they recognise the value of doing this for all of their international customers. For me this allows me to monitor an address knowing that it contains enough cash for the supplier to continue operating for 2-3 months. If I see the balance in the wallet dwindle I can ask the right questions and potentially order from an alternate supplier. Until I needed my supplier to prove cash reserves I'd never thought of this as such a valuable use of bitcoin. TLDR; Greek supplier agreed to stick eu50,000 into a bitcoin wallet to prove liquidity."
0,"Thank you, will do that!",Accounting,1,1,0,"For your sales rep description, use action verbs like you did below. Not just ""Customer Service."""
1,"No no, he's a great mod and didn't want that to happen at all!",Bitcoin,4,4,0,"Come on, you knew this would start an edit war."
0,How about we compare in 3 years and see who is ahead?,investing,1,1,0,"Compare your own portfolio over the last 3 years, tell me which had a bigger return."
0,"Sorry, I didn't mean to undermine what are clearly three very important relationships in your life x",Bitcoin,4,4,0,I buy my bitcoins for sentimental value. I'm a little offended that's how you think of them. There's 1EyyBYjepxN9jXHL1FhKS3RZUcudRuK2Gi and 1NRmBJHv7kJjaevd9Z3A1uNFutpSC5mpJr and little 1NRmBJHv7kJjaevd9Z3A1uNFutpSC5mpJr . She's my favorite and I would NEVER sell her.
0,Bitcoin's price is not perpetually falling.,Bitcoin,1,1,0,"Except this is false isn't it? Because the cost of getting into and out of exchanges on either side, and the dropping price during that time, means they'd lose far more than $5. This has been repeated over and over again and no one on here has managed to properly refute that Bitcoin is fucking TERRIBLE for remittances."
1,But who is going to build roads?,Bitcoin,18,18,0,How long will it take for humans to realise that bankers and government are the biggest disease in their lives.
1,wow this news should be on the front page!,Bitcoin,1,1,0,Federal Agents Charged With Fraud And Bitcoin Theft
1,Yes - it is just a fad like the Internet.,Bitcoin,3,3,0,"Could bitcoin just be a fad? What makes you think bitcoin isnt just a fad, that say, its going to become more popular in the future and not continue its downtrend? What gives you confidence? Peter Schiff has argued that its just a fad. That people will become bored of it eventually, and abandon it."
1,Does this mean that the US Government now accept Bitcoin technically?,Bitcoin,2,2,0,"Yes, great thing. Government is effectively subsidizing Bitcoin."
0,Copy and insert,Accounting,-1,-1,0,"What if you need blank rows in between 1,000 rows of existing data rows.. In that case, 1,000 times right-click will be time consuming."
1,"If only Midas was live, imagine the price of litecoin by now!",Bitcoin,10,10,0,"That's how you do it. Have a hiccup, and not only fix it, but come back better than before. Anti-fragile."
1,He probably felt bad about trying to have people killed too.,Bitcoin,1,1,0,"Actually he had a lot of trouble lying to the people around him and felt bad about it, and it led in some ways to his downfall."
1,"Yeah, it keeps me up at night.. i've not slept in 50years :]",Bitcoin,4,4,0,Do you have any concern about people using USD you pay to them to do illicit activities?
1,"Why does everyone keep misspelling ""Godvernment"" in this thread?",Bitcoin,2,2,0,A quotation from Frederic Bastiat
1,Let's open a thousand exchanges from moms basement.,Bitcoin,0,0,0,Free opensource Bitcoin exchange script RELEASED!
1,You swear you're not really an FBI agent?,Bitcoin,1,1,0,"Some of us are ladies, actually. ;)"
1,I can't give you an update either.,Bitcoin,1,1,0,update?
1,Because Silicon Valley really gives a dam about net income,Accounting,-1,-1,0,There is a mini backlash to open spaces now too . Really you need a combo of collaborative spaces and the quite rooms for concentration and rooms for calls and meetings. Of course accounting is slow so now they're all with open spaces to mimic silicon valley...
1,Using git as intended I see.,Bitcoin,35,35,0,Hi OP - We are aware of this. Some changes that have been made very very recently have not yet synced with Git. They will sync shortly. Thanks for being so alert! -BC.I Dev Team
1,"Bitcoin isn't viable, get paycoin",Bitcoin,-1,-1,0,"Microsoft, Dell, Newegg, Tiger Direct, PayPal, Expedia, Virgin Galactic, Overstock... You think they're on to something?"
1,ya i hope we run on steam.,investing,1,1,0,I hope in 25 years our cars a running on something a little more efficient than electricity.
0,Thanks appreciate the response!,Accounting,1,1,0,"It was worth it as the Big 4 name on my resume made me much more desirable to recruiters outside of public accounting. Also I was exposed to much more complex businesses and accounting, SOX, and more than doubled my network. Hours sucked more with multiple busy seasons and the focus was much more on auditing than accounting, which I found more boring, but overall it was worth it. I transferred in as a Senior 2. I was a Senior 3 before, so I technically lost a year, but I did get a $5k raise with the Big 4 compared to my national firm."
0,"Debt in fiat, assets in BTC.",Bitcoin,1,1,0,"If you are afraid that the value of bitcoins will go up, you can either hedge against that (buy call options) or you can borrow something else than bitcoins and then convert that to bitcoins (so your debt will not be measured in bitcoins but in e.g. gold/dollars/eggs or whatever)."
0,Log scale pls,Bitcoin,0,0,0,What does it all mean?
0,Fold-up-bike,Bitcoin,1,1,0,How is it with taking bike on bus?
1,Now there's a controversial statement.,Bitcoin,0,0,0,Karpeles says current exchanges are a disaster waiting to happen
1,Taxpayer money well spent.,Bitcoin,9,9,0,U.S. DOJ subpoenas website for identities of certain Silk Road commenters.
0,They really should make that more prominent on their site.,Bitcoin,1,1,0,There's a $25 limit per tip bro.
1,"Yeah, there's no such thing as ""network effect"".",Bitcoin,2,2,0,Make your own forum or subreddit. No one is stopping you.
1,"Yah, but atheists don't use money anyway, that in god we trust and all..",Bitcoin,2,2,0,The Bitcoin/Rationalist nexus.
1,"Ya, well enjoy your depression, lack of hair and no friends to talk to... [Cries a little]",Accounting,7,7,0,"Yeah but by retirement her boat will be slightly bigger than yours. Who's winning then? Enjoy your friends and memories, sucker."
0,"Well you are technically correct, which is the best form of correct.",Bitcoin,3,3,0,"There is no ""long term"" in Bitcoin. 5 years is nothing."
1,He's clearly trying to insult the character in the movie here.,investing,2,2,0,"Going to med school and you use the word ""retard"" as an insult? Come on man."
1,And drugs.,Bitcoin,5,5,0,This!
1,Any day now...,Bitcoin,1,1,0,GBTC Today? What do think would happen to the current price if this were to happen ?
0,multibit and campus wifi,Bitcoin,1,1,0,What software are you using? In theory you may be able to block some wallets but it would be very hard to block them all..
1,"What would Bernanke know about buying bonds, anyways?",finance,7,7,0,Former federal reserve chairman Ben Bernanke joins PIMCO as a senior advisor
1,"Lol, my head hurts ""real"" bad.",Bitcoin,0,0,0,Spent bitcoins? Expect a tax headache
0,in other words: popcorntime,Bitcoin,1,1,0,Time to get the popcorn ready.
1,wait i thought XPY made it all possible?,Bitcoin,1,1,0,Bitcoin has made all of this possible. PexPeppers Garden is expanding.
1,"No no, they'll just be rational and informed enough to vote for the right legislators",Bitcoin,0,0,0,"But people are going to be rational and informed enough to avoid it, eventually letting other services outcompete poorly run companies through market principles! Right guys? Right???"
1,But I thought bitcoin was anonymous,Bitcoin,10,10,0,Prosecutors Trace $13.4 Million in Bitcoins From the Silk Road to Ulbricht's Laptop | WIRED
1,"Yeah, he did absolutely nothing to actually earn that distinction...",Bitcoin,6,6,0,Hopefully on the grounds that his expertise is entirely self-styled.
1,And look what a great strategy that turned out to be.,Bitcoin,1,1,0,"His mom said he didn't do anything, until it became strategically necessary to admit in court that he founded the Silk Road. Only then did her story change."
0,I'm not using this app until it has six official confirmations.,Bitcoin,14,14,0,"Yes, everyone should wait till official confirmation from them."
1,"To complete the cycle, we should ban technology from bitcoin",Bitcoin,1,1,0,Keywords banned from r/technology; including bitcoin
1,Carbon credits are illegal too!,Bitcoin,1,1,0,"There are plenty of local / community currencies in the US, and have been for a long time. Moreover, in places like the US that don't have insane laws against barter any good can be good used as money. Arguing that there is so legal problem with Bitcoin would be like arguing that there was a legal problem with coal or any other good that people may trade for other goods and services."
1,It was like -5 yesterday lol Darn I better sell before I become mainstream,investing,2,2,0,Does that mean you are losing money now?
1,great logic there,Bitcoin,3,3,0,The replies in this thread are proving OP's point. If he wasn't onto something then this thread would be dead.
0,I'm sorry but I don't follow what you are trying to explain here...,finance,2,2,0,"Should build out with another line in excel. Makes it much easier to audit, if you have a line for gross, then have a row below adding one each year (using mid year convention) below the corresponding years out for the cash flow above it. Then have each discount rate in a column down on the left, typically show 5, spread at 0.5. Using 7-9 or 8-10% will be safe usually. Then anchor to that, and lock the row (E$54 for example). Calc once, right and bottom drag and all should calc. Then sum the rows. Learning how it works is more important than pressing IRR in a calculator. If you are ever calcing an IRR and are pulling that outside of a healthcare or Tech VC model-esque model it's not likely wrong..."
0,"No, it does not do any blacklisting, nor is the code useful for blacklisting.",Bitcoin,-3,-3,0,So it's an extraordinary blacklisting patch.
1,"I am so triggered right now, I literally can't even.",Bitcoin,2,2,0,We need to take to Twitter to promote @Foodler for this. Very offensive. Need to cause them some pain.
0,I don't understand why I get down-voted...,Bitcoin,1,1,0,ChangeTip Withdraw button is hidden. It took me more than 5 minutes to find it. Why?
0,"General fear not just of the people of Cyprus but globally, probably contributed.",Bitcoin,1,1,0,"You're probably correct, but if they bought even at the peak of that 'bubble' they'd be in good shape right now and immune to capital controls. That's amazing."
0,I'm in Canada and it doesn't work for me.,Bitcoin,1,1,0,what country is allowed to view it? nevermind .. canada works
0,Nobody drew any conclusions as far as I am aware.,Bitcoin,1,1,0,Is this how people arrive at conclusions? Check a website. Receive no data. Conclude no connected nodes. Post.
0,"So much good news, I'm waiting for the price drop!",Bitcoin,2,2,0,New firm headed by ex-JP Morgan superstar heading to take Bitcoin market cap to the trillions? SO.MUCH.GOOD.NEWS.EVERYWHERE.
0,"Keep talking, it's gaining traction.",Bitcoin,1,1,0,Which is why Gavin &amp; Mike are offering to allow users to decide for themselves by supporting larger block sizes with the Bitcoin XT fork. Anyone can write the block size logic and make it available for users to run; the hard part is convincing them to make the switch.
0,Saddest thing is: is anyone surprised?,Bitcoin,7,7,0,JP Morgan whistleblower witnessed 'massive criminal securities fraud' in bank's mortgage operations
0,Don't know why,Bitcoin,1,1,0,How would bitpay react?
0,It doesn't offer as much as others.,Bitcoin,1,1,0,"So peace of mind in reference to few bugs/errors, if any? For my time I just find Armory to a better choice, because of multisig and offline transaction signing. Honestly I don't know if bitcoin core wallet offers the same functionality, I'll guess I'll look into it."
0,I bet they moved their coins a lot but they cared not to move those we all identified as theirs.,Bitcoin,0,0,0,"It's f**king hard, why on earth you think satoshi didn't move his coins yet"
1,Bring on the red lists.,Bitcoin,0,0,0,"If you have a developer like Mike Hearn willing to firewall off the consensus, consensus becomes irrelevant."
0,Fast block propagation.,Bitcoin,7,7,0,Why is this needed?
1,Yay for money laundering!,Bitcoin,1,1,0,"Huge bitcoin potential in India! India is very diverse country. Culturally, politically, religiously, and yes financially! More than 35% of India's people live below poverty line, earning less than $2 a day. Unfortunately, there is not much hope for these people on the horizon, and there isn't much Bitcoin can do for them. I am going to talk about the other two categories who can benefit a lot. These are the middle class, and the filthy rich who have undeclared income/assets. In India, the middle class which is huge and growing, is extremely limited with their budgets. Usually only one member earns for the whole family. These families are further divided into lower middle class, middle middle class and upper middle class, with an annual income between $10,000 to $100,000. As your income raises, so do your expenses because of your social status. People in India are very concerned about their status, and its not uncommon for people to show off by borrowing out of their means. Especially in northern India, people will take out huge loans to buy expensive cars and huge houses, just so that they are seen as rich. Point being, the middle class is very limited with their budgets and that extra money can help them a lot! Now comes the other class of the filthy rich. These are usually businessmen who hide their actual income from the authorities in order to evade taxes. This is very very common in India. Just google ""problem of tax evasion in india"". These people have a lot of money as cash, usually stacked up in bank lockers. They are always on the lookout to park their money somewhere safe. Traditionally, they would buy up real estate in cash, and declare only a fraction of the amount paid as the sale price. But the authorities have recently started cracking hard on this practice. Other alternative was to park the money offshore using ""hawala"" transactions. But there is a crackdown on these too, due to concerns of terrorism funding. Most of the people in middle class are salaried people, employed in govt or private companies and their income is almost always 100% white (fully declared and taxes deducted at source). And a lot of the business income is black (undeclared). How can Bitcoin be useful? People with white money can (not very easily, but legally) transfer their money to international exchanges and buy bitcoins. People with black money can buy those coins off of them with cash, at a premium. Both the groups will benefit. At the end, people with lower income but white money will have a little extra and the people with black money will have a very fungible asset that they can transfer anywhere in the world. So whats the problem? Unlike China, Bitcoin exposure is VERY limited in India. My guess would be only 1 in 1000 have ever heard about it. So there is a need for better marketing in India. There is also a potential business opportunity of entrepreneurs in India, as most of the people are not that tech savvy to handle all this themselves."
1,Crazy penguin?,Bitcoin,5,5,0,And CP!
1,You forgot the,investing,-4,-4,0,This is silly... He should invest it in dogecoin.
1,Oops I should have marked my post,Bitcoin,1,1,0,lol the dude explicitly mentions other digital currencies as an option. how can it get more bearish?
0,Appreciate the advice; now to make capital gains!,investing,1,1,0,"Your broker withholds 30% on the dividend payments unless your country has a tax treaty with USA, there is no tax on capital gains."
0,Submitted 3h ago...,Bitcoin,0,0,0,stop reporting the same story...
1,"yeah, that makes sense....",Bitcoin,0,0,0,"He deserves them because their owners (parents) have decided he does. And, if he in fact doesn't deserve them, he will not be able to keep them. Money is not wealth."
1,There are non-combat films?,Bitcoin,1,1,0,Great movie. All future people I highly recommend it if you've ever used a computer or been interested in non-combat aspects of WW2.
1,"12345 abc123 pass 54321 ^ are all good too, at least you have a strong username",Bitcoin,8,8,0,"Most of my passwords are just ""password"""
1,Every bitcoin gets chopped in half lol,Bitcoin,1,1,0,"What is a ""halving""?"
0,Guilty of making the world a better place perhaps.,Bitcoin,2,2,0,Dude he was caught dead to rights. Due process only applies to what his sentence is. He's guilty as shit.
1,"To be fair, your account is only 4 years old and has only a few thousand karma.",Bitcoin,3,3,0,Fuck off. How's that for a bot? Clever fucking hipsters please Leave me alone
1,"I know, I hate successful people too.",finance,1,1,0,This list makes me literally sick.
0,Now you know how the rest of us feel when something is US only.,Bitcoin,8,8,0,Europe only :(
1,...and I'm sure Russia and China will be the ones leading the way.,Bitcoin,1,1,0,"All the coercion, pushing, and spying in the world will not save the dollar. The only way forward is a totally new paradigm: one that respects people's rights and freedoms, one that leaves the obsession to control and abuse behind."
1,"Ask him if he needs anything .... and by anything, I mean *anything* !",Bitcoin,1,1,0,"What would u say if u come across Roger Ver? Just as i wrote in the headline, what should u say or do u have some question for him? The below ones are the Chinese people's answer 1. Do you have a plan to built a few Bitcoin churches in China? 2. Is there a competition relations between Apple Pay and btc? How to improve the usability of BTC? 3. It's said u have hundreds of thousands of COINS, is that true? 4. Have u ever had the most difficult days?Or what help u out? 5. Have u thought about the partnership with any company?"
1,I think you dropped this:,Bitcoin,2,2,0,That is exactly what a paid shill would say and want us to believe (you got to be one since you are going against r/bitcoin mainstream).
1,"Yeah, open source programming would never work.",Bitcoin,1,1,0,"I think it does matter what people think that make their living working to make a product that people feel they are entitled to just because it is in a digital format. If someone takes Bitcoin from someone else is that OK with you? Bitcoin is digital and does that work into the ""nature of information"" model? I think some level of sharing is good but I know many professional musicians from bands I am sure you have heard of because they are all very famous that actually make less than a person that makes french fries at McDonalds because people feel entitled to steal their work and not pay for it. I am hoping that there will be a way for people to create creative works and set their own price and people will have to pay this price or not get to see or hear this content and people that find a way around this will be charged with petty theft because that is what they are ...thieves."
1,That would actually be good news too.,Bitcoin,1,1,0,"Cue tomorrow's headline ""Corrected Translation from Government Official: China Bans Bitcoin"""
1,Yeah but..... karma!,Bitcoin,3,3,0,This is the internet dude. Credit is silly.
0,Please define spam here.,Bitcoin,7,7,0,"It shows block sizes nearing the limit, but it makes no effort to measure the amount of real use in the blocks (as opposed to spam, microtransactions, testing, etc)."
0,Great question!,Bitcoin,0,0,0,"Where, I ask you, is the best list of Bitcoin resources (i.e websites, videos, articles) that one could copy and paste into a document for people new to magical internet money."
0,That's some top kek,Bitcoin,0,0,0,"Bitcoin is dying, and here is why!"
0,First quarter of this millennium...,Bitcoin,2,2,0,"Just emailed them. They said ""1st Quarter"" of this century, not this year. Not too many years left."
1,"So adorable, apparently Canadian children are just like normal children!",Bitcoin,2,2,0,"Ha, Canadian rainbow money :P"
0,That's the problem with decentralized systems like the Internet.,Bitcoin,15,15,0,It's being raided by buttcoiners. They're getting directly linked to here.
0,Your troll game is lacking,investing,1,1,0,No counterargument? Got it.
0,Umm... Khakis?,Accounting,19,19,0,What do you normally wear to work? Title explains itself. What do you wear and firm you are at?
0,This is huge!,Bitcoin,2,2,0,Stripe now supports Bitcoin for checkout
1,"In your Dropbox, duh!",Bitcoin,2,2,0,Then where do you store the password for the encrypted key?
0,"Did he say ""moon""?",Bitcoin,-8,-8,0,Looking before the Scaling Up Leap - by Gavin Andresen
0,Perhaps some minor/funny announcement...,Bitcoin,14,14,0,Correction: huge letdown on monday.
0,When is it available to buy on etrade?,Bitcoin,9,9,0,Bitcoin Investment Trust is now the the first regulated investment vehicle that allows FIs and individual investors to get exposure to bitcoin... Huge Congrats to the BIT team and Barry for all their hard work!! This is a big deal people
0,"Funny, but not cool.",Bitcoin,2,2,0,"and on their shirts in big letters ""pump n' dump"""
0,I'm told they're re-coding the PHP backend.,Bitcoin,0,0,0,Why do they need so long? Are they updating code. More details please.
0,This rash like... Is it gonna go away or should I see a doctor?,investing,-4,-4,0,"Daily advice thread. All questions about your personal situation should be asked here If your question is ""I have $10,000, what do I do?"" or anything similar. There is no single answer to this question, but we will also need A LOT MORE information if we are to give some sort of answer * How old are you? * Are you employed/making income? How much? * What are your objectives with this money? (buy a house? Retirement savings?) * What is your risk tolerance? (Do you mind risking it at blackjack or do you need to know its 100% safe?) * What are you current holdings? (Do you already have exposure to specific funds and sectors?) * Any other assets? House paid off? Cars? Expensive girlfriend? (not really an asset) * What is your time horizon? Do you need this money next month? Next 20yrs? * Any big debts? * Any other relevant financial information will be useful to give you a proper answer. Be aware that these answers are just opinions of Redditors and should be used as a starting point for your research. You should strongly consider seeing a registered financial rep before making any financial decisions!"
1,I hear the people behind Evo market have some they might want to get rid off...,Bitcoin,1,1,0,Buying BTC anonymously online I need a way to do this. I would prefer using a debit card or moneypak. I have cash but can't deposit it into a bank. Localbitcoins is not an option in my area. I live in the US of A. Ideas?
0,"7 (logged in, search history off, private results off)",Bitcoin,2,2,0,Which one of you fine people is the genius SEO aficionado?
1,So it would be dumb not to support their native monies,Bitcoin,0,0,0,And tell everyone that your bosses bar serves alcohol to criminals and drug dealers. Because they probably do. Without even knowing it. But that's besides the point if you want to be a dick. Just ask your boss.
1,Pay coin you say?,Bitcoin,1,1,0,"Anybody know anything about ""paycoin""? - seems to be performing quite well."
1,Ben Lawsky,Bitcoin,1,1,0,What is powerful enough to take out the whole internet?
1,Before or after the split?,investing,1,1,0,When I told myself AAPL wouldn't go too much higher and those arrogant bastards would never pay a dividend and sold it at ~$120 to pay off a tax debt...
0,Peer to peer mortgages that are verifiable on the blockchain.,Bitcoin,1,1,0,"My father is VP of a mortgage company, any ideas for his company to move into the blockchain space? So as i said hes VP of a mortgage company. Ive talked to him the past couple years about bitcoin and hes even bought some. Ive tried to think of ideas that his company could do to get into the space. Im just looking for a starting point to think on for his company. I'm not even sure if its possible for his company to survive as micro loans seem like there going to be the future. Anyways if anyone has hits of ideas i would love to hear them. Thanks."
1,Definitely the best way to attract women to bitcoin.,Bitcoin,11,11,0,This Is Gentlemen
1,Time to take a long walk off a tall building....,Bitcoin,4,4,0,OOO NOOO SOO DEPRESSING =[[[[[[[
1,It's amaaaaazing how much stuff you can do with ripples!,Bitcoin,1,1,0,"Ripple stole $600 million of bitcoins market cap in 2 weeks, is it a threat to bitcoin?"
0,"Whoa, meta.",Bitcoin,8,8,0,"""This is not something that I am going to change as it is not an issue and my identity is secure."""
0,Or it's an attack on scumbags who think it's a good idea to steal thousands of people's bitcoins.,Bitcoin,0,0,0,"This is an attack on the fungibility of Bitcoin. Authorities can create dark markets, bust them, send the coins to exchanges, and in short order take down the entire ecosystem with this 'fungibility attack'. They can threaten exchanges to lock coins. Encourage the building of dark markets that they really control. I know some refuse to believe these sorts of things would be done, but they have historic precedent, this is how our governments operate. They don't even have to do everything, they can encourage others at each point. Sadly I think the Bitcoin community though getting libertarian principle is a bit short on understanding the full scale of what we are up against."
0,You need to pay them...,Bitcoin,3,3,0,"Come on guys, just agree with me, I don't have time for all these rebuttals."
0,"write in your current occupation in resume as your ""movie"" title such as ""Too Big4 Her""",Accounting,11,11,0,"Will this affect my future career? I was planning on doing cam stuff with my gf and was wondering if this could possibly affect my chances of getting jobs in the future. I think my gf and I could make 100 bucks a day at minimum based on how well others are doing (we look much better, maybe 1-2 couples that are better looking). Thanks guys."
0,I can't tell if you have to try to make so little sense or it just comes naturally.,Bitcoin,10,10,0,I'm not really so sure about that. Basically test like crazy. Put some if...then condition set to a certain block height. Then be done with it. I do updates to things like databases that are over 30GB in size without downtime. That is far more like what you are showing.
0,Your loan price indexed?,Bitcoin,0,0,0,"My mortgage is a debt in fiat. What would happen if the currency inflates / collapses? Would I still owe the agreed amount, which would then be worth basically nothing?"
0,"Not meaning to divert off topic, but what do equity research analysts think about Damodaran's work?",finance,2,2,0,"Is there a lot of overlap between Penman's ""Financial Statement Analysis and Security Valuation"" and Damodoran's valuation books? I've read Penman's book, but I've never touched any of Damodoran's stuff. I do want to start reading some Damodoran. Can someone comment on: -which author is more ""relevant"" for today? -will i be wasting time reading Damodoran's valuation, having read Penman already? -I don't know where to start with Damodoran. I would prefer a more textbook styled book rather than a novel/narrative styled book. Is ""Damodaran on Valuation: Security Analysis for Investment and Corporate Finance"" a good place to start?'"
0,Why would this help push bond yields higher?,investing,3,3,0,The rise in hourly earnings and participation rate was especially nice to see. Maybe this will finally help push bond yields higher in a sustained fashion.
0,Too much cake?,Bitcoin,2,2,0,5 Reasons Why Bitcoin Is Big 1. Bitcoin is a game changer 2. Bitcoin is a game changer 3. Bitcoin is a game changer 4. Bitcoin is a game changer 5. Bitcoin is a game changer
0,From today it will fade and will be renamed **HandMadeInChina.com** ;-),stocks,5,5,0,"I mentioned this before and I'll say it again, maybe good as a short term stock, riding the popularity of the freshness of the company, though don't go in long. Having extensively used Etsy on the seller end, the company is bleeding out users as the original base has left due to unresolved customer support issues and large introduction of mass produced ""home made"" items as well as the rampant IP / Art theft by China. The fact that stockholders will now push the company even farther from the original userbase that made it what it is, will ultimately damage the company long term. Be careful."
0,Yes... but they have to find the holder through another method.,Bitcoin,1,1,0,Can they go to law enforcement and subpoena the holder of 1L2JsXHPMYuAa9ugvHGLwkdstCPUDemNCf?
1,Wait a minute... There was financial technology before Bitcoin.,Bitcoin,5,5,0,"""Bitcoin has brought a surge of new talent to the financial technology space."""
0,"Except I'm not, so just keep responding with more drivel you little gnat.",Bitcoin,1,1,0,keep on downvoting. it won't change the fact that you're consistantly wrong :)
0,What is Tipping Tuesday?,Bitcoin,1,1,0,Just in time for Tipping Tuesday. Well played.
0,"Stop spreading FUD man, you sound like an idiot.",Bitcoin,3,3,0,If you give me your address I can send you some tissues
1,Yeah rumour has it they only use Morse code over telegraph lines in those remote regions of Europe.,Bitcoin,8,8,0,Most Greeks don't have smartphones?
1,Let me just explain that to my granny.,Bitcoin,0,0,0,"PSA: Coinbase, Circle, et al. are convenient places to buy or sell bitcoins, not safe places to store them."
0,"Leave balance = any unused, accrued vacation time.",Accounting,1,1,0,Unfortunately I already left and all I was able to gather was my copy of the offer of employment and covenant of non compete. The offer of employment states how much PTO I receive and when it annually renews but doesn't specify about what happens when I leave. Guess I will have to wait and see if they add it on my final paycheck and will definitely take it up with them if it's not. What exactly is a leave balance btw?
1,"Qualcomm is a bunch of dummies, should have bought some altcoins instead.",Bitcoin,5,5,0,"The VC who are investing in Bitcoin startups aren't idiots. They will have thoroughly vetted a business plan before dropping $20 mill, much less $116."
1,"As someone from the US, what the hell is a ""milli""?",Bitcoin,0,0,0,"Yes, 30,000 bits is $10! Sounds crazy right? 30 mBTC sounds better, but needs a better name."
1,You mean quarterly bonuses?,Bitcoin,3,3,0,I hope these guys gets what's coming for them.
1,...So they shouldn't have an issue accepting bitcoin then...,Bitcoin,3,3,0,"""The way I view the Fed it's basically just like Bitcoin"" -David Andolfatto"
1,"Oh, now you've given away too much...",Bitcoin,10,10,0,Hehe. For the lazy: BIP38 password protected key.
1,Heard a lot of people are making money off those aapl 130 calls,investing,6,6,0,Start buying calls.
1,Bitcoin's dead,Bitcoin,2,2,0,'Cyber bank robbers' steal Money worth 4.3 Million Bitcoin!
1,But does he pay them in Bitcoin?,Bitcoin,0,0,0,And the guy is always yelling at his poor staff.
1,There's no centrally planned campaign against BTC.,Bitcoin,0,0,0,"""The only asset, and I use that word lightly, that's done worse than the ruble's 50 percent fall is Bitcoin..."""
0,"I call it ""saving"", which is what is really being done when people yell hoarding.",Bitcoin,10,10,0,deferred consumption.
0,True but I'm not seeing the relevance of this comment?,Bitcoin,1,1,0,SSL requires a trusted third party. The blockchain doesn't.
0,and remember to move the recovered coins to a new address.,Bitcoin,1,1,0,Use an HD wallet. Get shitfaced. Restore backup seed on new phone.
1,"Right, because options = Call / Put",investing,-1,-1,0,"Again, it's not relevant here."
1,"You just don't fully understand the vision, you're obviously not qualified.",Accounting,5,5,0,"Sorry, are you pitching your new venture, because if so you did a pretty poor job of it? Might I recommend you describe the problem, your solution, and why people will want to use it."
0,Socialism had nothing to do with it.,Bitcoin,3,3,0,When the Euro was first introduced I expected *exactly* this to happen and I'm quite surprised it took as long as it did. Having socialist countries trying to use a fiat currency that they don't control the printing of seems crazy.
0,jlaw+btc=happy,Bitcoin,1,1,0,The bitcoin fappening :)
1,mindblown.jpg,Bitcoin,13,13,0,"Am I wrong in thinking SilkRoad = Napster, OpenBazaar = Bittorrent?"
1,It's only $3bn,Bitcoin,4,4,0,"Yes, fuck analysis, we'll do it live!"
0,"Wait a minute, How did you know it was dark roast?",Bitcoin,1,1,0,Ahh - a dark roast fappuccino. Quite the connoisseur!
0,"Sorry, I was just taking this opportunity to wish you a happy new year :)",Bitcoin,2,2,0,Have I ever in my extensive submission history on reddit demonstrated a knowledge of another language other than english? The answer is no. I said in the original thread that the password is something I can easily remember.
1,Well this will certainly help with bitcoins shaky rep,Bitcoin,1,1,0,"Kidnappers in Costa Rica demand $500,000 ransom payment in Bitcoin."
1,What's a post office?,Bitcoin,1,1,0,This is also true for post offices
1,"Sure, only a few days' worth of lawyers' time... Peanuts.",Bitcoin,2,2,0,"I thought MSB licenses were basically free in Canada... you just need to go through the application process, but yeah, they're still not required in Canada anyways."
1,All the more important to repent.,Bitcoin,8,8,0,I think he's jewish?
1,Markdown doesn't provide them with the extensive redaction features they apparently need.,Bitcoin,10,10,0,Why do these minutes not live on GitHub? That way everybody could say the whole trail.
1,Can I run a public server without being on the internet?,Bitcoin,5,5,0,Is there some way to run a full node without opening ports?
1,"Those guys from that documentary, Inception something...",Bitcoin,2,2,0,"Read: after the heat death of the universe. (Joke) In honesty, is it likely that someone could decrypt his wallet.dat?"
1,"Mmmm might be a good investment, buy low ammirite?",Bitcoin,1,1,0,"PayCoin is down the most.... hahaha, that's perfect."
1,"Oh yeah, I'm sure that precipitous drop 24h earlier was just coincidence.",Bitcoin,0,0,0,"The price doesn't look affected now, so it's unlikely it'll do anything when it comes back. The only thing that might cause a difference in price is whether people are going to cash out in dollars or bitcoin, because there will be a lot of people cashing out of bitstamp."
1,"You can keep your doctor and..... the bitcoins will be returned, soonish.",Bitcoin,2,2,0,"Theoretical question: If all of this craziness is true and Karpeles is found guilty of running Silk Road, is it possible that the Silk Road Bitcoin could be handed out to people who had coins on Mt. Gox?"
1,All dangerous criminals.,Bitcoin,1,1,0,"Yes. Rosa Parks, MLK Jr., etc."
1,CLIMATE DENIER!,Bitcoin,0,0,0,"I don't know...I think this argument could go both ways. I see a bunch of irrational posts on here all the time that are pro-bitcoin. yes we wall want to be a groups we identify with. Some of use are in the pro-bitcoin group..some in the anti...and others just couldn't care less...they're not commenting at all I think we all have to be aware we have a little bit of this tendency in all of us, and try to have rational conversations when possible. A bit off topic, but i've also noticed espeically lately where folks will use ""science"" or ""scientist"" as one big group as if they all agree, and that if you disagree with someone, they'll point you to ""well x of y scientists disagree with you so you must be anti-science"" science should be about debating....challenging the common assumptions...yes challenging even the unanimous conscience of scientists who after all are also prone to the exact thing this video is addressing."
1,PM me the private keys and I'll grade them.,Bitcoin,7,7,0,I'm going to need my bitcoins to be MS67 or better.
1,I could build Counterparty in 339 lines of code.,Bitcoin,3,3,0,"No, he's really not."
1,"It's suspicious, but I don't know enough about anonymous hype shitposting to disprove it.",Bitcoin,6,6,0,Seems legit.
1,But thats the best way to scam... (evil grin),Bitcoin,4,4,0,It's really irresponsible of GAW to be taking on so many new scams without finishing some of their old ones first.
1,"Checkmate, Bitcoiners!",Bitcoin,1,1,0,Australian Banks Plan Billion-Dollar Upgrade to Allow Real-Time Payments
1,because correlation is causation,Bitcoin,0,0,0,This is what's up to your currency if you block bitcoin in your country.
0,"Well, In my opinion nobody ""should"" get more time what they've got no matter what they've achieved.",Bitcoin,1,1,0,"I think we can all agree that John Nash, Benjamin Franklin, or Leonardo Davinci in their prime are fantastic examples of humans who should get more time."
0,You cannot expect anything positive from someone who opposes encryption (privacy).,Bitcoin,2,2,0,Bitcoin does not use encryption in the protocol.
0,You're going to give your sister 1 fuck?,Bitcoin,15,15,0,"Gift - Created Vanity On Accident Giving some BTC to my sister, mom, and dad for holidays. While creating paper wallets to put in their stockings, I got lucky and generated 1FUCK..... Giving that one to my sister."
0,I'd be kind enough to give people updates every year.,Bitcoin,2,2,0,How does it work again? Remindme! 9 years ?
0,It better be worth it or they'll end up like the boy who cried wolf.,Bitcoin,6,6,0,"I have no idea but it seems really childish of coinbase to create a ""to the moon"" page with a countdown and no explanation. It's like Adam Guberuez and his attempts to pump the market. I wonder what their intent is behind this..."
0,This is why you include an offer to exchange for usd for up to one year or one moon.,Bitcoin,2,2,0,"Sadly, that's not how my brothers took it when I gave them some bitcoins last Christmas. They were like ""whut is this?"", which led to me having to explain it, which led to them asking ""what is it good for? why should I care?"", which led to me sounding like I was preaching... :/"
0,Chances are just as good that it's the thief that did the forwarding to *his* own new address.,Bitcoin,0,0,0,I think it's still a good idea for scenarios where a person thinks they might have exposed their private key but aren't sure. Revoke the address and all future deposits tumble to their new address.
0,WARNING: Always do Bitcoin to cash trade(or vice versa) in a crowded place,Bitcoin,1,1,0,Gunmen rob NYC man 1100 dollars worth of Bitcoin
0,"But still, what?",Bitcoin,-6,-6,0,Unfortunately it is still not available in my state... Not that that is directly their fault but still.
0,Oh THAT's the reason.,Bitcoin,41,41,0,Bitcoin spikes above $240 on Fed interest rate fears
1,I always only pay EBITDA for my takeovers,finance,3,3,0,"I think you are mistaking sales for market capitalization. For example, Apple's market cap is 736 B but its sales revolve around 182 B."
1,"Government doesn't need to regulate Bitcoin, the core devs are doing a great job at it.",Bitcoin,5,5,0,"Don't Stifle Bitcoin With Regulations, Canada's Senate Urges"
1,It's called being creative.,Bitcoin,13,13,0,You spelled the word edge wrong in your logo.
1,Yeah you know because Euros are helping them out so much right now.,Bitcoin,2,2,0,"Seriously, you don't wanna ""protect your savings"" using a volatile currency."
0,That escalated quickly.,Bitcoin,-1,-1,0,Spotify is accepting Bitcoin right now !!
0,Why would there be negative fees?,Bitcoin,6,6,0,"Hey. Its Michael from the article. On average the fees are from as low as negative 3% to +12-15%, and we are talking about btc-e exchange price. The cheapest option is always the one without a bank in the middle (cash). The most expensive would be fully automated service at the ATM. Commission also depends on the currency that you trade in. Hryvna would be more expensive, cash USD the cheapest. But trading in cash is not exactly legal, so you have to be careful. In terms of liquidity - i can get you almost any amount. I personally know a few local bitcoin millioners (in usd terms of course). And forget AML/KYC crap :)"
1,pretty sure there is an 18k BTC forum being built which is going to be *much* better,Bitcoin,9,9,0,So basically Bitcointalk. They have an army of developers that might be able to help.
0,The model 3 won't be out until 2017,stocks,1,1,0,They also have a cheaper model (~40k$ IIRC) coming out in 2015 sooo you don't have to drop $98k+ to get one
0,"This sub has pretty well known for vote brigading, nothing new.",Bitcoin,2,2,0,"Starting to become like the Yahoo Finance message board,(Troll Heaven)."
1,Paul Krugman,Bitcoin,3,3,0,"Who writes the most intelligent, well-researched articles on Bitcoin regulation and legal topics?"
0,"Still, he basically said it's better.",investing,1,1,0,There are hundreds of people extolling the virtues of owning (and dozens of them here). OP is providing a counterpoint to show that home ownership isn't all rainbows and puppies. He's not obliged to provide both sides of the argument.
1,"Don't worry, someone else will build them",Bitcoin,1,1,0,"There don't appear to be *any* structures on Liberland when viewed on Google Earth. There are a few orchards or something, and that's it."
1,"Yeah, because appealing to The State for dispute resolution **always** goes off without a hitch.",Bitcoin,0,0,0,"If there was actual, physical proof of that, there would have been lawsuits."
0,Rub3x is a huge troll; killing two birds..,Bitcoin,2,2,0,Paycoin is a big Scam. just search reddit or bitcointalk.
0,never forget your roots....,Bitcoin,4,4,0,I'll stop buying off-brand ramen and buy the real thing
1,nooooo why you say that,Bitcoin,6,6,0,"So you came here.... to tell us you'll answer questions but only on the forums you restrict, control, and censor?"
1,10 minute old account; sounds legit.,Bitcoin,0,0,0,"I still feel so frustrated about the price, even though I believe that Bitcoin is Great. Each time I open app, I find that the price is lower than last time. It's so frustrating. It's clear that I should be far away from Bitcoin news so that I can keep spirit calm."
1,50 btc and it crashed the market!,Bitcoin,2,2,0,Is there an estimate of how much people actually gave that scammer?
1,Yeah they will probably add two Bitcoin clones because they are so useful and not redundant at all.,Bitcoin,8,8,0,"The rocket is going to blast off and plant 2 more flags on the moon, guess which 2"
0,ELI5 Google Now?,Bitcoin,3,3,0,Google Now adds Coinbase integration.
1,Major economists have recommended toilet paper as a hedge against inflation.,Bitcoin,3,3,0,Bitcoin outperformed by toilet paper shares
1,Showing Bitcoin store of wealth quality against FIAT is definitely a waste of time,Bitcoin,4,4,0,This post is quite off-topic. Who really cares about the BTC price in that country? And it's a non-sense to compare volatility between BTC and a lost fiat currency. Is like comparing math with toilet paper.
1,"Thank you for using all-caps, just in case someone missed the first post of this announcment!",Bitcoin,1,1,0,PEACHDISH NATIONAL MEAL KIT DELIVERY SERVICE ANNOUNCES ACCEPTANCE OF BITCOIN
1,"Dude, its not like Bitcoin is going to be affected by rumors.",Bitcoin,2,2,0,"Erm, while I respect them for going after confirmation, a professional journalist wouldn't publish a teaser piece like the at all. It's particularly dodgy behaviour when you're reporting on a volatile financial instrument."
1,Guess that's the end of the USD/Euro and several other Forex markets,Bitcoin,13,13,0,Forex Investors May Face $1 Billion Loss as Trade Site Vanishes
1,I'm sure both of them are unaffected,Bitcoin,2,2,0,Wartime for Bitcoin
1,Wow that's fucking justice.,Bitcoin,2,2,0,"88-year-old man fined $12000 by the Canadian Revenue Agency, for omitting a small pension."
1,Should've put a,Accounting,4,4,0,It's over. Your career is finished.
1,Yeah just like dollars and cents are extremely complicated,Bitcoin,3,3,0,That sounds very complicated.
0,Me and a 'friend' will be on later ;-),Bitcoin,5,5,0,So where is the Streamium porn already? This is inevitable; I'm surprised I've not seen any yet...
0,To use bitcoins you have to create an accoubt(our simple form hasn't been setup yet),Bitcoin,0,0,0,"I tried it, and all I could see was the fields for specifying credit card info."
1,Well then it's set in stone,stocks,1,1,0,up 13% today even with a bad market day.
1,You're damn right it does ya shitlord,Accounting,2,2,0,Geez...You act like he asked her to get him a sandwich. No need to be overly sensitive. My wife has a career that helps people and I help companies (so people indirectly). Does that make me a sexist?
0,Who will tax cash?,Bitcoin,6,6,0,Like asking who will tax bitcoin or tcp/ip. There is nothing to tax.
0,FUDding intensifies.,Bitcoin,1,1,0,Decentralized Malware on the Blockchain
1,Because no-one is using Bitcoin anymore,Bitcoin,1,1,0,Are we still spamming the network or why did we get a new ATH in transactions yesterday?
1,"They don't, everything is working just fine.",Bitcoin,2,2,0,"Why does Greece need Bitcoin? Hi, I'm not a buttcoiner. I'm (rather heavily) invested in Bitcoin. But I really don't get why a lot of people here seem to think bitcoin can help the people in Greece. I thougt the mantra here was ""Only invest what you can afford to lose"". Isn't it much better to withdraw cash, maybe even buy some other big currency as USD if you're afraid the euro wil crash, than to start gambling with crypto currencies? I seems obvious to me Bitcoin is a long way of being a stable store of value. So what am I missing?"
0,Yahoo Finance is a great app.,stocks,2,2,0,What apps do you guys use to monitor your shares? As the title asks...
1,"Great, I love how accountants are still portrayed as nerdy virgins with pocket calculators.",Accounting,2,2,0,Every time an adult asks me my major as an undergrad.
0,Because the client wants the money sent to a separate institution entirely.,Bitcoin,6,6,0,"Funny. I have an account with margin, which only requires a $2k minimum balance. My trades settle immediately, I can reuse the money for a new trade or request a wire that same day with no problems. Why didn't you suggest that to your client?"
1,He's much better as a scifi writer.,Bitcoin,11,11,0,Bitcoin Foundation's Corporate Counsel (Greg Egan) just resigned.
1,your username gives me comfort with this advice!,investing,2,2,0,"Don't worry about paying anything. The US government is unable to track your wealth in many foreign countries. If you use a broker outside the US, you are fine."
1,Just use Paypal,Bitcoin,1,1,0,He apparently never sends money abroad
0,You know that's sunk capital you could have better used in a non speculative play.,stocks,1,1,0,what if they post how much they gain in a year or two when it hits $100 again? *daytraders....*
1,"If you're not too paranoid, I've heard you can keep the laptop's battery and it would still be safe.",Bitcoin,2,2,0,"A normal laptop would work, but the is to flash the key into the Trezor and destroy the OS+data after doing so (so it can't leak or stay on the PC). Does not mean you have to destroy the laptop though. Just use a LiveCD and do not connect to internet while flashing."
1,"No, they're only going to support the 24-25 states and leave it at that.",Bitcoin,0,0,0,"Anyone aware of Coinbase's plans to extend their new exchange to all 50 states? I tried to sign up, only to find out that my state isn't permitted to participate. I'm assuming they are going to be adding them one at a time as they get approval per state, but I can't find any information on what they are doing to address this. Does anyone have any information on this? Thanks."
1,This kind of attitude will get you far on this sub..,investing,4,4,0,"A simple ""No, I don't think anything will happen in the next days"" like other people here said would've been good enough (I was asking for opinions after all). But your comment referred me to the 1-m/6-m/1-y/5-y stats when I was plainly asking a question about something that happened yesterday and how that might impact other companies in the future. Yes, my panties get all bunched up when that happens, questions of style aside. I do my research quite fine which is the reason I noticed this particular news. Thank you for the concern, though."
1,"Today it's only 24 cents, but tomorrow, it's a Ferrari...",Bitcoin,5,5,0,what only 24 cents?
0,So you're saying bitcoin will never get larger than a paltry $4.7 billion dollar market?,Bitcoin,1,1,0,"If you're a fool, it is. The smart money bought bitcoin some time ago."
1,Centralize all the things!,Bitcoin,-1,-1,0,"Coinbase, Bitpay, Circle, Silbert, a16z, and the Winklevii should all pool their dough for one badass Bitcoin Super Bowl ad. Forget the Bitcoin Bowl, bitcoin needs a badass Super Bowl ad featuring a futuristic self-driving car equipped with bitcoin zipping through lanes while paying other drivers to pull over. Then a drone air-drops groceries the driver just purchased with bitcoin into the car's sunroof. There should also be lasers in there somewhere. I'll work out the details, but this needs to happen. Someone get me Andreesen's phone number."
1,"TIL ""screen real-estate"" is ""currency""",Bitcoin,-8,-8,0,"You're not only spending your own money, you're spending everyone's screen real-estate. Micro-tips are spammy and useless. If you really want to tip, tip some useful amount, or actually tip whatever the fuck you want if you really think it makes any difference. But please do it in some discrete, non-spammy way and don't feel the need to rub it in everyone's face."
1,The free market will decide if they got insulted or not,Bitcoin,1,1,0,"i'd be careful with that, people might get insulted, just saying ok... :)"
1,"What do you reckon, more like 15/16?",Bitcoin,-3,-3,0,Your investment time frame should probably be more than 12 hours...
1,I base all my moves on things I hear on Reddit.,stocks,10,10,0,What sources do you use for stock research?
1,Are you a shill for some big water company or something?,Bitcoin,2,2,0,"You have to admit though, water has far bigger plusses than Bitcoin. As in, without it Earth would lose pretty much all life. Maybe all of it, I'm not sure."
0,Don't EVER sleep on Barry O!,Bitcoin,1,1,0,Don't sleep on Barry O!
0,Doesn't velocity lower the value?,Bitcoin,1,1,0,"I absolutely agree - although I like to keep a healthy wallet, I also try to spend them on little things - stickers, pagekites, pizza. That kind of stuff. Its the people who use the coins who bring value to the currency. Velocity is everything."
1,"Naw dude that's just an ""obscure law in America""",Bitcoin,2,2,0,And trying to hire hitmen to kill other people is legal in america too?
1,"Yep $5.8 trillion paid for roads each year, I'm sure.",Bitcoin,0,0,0,"LOL and driving on a place called a ""road""."
0,And the FBI is the MPAA ...,Bitcoin,4,4,0,"Am I wrong in thinking SilkRoad = Napster, OpenBazaar = Bittorrent?"
0,Housing bubble!,Bitcoin,6,6,0,Houses appreciate faster than bitcoins on average.
0,Did they have insurance?,Bitcoin,5,5,0,Two bitcoin ATMs have been stolen in Amsterdam
0,China Rising,stocks,-1,-1,0,What is it called?
0,"Impressive, most 10 year predictions tend to be quite inaccurate..",Bitcoin,3,3,0,What will Bitcoin look like in 30 years?. In 1974 Arthur C Clarke describes what computers and the internet will be like in 2001. Except now we can use previous gen tech to leapfrog the speed of adoption.
1,This is actually good news!,Bitcoin,1,1,0,"This is good, the banks are paying to promote bitcoin, the article is only negative if you choose to see it that way. This kind of article would have been unimaginable only a year ago. To say that a currency needs to be stable is like saying the blockchain is good but not bitcoin. It's not bitcoin that is volatile; it's the legacy system that is crumbling. The only thing stable is debt, until it isn't. We're in a deflationary spiral, the banks, companies and governments are out of ammunition (negative interest rate); next will be collapse of the debt, then hyperinflation. Sweden has one of the highest debts in the world (private and corporate debt) and the consequences for SEB and other Swedish banks will be serious."
1,"Yeah, no one ever talks about the dead",Bitcoin,1,1,0,If ripple were truly dead they wouldn't be mentioned at all
1,Thank you for posting highly relevant content.,Bitcoin,1,1,0,Elon Musk: PayPal Is Screwed
0,Prepare to be disappointed,Bitcoin,5,5,0,"This document is the prosecution ""throwing everything at the wall and seeing what sticks"". They're going to try to use everything they can, and then let the judge throw out some of it. If more than half of this evidence actually gets shown at trial, I'd be both surprised and supremely disappointed in our judicial system."
0,"Cool thanks for the input, mine was about the same, I was getting sad :(",Accounting,1,1,0,The RH salary guide is a joke - they want you to believe you're underpaid so you quit and find a job through them. I just tried the calculator for my current position and its inflated by ~15k.
0,Tell that to people who are in the process of doing or not doing.,Bitcoin,1,1,0,"""Do. Or do not. There is no try."""
0,Reasonably assured...,Accounting,1,1,0,MRW my client asks how assured I am that their financial statements are free from material misstatements.
1,But but Real Life Iron Man!,stocks,4,4,0,TSLA is currently trading at over 26 times book value and loses millions every quarter. Do you really think the potential still makes the stock a good hold at this point?
1,"No, he's not done screwing the unborn generations yet... Give him a break!",Bitcoin,3,3,0,"Grandpa, time to retire."
1,It's only theft if you aren't doing it on the behalf of the state.,Bitcoin,7,7,0,Undercover Agents Working on Silk Road Case Charged with Theft and Money Laundering
1,"Man, hopefully nothing *that* harsh",Bitcoin,5,5,0,Probably 2 week suspension with pay.
1,"Yeah man few hundred thousand, probably no more than 1 qualified moderator in that bunch.",Bitcoin,7,7,0,The Bitcoin community is still only a few hundred thousand people. It's hard to get significant decentralization at those numbers.
0,You is Gentlemen ?,Bitcoin,2,2,0,"Why hello there, I am this is."
1,The only winning move is not to play.,investing,1,1,0,Lol. Which everyone? The everyone selling the stock or the everyone buying it?
0,Or ya know...different timezones...,Accounting,1,1,0,I have a feeling there is a correlation between spamming reddit mid-day on a Thursday and not being good at your job. The echo chamber in here is crazy
1,"*I am color blind*, what are **black** people?",Bitcoin,4,4,0,Why Are So Few Black People Using Bitcoin?
1,You mean freedom and liberty costs something in risk?,Bitcoin,2,2,0,"Bitcoin is 100% fungible, every ""coin"" is equal. Track all you like, but it should be assumed the current address doesn't belong to the original ""hacker."" These coins won't be blacklisted, refused, or seized by another exchange; and anyone that attempts to do so should raise immediate red flags and be boycotted. Remove the fungibility by creating blacklists/whitelists and you break Bitcoin. It's better to learn from the mistakes and grow more robust with our exchanges and keys, than it is to risk the very principles of Bitcoin."
0,What's the page?,Bitcoin,5,5,0,Make sure to express interest in projects listed on the projects page! I'm pledging to fund unit test creation.
0,Who does that?,Bitcoin,0,0,0,Does anyone else see the irony of using MacBooks with OS X to develop on the blockchain in light of this statement?
1,Because tax people can't interview.,Accounting,-4,-4,0,"Why is there less turnover in tax at a firm compared to audit? Not disagreeing with you, just a question I've had lately."
1,Did he get approval from Lawsky first?,Bitcoin,10,10,0,New York City Councilman Proposes Bitcoin Payments for Fines and Fees
1,In the exactly same way that Windows never ever wastes your time for free by being buggy or slow,Bitcoin,1,1,0,"It's free if you ignore the increased burden on the IT department from switching people over, decreased productivity as new users go 'wtf how do I do X', etc. So it's free in the same way that your time is free."
1,Here we go with complex theories,Bitcoin,2,2,0,Supply and demand.
1,To be honest I'd put it in BRK.A...,investing,2,2,0,This is an example of a pick you consider better than BRK.B? Really?
0,I can feel it coming in the air tonight.,Bitcoin,5,5,0,"Call me crazy, this is just a hunch. But something's changed this week. Can you feel it too?"
0,64gb cards can be gotten for 20 bucks.,Bitcoin,1,1,0,Doesn't this thing include a hard disk?
1,OH CRAP THE NSA'S HERE reddit what do I do?,Bitcoin,2,2,0,"At this point, you're already in too deep. The best thing you can do is turn yourself into the authorities, and beg the courts for mercy. Did your mom not forcibly remove and extinguish the bitcoin from your possession? If not, she may be liable as well. You two seem to have a very fishy, terrorist inclination about you. I just don't feel safe on this subreddit with people like you posting here."
0,Guess you could say he was being ... wait for it ... cryptic.,Bitcoin,6,6,0,"check out my exchange just now with nick on twitter. he didn't interpret 'recently' to mean march 2014, which is when i met him. he gave an honest answer to an imprecisely worded question."
0,"this is easily bypassed by simply donating more than once, $100 each time.",Bitcoin,2,2,0,"Not quite. The FEC has not explicitly limited Bitcoin donations to $100. The FEC issued an advisory opinion AO 2014-02 in response to a proposal from Make Your Own Laws Inc (MYL). MYL proposed accepting up to $100 in bitcoins, the current limit for cash contributions, following a certain procedure. The FEC approved their proposal, but has not given any sort of guidance explicitly limiting Bitcoin contributions to $100. They could approve of Bitcoin donations greater than $100 or they could disapprove. But they've definitely green-lighted donations of $100 and less. If you're running a campaign and don't want to waste the time and resources seeking another advisory opinion or accepting more than $100 and potentially running into hot water down the line, you play it safe and limit contributions to $100. Ultimately the FECs decision to accept $2700 Bitcoin contributions will hinge on whether Bitcoin is seen more like cash ($100) or a ""check, money order or other written instrument""($2700). I think the distinction boils down to the traceability and proof of ownership of funds. I think Bitcoin's kind of in the middle of these two categories- yes it comes from an address and is traceable in the Blockchain, but addresses aren't easy to connect to anyone the way you'd connect someone to their bank account."
0,"Yes but not all routers can, or should.",Bitcoin,1,1,0,"Does Core not do UPNP by default these days, then?"
0,"lol, makes be want to trademark ""mug"" and sue everyone who drinks coffee.",Bitcoin,1,1,0,"And someone is trying to trademark ""Bitcoin"" for bar wares like glasses, mugs etc."
0,Wait until they're done amending it.,Bitcoin,5,5,0,"Given Steven's support for bitcoin so far, I'm inclined to believe it does what it says it will do."
0,"EVE online is built on stackless python.. Far from ""concept-only.""",Bitcoin,2,2,0,"Yes, you are indeed trying something very difficult, and Python isn't making it any easier. DarkMarket was perfectly justified in using Python because they were at a hackathon and needed to produce a proof of concept ASAP, which Python is ideal for. The decision to continue using the original prototype code base was a poor one IMO, but I wish the team the best of luck."
0,Or they are scared by the recent drop and want to see if BTC stabilizes.,Bitcoin,-1,-1,0,If it is that easy and they still have not done it maybe it's not happening.
1,LITERALLY SELLING ALL OF MY DATA,Bitcoin,-2,-2,0,"Changetip fee-less withdrawal extended to Dec 15, 2015 I'm not sure when it happened, but everyone should know that there will still be no fees on Changetip withdrawals until December 15, 2015. Previously, the 1% fee would have gone into effect today, but it appears the date has been pushed out. Apologies if you were already aware of this - I did not see an announcement."
1,DopeCoin will be accepted also.,Bitcoin,1,1,0,Indie teen comedy Dope to become first film to accept Bitcoin payments
1,Surprised murica would allow a terrorist drug peddling criminal in office,Bitcoin,1,1,0,"Senator Capriglione: ""I have bitcoins ... """
1,And this system did really well,Bitcoin,0,0,0,This statement is so 1971
0,"By ""those types"" are you assuming those are FPGAs?",Bitcoin,12,12,0,Those types of rigs can also be used to crack passwords and encryption.
0,"So it begins, the great bubble of our time.",Bitcoin,7,7,0,Fractal bitcoin price
1,Ponzi Scam Tulip Esperanto amirite?,Bitcoin,4,4,0,James Angel from Georgetown University thinks Bitcoin will end up like the Esperanto Language that never took off. Let's prove him wrong!
1,I love having to click through multiple pop ups before I get to an article.,Bitcoin,4,4,0,Police arrest five in Mycoin exchange scam
0,You are 100% incorrect.,stocks,-8,-8,0,Totally useful for people holding securities long term or expecting volatility.
0,"As a note: The last time I saw an analysis of this; a young, smart person needs about $4M to retire.",Bitcoin,2,2,0,"Well god damn, I could probably retire off the lint in your pocket."
1,That was completely clear from your original comment.,investing,1,1,0,"oh no that question was rude, I was being completely sarcastic. I really like the question about how they handle their personal finances."
1,I thought fundamentals were completely irrelevant for growth stocks?,stocks,3,3,0,"Check their fundamentals. What valuation would you place on them? Their revenue has been growing but not their net income. They are drawing more business, but not becoming more profitable."
1,I'm so excited to see galaxy coin on spot 28 on coinmarketcap.,Bitcoin,11,11,0,Samsung and IBM Team Up on Bitcoin
1,You just don't realize yet.,Bitcoin,4,4,0,"""Bitcoin wins, because bitcoin is the most profound mathematical object humanity has ever created."" loooooooooooooooooooooooooooooooooooooooooooooooooooooooooooooooooooooooooooooooooooooooooooooooooooooooooooooooooooooooooooooooooooooool"
1,"I can't make any off the top of my head, must not exist very many",investing,3,3,0,With 20/20 hindsight this is a great idea. But what about all the trendy new companies that flopped?
0,Fuel / transportation makes up a lot of the demand.,investing,1,1,0,"I just bought BP. They fell from $45 to $27 during The Great Spill of 2010 and that included a $70 billion slap on the wrist from the feds. They're selling for $35.50 now which makes their dividend 6.7%. This oil thing won't last. We use oil for more than gas. Plastics, jet fuel, diesel, all sorts of stuff. The supply is steady and demand will only increase long-term in many industries beyond transportation. We've seen this before for 3-4 years in the 80s. I did buy planning to buy and hold for that dividend. I think they have so much cash on hand that when these little producers die out, the big boys like Exxon and BP will buy up their resources."
1,Why would you want to sell your Bitcoin anyways?,Bitcoin,-1,-1,0,"EXCLUSIVE: Bitcoin's ""Dark Wallet"" adds anonymous cash withdrawals"
1,Can't wait to see all the innovative applications built on top of it!,Bitcoin,62,62,0,"Let me guess. The **decentralized** currency will be only mine by **approved** banks, rules set by the **fed** and no individual will be able to do transactions directly on it. Sound to me like a **close** banking system. Good luck with that **control-freak** bureaucrats!"
1,I'm hoping this is,Bitcoin,3,3,0,"Well crap. I only had 1.5 BTC on it, gaining interest, but I was counting on that to buy my son's college textbooks next semester. Ugh. Back to looking for *more* work to cover the loss."
1,"Yeah guys, lets downvote people working on decentralised exchange technology.",Bitcoin,0,0,0,"What we are ATOMIC are doing (we are only in testing right now) is charging a small fee in the source coin if you are performing an exchange, and then that fee is distributed automatically to our asset holders based on their percentage. We are part of the superNET which allows us to use features of other coins such as the anonymous transaction features of coins like BTCD, such transactions would pay an additional premium for access to such features. The assets are completely open to the public and have been available on bter for some time now. I imagine blockstream will be operating at a loss based on the amount of money they are needing, until they find a way to profit without stepping on the toes of their users."
0,Speculation- Its added to the discount rate along with the other types of risk.,finance,0,0,0,"How is Liquidity Risk measured and how is it factored into calculations of Present Value? It seems like liquidity risk is multidimensional, and so is hard to express as a single number, without a lot of assumptions. For example, for a single illiquid bond, *given that you need to sell the bond within a specific time frame*, it is likely that you will end up selling it for less than it's current market valuation. It's *probably* possible to calculate an expected value based on that, because of the assumption of the time window. Are there some standard measures of liquidity risk, and if so, how are they used?"
0,It has the forbidden fruit aspect.,investing,7,7,0,"Canadians and Brits already visit Cuba en masse, for what it's worth. If American tourists are allowed in, it will definitely impact the Cuban economy. Whether it impacts American companies is another matter. There is really no shortage of tropical destinations for Americans. Opening Cuba won't suddenly mean a massive boost to the hoteliers, tour operators, etc."
0,"Now this is a thread with meat in it, direct sources are sweet!",Bitcoin,1,1,0,"Btc Drak is his boss and is an altcoin scammer, not a Bitcoin developer. Obvious conflict of interest there."
0,":) Kind of true, but getting better everyday!",Bitcoin,1,1,0,These two comments represent every conversation on /Bitcoin.
1,"Maybe, if we are REALLY LUCKY, the price will fall to $5 again!",Bitcoin,3,3,0,"This is probably the best time to buy since $5. Unfortunately, this will only be clear in retrospect."
0,"What does ""out of money options"" mean?",investing,3,3,0,"The guy cashed in $400K of stock, representing all his money, and used it to buy out of money options on the advice of one person? That idiot never deserved to have $400K, and I would bet my sandwich that the only way he got it was inheritance/dumb luck. A fool and his money are soon parted."
0,"I don't complain, those pictures are better than stock pictures of gold coins",Bitcoin,8,8,0,"It isn't only about KNC, although most of the photos are from there + they've interviewed people working there."
0,"ACK, NACK, are +1, -1, essentially.",Bitcoin,2,2,0,Damn... then I'm still completely lost.
0,But there is no merchant in this situation.,Bitcoin,-1,-1,0,It's fixed for the user but the merchant is the one who will need to make the change to avoid the extra fees
0,"I've said it before, and I'll say it again: 'Stamp is the new Gox.",Bitcoin,1,1,0,Bitstamp Exchange Inactive
0,It could if it got stuck between difficulty adjustments,Bitcoin,1,1,0,It won't go to $0. Not even shitty altcoins go to $0. If I could buy 1MB coins for $1 I'd be all over it. But you would expect one to emerge as dominant.
1,MSM: proof that bitcoin causes car accidents.,Bitcoin,4,4,0,Bitcoin Billboard siting. _____ Says Shut up and take my Bitcoin Billboard. I was traveling south of on I 95 just south of Richmond VA and saw a Billboard that said (Name here) Says Shut up and take my Bitcoin. It showed a picture of a young dark haired bearded guy. Any one else see this billboard? I got so excited I almost turned around to reread it.
0,CTRL+C CTRL+V .,Bitcoin,1,1,0,"Understood. But it does seem that a successful Ethereum makes Bitcoin redundant... if Bitcoin can't implement Ethereum's features before dying out first. Ethereum in principle seems to be able to do everything Bitcoin can do and more. It may not happen overnight, or at all, but it seems like if Ethereum reaches stability and critical mass there is no reason to have Bitcoin anymore."
0,"According to the joke, the banks are buying, aren't they?",Bitcoin,1,1,0,And who's buying!? :D
1,I'm sure his endorsement will help Bitcoin's public image!,Bitcoin,3,3,0,Kim Dotcom: It's time for plan 'B'
1,"In other words, no good reason.",Bitcoin,1,1,0,"I'll go back to what I said earlier about PID loops. In mechanical engineering, PID loops are a taught system for creating stability. Imagine how your car would be if there was no combination spring damper suspension system. It would be terrible. The car would probably shake you half to death. Taking a moving average of the past 2016 blocks essentially readjusts difficulty every block using the same algorithm. The problem you introduce is, there are cases where 2 blocks are mined within seconds of each other. How would a moving average algorithm account for this? There is measurable lag time between nodes, and changing difficulty target requirements on the fly on a global scale is simply not practical. You can get away with doing this every 2016 blocks, possibly even for less, but not for every block without having problems in creating orphans."
1,"Nah man, AB testing!",Bitcoin,2,2,0,**Spam**
1,"Yeah, that's why when people stopped spending their gold it died.",Bitcoin,0,0,0,"If you want to see success, use the currency as currency. It's okay to hold some but use it too."
1,I heard you're supposed to buy when there is blood on the streets.,Bitcoin,13,13,0,Paycoin scales the top of shit mountain and emerges as winner of the scam coin of the year - Crashing to nothing it now hovers around $1.89 per coin - only $18.11 below GAWs predicition
1,"Yep, never saw it coming...",Bitcoin,10,10,0,"Who would have thought that continuing in the same way we did before the crisis, could lead to another crisis? Oh no it's OK, we forced austerity onto the people and gave all the money to the banks. That'll fix the credit crisis!!"
1,Fucking novelty accounts,investing,1,1,0,My specialty!
1,But there was a whole year of data!,finance,1,1,0,"Techies invest in tech, which is up. I'd like to see much longer term trends before I reach any conclusions. Besides, your average retail investor, regardless of the field he works in, doesn't really know shit. I assume that as the timeline expands most professions of this level converge on somewhat of a mean."
1,"Yeah, how dare people give money to worthwhile content and comments.",Bitcoin,-1,-1,0,Tipping should be banned site-wide. It's bad enough everyone panders to the hivemind for imaginary internet points. Having users crassly throwing money at one another isn't going to increase the quality of discussion one bit.
1,We should tweak the algorithm to make the price going to the moon.,Bitcoin,29,29,0,"""The algorithm used to help determine the value of #bitcoin may prove problematic"" - Bernanke. That algorithm, of course, is called the market."
1,Exactly... especially a no name company like Microsoft.,Bitcoin,19,19,0,"I don't think that news about something one of America's largest corporations did can be considered ""viral."""
0,Fair enough.,Bitcoin,1,1,0,"Yeah. Most of the work they are doing will not be technical. People on this sub cannot see past that a lot of the time. Just because something is technically possible, it doesn't mean a company is going to just use it. It takes a LOT for a company like Western Union to do something like this."
0,TIL Cody Wilson was right.,Bitcoin,-1,-1,0,Bitcoin Foundation's Corporate Counsel (Greg Egan) just resigned.
0,It sounds like the reason he didn't want to use it earlier was that it didn't have a bitcoin wallet.,Bitcoin,1,1,0,"What does ease of use have to do with anything? He said now that it comes with a bitcoin wallet, he's going to download it."
0,BTC-e always has potential.,Bitcoin,1,1,0,"is there mtgox 2 ? i don't know what happen, what the cause of this rally, please enlighten me, is there mtgox 2 going on right know, and actually there wil be mtgox trilogy?"
0,I just hope Coinbase doesn't gox us and the US bans Bitcoin entirely.,Bitcoin,1,1,0,"Move somewhere with a friendlier regulation attitude, like New York."
1,"No, no, this is obviously because of Ben Lawsky looking out for us",Bitcoin,-1,-1,0,"Beautiful. Consumer protection not due to regulation, but capitalism, competition, and the productive efforts of individuals."
0,Valid concern,Bitcoin,0,0,0,scam scam scam
0,And computers used to cost more then houses.,Bitcoin,-1,-1,0,But they cost 3000 meals in some countries though.
0,"""Man who jizz in bank vault, cum into lota money""",Bitcoin,0,0,0,I think the idea is that the gov would have plenty of money if it hadn't spunked it on bailing out the banks.
0,Silk Road Revolutions will be crap,Bitcoin,4,4,0,'Silk Road Reloaded' Just Launched On A Network More Secret Than Tor
1,It's BitTorrent,Bitcoin,1,1,0,"""Unknown"" is suddenly mining 36% of the blocks. Who is it?"
1,This is actually not a bad idea.,Bitcoin,0,0,0,"Naw, we can't handle an influx of new users, better to just wait 2-3 years while lightning is integrated, it's not like technology progresses or anything so don't even mention bigger blocks. The rest of the world will just have to wait for the lightning network core devs to finish."
1,Yeah our national power grid is a travesty,investing,2,2,0,When are we going to admit that Socialism does not work
0,Super fun to watch!,Bitcoin,2,2,0,What the hell is going on at Bitfinex?
1,...must be catastrophe!,Bitcoin,2,2,0,Coinbase not processing blocks since hours
0,I'd be very appreciative if you could give us a quick run down or how you would go about this.,investing,0,0,0,Or skip the browser altogether.
0,Call up Vitalik on your Batphone and tell him you'd like to SELL SELL SELL!,Bitcoin,1,1,0,....... 0.2BTC wasted.
1,You should add the,investing,10,10,0,I'd absolutely recommend an unsophisticated investor to daytrade instead. Moving in and out of positions within hours at a time is surely the path to riches if someone doesn't know what the fuck they're doing.
1,Nice pump bro!,Bitcoin,-1,-1,0,"PhD in finance Samir Saadi to Senate of Canada ""It's actually not a bad idea to buy bitcoins now. Buy bitcoin now! If you look at the long run, it looks like it will be going to the roof in terms of value ... it's actually better than gold"""
0,"Dunno how legit they are now, bought my gametimecards in the past there without problems.",Bitcoin,1,1,0,MMOGA - GTA V &amp; Mortal Kombat X released! The Witcher 3 Pre-order! 3% discount on Bitcoin
1,"It can't be bad news, the price isn't going up",Bitcoin,1,1,0,This is actually bad news.
1,nice try mr hacker.,Bitcoin,-1,-1,0,"Bitcoin is 100% fungible, every ""coin"" is equal. Track all you like, but it should be assumed the current address doesn't belong to the original ""hacker."" These coins won't be blacklisted, refused, or seized by another exchange; and anyone that attempts to do so should raise immediate red flags and be boycotted. Remove the fungibility by creating blacklists/whitelists and you break Bitcoin. It's better to learn from the mistakes and grow more robust with our exchanges and keys, than it is to risk the very principles of Bitcoin."
1,He said it with conviction so it *must* be true,Bitcoin,1,1,0,Bitcoin is now the WORST performing currency in the last couple months.
1,"Cummon, it's the future!",Bitcoin,1,1,0,Im not drinking that kool-aid
1,"Yeah, an open, public transactional ledger - great idea to hide your terrorfantastic transactions.",Bitcoin,20,20,0,"Bitcoin is threat to sterling and may aid terrorists, warn banks - Telegraph"
1,When Bitcoin finally reaches its true value of $1B each,finance,4,4,0,When will we get our first U.S. dollar trillionaire?
1,your forgot the,Bitcoin,0,0,0,i trust the government blindly because the politicians always want the best for the people.
0,Lol love that the dude is giving out Oprahs.,Bitcoin,3,3,0,Bitcoin BALLER in action
1,Lawsky can perhaps advise Bitcoin startups regarding Bitlicense and various other regulations!,Bitcoin,0,0,0,"NYS DFS Superintendent Ben Lawsky to step down in 2015, sources say"
1,"Yeah, we need to find the sweet spot where people don't notice they are being robbed.",Bitcoin,1,1,0,Because 2% stable inflation is totally the same as 90% loss of value over 10 years.
0,You sure you don't want to re-think that question?,Bitcoin,1,1,0,How is it different from Jon Matonis' case. He messed up the Bitcoin Foundation and then joined some Bitcoin consultancy firm.
0,"I don't know enough to agree or not, but you cracked me up, so +1.",Bitcoin,2,2,0,curiosity = self-serving opportunity to strike it big! get a big piece of that fiat apple pie for himself finally yeeehaw
0,You've just answered your own question.,Bitcoin,1,1,0,Because banks have been reluctant to work with them so they accumulate literally box-loads of cash. They showed this on Vice (I think it was) where guys with AK-47s were carrying such boxes in SUVs.
1,Its just the manager doing his rounds visiting the guests,Bitcoin,1,1,0,"Wow, this is awesome: Photo of Richard Branson on stage with Matthew Roszak (Bitcoin VC / investor) at the Necker Island blockchain summit!"
0,don't EVER use a private key to send BTC more than once.,Bitcoin,2,2,0,How would one know if they fucked up R?
0,"Google ""filetype:ppt"" and a keyword or two.",finance,1,1,0,Anybody have a ppt deck they could share?
0,"It was pretty bad during the GFC, but when we finally have a real recession it will be a shitstorm.",investing,2,2,0,"Thanks for the answer. If these planners are as bad as you say, just wait until you guys get your first recession in living memory down there..."
0,Test it with fake notes.,Bitcoin,3,3,0,Botswana's First Bitcoin ATM Has Arrived
1,You've got some errant commas there.,Bitcoin,1,1,0,"And then you're called ,,lucky''"
1,"Good point, at this rate they'll run out of zeros.",Bitcoin,2,2,0,"Serious question here... where do they go from here? Instead of just getting higher and higher numbers, they must reset to a larger denomination, right?"
1,I love how transactions on Bitcoin are completely anonymous,Bitcoin,3,3,0,Let's all write our weed purchases into the blockchain for posterity.
0,More atoms exist in one apple than the supply of Bitcoins.,Bitcoin,2,2,0,Because 1 troy ounce equals one Bitcoin or something?
0,Need more popcorn.,Bitcoin,1,1,0,California Regulator: Coinbase Exchange 'Not Regulated or Licensed'
1,But I expected bitcoin to have Klingon and esperanto translations...,Bitcoin,2,2,0,I know people who speak in made up arbitrary languages too :)
1,"Assembler, you fool",Bitcoin,4,4,0,Like java or python right?
1,"Insist on actual thick tinfoil, not that cheap thin aluminum stuff :)",Bitcoin,1,1,0,Can I trust my tinfoil hat vendor? :-/
1,But reddit says bitcoin is dead... remember guyss?,Bitcoin,0,0,0,I wake up to read my Wallstreet Journal to see this
0,Why is an article over 7 months old on the first page?,Bitcoin,2,2,0,Somebody Forgot to Tell the Blockchain It's Over
1,I think you forgot a,Bitcoin,1,1,0,"Actually, all we'd need is faster than light communication."
1,Trusting a third party: what bitcoin is all about.,Bitcoin,0,0,0,"You know what: I trust Coinbase. There's far too much pitchfork shaking at a company that's been responsible for a lot of *good* in Bitcoin. A little bit of paranoia is fine, but you're essentially damning Bitcoin when you start to remove valid options for people to get into the market. Realize: yes, a lot of Bitcoin folks are nerds, but the people who will help it move from nerd money/protocol into the mainstream will be people who rely on services like Coinbase. Anything that lowers the barrier to entry is a good thing. As an alternative, start to identify what you don't like about Coinbase and start a conversation with them. Work with them to improve the product. Maybe from your perspective they should offer more resources on the difference between storing BTC with them vs. on your own."
1,"No man, BTC is flawless!",Bitcoin,-2,-2,0,"So bitcoin doesn't experience volatility when use adoption is increasing? Of course it does. It's just volatile in a way that rewards holders. The flaw they are referring to is the inability to modulate supply in response to variable demand. Demand for a currency is always going to vary in response to a number of outside forces, this will happen even if the bitcoin economy becomes huge. Varied demand + fixed supply = volatility and volatility is not a desirable feature for a currency."
1,considering: Reddit that was just missing the,investing,5,5,0,I love it. Your whole post builds up to you contradicting your post with: this time it's different.
0,Great article!,Bitcoin,2,2,0,10 Reasons Why Bitcoin is Inevitable
1,Actually they get paid in 1s and 0s that digitally represent dollars on a computer screen.,Bitcoin,2,2,0,"No. I know this is a difficult concept, but Microsoft does not get paid in ""Visas."" They get paid in dollars."
0,A godly post.,Bitcoin,3,3,0,"What does bitcoin take now? What bitcoin needs now. A videotutorial. Buaffff. Explained by a humorist. Ahaaaa. I believe that we are tired of so many seriousness. If or not? We need that they explain the things to us with humor. If or not? And what we have to do is a casting to find to ours or our communicators bitcoin already. If or not? Only one speaks about companies bitcoin, about businessmen bitcoin, about the price of the currency. That gives adoption of bitcoin stagnant this one. the trade with the bitcoin to come down. But that we do? We use the media to talk about us, and not to teach. We use the media to talk about us, and not to teach the population is bitcoin. When one turns envelopes itself not going anywhere. as a user I would like that every day we were more and promote the currency to my around. I hope that the great lords of the bitcoin is godly also in bicoiners. I hope that they understand well the concept of the history.Greetings to all bitcoiners."
1,"Upvoted, but in 2 hours, I'll be changing this to a downvote.",Bitcoin,10,10,0,"Not yet, still have a few hours."
1,Always and forever right now.,Bitcoin,0,0,0,"When is the best time to buy Bitcoin? Should I wait for a little bit or buy them right now? The value keeps coming down and I'm not sure how much of an issue this is... Yes, I'm relatively new to Bitcoin."
0,"Meshnet, bitcoin... Have we finally reached web 3.0?",Bitcoin,1,1,0,MegaNet: A Blockchain powered network by the people for the people. Not controlled by any government or corporations.
0,Looks like it.,Bitcoin,4,4,0,Is that Silbert with him?
0,It's likely a California branch.,Bitcoin,2,2,0,Why is the receptionist expressing these kind of opinions?
0,It's terrible because it's broken.,Bitcoin,3,3,0,"The video fetishes democracy. Democracy was invented 2500 years ago. It's an old, obsolete technology. That's not to say the current state of affairs is better. It's terrible. But if the people had their way, they'd vote to overturn the Bill of Rights."
0,"Man, you should have seen the FUD about the internet when it was still new to most.",Bitcoin,1,1,0,"""It comes from the shady anarchic world of Bitcoin"" Still getting labeled as shady.."
0,Technology is meaningless without adoption.,Bitcoin,7,7,0,Hopefully this will make the get rich quick retards to go away and let us focus on the technology.
0,"Cool story, you slaver apologist.",Bitcoin,0,0,0,"No, it isn't. Tax has a definition. Slave has a definition. They are different concepts entirely. Slaves aren't usually taxed since, you know, they can't own things. Given a choice between being my slave (outdoor hard labor - no way you are coming inside) and paying taxes to the US government, which would you choose? Do you consider not having the right to murder people slavery as well? Because that rule is enforced by the same people in the same way. Absurdity."
0,Raises a concern that should be discussed at least.,Bitcoin,1,1,0,"And what should the exchanges do about it? Prohibit spending of those coins? How do they know they haven't been transferred to someone else who is not involved in the theft. Fungibility is important, in my opinoin"
0,Good point.,Bitcoin,1,1,0,"Altcoins have block chains and a unit of account, and they're all ""soft-failing."" The network effect will always favor the biggest crypto. Imitators are doomed."
0,Switch to Circle.,Bitcoin,2,2,0,"Coinbase has stopped blocked me too I'm a new member to Reddit (1st post) but have been reading r/bitcoin for a while. I recently received an email from Coinbase, stating that they can no longer provide me with their service because they have determined that I have violated one of more of their terms of service. I've emailed them 3 times for clarification with no response and even provided ""receipts"" of the transactions for those that I could. I tried to talk with the online chat person, who told me that they could not help and that I would still need to work things with the non-responsive support group. Ironically, I received a customer satisfaction survey email from them yesterday. I've had 3 total external transactions with coinbase, and have bought coins from my linked account 4 times. My most recent transaction was for $110 to my friend's son's wallet at Circle. After my notice from Coinbase, he told me that he purchased a ""novelty"" ID from China (he's a 20 year old college student). I'm sure some will say that ID's fall into some grey area, and that Coinbase is just being cautious since they are regulated and trying to be squeaky clean. I do understand that, especially if the transaction was coming directly from their own service. But this has opened my eyes a bit, wondering how many transactions deep will they snoop? How are we to protect ourselves from being implicated if coins that I previously owned were now being used for something illicit? Will we all be expected to tumble all our coins just to be a bit less worried that our accounts will be frozen? To me, this is very unfortunate. I will continue to tell anyone interested in bitcoin to avoid Coinbase, primarily due to their lack of communication with me, but partially due to their snooping. More importantly, as a bitcoin enthusiast, how can I, in good faith, recommend bitcoin as something legitimate, if there is a good chance that anyone can run into an inconvenience like this? Looking at this from a different angle, such as the six degrees of separation theory, any of your transactions are potentially are only a few transactions aways from being involved in something illicit, which are totally out of your control. Until there is enough velocity of BTC where you can easily come across BTC without purchasing them from places like Coinbase, we will be under this scrutiny. In the end, Coinbase has lost me as a customer and advocate. I've already moved to another service with no issues so this hasn't impacted me at all, other than losing some hope in the future of bitcoin."
1,What would we do without them!,Bitcoin,1,1,0,"Bitcoin gets second wind as world's first hair wholesaler, airyhair, ditches wire transfers for cryptocurrency"
0,just because you don't care doesn't mean other people (OP) don't care,Bitcoin,1,1,0,why do we need this AMA?
1,"yeah but dogecoin is too fast, paycoin is the future",Bitcoin,4,4,0,Folks probably didn't like when bitcoiners were annoying reddit to accept it either. The Doge folks are good people. They don't bother me.
1,Then you're clearly an idiot and don't understand it's a FLAT TAX,Accounting,-38,-38,0,If it weren't for software I wouldn't know how to apply AMT.
1,....seems legit.,Bitcoin,0,0,0,BTC-e phishing attemp
1,And I totally have evidence of this.,Bitcoin,-4,-4,0,People were buying with borrowed money. It wasn't sustainable.
1,But BTC is anonymous,Bitcoin,2,2,0,but Stringer wouldn't be so stupid to steal BTC and think it wouldn't be traced
1,The media has certainly been too easy on Snowden....,Bitcoin,2,2,0,I on the other hand enjoyed seeing Snowden answer some hardball questions from a somewhat adversarial interviewer for the first time.
0,Apps like this will reverse the down-pressure on market price from merchants cashing out.,Bitcoin,1,1,0,"Lawnmower Android now available! Just dropped, get it while it's hot."
1,But aren't you afraid of the drug testing?,Accounting,6,6,0,I was planning on maybe Colorado to see the mountains and enjoy their legal weed.
1,Wait but I thought fractional reserve banking never fails?,Bitcoin,2,2,0,"in advance of a critical election, Greeks begin a run on the banks."
1,But Obama said it was free?,investing,7,7,0,SOMEBODY HAS TO PAY FOR THE FREE COMMUNITY COLLEGE
0,"What would happen if some country, any country, started using btc exclusively?",Bitcoin,1,1,0,Iran is ditching the US Dollar (np-xpost r/worldnews)
1,OMG bitcoin is dead.,Bitcoin,3,3,0,Researcher discovers major DoS vulnerability in official Bitcoin client
1,You wanted Bitcoin TV ads...,Bitcoin,2,2,0,Silk Road Advertisement
1,You just confirmed that part.,Bitcoin,1,1,0,"Yes, Varoufakis is an attention whore and a hypocrite. I think he believes and enjoys Bitcoin, but turns around and jokes about it to mainstream. He was basically saying that Bitcoiners are a proud and happy bunch, but they live in their own world, their own small communities. I honestly stopped listening to him after that."
0,compared to what,Bitcoin,0,0,0,"because bitcoin has gone up AND down 25% in one month, that's why"
0,don't get too excited (take it from me).,Bitcoin,2,2,0,I've been waiting for this...
0,"Unless what they actually put their money into, goes against them.",Bitcoin,0,0,0,"It wouldn't be fraud, they track the performance of your virtual purchase and if you request it, they'll give you what you are due. So you're not out anything."
0,That's actually not that much.,Bitcoin,3,3,0,FYI: * 1MB blocks require 8.5 GB bandwidth from a node in 1 month. * 20MB blocks require 170 GB bandwidth from a node in 1 month.
0,Baby steps.,Bitcoin,1,1,0,That's what I'm waiting for. But how will we know when it's happening?
1,"Nah man, he was just roll playing.",Bitcoin,5,5,0,"Not really, because they had to dump everything in memory from his laptop on the spot. And you know, the fact that he sent a six figure dollar amount in BTC to the guy for the murders."
0,I'll offer 1 casacius 2011 coin,Bitcoin,4,4,0,House seller will negotiate for Bitcoin
0,... which wouldn't prevent them from claiming just this in their CV.,Bitcoin,1,1,0,There are humans who can count but don't think critically.
0,you should be using btc-e instead of coi*nsa*base,Bitcoin,1,1,0,im from the u.s and for some reason coin base wont work
0,Is that Gavin?,Bitcoin,2,2,0,Spotted this on my way home from the Max Keiser meet last night.
0,One of the douchier articles I've read,Bitcoin,6,6,0,Classy. Calling out obscure people to get audited by IRS for buying tacos
0,"Or, how about an exchange?",Bitcoin,4,4,0,"Going from * 1AeaZr5d52sz8Ztcq6NL6bjxinEPzf3hrt to * 1Pu51bwzxtw75ETWdY1YCaCvxFqu3d1nA7 to * 1FsVcdeHbpvUVT3gjeuVR2ZSDnpcsJMsLL which holds 383,431,144 worth approximately 115,100,225 Euros... this looks like the work of a pro. I don't think you'll see your money again. Sorry dude."
0,About time!,Bitcoin,7,7,0,Kim Dotcom: It's time for plan 'B'
1,Digital newspapers will never overtake paper,Bitcoin,26,26,0,He doesn't get it. Digital isn't taking over 'because its cool'. Its taking over because it wins over the old way. Its better. He comes across as parochial. I wonder how long till he does an about face?
1,"No no no, he should definitely use it to buy more lottery tickets!",investing,1,1,0,*Won 10k in lottery ticket. Have no savings. What should I do?* Save it you fucking idiot.
0,*Grammar is not my strongest point*,Bitcoin,3,3,0,You're too dependent on apostrophes.
1,He has no DB?,Bitcoin,2,2,0,It would be meaningless with a target too. He is no oracle.
1,That's pat on the head,Bitcoin,1,1,0,I always thought of it as a gesture of understanding.
0,Is it edible?,Bitcoin,1,1,0,"Bitcoin &amp; Banksy Some days ago someone came up with the idea to ask Banksy for a Bitcoin only print release. He didn't release a print for 5 years now, and i don't see any releases soon, so i thought i could help. Got a signed lemon Choose your weapon out of an Edition of 25. CoA from Pest Control is included. I wish to do a Bitcoin only action, maybe you can push me in the right direction. Bitcoin &amp; Banksy fit together."
0,"took Crimea, sent troops to Eastern border",Bitcoin,1,1,0,What did they do to ukraine?
1,But why be scared if you have nothingz to hide!11!1!1!1,Bitcoin,22,22,0,Privacy is not something which requires justification.
1,Those are console peasants for you.,Bitcoin,6,6,0,I love it when arrogance fueled by ignorance gets slapped right in the fucking face.
1,They are one of our current overlords,Bitcoin,1,1,0,So Microsoft will be our new overlords.
1,Ehrmergherd stolen credit cards,Bitcoin,0,0,0,Review: Brawker Let's You Buy 'Almost Anything' with Bitcoin
0,Their welfare state might not even be around for *them*.,Bitcoin,1,1,0,"The change is just to incredible for people to understand, you need to have a basic understanding of what ""Money"" really is first. Baby-boomers hate it because it will affect their welfare state which is all they have really known"
0,Moral of the story: Do not keep all your wealth in 1 asset.^diversify,Bitcoin,16,16,0,"Moral of the story, become a citizen of Panama!"
0,oh my god the ownage is so delicious here I love it,Bitcoin,6,6,0,"Apparently that's how he rolls. If he can't win the argument with anti-whateverpisseshimoff rants he'll resort to threats of blackmail to control people. Pretty ""statist"" of him. Redacting his own statements and changing what was said to improve his position after the fact then threatening someone if they attempt to do the same thing makes him exactly the kind of person he appears to hate so much. It's funny how the most vocal opponents of something can turn out to be so similar to what their jimmies get all rustled over. In the first 5 pages of his posts chrome's Find shows 10 * signifying edits to his actual posts. There are 3 mentions of the word ""Edit"" none of which are him. That's not the sign of someone who wants to debate by what are the generally accepted methods of post modification."
0,The internet is forever.,Bitcoin,1,1,0,"I don't see a court saying ""no harm no foul"" bc they took it down (like nobody kept a copy)"
0,Store PGP encrypted copies in the cloud(s).,Bitcoin,1,1,0,"Worst night of my life (a/o what's in the safe?) Last night my dads house was broken into and his safe was stolen. The thieves simply threw a rock through his back sliding glass window, rummaged around in the house until they found the safe and dom hemingway'd it right off of the foundation it was bolted onto. Inside of his safe was an uncommonly large number of bitcoins (he is an early adopter) on a non password protected paper wallet. I am his technical prowess on how to save and secure his bitcoins and I felt like a complete failure for not setting him up with bip38 when i had the chance. I figured that setting him up with a wallet in his safe in house and a safety deposit box was enough. **wrong.** I got a panicked call at midnight last night saying his house was broken into and his safe was gone with all of the bitcoins in it. I have never felt so helpless in my life as the only other copy was locked away and the bank wouldn't open up for another 9 hours. The robbers had 9 hours to crack into it, figure out what the hell they were looking at( assuming he wasnt explicitly targeted)... and then transfer the bitcoins off into their own address. We were both sweating bullets and did not sleep at all (unsurprisingly). Luckily for my dad and I, they were either not successful cracking into the safe, didnt know what they were looking at or blew up the paper wallets inside trying to break into it. Either way this morning shortly after the bank opened i had the paper wallet in hand and was able to safely transfer the coins off into a fresh bip38. Moral of the story: Safes, however secure they may seem are not guaranteed to stay put. Please be extra careful if you store your coins at home."
0,Here we have the true answer.,Bitcoin,1,1,0,Hate and love are two sides of the same coin.
0,I thought it was the lead pipes poisoning them...?,Bitcoin,2,2,0,How inflation and currency debasement caused the fall of the Roman Empire
0,You lose your money everyday due to inflation.,Bitcoin,8,8,0,When consumers are provided similar protections as they currently have with banking and credit cards. Just my opinion. Why would anyone who doesn't ideologically support Bitcoin want to risk losing their money?
0,Privatized things allow you to **choose** a police force that works very well :),Bitcoin,1,1,0,privatized law enforcement sounds like a terrible idea. There are plenty of places around the world (and in the US) where the police force works very well.
1,Because the cops would never do something like this.,Bitcoin,3,3,0,Fake story
1,What is USD?,Bitcoin,1,1,0,"r/Bitcoin tiny poll. no bs. guess the price of 1BTC in USD on Dec. 31, 2014:"
1,Oh make sure to put it all in mutual funds and etfs,investing,-5,-5,0,"Thanks guys, now I know everything there is to know to time and beat the market perfectly. I'm off to empty my savings into my Scottrade account."
1,"Because wanting to profit is mean, selfish and politically incorrect, having you learned that yet?",Bitcoin,0,0,0,"""Imagine an Uber-like service with no drivers. You pay the car and the car (for very little profit) uses proceeds to pay for petrol, upgrades, mechanic (or programmer), etc"" Why for very little profit? If I would to invest to a project of this scale, why would I settle for a little profit - I would demand MASSIVE profit."
0,Ilyn Payne Meryn Trant Charlie Shrem Brock Pierce ... Mark Karpeles [zzzzzz],Bitcoin,17,17,0,Fuck the foundation
1,"Omg, that is soooooo expensive!",Bitcoin,2,2,0,"Berkshire Hathaway shares are just under $200,000 each - $600 is not that big."
1,Now they will reverse engineer it and make thousands of cheap copies.,Bitcoin,6,6,0,The First Two-Way Bitcoin ATM in China Made a Formal Debut Today at A Bitcoin Party at Satoshi Square in 798 Art Zone of Beijing
1,"Bitcoin is brilliant, and that was invented by a frail, retired Japanese man.",Bitcoin,3,3,0,"Really? Most people I have seen have done their most creative work in their early 20's... then after that they start thinking inside the box, having been around more boxes."
1,Silk Road *totally* could happened with gold or USD.,Bitcoin,1,1,0,Do you think the Silk Road would have happened without bitcoin?
1,"Hey, Karpeles is the personification of honesty himself, he'd never lie",Bitcoin,3,3,0,There is a high chance that it didn't even happen.
1,That's why I stick with BTC-e,Bitcoin,4,4,0,"Passport scan MtGox I never traded on Gox, but I'm reading things on passport scans. So if I understand correctly, in order to get your funds out of Gox you needed to send them a passport scans? That is not even allowed in some countries, at least, not in mine. So now hackers have these passport scans. Money is just money, but identity theft, shit man, you can be fucked for life."
1,They do make those fancy commercials.,investing,2,2,0,"so basically a group of people sitting in a corporate office only looking at salesmen performance around the world who sell their product for them, buying R+D, outsourcing manufacturing. Not actually contributing directly to the value added chain?"
1,Sorry I forgot the,Bitcoin,3,3,0,And how about the reports about various other companies that say they can do? All of them going for stealing the down payments?
1,I'll take your coins for $100 each since they will sure to be worthless,Bitcoin,7,7,0,"It IS anomalous data. There is no other 12 hour window on ANY exchange where we see these volumes and a flat-price-volatility. GOX IS SELF DEALING TO MAINTAIN THE FLOOR. Its soooooo fucking over for them, as well as bitcoin when this news breaks and all anyone hears is ""BITCOIN = PONZI"". Its all over for general adoption post-gox. The experiment was fun, and now its almost done."
1,I'm proud to be an American,Bitcoin,2,2,0,"American justice: HSBC launders billions, no jail time. Charlie sells bitcoin to a SR launderer, 2 years. Words cannot express the sadness and outrage I'm feeling right now. Banks such as HSBC are found guilty of laundering billions of dollars not just for drug users but for violent crime cartels. Billions. Violent crime. And yet not a single exec faces a day of jail time. Charlie Shrem, who sold Bitcoins to someone who helped people buy drugs on Silk Road, has now been sentenced to two years in jail. If there was any doubt that we are struggling against an immoral system in dire need of replacement, let this end that doubt. Charlie, our hearts and minds are with you, friend. The work continues."
1,It is if your Canadian,Bitcoin,5,5,0,"You're = something you are Your = something you have It's not that hard, people."
0,Yes android is an OS designed using Linux.,Bitcoin,3,3,0,Android?
0,"If reddit gives a simile of the year award, I'm nominating you and yours.",Bitcoin,0,0,0,"A protocol is like a giant camel toe, shining above you like the sun."
0,Because that's maybe the fastest method to get BTC atm.,Bitcoin,1,1,0,"First time buyer, using local Bitcoin vs. coinbase, bitstamp, etc. Finally decided to stop speculating and plunge into the wonderful world of bitcoins. However, as most of us know, it takes time to get verified/deposit/etc to get bitcoins on websites like coinbase and bitstamp. I decided to go a quicker route (purely out of impatience) with Localbitcoins. Picked some up today for around $217 USD (near the medium of todays high/low via mt.gox). Easy, fun, and had an interested conversation with the seller. Anyway, my question to you all is, why are most people selling on Localbitcoin (from my experience) charging more than websites like coinbase, bitstamp, etc? Is it just the area I live in (not many sellers, only about 7) or is there another reason? Sorry if this is an easy answered question, like I said I just bought today and this question came to mind. Thank you for your time."
0,"If they promised something new, they might be promising.",Bitcoin,9,9,0,What is the most promising new altcoin?
0,"I actually got hung-up on this, expecting the stock shiny gold coin photo.",Bitcoin,2,2,0,not using shiny bitcoin tokens as the story photo?? what is this madness??
0,Then why not use the program for yourself,stocks,8,8,0,"In my early 20's, I wrote a program for a trader to do options arbitrage between European and Chicago markets. He was making around $2-3k a day with basically no risk (if one of the lines went out or we couldn't reach the exchange, it would present more risk -- but there are ways to hedge in those events)."
0,"So, sell and get out while you still can?",Bitcoin,1,1,0,"Bitcoin's fundamental security cannot be based on ""incentives"" to do the right thing. It is designed to be an untrusted model. It is fundamentally broken."
0,Bitcoin is better without a face behind it in my opinion.,Bitcoin,4,4,0,"Ask r/bitcoin: Should Bitcoin be abandoned because of Satoshi's anonymity? Quoting here, but ""The more people use bitcoin, the more the price rises - but for every dollar the bitcoin ""market cap"" increases by, 25 cents or more of that value goes to its original inventor (""Satoshi"")..."" Couldn't this amassed wealth be an incredibly negative force, when you consider Bitcoin's founder is a total X factor? throwaway."
0,would be hilarious if they opened an exchange and gox us,Bitcoin,24,24,0,"I just gave a Bitcoin talk @ Goldman Sachs to 3 Managing Directors and 10 Executive Directors This is the 3rd talk at Goldman I've given in a month. There were about 20 attendees and all were incredibly open, interested, and asking good questions. Change happens one conversation at a time."
0,One word answers to negative questions are confusing.,Bitcoin,5,5,0,Yes.
1,"Yep, there's no way to provably link public keys with identities.",Bitcoin,-1,-1,0,"Marriages are agreements between two people, not between two private keys. A bitcoin note in the blockchain proves nothing about who signed or agreed to the document. This is why in real life we have notaries and witnesses to contracts."
0,Isn't him the one in the tv program Shark's Tank or whatever it is called?,Bitcoin,2,2,0,"Mark Cuban, tech entrepreneur and owner of the Dallas Mavs, tweets about Bitcoin again"
0,Isn't the founder in jail?,Bitcoin,2,2,0,A year ago flattr added bitcoin funding option after i tweeted with the ceo and send him some coins. It seems to be removed again. I wonder why. Is flattr usage declining?
1,Im gonna try out for the Eagles,Bitcoin,-2,-2,0,"Yeah, its definitely adventure and not recklessness to leave a steady job, for no alternative, with little development knowledge or any experience, when you have a family. Why don't you let him in on one of your pump and dumps next time so he can gey a better start eh Eric?"
0,"yes, let's confuse the public even more.",Bitcoin,2,2,0,imagine the headlines when the media sees the new bitcoin prices
1,Dell should make their own proprietary bitcoin client too!,Bitcoin,1,1,0,"Dell Should pre-install Bitcoin Wallets in all its laptops Now that Dell has started accepting bitcoin in the most bitcoin concious nation - US, it should try to promote bitcoin through its laptops. This could be done by installing interactive guides and bitcoin wallets in all the laptops."
0,I'll make it and post it tonight (busy right now).,Bitcoin,3,3,0,"Hi Genpub, thanks for the suggestion. I'm using Woocommerce, so I'll probably have to find a small bitcoin image to add to the current footer image. Anyone know where I can find one that matches?"
1,I wonder why...,Bitcoin,2,2,0,Foreign services usually don't want to touch Americans with a ten foot pole.
0,Anyone have a list of businesses that support this?,Bitcoin,14,14,0,Boycott all businesses that support this initiative.
1,All bitcoin users buy drugs.,Bitcoin,0,0,0,"You should stop helping others steal. A 30% discount is crazy, there's no way that's legal."
0,The community has answered yes - if they threaten to gain too much hashing power.,Bitcoin,1,1,0,So... should we start a witch hunt against every single company/person in the Bitcoin community?
1,Maybe we should ask dogecoin.,Bitcoin,0,0,0,"Can a reddit group pool together to get the minimum $200,000 deposit to be eligible to bid?"
1,b-b-b-but it's not backed by anything.,Bitcoin,1,1,0,"People were wondering how Bitcoin could continue to grow exponentially. Many possible applications don't even open up to Bitcoin until it's at $1000 or $10,000."
1,"Yeah, giving business a payment term for inventory generally is bad for the economy as a whole.",Bitcoin,2,2,0,"I personally don't agree with credit. Loans. Mortgages, lending people money before they have it. Doesn't work."
1,Those self-serving a-holes just want to see Bitcoin grow and prosper.,Bitcoin,16,16,0,"Bitpay team does awesome work for the general Bitcoin population, thank you."
0,The circlejerk is strong with this one.,Bitcoin,7,7,0,"In 20 years, this will be the coolest vintage picture my nephew will have."
1,"Thank god, after 2 years of waiting there is finally an alternative to SD!",Bitcoin,1,1,0,SatoshiDICE Alternative
1,Guess that means I might as well my future kids college money into this!,investing,-2,-2,0,Correct me if I'm wrong but don't you still pay about 8 bucks commission to buy and then another 8 to sell a penny stock. So doesn't that make playing with 10 or 20 dollars ridiculous?
0,There could be a million wallets; the transfers remain pseudonymous.,Bitcoin,0,0,0,"But then you don't know who to arrest. There are multiple wallets that may or may not contain the stolen coins. And even if you arrest both, proving beyond reasonable doubt that one of them has the stolen coins becomes impossible. And that's just with two wallets. One can do it with a thousand wallets."
1,"He's just a *bot* guys, don't downvote him",Bitcoin,1,1,0,Michael Jackson ^^Tee ^^hee ^^hee
1,"Yeah, because smashing up an Apple Store isn't fanaticism at all...",Bitcoin,0,0,0,"I am talking about that. Here. And I'm letting people do what they want. Dissent is not oppression, nor a command. I think it's a goddamn shame to waste technology and resources like that. I also like to enable effective protest, and I don't think this was it. It would have made more sense if someone went into an Apple store with a hammer and smashed as much as they could before getting arrested. At least that would have hurt Apple. But getting arrested is actually sacrifice and risk. It would have made more of a splash on the media, too. But these are my opinions. I'm pretty sure this sub is pro free speech, so maybe you shouldn't tell me to ""go talk about that"" ostensibly somewhere else. I'm not telling people what to do, just that I disagree with what they did, and that it wasn't a very effective protest. I like bitcoin. I do not like mystery Kool-Aid, nor being told to drink it."
1,"Oh yeah, I wonder why nobody thought of that.",Bitcoin,3,3,0,"Just use different adresses, problem solved?"
0,I found a paid troll!,Bitcoin,3,3,0,"Bitcoin literally solves none of these problems. Countries don't default because of hyper-inflation, hyper-inflation is a last ditch effort to save an economy. Bitcoin isn't stable, there is no currency God that holds Bitcoins value, in fact Bitcoins value is even more volatile than any state dependent currency because there is no rhyme or reason for its value. Bitcoin is a fantasy. A fantasy that somehow value can be assumed for no reason. It has successfully fooled many people but is an unintended ponzi."
0,"**They see me trollin', they hatin'... they downvotin' cuz they try to catch shillin' dirty**",Bitcoin,6,6,0,What's with the extreme paranoia on this sub? The only other places that are this bad are conspiracy sites. Especially with the paid shills part. There is no evidence whatsoever that there is even one paid shill here yet every day a dozen people are accused of being one. Basically anyone who isn't 100% a Bitcoin supporter is called a paid shill. Any explanation for this quite insane behavior?
0,Probably the same reasons we will use to explain why the markets are up later.,investing,6,6,0,Why is everything down today? Any news that would make the market drop so much? Almost all of my stocks are down over 3%
0,There's one born every minute!,Bitcoin,7,7,0,Am I missing the joke?
0,I don't leave DNA on my Bitcoin when I spend them.,Bitcoin,0,0,0,"Bloomberg, cash is darker than bitcoin"
0,Here a warning for the central banks : Your institutions might be obsolete in a near future.,Bitcoin,2,2,0,Indonesia Central Bank Warns Against Bitcoin Use
0,"same, I would go with the dr asset, cr rev, dr asset, cr asset to keep it simple and be safe.",Accounting,3,3,0,"In practice, but this looks like a first year question so let's not muddy the waters"
1,but but... minimum wage does not cause inflation,Bitcoin,1,1,0,I don't know for what those comparisons are usefull if they don't compare to the rise of income of the avarege person
0,Baby don't hurt me,Bitcoin,11,11,0,what is love?
1,sssh you are talking that statist nonsense again,Bitcoin,1,1,0,"You're asking the White House to have a Senate vote? Do you understand the Senate is within the Legislative Branch and the White House is in the Executive Branch? Constitutionally, they cannot make each other do things. The President has no power and cannot introduce legislation or force a vote in the Senate. FYI, the House of Reps votes on things that are popular all the time when there is an election (they have to get elected every two years), but most of those populist ideas die in the Senate. They can take the long view since they are only elected every six years. It's always worth petitioning, but don't waste your time petitioning someone who can't make this happen. Call/e-mail your Senators."
1,"Who cares, they give me free checking so I'm cool with it!",Bitcoin,3,3,0,Big Banks face another round of US charges for rigging the global currency exchange rates.
0,It's technically a metal,Bitcoin,4,4,0,"Gold is definitely more useful than Bitcoin! Oh wait, no. It's not. It's a rock."
0,"Yes, but it is enough to make an insurance claim :)",Bitcoin,1,1,0,That cable isn't going to stop a determined thief. It needs to be able to be mounted to a reinforced wall through the backplate or something similar.
1,"So, pretty similar then xD",Bitcoin,-6,-6,0,Japan and China are about as different as Germany and Russia.
1,Don't you mean new bits users,Bitcoin,1,1,0,Yeah not confusing at all to new BTC users.
1,"Didn't you see the #blackfisheffect, that's the only #evidence anybody should need!",investing,12,12,0,"Excellent analyses, I especially liked the sources you cited and strong support provided."
0,"Going to bed tonight, doing some coke in front of the mirror.",Bitcoin,5,5,0,"Waking up today, that feeling."
0,that tweet was a dickmove.,Bitcoin,6,6,0,"Roger Ver: ""You thought wrong. I never said ""."
1,"Die untagged sarcasm, die!",Bitcoin,2,2,0,"are you against freedom? everyone knows units of measurement should be in inches, feet and miles."
0,Its like watching children discuss adult things that they have an extremely vague idea about.,Bitcoin,16,16,0,Looks like the far-right in America has decided Bitcoin is evil
1,"Long-time Redditor, first time Bitcoiner here... TIPS PLEASE!",Bitcoin,1,1,0,"Not a bad thing in itself, but it raises a flag. There have been many post like yours recently. So, either you are a real new Bitcoin user and new to Reddit, which is perfectly possible, and in which care you are most welcome here, OR you are part of a campaign to manipulate the market, which has been known to happen and is also perfectly possible. Users with older accounts are significantly less likely to be part of a manipulative effort, than users with a new account. So, it would help if you could prove somehow that you and your story are real."
1,Facts U Dislike.,Bitcoin,6,6,0,great points all -- what's FUD? the Fucking Us Dollar?
0,"With bitcoin, both of those things can be reasonably aproximated without a bank.",Bitcoin,5,5,0,"But Satan Inc. can guarantee your money back in the event of theft, and can refund you if a vendor defrauds you. Bitcoin pushes all of those to the consumer. How is that a gain?"
1,Great live reporting... wow,Bitcoin,2,2,0,Live right now - Bloomberg TV covers Bitcoin Auction
1,"Yeah, fuck businesses for giving customers/investors as much information as possible.",Bitcoin,6,6,0,More fluff.
1,"Yeah, bring back the marvelous wonders of the 18th and 19th centuries please.",Bitcoin,3,3,0,The 20th century made people extremely soft.
1,Excellent analysis; thanks for your insight.,investing,-1,-1,0,Don't
1,I hear Alienware makes the best graphics cards,Bitcoin,1,1,0,Or maybe it's because they are techno-literate and have graphics cards?
1,"Yeah, voting justifies extortion!",Bitcoin,20,20,0,"Not as a comment about the law, but have to point out you still have representation via absentee ballot."
1,Spoiler alert: Bread is also $20 a loaf when that happens.,Bitcoin,2,2,0,"""I actually had to adjust this number upwards. But then you come up with a number of about $2-5m per bitcoin."" - Rick Falkvinge when asked about a potential realistic market cap for Bitcoin"
1,Tiger said it so it must be true!,Bitcoin,0,0,0,"Source? I don't see where you guys got your numbers, and we had people making shit up before."
1,If you don't like it you can get out!,Bitcoin,1,1,0,"Apple is a company not a government, you vote with your money."
1,You forgot: Comes with a DNA sequencer so you can comply with AML laws.,Bitcoin,6,6,0,"An interesting idea, but I think if I was going to make an ATM I'd want a machine that: * Is a thin client for a server (allowing monitoring, setting exchange rates, rotating wallets, etc) * Has a touchscreen interface * Handled Canadian and American money * Could accept Bitcoin and dispense cash * Has a secure shell design that would make theft difficult * Comes with the option to handle multiple altcoins * Diverts a transaction fee to a third address Obviously, that'd be well beyond what this machine is meant to do, which is play with the basics. Maybe such a project should be funded by the Bitcoin community... it would certainly speed adoption if every corner store and coffee shop could have a small box made for a few thousand that would sit on their counter, handling small Bitcoin transactions and collecting 1% in each direction..."
1,I love gawker's reasoned and non-hysterical approach to this.,Bitcoin,1,1,0,Bitcoin Kingpin Admits Everyone's Money Is Gone
0,Ultimate Fighting Coin :],Bitcoin,1,1,0,UFC fighter Rory Macdonald wanting to cash in on the bitcoin gravy train
0,How many CAs were compromised making revoking/renewing the keys pointless?,Bitcoin,1,1,0,And how many servers' private keys were compromised and the keys not revoked?
1,"Answer the questions, you fucking money launderer!",Bitcoin,7,7,0,"Moved my bitcoins off coinbase and got the following email We noticed your account has conducted a high volume of transactions with Coinbase. We appreciate you being an active customer! We are required to periodically review high volume accounts as part of being a Money Service Business. To assist in this process, can you please provide us with the following information at your convenience: - Please describe the primary use case for your Coinbase account - Please describe the source of the bitcoin being deposited into your account - Please tell us the source of funds for your bitcoin purchases - Please elaborate on the nature of your outgoing transfers and what, if any, services they are related to Respectfully, Coinbase Compliance Team"
0,check out open transactions - the need for traditional banking institutions is evaporating,Bitcoin,5,5,0,I cannot envision a world where the finance sector is replaced by block chains... but can definitely see bitcoin and banks co existing as long as the consumer has the final choice
0,Who said anything about taxes?,Bitcoin,2,2,0,"Taxes are after the fact. It's the same thing as a cash based system, you still owe taxes."
0,Way to go on security..... wow.,Bitcoin,8,8,0,List of Possible Silk Road Bitcoin Bidders Allegedly Leaked by US Marshals
0,"""The Great Train Robbery"" Someone stole my smartphone with the unencrypted wallet!",Bitcoin,1,1,0,"Just for fun: Movie plots that would have been ruined by bitcoin I thought it would be fun to list movies that the plots would be ruined if they had used bitcoin instead of fiat. Especially bank heists, cons, etc."
0,Surprised your shovel hasn't worn out.,finance,1,1,0,"You do know the movie was based off the guys autobiography right? Anyways, you'd be wise to do a little bit of research before tossing my conclusions to the side and arrogantly taking your own as solid fact. If this was the only circumstance that I had seen something like this unfold, then yea my conclusions wouldn't be based off much now would they. but this kind of stuff has happened countless times and continues to happen? You want me to prove it? Well, i'm not cause you should be able to do your own analysis before making such a statement."
0,"Can't we stop using ""Bits"" for this purpose now?",Bitcoin,1,1,0,"PSA: Don't change the new Blockchain iOS wallet denomination to ""Bits"". When you click Bitpay/Coinbase payment links it will send the wrong amount of BTC to the payment address. I just discovered this 'bug' today. I installed the new iOS Blockchain wallet. Changed denomination to Bits. Opened Gyft app, wanted to buy a Target Giftcard. Clicked Bitpay's ""Pay with Bitcoin"" link. Blockchain immediately opened, however the app sent .0843 BITS instead of .0843 BTC. I was really confused for a long time why the gift card was not appearing for me, it's because I barely sent them a few pennies worth of Bitcoin and I didn't even realize it for a long time. So long story short, keep the Blockchain wallet denominated in BTC for now."
0,Ignorant with the hopes of being right.,Bitcoin,5,5,0,Not sure if they are more scared or ignorant.
0,I can just imagine a cattle auction in Australia being done in bitcoin - it would take forever.,Bitcoin,0,0,0,Western Australian farmers adopting btc for meat exports to foreign countries Btc is about to go through the roof Buy buy buy !
1,Bearish as fcuk,Bitcoin,1,1,0,Jack Dorsey says Square will accept bitcoin
1,"""They're not paid to research, they're paid to write!""",Bitcoin,3,3,0,It's not a company -_- how can people make this mistake in 2014. Did the writer of this article really not google Bitcoin before pulling some shit out of ass??
0,No problem xD,Bitcoin,1,1,0,Oh yeah! Honestly I totally forgot tiger direct was accepting btc. Ty! Haha
1,Your right though we should censor information from the top down,Bitcoin,7,7,0,"wait, we have Julian Assange on board? The uniter of nations and ideologies? Mass adoption here we come!"
1,Lawsky will stop them,Bitcoin,5,5,0,"Who needs regulation to stop these losers, when we've got anarchy and regret instead?"
0,I think his prediction is a little low.,Bitcoin,5,5,0,"Bitcoin price 'to hit $2000' by end of the year | A venture capitalist, Geoff Lewis has predicted Speaking at CoinSummit in London"
0,Make money.,investing,3,3,0,What do BBY and JCP have to do to get you to buy long? What changes would you like to see from these two that would regain your confidence in them?
1,The safest!,Bitcoin,3,3,0,"Only the legal regulated opiates and ssri's of course, since those are safe"
1,Not with that attitude.,Bitcoin,31,31,0,"Yep, you can't patent the network effect."
1,Worked for the hippie movement.,Bitcoin,1,1,0,"Well, be the change you want to see in the world. What are you doing about Mastercard?"
1,"The Revelation... they take bitcoin in heaven, right?",Bitcoin,16,16,0,The end...When is that?
1,Yeah... Amazon has never taken a risk on anything,Bitcoin,2,2,0,"No, that's super risky. No company will hold bitcoin unless they plan to speculate."
1,"Dont worry, someone ELSE will figure it out for us",Bitcoin,0,0,0,"What is your proposed solution for the ""right incentives""? Or at least your first stab at a proposed solution. Where is the discussion on that topic happening? Bitcointalk? Somewhere else? Here??"
1,My favorites are the bars operating like this that only accept cash.,Bitcoin,2,2,0,"Well, ATM fees and service charges have gone up steadily since their introduction actually. I'll grant that consumer *do* feel cheated but typically the convenience factor outweighs that and the cost of entry keeps competition from jumping in too quickly. Most people won't use an ATM in a bar for example but there are enough that do to make it more profitable to gouge a few people than to offer a more 'fair' service to more people."
1,Seems legit.,Bitcoin,1,1,0,Bitcoin Faucet Earner (Earn Bitcoins with your pc without mining)
1,Guess where he got it.,Bitcoin,11,11,0,I think my girlfriend has that t-shirt he's wearing.
1,But at least you'd be enjoying the high living standards in Somalia.,Bitcoin,3,3,0,"IRS taxes all U.S. citizens, no matter where they live. You can renounce your U.S. citizenship to avoid taxes, but then: (1) any property you own (even jointly) in the U.S. will be confiscated and (2) you will never again be allowed to set foot in the U.S."
1,This kills silver and gold.,Bitcoin,2,2,0,I guess the same rules apply to silver...
1,Why don't you tell the bitcoin dev team about your amazing discovery.,Bitcoin,2,2,0,"When a transaction does not depend on multiple inputs and outputs, then we have a fan-out. It's the need to depend on multiple inputs and outputs that's the problem. Once we have enough of those, then shit hits the fan. We need a certain volume before Bitcon can be majorly abused."
1,Warren Buffet is clearly one of the poorest folks around,investing,1,1,0,What money? If you haven't sold you haven't made anything.
1,Spoken like a true business angel.,Bitcoin,0,0,0,who the hell would want to buy that clusterfuck of a company???
1,Yeah because we're totally worried about inflation right now.,investing,2,2,0,Bit coins are actually a us government strategy for making annoying technology people counteract inflation by making their money disappear! Brilliant.
1,"Don't worry, it'll trickle down",Bitcoin,3,3,0,I would rather one billion people buy 0.01btc apiece than a few rich people buy a lot. Discuss...
1,Sorry forgot my,Bitcoin,-5,-5,0,Why would I go through all that trouble which involves finding someone to buy the items I just bought? I'm not that strapped for cash.
0,This will be the nature for all merchants,Bitcoin,1,1,0,The ATM operator just found out that it is more profitable to keep the coins...
0,"""official""",Bitcoin,34,34,0,Pay for your tickets for the official Bitcoin conference 2014 in Amsterdam with ...
0,Why don't you explain to me how it's broken then?,Bitcoin,2,2,0,"PoS is broken in its design, so it doesn't matter that you implement it from the ground up. I don't know who you are so why would I care that you ""haven't heard"" of PoS being broken? If you want to stay up to date on things like these join the experts at #bitcoin-wizards."
0,Thanks for the new goal!,Bitcoin,2,2,0,"No because 21m is the maximal bitcoins. so 21 xbt get you a ""millionth"" of the total. Imagine having $1 for every $1,000,000 printed, in the history of the USA. that's why 21 is a fun number."
1,I wonder if we have any similar past examples of such a thing happening?,stocks,0,0,0,AIRASIA went missing today. Will this have a major effect on airline stocks? What are your thoughts?
0,Let *what* happen?,Bitcoin,5,5,0,The banks will never let this happen.
0,Them possibly going P2P has nothing to do with Bitcoin acceptance.,Bitcoin,2,2,0,Then you dont understand the power of p2p
0,"Sadly, their computers are shit.",Bitcoin,-2,-2,0,DELL is now the world's largest ecommerce business to accept Bitcoin!
0,If they already had it up.,Bitcoin,1,1,0,Would they have sold in that small time period?
0,Climate change is more due to cow farts,Bitcoin,0,0,0,"Oh great, someone who believes human-induced climate change is a myth. THAT's who we want promoting Bitcoin..."
0,I'm waiting for china to ban it again so I can get some cheap coins,Bitcoin,2,2,0,"i'm from germany, but i wake up at 3 a.m. to see if chinese are doing something. east coast usa should wake up now, i think they will sell now because the main pump is over, so it will slide down again. i hope that tomorrow when china gets up they will pump again."
0,"Good luck, you're gonna need it.",Bitcoin,2,2,0,"Nobody is bragging, i'm just stating that people don't know what they are doing on their PCs and then cry like babies when they lose their coins. There is nothing wrong with Windows(except it has a couple of backdoors) but I believe NSA has more important things to develop than reading what a guy on reddit is doing."
0,"No silly boy, you have a WHILE to wait.",Bitcoin,5,5,0,"Wait, you mean the miners that I bought 6 months ago and are just now shipping? Lol."
0,What questions do you have?,Bitcoin,1,1,0,Bitcoin coaches Is there anyone that can coach me step by step?
0,"The Bitcoin CEO would never pay his ""Stoodent Athaleetes"".",Bitcoin,1,1,0,My friend is running a Bitcoin based American football bowl -- I don't know anything about football but thought someone might find the Bitcoin part of interest to some
0,This also means gold then right?,investing,2,2,0,Just a while ago this Hedge Fund manager predicted a huge decline in oil prices
1,"But, but... the free market solves everything guise",Bitcoin,-3,-3,0,Pure Manipulation
1,why didnt you just work with their support team?,Bitcoin,-2,-2,0,"The Great Robocoin Rip-off: How we lost $25,000 buying a Robocoin ATM"
1,"Dude you'll be so safe bro, FBI has got u don't worry!",Bitcoin,12,12,0,"Hey man, whatever it takes to lower my chances of being harmed by a by a terrorist from .00000001% to .000000009%. If we need to make reddit illegal, so be it. Come to think of it, I'd probably better never leave the house again."
1,"LoL, yeah that is the best you can do for a noob that prefers bits instead of BTC xD",Bitcoin,2,2,0,Solution: fee is paid in Bitcoin... Sent 56.4 bits with a fee of 0.0001 BTC
0,I don't know enough about the company to make a high stake decision..sorry,stocks,-1,-1,0,Looking to enter NQ for the first time. Anyone else looking at it now? Just a small position but having a hard time picking options because of the high premium. Any suggestions?
1,What you mean the whole world isn't a libertarian?,Bitcoin,1,1,0,Whats not to understand? This sub is riddled with subservient statists who only care about bitcoin because moon money.
1,It can only mean that Bitcoin is dying,Bitcoin,0,0,0,"We seem to be on a nasty downtrend, anyone know what's going on?"
1,Bitcoins are too expensive,Bitcoin,1,1,0,"What's interesting about this graph, which begins at 1995, is that the adoption rate at its start is over 10% of all adults. Bitcoin isn't *anywhere near* that amount yet."
1,Have to think before you can drink,Bitcoin,1,1,0,"....why not just give needy people the water, and let people practice math. Why do they need to be tied together?"
1,I forgot the,Bitcoin,2,2,0,but then where did sweepme.exe come from?
1,Yeah that's why everyone still uses MySpace everyday,Bitcoin,1,1,0,Not going to work or happen. I use facebook as a web application. There's no way following people on the blockchain will replace years of engineering talent building out a nice messaging and social media platform.
1,Herp bitcoin isn't a company Apples to oranges derp,Bitcoin,1,1,0,For those hoping for sanity in the BTC valuation someday: Jessica Alba's Diaper Delivery service just got a $1Billion Valuation. (It blows my mind that BTC is still less than $7Bil :)
1,How dare you not break everything to think of the children.,Bitcoin,5,5,0,"Are you saying websites should replace parents? What about schools? Should schools discipline children, or should the parents do that? Bad parenting, and lacking or non-existent parental supervision does not mean we should break the internet or eCommerce."
1,Smart business strategy,Bitcoin,26,26,0,Dollars Not Accepted Here (png)
1,They're going to ruin Oculus like they ruined Instagram,investing,0,0,0,"These acquisitions always have an air of ""I'm just buying you cuz I like your style, you still do what you want. I won't sell you out before you have a stable product."" Anyone else getting that?"
1,"ok, now ELI-FIVE!",Bitcoin,1,1,0,9 Year Old Explains Bitcoin
1,You mean all that China news was real?,Bitcoin,0,0,0,"PSA - The USA is not the only country using Bitcoin Posts about legislation, taxation and government organisations are frequent here, which is totally fine. What's not fine is when you assume that America is the default and talk about region specific concepts as though they are universal. If you are making posts that relate to government specific concepts, spend two seconds to add something that indicates what country you are talking about. You're clever enough to tag posts about China and India, so do the same for the USA."
1,"Yeah, a centralized service will solve this.",Bitcoin,9,9,0,People on the ground need to develop a BTC banking system there as an alternative to the current fiat systems. Show it works there and it's game over.
1,"Remember guys, Bitcoin is a bubble.",Bitcoin,1,1,0,Whatsapp worth $19bn. Bitcoins worth $8bn. Time to buy.
0,Or maybe he was joking,Bitcoin,1,1,0,What that some prepper div doesn't learn about topics before commenting on them?
0,Its tvoed the time i post was 15 mins from the clock when i siad check the clock.,Bitcoin,1,1,0,Isn't the time on the TV supposed to be accurate? Is the clock under your TV just 13 minutes ahead?
0,I guess it was worthless in '09.,Bitcoin,4,4,0,"How would you get Bitcoin if every exchange, bitcoin meetup site and circle/coinbase closed? How would you *spend* bitcoin if they all closed? It'd become worthless. Trying to argue otherwise is just attempting to ignore and uncomfortable fact."
1,But why would you use a decentralized app; centralized systems are more efficient?,Bitcoin,9,9,0,"After Hong Kong protests, the decentralized app, FireChat strikes again in Russia"
0,This problem has been fixed in current versions of wallets.,Bitcoin,3,3,0,"Using an Android wallet for bit coins is considered unsafe sooo,"
0,Matthew Broderick in a War Games sequel?,Bitcoin,2,2,0,This would make a good sequel to oceans 11 (or any crime thriller for that matter).
0,"Yes, because it works so well for people to enthusiastically subjugate themselves to brutal power.",Bitcoin,2,2,0,China executes its own leaders for corruption. I don't think you should be encouraging ordinary Chinese citizens to subvert the law.
0,Is there no way to participate without an Android?,Bitcoin,2,2,0,"damn, they need an ihpone app or desktop app for this. actually, can you use mycelium on tails OS? I'm considering going dark after this Ben Lawsky bullshit."
0,"Subscribed to the list, can't wait to play with this!",Bitcoin,3,3,0,Bitcoin App Store for iOS &amp; Android (No Jailbreak)
0,...Keep your enemies closer.,Bitcoin,7,7,0,"Yes, very odd. Anyone know why?"
0,"I think the image is enough, unless they actually did a skit.",Bitcoin,2,2,0,no. link?
1,I have never heard this before.,Bitcoin,2,2,0,Bitcoin Collapse
1,yeah cause bitcoin isn't political,Bitcoin,1,1,0,"No. This is about Bitcoin. Take your extremist libertarianism elsewhere. Great post, really in the interest of you and you only."
1,What do you need those for in the basement?,Bitcoin,2,2,0,I still have my sonic curtains up. :D
1,Crowdfunding,Bitcoin,1,1,0,"how do we get bitcoin into more movies? i mean; wouldn't it be awesome, if someone like for instance brad pitt was in a movie purchasing something(for example coffee). i think that could start the fad needed for bitcoin to get a mainstream push. any thoughts?"
0,That's exactly how a brazilian would say it.,Bitcoin,4,4,0,"""bitchycoin"" :-)"
0,As far as I'm concerned circle is incredibly sketchy as it stands right now.,Bitcoin,1,1,0,"So, is Coinbase sitting in the war-room right now, trying to figure out what there next move is? What do you think they'll do? I've had positive experiences with Coinbase, but I will definitely switch over to Circle if they don't offer free services like Circle."
1,"Yes, it's totally a good idea to kill the guy that controls the private keys of our money",Bitcoin,8,8,0,"I'm not advocating for anyone to do anything, but frankly I am amazed that no-ones tried to assassinate or otherwise harm this guy yet. The fact no-ones been able to find him either is equally amazing to me."
0,Where did all these recent trolls come from?,Bitcoin,1,1,0,100 percent certain that this will happen. Companies that invested in bitcoin already lost billions of dollars
1,That would require the auditor having a deep understanding of the protocol.,Bitcoin,1,1,0,"I don't understand why actually performing a transaction is necessary for an audit to prove solvency. The auditor could issue a challenge string, and the exchange could sign it using the private keys for a number of bitcoin addresses. The auditor could then simply check the sum of the balances of all those addresses with valid signatures. No panic created."
1,"This is actually bad news, because it means bitcoin is mainstream.",Bitcoin,15,15,0,"The way things are going these days, this should cause the BTC price to drop by at least 5%."
1,"Because an electronic currency has anything to do with ""paperwork"".",Bitcoin,1,1,0,"The Taxman Meets Bitcoin... ""A currency that is unstable, with a tax liability, and paperwork has no chance of going mainstream."""
1,#sickburnBro,investing,-16,-16,0,See how they like it when you're making their fuckin lexus payments.
1,I'm shocked,Bitcoin,1,1,0,Wells Fargo organizes meet to discuss Bitcoin rules. Spoiler: they don't like it.
1,The free market will sort itself out and automatically de-centralize!,Bitcoin,-1,-1,0,"This is the screen cap that boiled my blood this morning. I woke up at 3am to trade on the Gox announcement only to find out that some insiders had gotten preferential treatment 4 hours earlier. In the real world, Mr Karpeles would be in jail for this kind of blatant insider bullshit. Any illusions that we should trust MtGox or that they are not themselves trading on their platform, should already be gone, but just in case you have any remaining shred of impression that they aren't letting their friends and family cash out preferentially - just take another look at that screen capture. To be clear, the payout on that one price movement would net at minimum 2.5 million in shorts profit on Bitfinex, plus 10 million in carry-over to Stamp/Coinbase. They are likely doing this time and again more subtly every day. The blatant nature of this trade makes it obvious that we're nearing the end. Gox insiders are robbing us. And I don't just mean Gox customers. They are screwing the entire market."
1,"But without the comment, how will they know where to put the acq text?",Bitcoin,13,13,0,"That's not normal. I mean... WHO will put a comment like this ? There is no way this comment help a developer. Because if a guy REALLY NEED it, he won't be able to understand anything about code. So he won't put anything... And if he can code, he won't need that. So, they put it for us to see it. What if they want to buy some REAAL cheap coins, cheaper than at 100$ ? And there the leak will be just a volontarous stuff ?"
1,Glad you can speak for everyone,Bitcoin,3,3,0,"The community doesn't care about you, they are libertarians."
1,"With thrill and exuberance, of course!",Bitcoin,1,1,0,How Should Society React to the Growth of Bitcoin?
1,yup... Obey,Bitcoin,1,1,0,I was thinking this too. How does this apply to them? However PayPal is a US company. So PayPal must comply with US law and PayPal here is facilitating a transaction with Cuban exports. So really it shows the inefficiency of a centralised system. Much like how PayPal had to cut off donations to Wikileaks because the US told them too.
0,Might be auto widthdrawl from bank account.,investing,4,4,0,"I suppose it's the crazy in me but I think it's nice to just buy something outright sometimes. Credit is great and totally necessary but when it comes down to it, I own my house, cars, and other toys. I know your loan is ""free money"" but you'll be writing a check every month for the next five years and that kinda sucks. And don't forget, there's always a chance of hardship or market crash and making the payments gets a little bit more difficult. Tldr- I'd just pay it off."
0,"It may not be ""abnormally large"" for The Fed but it's certainly abnormally large for Belgium.",Bitcoin,2,2,0,"yes its suspicious (yet also ignores the BORROWING that belgium and any country does far beyond their actual earnings over any time period) I'm saying that the REASON the fed obfuscated this transaction has nothing to do with ""scaring the market"" because this amount is not as abnormally large as the author claims it is, so the author needs to go back to the drawing board and think of - or engage in - an intelligent discussion"
0,FTFY porn/bitcoin go lube in hand.,Bitcoin,-1,-1,0,porn/bitcoin go hand in hand.
1,Yeah how does GS keep getting it right,investing,2,2,0,"I wish I could make a solid 10 - 15 % return every year all the time every time including during a financial crisis and after the crisis, through bull markets and bear markets."
0,The slogan is childish anyway so I'd say just give it to the doge kids.,investing,-7,-7,0,Uh no. It was a bitcoin thing and then doge took it and made it their slogan.
1,Yeah that's why nobody is using Bitcoin in other countries.,Bitcoin,3,3,0,Lol well so much for Bitcoin in Nigeria...this seems way more convenient and feasible
0,Point 5 highly improbable.,Bitcoin,0,0,0,"Someone needs to break the circle-jerk here. 1. You're going to pay a fat penalty on early withdrawl 2. You should never be ""all-in"" with any investment 3. You say you've been in this 401k for 5 years and made 6 grand. If you invested in the S&amp;P 500 in 2009 you'd be up +100% by now so it sounds like your problem is you have a shitty money manager, not that a 401k is a poor investment vehicle. 4. This post leads me to believe you're not very familiar with investing in general 5. We could go to 0 tomorrow. My $.02 - Get more involved with the management of your 401k and start putting a small piece of your paycheck moving forward in bitcoin. Don't play the lottery with your savings."
1,At least journalists clearly do their homework before pumping out articles!,Bitcoin,3,3,0,"They really push that hacking 'problem', don't they. Taking Mark 'Malleability' Karpeles' words for granted."
0,"Yeah, I just got in the other day but with earnings coming, I'm hoping there'll be a small breakout.",investing,1,1,0,I've had WEN for a few weeks now. It's been doing very well for me.
1,That's it folks...the ride's over,Bitcoin,2,2,0,DEA seizes Bitcoins without needing wallet.dat file
1,Leave it to reddit to be a dick about grammar...,Bitcoin,1,1,0,"I don't know, who's?"
1,"Oh wow, he predicted wearable computing and delivery drones a whole year ago!",Bitcoin,2,2,0,"Venture capitalist Tim Draper predicts $10,000 per Bitcoin in three years | Fox Business News Online Video"
1,Another sign of the top!,investing,1,1,0,UK economy grows strongly in second quarter
0,Proof of Poop with decentralized contracts and call it OpenBizarre.,Bitcoin,5,5,0,This is probably a scam. How would you know if the recepient got the package? You would just casually ask? I DONT KNOW
0,If.. Such a tiny little word with so much consequence!,Bitcoin,2,2,0,"Marc Andreessen: If bitcoin works, it can be profound! Dreamforce 2014"
1,"Yeah, makes total sense because everyone knows Electricity bills need to be paid every other day",Bitcoin,2,2,0,"China's bank's are closed until the 8th. The large mining farms still need to cover the electricity for their operations, so they're selling for whatever they can get until banks open carry on now"
0,"ARNA is not a bad stock, but it's one that requires patience",investing,2,2,0,ZNGA &amp; ARNA Took forever to recoup some of my losses. Held AAPL for an year and now I am in a profit since I started 4 years ago. Lessons : don't invest your life savings when you can't afford to lose much. Don't chase the hype - ARNA &amp; ZNGA. Will never touch them again or any other stocks like these.
1,Everyone knows if its not in an email it cant be done.,Bitcoin,0,0,0,I must have missed where that option was offered in the email sent to him.
0,"Times up, deliver now",Bitcoin,0,0,0,Give me an hour or two! I'll deliver OP.
1,Your radar reference was helpful!,investing,0,0,0,"Highly leveraged tech company with a paper thin investment thesis. This thing had speculation all over it, and that was confirmed when reddit hopped all over it. I'm glad stocks like this don't even fall on my radar."
0,"At last public count, they owned 100k BTC for their fund, which is roughly $63M.",investing,2,2,0,Someone correct me if I had a dumb while doing maths but they own ~$81m in Bitcoin?
1,itshappening.gif,Bitcoin,2,2,0,Butterfly labs is shipping!
1,Like when Apple's stock split everyone reported the company was being diluted.,Bitcoin,2,2,0,"I can also see a humorous adverse effect taking place, like widespread reporting of bitcoins value tanking to fractions of a cent due to a lack of recognizing the unit change."
0,I choose the moon.,Bitcoin,1,1,0,"Which is more important, though: the current terminology of the exchanges, or wider adoption?"
1,"But, but, but... theycreatejobsandstuff",finance,-10,-10,0,"It's so pathetic, when regular people lose big on an investment they have no choice but to suck it up and move on which is completely reasonable as long as no laws were broken. But when these shareholders lose big, all of a sudden they BEG for government help and cry. Fuck you. Lose your money."
1,"Nope, totally meant bullshit.",Bitcoin,1,1,0,....I am pretty sure you mean bullish?
1,Great article- really explains how this would happen.,Bitcoin,1,1,0,Bitcoin can help less-prosperous nations build stronger economies: Tim Draper
1,This is great news for everyone running a restaurant in your area!,Bitcoin,-5,-5,0,"It is amazing how difficult spending money becomes when I think that ""this dinner out that is only $10 today could potentially cost me $100 or $1000 if Bitcoin takes off."" So I too have saved way more than I dreamed I could. ;) The hard part is spending anything now!"
1,"To top that off, they are at the top of the pyramid.",Bitcoin,0,0,0,"By that logic then: Marc Andreesen, Sam Altman, Reid Hoffman, Jimmy Whales, Ben Horowitz, Max Levchin, Yishan Wong, Keith Rubois, Peter Theil, Richard Branson, Yuri Milner, Chamath Palihapitiya, Ken Howery, Jeff Skoll, and many many more are ALL scammers too."
1,Check your white male priviledge!,Bitcoin,1,1,0,First rule for getting rich with Bitcoin: be single.
1,Sell and put it all in bitcoin!,investing,-5,-5,0,"Advice: I was given Tim Hortons Stock a while back, I'm up 120%, what do I do now? Like the title says, a few years ago as a gift I was given Tim Hortons stock. After doing some basic research online, I put the stock in a TFSA, so the gains are tax free. Problem is, I don't know much about what to do now that the company is being merged with Burger King. Is the new company going to be Canadian/ Canadian traded? I've heard it's a terrible idea to keep American stocks in a TFSA for tax reasons. Should I cash out, or go for the cash + stock option? I tried doing a google search, but couldn't find much/ anything on this specific situation."
0,Why aren't there wallets in the web store?,Bitcoin,3,3,0,Google begins blocking Chrome extensions downloaded outside their Web Store. Is the end of Dark Wallet?
1,"But, see, it's not valuable because people only hoard it.",Bitcoin,2,2,0,"you mean when something has value, PEOPLE WILL TRY TO STEAL IT?!"
1,Wow... You must be fun in person,Bitcoin,1,1,0,And thus we see the extent of your intelligence.
1,Bbbb bbbuuttt I was told macs can't get viruses Q.Q,Bitcoin,2,2,0,Bitcoin-Stealing OS X Trojan Now Masquerading as 'Angry Birds' and Other Popular Mac Apps
1,Aahahahaha that idea is brilliant!,Bitcoin,1,1,0,"Where can I buy Bitcoins with a credit card without having to give up my ID? So I've got a credit card with 0% interest for a year. I'd like to buy some bitcoins to hold on the possibility they increase in value so I can sell them later, pay off the card, and pocket the difference before the interest kicks in. I know it's a risk and I'm willing to bet on it. The problem is the few sites I've found that let you purchase with credit cards want you to send them a copy of your driver's license or other ID. I really don't feel comfortable sending my info out like that. I don't understand why buying bitcoins with a card has to be any more difficult than buying anything else online."
1,This is the kind of quality content I come to this sub for.,Bitcoin,2,2,0,I just realized that my obsession with Bitcoin is actually a distraction from my horrible marriage.
0,"True, it's a pity it just looks like the bears are starting to claw this one back-",Bitcoin,1,1,0,"The only thing missing from that ELI5 is that for each short position, if the price reaches a certain level, Bitfinex will automatically panic-buy the owed coins back on the short trader's behalf, relentlessly driving the price upwards."
0,Why did I have to scroll so far down to find this?,Bitcoin,0,0,0,"""asked for arguments for and against it. That's not him pushing for anything."" Thank you."
0,What are logs?,Bitcoin,1,1,0,What's a backup?
0,"The US Dollar isn't scarce, and it has worked for about 100 years.",Bitcoin,-2,-2,0,"And another thing, it can't just ""be decided"" that miners will be compensated by DOGES that are not scarce. The fact that Bitcoin has value is because it's scarce. You're telling me that a LOT of doge will always reward the miners, which will make them happier. Doge isn't scarce, it won't work."
0,Bitstamp/mtgox/btcchina You cant get USD from mtgox or btcchina though.,Bitcoin,1,1,0,so where should i go to trade BTC?
0,bring your mom to work day said nobody ever,Bitcoin,1,1,0,What my mother brought me at work today
0,Do you think they are really that simple?,Bitcoin,3,3,0,They might not understand what Bitcoin is and think they're just being scammed out of tips but forced to wear those shirts.
0,Jail is almost worth not giving up net worth.,Bitcoin,2,2,0,If you get caught the courts will rape you even harder.
1,But who would ever have enough to buy an entire Bitcoin?,Bitcoin,28,28,0,Holy shit! It teaches that bitcoins are divisible!
1,Sympathetic upvote because apparently people don't recognize sarcasm when it isn't labeled with a,Bitcoin,1,1,0,***YOU CAN'T TELL ME WHAT TO DO!!!***
0,"Our of curiosity, what troubles have you had as a buyer?",Bitcoin,1,1,0,as a seller: fuck paypal as a buyer: fuck paypal
1,I like Bitcoin because it's a really efficient payment mechanism.,Bitcoin,-1,-1,0,There are a lot of reasons people are drawn to bitcoin. No need to criticize them if they are just now realizing the wider implications.
1,Sounds Turkish to me :],Bitcoin,1,1,0,"""Bitcoin has proven it can scale to a level that no one imagines,"" said Mike Antonopoulos, who is regarded as one of the most publicly recognized security experts in the field of crypto currency. .... who the f*ck is Mike Antonopoulos :D"
1,Cuz that works soooooo well.,Bitcoin,9,9,0,if you don't like the taxes you should lobby to change them
1,So did they just refuse payment from Canadian customers before now?,Bitcoin,-1,-1,0,Newegg Now Accepting Payments From Customers in Canada
1,Just like satoshi envisioned,Bitcoin,0,0,0,Pictures from another Chinese bitcoin mine
1,"Sure, because what's best about bitcoin it's that it's so evenly distributed trough it's users.",Bitcoin,4,4,0,Pope Francis Calls For 'Legitimate Redistribution' Of Wealth To The Poor - Let's contact Vatican to accept Bitcoin!
1,You forgot,investing,2,2,0,Buy the S&amp;P500 at record highs please
1,"Nah he knows about that, all he means is that you can't steal any *real* money using this method.",Bitcoin,4,4,0,"Worse, he claims double spending is traceable because you'd need to sell into USD. Gavin obviously knows an attacker would buy into an altcoin and perform the double spend that way. 1. send BTC to exchange 2. buy altcoin and xfer out immediately 3. cancel 1 with a double spend. You now have your original BTC and the altcoin."
1,Because economics has nothing to do with currencies......,Bitcoin,4,4,0,None of this offers a substantive argument against Bitcoin's fundamentals. Sorry.
0,I refuse to be held responsible for Beiber or Harper.,Bitcoin,-1,-1,0,"Me too, but could you take Beiber back please?"
1,Preferably as a torrent?,Bitcoin,1,1,0,Nice! Does anyone have a collection of the bitcoin articles they have published?
1,Nice try person with own wallet as QR code,Bitcoin,-1,-1,0,Just downloaded Notepad++ and noticed they accept Bitcoin donations. Donated a small amount and thought you guys might be interested as well.
1,Because we all know that violent revolutions decrease the amount of poverty in the area.,Bitcoin,3,3,0,Problem : local governments causing poverty. Solution : replace government.
1,"Yes, court proceedings are such meaningless gestures...",Bitcoin,4,4,0,Because the US and Japan have given NO indication that they take it seriously.
1,I'd love one of those!,Bitcoin,-1,-1,0,Give someone a $100 wallet and they'll be forced to figure it out to get that hundred bucks?
1,Now you can buy fake medicine with fake money!,Bitcoin,0,0,0,"Brazil is starting to catch up with crypto. My bother is now accepting Bitcoin at his sports supplement food store. If you need weight gainers, vitamins, etc, check his website out or come in person to the store in Sao Paulo. He can't wait for the first customer paying in BTC."
1,$816 on Bitstamp.,Bitcoin,1,1,0,Anyone know what it costs?
1,No pretty sure he wanted to say loose,stocks,3,3,0,"Loss, the word you're looking for is loss."
1,We should just institute age restrictions to posting.,Bitcoin,3,3,0,"Even though the dogecoin post isn't about Bitcoin, users here are seeking to get it banned from the subreddit."
1,This is actually good news: just think of how much more new money this means there is yet to come.,Bitcoin,1,1,0,Three in Four People Have Never Heard of Bitcoin!
0,"Sure,any altcoin will do.",Bitcoin,0,0,0,I thought they all dried up? I'm not sure about BTC faucets these days. Altcoins maybe.
0,I could see this being useful in the diamond industry... Certified non-blood diamonds.,Bitcoin,9,9,0,"How the block chain can help the wine industry: ""The Future of Wine Provenance Is Bitcoin"""
0,"ITT: People who has realized value is subjective, thanks to Bitcoin.",Bitcoin,2,2,0,"ITT: People who have been blinded by their vested interest in Bitcoin, unable to acknowledge the fact that Schiff is right about the lack of intrinsic value."
0,"He had me at ""Top Gear Special.""",Bitcoin,2,2,0,Bitcoin is poised to shake the world: are you paying attention?
0,You really need to work on your social skills.,Bitcoin,0,0,0,"I'd say that I think you're a Facebook employee, but I think you're too dumb to be hired. Facebook will be a ghost town in no time. It's already on the decline."
0,We just went full circle,Bitcoin,18,18,0,Washington Dispensary Now Takes Bitcoin for Cannabis
0,Makin' it rain in the club!,Bitcoin,1,1,0,"Thanks for tipping me, too!"
0,"The ""not"" part.",Bitcoin,1,1,0,"What part of ""shall not be infringed"" don't they understand?"
0,Bitcoin debit cards?,Bitcoin,1,1,0,"Wait, what? Bitcoin is the solution for how to pay for payphones if your cell phone is dead? Are you envisioning a world where payphones scan paper wallets and then you wait 10 minutes for confirmation and you can make a call? Or are you going to like, scan your pay phone with a cell phone or what?"
1,If I had to pay 16 fixed IPs for just my home I would reconsider AOL online,Bitcoin,1,1,0,"Depends on the application. NAT works fine if you're just trying to manage a thousand workstations, but if you're building a bunch of servers that need to be Internet-facing that may not always be the best system to use."
1,NFC = NoFuckingChance?,Bitcoin,1,1,0,Is this because of NFC?
1,There's always just-dice :],Bitcoin,1,1,0,"Best way to buy 50 more Bitcoins? I'd like to buy another 50 Bitcoins next time it dips below $500. I realise that might never happen, but if it does I want to be ready. I can't meet the ridiculous requirements from Bitstamp as I'm a Brit living abroad and simply can't comply with the document requests (my bills are in electric form etc). I could continue to buy through localbitcoins but I'm paying an unnecessary extra tax when doing this. For 1-2 coins thats fine... but 50 is a significant purchase so I don't want to spend 5-10% over the 'real' price to do this. Any suggestions as to a marketplace I can use that would be competitively priced? I'll be paying by international transfer from a corporate account. I'm willing to supply a scan of my drivers license and a redacted copy of the bank card, but thats it. thanks"
0,The CEO is also super libertarian,Bitcoin,-1,-1,0,"Papa John's should embrace Bitcoin, since it was the first ever pizza delivered in exchange for Bitcoin!"
0,Not even a year ago it was $1242 - just sayin :),Bitcoin,6,6,0,Why is the price so high? Not even a year ago it was 100$
0,"Account is 10 minutes old and has something stupid to say, not hard to figure out.",Bitcoin,4,4,0,Not sure if trolling... or just very new to Bitcoin price fluctuations.
0,"Yes, yes he does.",Bitcoin,2,2,0,But he has such a funny name!
1,"Of course, because it has such a great track record, and a lot has changed since 2008.",Bitcoin,0,0,0,Assuming the global financial system will collapse is pretty crazy.
0,Looks like a hammer and sickle.,Bitcoin,8,8,0,Horrible symbol
1,Which one?,Bitcoin,1,1,0,In the video.
1,Glad to see the board appointed a new Bitcoin CEO so swiftly.,Bitcoin,-1,-1,0,Patrick Murck appointed Executive Director of Bitcoin Foundation
1,I'm sure Paypal will benefit the decentralization movement...,Bitcoin,1,1,0,"PayPal will buy Coinbase in the next 6 months to a year. As soon as they are done analyzing Bitcoin, they will determine their best strategy is to buy Coinbase."
1,Good to see some objective reporting with no agenda driving the narrative.,Bitcoin,5,5,0,Bitcoin - good for who?
1,As long as transaction malleability doesn't get you.,Bitcoin,4,4,0,"You should definitely take bitcoins , they are the currency of the future and allow you the merchant to pay lower fees."
1,Forgot your,investing,-2,-2,0,"BECAUSE NOTHING IN THE CONSTITUTION GIVES THE FEDERAL GOVERNMENT, IN ANY BRANCH OR FORM, THE POWER TO DO SUCH A THING. AMERICA, DO YOU SPEAK IT, MOTHERFUCKER?"
1,I would say sell ASAP and buy a vanguard fun.,investing,0,0,0,"FCC's Net Neutrality vote (tomorrow) and Netflix I currently own 15 shares of NFLX, which I purchased near the 52w low. But tomorrow's vote has me worried. I've been having trouble finding any indication that the FCC is going to protect net neutrality. With several hours left in the day, would it be wise to sell off my shares to avoid a possible 5-10% drop that may come as a result of the vote? Is there any indication that net neutrality will be ensured and that NFLX might take a jump up? Thanks"
1,Use an email address with the word dogecoin in it.,Bitcoin,1,1,0,"Wanted to post a simple ad in this FB group but it got deleted since my email had the word ""bitcoin"" in it. The admin found it offensive and said it was considered branding. (repost)"
1,"Damm those regulators, A free market would never let that happen",Bitcoin,2,2,0,"THANK YOU COINBASE! They took the ""SeansOutpost"" username away from the scammer and actually assigned it to our official account. Much love."
1,I don't know if I'm all that comfortable with you liking me that way...,Bitcoin,1,1,0,I've always liked you Natanael. Now I know why.
1,"The title says ""[Confirmed]"", so it must be.",Bitcoin,1,1,0,"He didn't say that at all. He said the BTC market is still essentially zero and adding more complexity to the donation landing page carries a risk of detracting overall donations. He also said he didn't know if it was wise for wikimedia to promote BTC. He remains cautiously pessimistic and in reality a single spurt of donations isn't likely to do much convincing because he needs proof of long term sustainable donations. Where did you get that he was donated $200,000? His BTC account is showing more around ~$11,000."
1,So these are Australian banks?,Bitcoin,0,0,0,Toronto Dominion Bank and Royal Bank of Canada.
1,you can buy 300 shares of SLTD,stocks,1,1,0,"Ok, I got 50 bucks with which to start trading; what do I do? Someone posted a 4.95 a trade site, I need the name of that again, after that, I'm off to make my millions."
0,Occupy Eight Shoes.,Bitcoin,-2,-2,0,Apple protest in Berlin - evil inside?
1,Send me your emails and passwords and I will fix everything up for you.,Bitcoin,-1,-1,0,"MTGOX Email Login - Here's what happened to me... Like many other users, I received a Gox login email from a Chinese IP, specifically - 111.122.206.63, yesterday. I remember signing up for Gox long ago, but never used it and eventually decided to use CoinBase instead. I use LastPass to generate random password for my websites logins and noticed that I had no entry for Mt. Gox. I went back in my email and found my original verification email from 1/29/2012. I clicked on the verification link, **from over two years ago**, my account verified and I was able to set a password and then login for the first time. Apparently the Gox verification links live ""forever"". Is this what has happened to other users? They signed up for Gox and never verified. Now that the new login system is implemented, do these non-verified accounts just have blank passwords in their database? Did the Chinese hackers figure out how to generate verification URLs? I don't know, I'm just relaying my experience."
1,GOX TOO BIG TO FAIL,Bitcoin,0,0,0,MtGOX Situation Crisis Draft
0,imagine X that's awesome ......,Bitcoin,2,2,0,"Marc Andreesen: ""Imagine a Bitcoin Valley where some country fully legalizes cryptocurrencies for all financial functions."""
0,Then why do they buy through bitstamp instead of operating their own exchange?,Bitcoin,1,1,0,Crypto to Crypto does not need banking/payment providers etc. Coinbase does have a money transmitter license in all 50 states. ( It might be they don't but they have an agreement with a bank that does).
0,Wtf is bit4me?,Bitcoin,1,1,0,Bit 4 me - clearing all bitcoins - buy now!
0,I meant the Visa and Mastercard terms of service expressly forbid charging to cover fees.,Bitcoin,1,1,0,"It doesn't. They don't care as long as they're getting their fees. Payment processors don't make the rules, Visa and Mastercard do."
0,"""no one in the history of humanity has outperformed the S&amp;P 500"" -- r/investing",investing,8,8,0,"Viability of outperforming the total market (indexing) over the long run? Hello all, So I am here to discuss the viability of my portfolio(s) (primarily roth ira at this moment) outperforming the total market (vti, vtsax, fstvx, however you want to measure it) over the span of ~35-40 years (retirement time). Just some basic information, 24 years of age, ~40k income, with student debt (not the topic at hand though). I also plan on getting a new job, shooting for at least ~50k in the next few months as my position now is primarily for getting me on my feet and some stability. Currently my portfolio consists of Fidelity Biotech fund - FBIOX - $2600 Berkshire Hathaway class B - BRK.B - $2900 I plan on fully funding it early around January - February for my 2015 contributions. I have a handful of stock picks in mind, primarily companies that have been around for a while and I truly do not expect them to go away. *insert Kodak, GE* comment here. I do understand the risks that I'm incurring but really is it that bad? On to the list of picks, Nike - NKE Chevron (and/or) Conocophillips - CVX - COP Philip Morris - PM So let me explain my reasoning for my current picks, and future picks as well as why I am not going all in the total market which would have been my alternative. FBIOX - Probably my riskiest choice as Biotech and healthcare in general can be and are extremely volatile. I do believe though over the long run this will continue to be profitable due to population growth and emerging markets requiring their products as well. BRK.B - My ""safe"" choice. It is basically a conglomerate and headed at the helm by Uncle Warren. Should he go down due to natural causes, could I be screwed? Potentially but most of his businesses run themselves anyways. Hopefully he will continue to go on to at least match Charlie Munger's age or even beyond. Regardless, I'd like to think that Berkshire can sustain its position and growth. NKE - Well I don't see them going anywhere but up to be honest. Nike is like the Coke of athletic apparel and will be the most sought after product in their industry. As emerging markets grow, they will have more money to spend on athletic apparel. It's not like many of these countries don't already love and play soccer (football) but they just don't have the nice shoes yet. Hopefully as they develop, they will generate lots of money for Nike and myself. Another pro I see for Nike is that unlike cars, houses, coke, purses *insert other consumer staple or discretionary good here*, is that it is easy to buy more than you need regarding athletic apparel. For most consumers, one car, one house and one (or two) cans of coke and a bottle of PG shampoo is enough. But when it comes to shoes? Well you can have one for each sport, then one for casual use then maybe a couple extra colors in each shoe if you so desire. Not to mention other cash cows like Elite socks which I think is ridiculous in that people pay full price for them. Disclosure, I own some that I purchased half off. Also in that they are such cash cows. Under Armour was a (barely) slight alternative but I don't think that it will have the sustainable growth that NKE does, although I do see them continuing to grow profitably for some time. Chevron / Conocophillips - Oil and gas won't be going away anytime soon but if it were to, I suspect that these large players will have their hands in the cookie jar and could just buy out any small competitors should that time come. My alternative here is Exxonmobil (XOM) but I'm chasing growth and I feel like XOM has less of it than these current choices. Chevron is a bit safer than Conocophillips but at the same time it's not doing too hot right now. I am between the two of these so either I will choose both or Chevron if I had to choose one. I just don't want to pay that transaction fee if I get both. Overall the industry has not been performing well and due to increased supply thus lower crude oil prices, they have not seen much growth recently. Fortunately I think that just means that these stocks (oil in general) are at a very good price right now. Phillip Morris - Like big oil, I do not see tobacco going anywhere either. Although smoking in the US has been declining, it's doing alright everywhere else in the world and hopefully will not go away anytime soon. Before PM was split off, it was a part of Altria Group (MO) which is probably one of the single best stocks you could have owned to date. I am choosing PM over MO because I'm more interested in the international growth. I do think they will both be good and MO may get a spot somewhere in my portfolio in the future but just not now. As you can probably already tell, I'm choosing relatively safe, well known companies with histories of success. Of course though, past performance is not an indicator of future returns. The environment for many of these companies are changing in ways that could truly cause them to be less profitable in the future relative to past returns ie. renewable energy, health concerns regarding tobacco, plain packaging. But I suppose there are always hurdles to jump over, they just change their face. I will also mention that I'm not interested in bonds whatsoever and should a market downturn come... well so be it. My retirement portfolio is ideally buy and hold forever thus I will be reinvesting my dividends here. I will probably build up a small taxable portfolio as well just for liquidity's sake and cause I'm a greedy bastard despite not being able to fully fund my 401k. Again, this is primarily for liquidity and I don't really know how much I will put in it so it may just be all cash waiting for an opportune time which is fine by me. I do plan on putting whatever I can into my HSA and 401k (not matched) within reason and will most likely just choose the total market fund or s&amp;p 500 (whichever is available) when I start my new job. So I suppose the original question posed was, is this truly viable or am I dreaming? I suppose that it is relatively viable but I'm incurring more risk than I would be indexing, but than if that were the case what would you suggest I do? I don't want to go full boglehead and index as I don't want the losers to bring down my winners. But with my current approach, I am assuming that my picks (not necessarily winners) will not be losers ala Kodak. Please let me know your thoughts and thanks in advance."
0,You got goxed?,Bitcoin,1,1,0,Karpeles has got to be in the role of every Nazi bastard in this film.
0,You're a zealot.,Bitcoin,2,2,0,"No, I contributed by showing why any and all altcoins are terrible."
0,Do you not have online banking in the US?,Bitcoin,1,1,0,Can someone who has bought btc through localbitcoin or similar using bank deposit walk me through it? The info given by localbitcoin is quite vague. I have to confirm via sms about 30 minutes before I go to the bank. But what the heck do I say when I get to up to the teller? What actually happens? Do I just tell them I want to deposit to so and so's account... Do I need certain forms of ID? I have already decided to pay the premium to go with someone who has a high rating / is verified. I have bitcoin from being a merchant but this will be my first actual purchase. I love bitcoin and know a lot about it in some aspects but in this case I am a total noob. Because of tax shit with my business I would rather buy in cash at a bank than the slow process of hooking up my bank account. Thanks!
0,Yes if you wanted to be a cheap ass cunt you could do that.,Bitcoin,1,1,0,"So in other words, buy the yacht with your documented income and buy gas, grocieries and beer with the pile of hidden gold."
0,Pending...,Bitcoin,7,7,0,Coinbase hits 1.5 million consumer wallets Congrats coinbase!
0,Yeah who needs arguments when we have insults!,Bitcoin,4,4,0,"This kid is an idiot, and half of you fools are eating it up"
0,More like Blowing Green State right?,Accounting,1,1,0,Accountant was business dean at BGSU - An example of where a career in accounting can take you
0,It's insider info however you slice it.,investing,7,7,0,"Its a tip on a rating, not the company. One could theoretically fight this as I'm not aware of any laws regarding stock ratings"
1,thats enforceable,Bitcoin,1,1,0,Looks like ASIC manufacturers won't be able to rip people off as easily soon
0,"Yeah, like he just given savings of his life to some stranger from the Internet... No, wait...",Bitcoin,7,7,0,"Go troll somewhere else, you people are idiots."
0,What does this mean?,Bitcoin,2,2,0,Ikr
0,Last Week in Bitcoin?,Bitcoin,2,2,0,This Week in Bitcoin
0,Can it be right near the US border so people from the US can hop over and grab some coins?,Bitcoin,3,3,0,You're right. Canada :)
1,"Holy shit, no way",Bitcoin,2,2,0,"paypal vendors can now accept Bitcoin. The company struck deals with bitpay, coinbase, and gocoin to process bitcoin payments."
1,Hey I heard there's thing called bitcoin...,Bitcoin,3,3,0,"That's easy to say if you're doing this as an individual. If you're doing this as an international financial institution with US customers, you probably won't do things illegaly."
0,"Yup, can't sign in, but was working about 90 minutes ago.",Bitcoin,1,1,0,"Is circle down / being slow for anyone else? It seems as if circle is having some serious issues - I can't even load the home page anymore. Hate to say it but as beautiful as the website is, this is definitely not confidence inspiring."
0,"The WSJ headline: ""Bitcoin CEO Silent on Puppycide Allegations""",Bitcoin,27,27,0,Headline: Bitcoin Kills Puppies. Nice Ones.
1,"we should just switch to satoshis, this way we will all be rich!",Bitcoin,3,3,0,Why do you think that? Do people like to pay each other in pennies?
1,It should definitely be easy for innocent people to get their money back.,Bitcoin,4,4,0,"IRS Can Now Seize Accounts on Suspicion, No Crime Required"
0,Wow that looks real legit,Bitcoin,8,8,0,Mark Karpeles wasn't even Cooperating with police
0,"I would argue for once every 3 hours, but I suppose that's not the point.",Bitcoin,1,1,0,"Not millions per block yet, but it can process thousands per block with current infrastructure, which is enough for intra-bank settlements. So it could scale globally, but most people wouldn't be using Bitcoin directly. Instead, they'd be using tokens ""backed"" by Bitcoins, and banks would be incentivized via the market to prove they have full reserves at all times. (Notice: this is **a lot** easier than proving full reserves of gold or cash.) Settlements between banks could occur frequently, like once a day."
1,"No one ever got shot in the face in NYC , they ban guns there",Bitcoin,2,2,0,"No law can stop someone from shooting someone in the face, that doesn't mean they won't have consequences for you."
1,Don't have any oil,Bitcoin,1,1,0,I think a more interesting question is what percentage of your liquid assets is in bitcoin?
1,We don't know if Satoshi is alive.,Bitcoin,2,2,0,"So, I was looking at some basic characteristics of a cult... The group is focused on a living leader to whom members seem to display excessively zealous, unquestioning commitment. The group is preoccupied with bringing in new members. The group is preoccupied with making money. Questioning, doubt, and dissent are discouraged or even punished. The group is elitist, claiming a special, exalted status for itself, its leader(s), and members (for example: the leader is considered the Messiah or an avatar; the group and/or the leader has a special mission to save humanity). The group has a polarized us-versus-them mentality, which causes conflict with the wider society. The group's leader is not accountable to any authorities (as are, for example, military commanders and ministers, priests, monks, and rabbis of mainstream denominations). The group teaches or implies that its supposedly exalted ends justify means that members would have considered unethical before joining the group (for example: collecting money for bogus charities). Members' subservience to the group causes them to cut ties with family and friends, and to give up personal goals and activities that were of interest before joining the group. Members are expected to devote inordinate amounts of time to the group. Members are encouraged or required to live and/or socialize only with other group members."
1,"Well now you know, duh.",Bitcoin,5,5,0,"""Bitcoin is the most prominent of a group of so-called virtual currencies created by computers and governed by the Bitcoin Foundation"" I didn't know the Bitcoin Foundation governed alt-coins."
1,Still better than Obamacare.,investing,-10,-10,0,"Haha, I have nothing to do with Obama. I'm in Romania and health insurance is paid with a percentage of income (I came up with around 35% when I did the math about a year ago) so it'd be insane for me to pay that, especially as the health system in Romania is appalling and I have to pay/bribe the doctors anyway even if I'd be insured."
0,It's a 30 day holding period.,investing,1,1,0,"Interesting, I have experienced the opposite. Right now I can contribute 10% of my salary and sell same day I get the stocks"
1,"Good point, perhaps the former Blackwater mercenary outfit could give us some pointers.",Bitcoin,2,2,0,If people have a negative association with one name why would changing the name do anything but make that new name develop a negative association?
1,Al Gore likes it and he *invented* the internet!,Bitcoin,1,1,0,"Creator Of Netscape Praises Bitcoin, Compares It To The Invention Of PCs And The Internet"
1,Just remember in 10 years it will only be 1 btc.,Bitcoin,1,1,0,Luxury 32 Acre Estate for sale in Bitcoin (Oregon)
0,"Answer: Fuck you Answer: Fuck you, we're keeping your money.",Bitcoin,2,2,0,Question: why does gox have polish click buttons when the site is in english? Question: will they fix the polish buttons first or the withdrawls first?
1,Gold will go down to nothing also,Bitcoin,2,2,0,understood. but if the 'reserve currency' inflates and takes prices of goods with it then bitcoin will simply be as worthless as the fiat currency only harder to bring into existence.
1,"He can't afford it if he refuses to part with any of his 1,000,050 BTC.",Bitcoin,1,1,0,I am sure Andreas set him up properly. It's not like the guy can't afford a dedicated $200 laptop now.
1,"yeah, but has bitcoin ever been associated with shady marketing schemes?",Bitcoin,1,1,0,All Bitcoin acceptance is good :)
0,"No one knows, just buy.",Bitcoin,1,1,0,"Yep I was there too and im kicking myself for it. That's why I'm not gonna miss this for anything. I just don't know if this is the lowest as it ever going to be in the next few months, you never know I guess"
1,With Bitcoin's market cap we just buy them out and incorporate their ideas.,Bitcoin,1,1,0,"Indeed, and considering Bitcoin is open source, anything that you could consider a ""marginal improvement"" is likely just an engineering dispute. Anything truly ground breaking would have to be impossible to implement in Bitcoin for the altcoin to have the same advantage over Bitcoin, as Bitcoin has over traditional banking. I personally believe Bitcoin will be the last major currency humans use before we solve our energy problems and eliminate even the need for a currency ala Star Trek. But thats just me..."
1,Just like adblock destroyed ad-funded sites,Bitcoin,1,1,0,Reward miners by letting them send spam. People implement clients that don't show spam. Everything falls apart. Rewarding miners with actual coins like Namecoin does seems a lot more reliable.
1,It's not for peasants obviously,Bitcoin,3,3,0,"Remember that ""public"" Wells Fargo cryptocurrency meeting in NYC? I RSVP'd via email and phone the day it was announced. First they claimed my RSVP ended up in a spam folder, then admitted that they gave all the spots to ""major stakeholders, regulators and other folks that simply had to be there"""
1,Maybe they'll just buy coins from Gox?,Bitcoin,1,1,0,Lol. They are transitioning from straight up theft to a ponzi scheme. Ingenious.
1,"Yea, cuz nobody made money on iphone apps and websites.",Bitcoin,4,4,0,"I love the idea that programmers have never worked on dumb or useless things, because let me tell you, a whole lot of programmers have quit their job to work on hella stupid things. right now it's the next big iphone app, a decade ago it was websites. There is absolutely no law of nature that programmers only flock to good and successful ideas!"
1,BUT MURICA IS SUPER RESTRICTIVE AND IMPERIALIST!,Bitcoin,1,1,0,"My point was that most countries are more restrictive in this sense than ghe U.S. Yes, barter is recognized as an option, but it is eigher prohibitively complicated for ordinary people, or contradicts currency regulations."
1,"Exactly, so we should do nothing to correct this!",Bitcoin,3,3,0,"At this point I don't think anybody cares. There have been so many bitcoin thefts, scams, security leaks, that most people in the media simply assume that Bitcoin leaks like a sieve."
0,"yeah, but he's still locked in Eminem's basement",finance,7,7,0,So what does this make Dre? A billionaire?
0,Sony's smartwatches does,Bitcoin,1,1,0,Does the watch have nfc? Tap my watch to pay sounds sweet.
0,False advertising (since they often promise or strongly imply greater returns than buying directly).,Bitcoin,3,3,0,It's not a scam because they do exactly what they advertise.
0,Try installing with your package manager.,Bitcoin,2,2,0,"yeah its still called that. when I try to open it, it's asking to choose and application from a pretty long list. any suggestions?"
0,Just wait till grocery stores and big box retail get in.,Bitcoin,1,1,0,"I beg to differ. Between BitPay and Coinbase they have reported 24,000 merchants signed up, and BitPay alone is approaching $10 million a month in merchant transactions."
0,Plausible deniability is everywhere.,Bitcoin,1,1,0,"No, I get it. You can't stop any transactions from happening. They're just going to try to watch bitcoin NSA style in order to protect our freedom."
0,You mean exchanges didn't disable nxt deposits and withdrawals?,Bitcoin,1,1,0,"What I found surprising was that people were still buying NXT on the exchanges while there was a real chance of a rollback occurring. There could have been many transactions that would be ""reversed"" after the rollback -- with the exchanges seeing the corresponding losses."
0,with you brother.,Bitcoin,6,6,0,"Jeez! We downvote people who don't mindlessly kneel at the altar of Bitcoin for their prescribed dick-sucking session? We aren't allowed to talk about the mere *possibility* that another cryptocurrency will take over? I like Bitcoin as much as the next nerd, but I'm not so infatuated that I can't acknowledge it's weaknesses/potential falibility. I apologize on behalf of the downvoters here, and if this kind of post is truly unwanted, I'll find another cryptocurrency-related subreddit to frequent."
0,So if I like having a government I'm 'statist'?,Bitcoin,2,2,0,"Consider that those of us who do hate the government are laughed at, criticized, and condemned daily by the vast swathes of human society that advocate the religion of Statism. Feeling like a minority amid a group that just wants to leave you alone isn't the worst fate."
1,I just saved 15% on car insurance by switching to Geico!,Bitcoin,1,1,0,"I do not care if you have received your Circle invite, Shift invite, or invite to your cat's slumber party. This is the reddit equivalent of people posting what they had to eat on facebook. Just stop this nonsense, you are being used as marketing puppets via the old trick of 'exclusivity' by invites."
1,Stuck in a short position eh....Ahhhh I feel bad,Bitcoin,1,1,0,Please somebody manufacture a bad news. soon.
0,Two weeks ^tm,Bitcoin,2,2,0,"Is ""The Rise and Rise of Bitcoin"" downloadable today?"
1,"Yes, let's silence people because we don't like what they say",Bitcoin,2,2,0,Please stop.
0,I thought you donated those.,Bitcoin,2,2,0,When a sign made me 22 bitcoins.
1,As we all know companies response positively to coordinated mass requests,Bitcoin,5,5,0,Let's blast netflix
1,Too bad you wont be alive to see it!,investing,1,1,0,"RemindMe! 3 Months ""Has Ebola infected 1 million people yet?"""
1,"Yeah, that's what bitcoin needs.",Bitcoin,2,2,0,"Bitcoin needs fiction to spread like wildfire. Who wants to film a Paper Wallet Heist movie? Oceans Bitcoin :D Let's make an open-sourced movie script and hope one day a film producer picks it up? Or maybe if we have a producer here we can talk you into making one? **Why a heist/fiction movie**, and not a documentary: * 1 we can educate the public about bitcoin basics, not in depth but just enough to enjoy the heist movie without being in the dark. If you start the movie with a guy fresh out of a 20 year jail sentence, then it's easy to explain the 'why are you explaining this to me' trope because bitcoin is only 5 years old. Bitcoin is the brand new tech, so learning about ways to steal it is an interesting premise (in reality, we're showing how hard it is so steal bitcoins) * 2 we can convey the message that bitcoin has many other security that beats credit cards and cash, etc. during small-talk, without alienating credit cards and cash. * 3 even though it's a heist, it's not a realistic scenario, but it will generate discussion on how to hack a paper wallet (because you can't!) and hopefully get people on board the bitcoin discussion * 4 A tonne of people don't watch documentaries because it's not entertainment value for them. A heist? (bonus if it's a comedy?) hell yeah * 5 at the end of the heist I sorta wanna see some dynamics changing in the bitcoin space - right now we have single addresses with tonnes of bitcoins. After the heist it would be AWESOME to see a paradigm shift, live (well, as live as fiction can be) - and watch those big ones split into tonnes of addresses in smaller units so a future heist won't occur. Great end for a heist movie, great message about Bitcoin, even if it doesn't happen in RL. Thoughts? I have a basic premise in my head I wouldn't mind sharing if we can lock in a producer :)"
1,AMEX black,finance,-1,-1,0,What are some of the best credit cards you can get?
1,I sure this gives bitcoin a very good reputation.,Bitcoin,-6,-6,0,NeverGetBusted is teaching drug dealers to ditch their cash stash for bitcoin
1,It's their fault for not making their customers love them.,Bitcoin,1,1,0,"Difference is, if PayPal did this then that would be a corporate action. With Bitcoin, this is grass roots. It is the people who are making their views known."
1,Don't make fun of children's dreams!,Accounting,3,3,0,"I don't want to work, but I want to make a lot of money while not doing that work. Anyone know of a part-time position that has a starting salary of $250k+? Not being required to show up to work is preferable."
1,"Can't be true, no one spends bitcoin.",Bitcoin,29,29,0,"Dell computer receives order for Poweredge server for 85 bitcoins today ~ $50,000"
1,The syntax is identical!,Bitcoin,3,3,0,the original original white paper
1,"Don't be silly, we just need to hire a dispute resolution organization!",Bitcoin,5,5,0,... and this is why people like you are a scammer's wet dream. Cheat them all you want and there won't be any retribution because it's against their philosophy.
1,Great news for LTC :],Bitcoin,5,5,0,Yeah. And LTC will be on Gox next week
1,But then everyone will stop spending and the economy will die!,Bitcoin,4,4,0,Yes it is. No more devaluing a currency and creating money out of thin air.
1,"Remember, Satoshi did not have any political goals in mind!",Bitcoin,12,12,0,The Times | 1/3/2009 | Chancellor on Brink of Second Bailout for Banks | Satoshi Nakamoto
1,"Yeah lol, that website was so credible.",Bitcoin,1,1,0,"If by ""bit exaggerated"" you mean ""completely spun to appeal to an anti-government masturbatory fantasy"" then sure. It's the government doing what it is supposed to do (help people), and protecting them from the evil banks."
1,I'm sure reddit will solve this cryptographic problem,Bitcoin,1,1,0,"We absolutely need a change in the protocol. When the next reward will be changed to 12,5 btc per block the hole network could in trouble. Mining as a private person will never pay off or even make so much profit that it would worth mining. Only companies with big and efficient mining farms and cheap electricity costs will farm. So this would essentially destroy the hole bitcoin magic. So what are the solutions? -Fees will most likely not get high enough so it would worth. -proof of stake? What are the best solutions currently that are looking reachable and promising?"
1,"Yeah, because this subreddit is where the real experts meet.",Bitcoin,1,1,0,You must be new here
1,What a mature response.,Bitcoin,9,9,0,If you're 5 you need to go back to playing SuperMario. Bitcoin is for grown-ups.
0,All the tea in china.,Bitcoin,2,2,0,How much would you pay for Mt.Gox? If you had enough money and you were asked to buy the company Mt.Gox what would you pay?
1,This isn't sketchy at all.,Bitcoin,2,2,0,Scavenge 100+ bitcoin faucets automatically with this bot. it is virus free feel free to check it with your antivirus before running it.
1,"fact: no one has ever been burned by currency speculation, especially not amateurs.",Bitcoin,1,1,0,"22mil usd on the books for buys, 44k btc on the sell side..... Next stop... Up."
1,What could possibly go wrong?,Bitcoin,9,9,0,"They just roll this out, without any testing?"
0,FTFY It's a bitcoin comical.,Bitcoin,2,2,0,Its a bit comical.
0,The source of every stereotype - except the prevailing trait must be negative.,Bitcoin,0,0,0,Ask one person - assume he represents 99% of r/bitcoin visitors?
0,"Oh man, Buttcoin is doomed.",Bitcoin,1,1,0,Looks like there's a new player on the market!
0,Not if their Daddies work in a bank!,Bitcoin,27,27,0,Our kids will laugh about this... How international payments work
0,Either your income was too low or you didn't answer with enough experience.,stocks,1,1,0,"Problem Trading options with Ameritrade Some background: I have had an account with ameritrade for about 6 months, and have been primarily trading stocks and ETFs. Recently I applied for options trading but was only approved for tier 1 (which allows writing of covered calls and cash secured puts), but not tier 2. Tier 2 includes purchasing of calls and puts which is what I was planning on doing. I called ameritrade and they told me they don't have access to why I got denied, and said that the application I resubmitted is under review, but since nothing was different im expecting to get declined again. Has anyone had any experience with this happening? I don't understand why I would be denied access to buying calls and puts with cash in the account, as I did not apply for margin trading. (There is about $4000 in the account) If I get denied again I may end up switching brokers, but I really like the ameritrade customer service and access to the Thinkorswim software. If anybody has any suggestions or experience with this, help would be greatly appreciated."
0,Maybe she already mines gold?,Bitcoin,17,17,0,Agreed. The long term profits earned from putting her to work in a gold mine would be much greater than the short term profit from selling her outright. It would also help keep her warm.
1,Oh but that's done by Apple or Google or Paypal... It doesn't need regulating.,Bitcoin,2,2,0,What about the NY ApplePay license? We can't just have people running around tapping to pay!
0,"If Bitcoin even takes 10% of our economy, that's $14k/btc!",Bitcoin,2,2,0,"Calculating how much 1 BTC is worth by pulling numbers out of ... (bad science!) 1) What if the whole bitcoin network was Skype? Microsoft bought Skype for 8100000000 USD. The number of bitcoins in existence will be 21000000. 8100000000 USD / 21000000 gives us 385 USD for 1 BTC. 2) What if bitcoin was gold? 193000 metric tons of gold has been discovered to date. 1t = 35274oz. 193000 * 35274 = 6807882000 ounces of gold total. 6807882000 oz / 21000000 gives us 324oz gold for 1 BTC. 3) What if bitcoin was USD? As of 2013, there are 3000000000000 USD total (monetary base). 3000000000000 USD / 21000000 = 142857 USD for 1 BTC."
0,You shouldn't.,Bitcoin,1,1,0,"Even if you were correct, I'm very uncomfortable with the ""one size fits all"" policies handed down by government. Just consider the wide variety of birth control forms -- even for a relatively simple, straightforward problem no single solution pleases everyone. Why then should I believe that for the complex, difficult problems like poverty, environmental protection, or infrastructure building, that the ""one size fits all"" solution is better?"
1,"""Freedom ain't free"" and you're just not rich enough to afford ""freedom"".",Bitcoin,26,26,0,As an American - How it feels to see all these Bitcoin debit card companies avoiding the US due to our regulations
0,I hope it's in cold storage,Bitcoin,3,3,0,Exactly my thinking having a few k in it being 19. I'll be depressed if I lose all of it if but I'm young so it wouldn't be life changing if I did.
1,"Ya, went unnoticed forever.",Bitcoin,1,1,0,Except that time that guy had 184 billion Bitcoin
1,"No, we need 11",Bitcoin,-2,-2,0,Do we really need 10 of these posts a day?
1,Except Ethereum,Bitcoin,1,1,0,"There's no other crypto that competes with bitcoin, not even close."
1,brilliant deduction!,Bitcoin,1,1,0,"I love it how somebody with 2k available is able to take punch and still believe, while others are pouring in 100k and just complain about not getting rich fast enough. Looks to me like the people who are smart about their investment are the people of less means."
1,But... but... David Seaman said in his latest podcast bitcoin was dead!,Bitcoin,1,1,0,Uh.. guys this is HUGE: The largest European payment processor is going into Bitcoin. They are the Klarna Group
1,will make sure the private key is full of FF FF FF,Bitcoin,1,1,0,"Whenever a hole is NOT drilled, this 100% has to be a 0 with your scheme... maybe not the best idea."
1,"To add to this comment, don't forget to wrap your head in foil to protect your brain.",Bitcoin,7,7,0,"EMP. Lol. A emp large enough to burn flash drives will cause problems that will make digital currencies the least of your problems. If you are really that worried about ti, wrap your flash drives in foil. Problem solved."
0,Neither of these stop CoinValidation.,Bitcoin,-1,-1,0,"Check out CoinJoin, BIP32 and ZeroCoin for ideas on how to stop this. Also decentralized exchanges would do a fair chunk."
1,Get out of here you dirty anarchist!,Bitcoin,12,12,0,You aren't the boss of me! I'll do whatever I do or do not want to do!
1,Obviously you are mistaken.,Bitcoin,1,1,0,But... We're using it... O.O
0,"Yes, but it sets an extremely bad precedent.",Bitcoin,7,7,0,"Blacklist gox coin addresses Just a random question, is it possible for Bitstamp or any other exchange to blacklist theses addresses (see other threads about gox coins being split up) ? Like that whoever is doing this can't sell them? thanks :)"
1,Soon to be announced the most revolutionary things since bitcoin itself.,Bitcoin,1,1,0,"So what is Circle? I've seen the hype about getting the $10 in Bitcoin but other than that, what is it?"
1,'In order to retain Freedom for our great nation',Bitcoin,1,1,0,Fed's response to bitcoin
1,"Yay for a ""pull"" based payment system....",Bitcoin,1,1,0,"Perfect, stop a ""hack"" by simply taking a physical copy of every card that comes in there and is even worse because that copy can go anywhere. Good job."
1,I think they made that transition a decade ago.,Bitcoin,1,1,0,This is part of their strategic transition to tabloid circulation.
1,But BTC-E takes muh credit cards!,Bitcoin,0,0,0,Exchanges said they will be transparent and audited quarterly. The rest that dont that I hope they will be marginalized. We will see how it evolves. It is pretty straightforward to prove bitcoin reserves without a third party. For fiat an auditing firm can do that.
1,"Yeah, Bitcoin companies should never hedge against exchange volatility.",Bitcoin,7,7,0,"Bitpay has taken $2.5M in funding. They took it in fiat, not Bitcoin, so they must not love Bitcoin that much."
1,THAT'S IMPOSSIBLE!,Bitcoin,1,1,0,Here's my financial strategy regarding Bitcoin 1. Take all your coins 2. Place in cold storage 3. Wait a few years 4. ???? 5. No coins lost or stolen + Profit on value increase!
1,"Memes, the sign of a high quality subreddit.",Bitcoin,2,2,0,Bored at work = bitcoin meme!
1,"You were innocent, then they proved you guilty of money laundering",Bitcoin,3,3,0,What ever happened to 'Innocent until proven guilty' in todays society? Ordinary citizens have a right to privacy.
1,"Yes, because security through obscurity is always *such* a good idea.",Bitcoin,13,13,0,"Yes, let's thank Gox for bringing this problem to the spotlight instead of talking with other exchanges or the foundation privately. Have you thought about maybe exchanges wouldn't have been attacked if this wasn't brought up publicly like this? While they are at it, might as well create a tutorial on how to attack exchanges to defraud them."
1,I'm sure Canada planned the date of it's 2014 budget announcement around the malleability issue.,Bitcoin,1,1,0,These regulatory agencies are sneaky. They slide their regulations in while everyone is paying attention to the malleability bug.
1,Yeah but who has a phone these days?,Bitcoin,3,3,0,You know it can be set up to send an alert to your phone or whatever you want?
0,"Do they use ""megadollars"" or do they rather want to become ""millionaires""?",Bitcoin,1,1,0,"Do any of your non-techy friends say ""gigabyte"" or ""millimetre""?"
0,"Who, who and who?",Bitcoin,2,2,0,"Coinbase Merchant Highlights: Xsolla, Terminal, Demand Food"
0,They still won't be fully international without restrictions,Bitcoin,4,4,0,"Yes it's entirely possible. I'm scared that BTC might be a 'pioneer' as it's referred to, but a pioneer that ends up staying a niche and doesn't get the adoption it deserves. I'm worried other platforms might take ideas and tidbits of bitcoin features and make payment platforms that actually succeed, even if it's not decentralized"
0,It has a domain name system built in.,Bitcoin,1,1,0,I'm pretty novice when it comes to namecoin as well. Yet I think NMC aren't meant for purchasing items. Rather they were designed to replace centralized internet verification. Ex: right now companies use other companies to verify their website and to tell their customers that the site is legitimate. NMC I think aims to decentralize that process. Someone correct me though because I'm sure I got something wrong
0,Moon bound,Bitcoin,1,1,0,"Also, let me know what phrase the Bitcoin community would like along side their image flair rather than just *Bitcoin fan*. If you like *Bitcoin fan*, it will stay the same."
0,"Idk, I think he was buying in person, I didn't ask too much, his business not mine sorta thing.",Bitcoin,1,1,0,"'Glass' like some smoking paraphenalia? Cool, what site did they use?"
1,No I think it is the future of the blockchain.,Bitcoin,1,1,0,"Seriously, what a waste of resources, why don't you just store it all in a optical medium that's not affected by that kind of stuff? Really, this is just dumb, the amount of trees getting cut just to give you that paper to print upon, should be consider a crime."
0,Hold educational conferences.,Bitcoin,4,4,0,Detroit gets a Bitcoin Center! What do we do now?
0,Illegally how?,Bitcoin,1,1,0,"Service works fine, it's just running illegally. It's not even remotely a question and is easy to confirm. They claim an exemption that **does not** apply to the way they do business."
1,You didnt know this is a big 4 subreddit?,Accounting,0,0,0,"Didn't realize we're putting Big 4 adverts on this subreddit too. By the way, public accounting, regardless of firm, is nothing like that"
0,Recruiting.,Accounting,2,2,0,it gets busy in October? Do you mean for recruiting or for work?
1,Oh yeah it only takes a few hours to redesign a website,Bitcoin,0,0,0,Coinbase Unveils New Layout In Response To Circle Bitcoin Bank Launch
1,That explains the 2% uptick today...,investing,26,26,0,JP Morgan reveals data breach affected 76 million households
0,You really know your shit don't you?,Bitcoin,1,1,0,"Your faith in the St. Louis Fed is notable, your lack of detecting their bias to misreport or fudge data is pathetic. Let me guess, you believe the Department of Labor figures too..."
1,"The price crashed, therefore bitcoin is dead.",Bitcoin,2,2,0,"Krugman: more proof that Bitcoin is dead, eh?"
0,Which only highlights that he doesn't know enough to be messing around in the stock market...,stocks,3,3,0,He probably wants to buy a lot of shares with a little money
1,I have to donate $1/month to have my credit union account... Ugghh,Bitcoin,6,6,0,Credit union here. No fees. I have no idea why people use banks.
1,Most neckbeard bitcoiners will need the XXXL.,Bitcoin,2,2,0,How would it determine what size he needed the product in?
1,No they are the government,Bitcoin,1,1,0,Is it possible for me to sue the SEC for hurting me as an investor?
0,I'll give you $5 in BTC for it.,Bitcoin,1,1,0,"very possible, How much you think in BTC?"
0,I'm so excited for lighthouse!,Bitcoin,3,3,0,"Andreas stepping down from Bitcoin Foundation due to ""complete lack of transparency"""
1,Maybe coinbase will think he's paying women for sex to enlarge his penis?,Bitcoin,2,2,0,Penis enlargement is illegal?
1,"Yes, lets confuse the masses so they don't even think about using it",Bitcoin,1,1,0,"Bitcoins are not held on the wallet file. That is not true. Bitcoins only exist as balances associated with a bitcoin address. To be more precise they exist in the blockchain (the public ledger) purely in terms of the chains of transactions that take place and become registered. What you hold in the wallet file is the private key of each address you own. That allows you to spend from the balance associated with the address. You see, bitcoins don't exist. They only exist as balances associated with public addresses."
0,What a sad life you live which you spend trying to put down people who are enjoying theirs.,Bitcoin,9,9,0,"congrats, you finally made one of these that is actually somewhat funny"
0,"Ignore catwelder, he is a local moron/troll.",Bitcoin,1,1,0,"Wouldn't a $200 netbook have the same vulnerability? Or are you saying, simply by using the computer, that's what makes it vulnerable, even without the wallet open? Also, where would this keylogging software come from?"
1,"Man, the money is not one of the fundamental aspects for bitcoin's success.",Bitcoin,2,2,0,How is more money going into bitcoin bad?
0,"In an open market like this, with a bunch of computer scientists, what would go wrong",Bitcoin,2,2,0,DDoS could be considered violence. I still think it's perfectly valid to defend decentralization.
1,Thanks for answering the question.,finance,-2,-2,0,"My friend, you have a lot to learn about portfolio diversification and risk-adjusted returns. Believing in strong market efficiency does not at all mean that there are not extra returns to be gained via risk analysis."
1,Oh man fuck that apple walled garden though am I right?,Bitcoin,4,4,0,Yes but the more feasible thing is only my my phone has a strong malaware who stole my session while I was browsing bitstamp on my phone...
1,I thought macs didnt get viruses...,Bitcoin,5,5,0,Use Bitcoin Ticker (TTM) for OSX? Scan Your Computer!
1,Like there's no examples of anyone doing that before...,Bitcoin,1,1,0,"This looks barely related to Bitcoin. It seems to be the a mechanism for selling digital keys, which could be used for bitcoin, but can also be for coupons, video games and software products."
1,"Because taxes are theft, duh",Bitcoin,1,1,0,lol this is a funny article. what is wrong with paying taxes when you are only doing so because you MADE MONEY FROM BITCOIN!? how is paying 30% on money you otherwise wouldn't have made a bad thing?
1,"yes i want facebook to know everything i buy, ill sell all my btc today",Bitcoin,2,2,0,Could Facebook's new universal money transfer system be Bitcoin's biggest competition? Since so many people already use facebook and trust it. And it would be dumbed down for the public and make them feel safer sending/receiving funds. I think it's a stupid idea personally...
1,"Good thing scrypt prevents this, amirite?",Bitcoin,-2,-2,0,Litecoin just got pwned by a single pool
1,"Oh, much smaller then.",Bitcoin,3,3,0,"It gets hashed down to 2^160, I believe."
1,Uh... I do the same thing but charge only 1 BTC.,Bitcoin,2,2,0,"COINBASE/BLOCKCHAIN WALLET HACK ANONYMOUSLY 10 BTC. Hello everyone, i can hack anonymously bitcoin wallets. 10 btc and i hack everything for you."
1,"Oh sure, look at bitstamp prices plummeting.",Bitcoin,2,2,0,Bitcoin Exchange Prices Plummet as Investors Brace for Bankruptcy
1,Fucking magnets.,Bitcoin,1,1,0,"Do you really think you can compare an economist with a physicist? All sciences are not equal, some are shit."
0,Get ready for the tip-a-palooza,Bitcoin,2,2,0,MMA Fighter Jon Fitch &amp; Warner Brothers just sent out details about tonight's tipping
0,Taxation is theft.,Bitcoin,1,1,0,"Don't be an idiot. It doesn't matter who you *want* to pave the roads. It matters who does. Pay your taxes or suffer the consequences. And when you come back to post ""WTF I CAN'T BELIEVE I GOT AUDITED"" I won't be shedding any tears."
0,She dun goofed.,Bitcoin,9,9,0,Reporter Who Falsely Outed Dorian Nakamoto As Creator CRIES On CNN Live
0,The fact that people who got in early are rich as fuck scares people (my parents) away.,Bitcoin,4,4,0,"I feel like there's a reference to something here, and I'm just not getting it."
0,I didnt infringe anything.,Bitcoin,1,1,0,"Then don't use exchanges you think are at risk of doing that. By infringing on BTC-e, you put them in jeopardy and you take away my right to choose, let alone their right to offer their service *to those willing to take on that risk*."
0,Because you left for PayPal?,Bitcoin,1,1,0,Right. That's why worldwide bitcoin fell from 490-ish to 450-ish.
0,"Not only scandals, but also the complete lack of prosecution for their blatant law breaking",Bitcoin,2,2,0,same here. Banks says they are compliant to regulations but just google the news and you'll see the scandals involving them.
0,*His name is Roger Murdock* *His name is Roger Murdock* *His name is Roger Murdock*,Bitcoin,2,2,0,You shall be forever known as the man who coined that term...
0,"Don't be week hands, be a man.",Bitcoin,6,6,0,"It seems like it. I'm scared....If it keeps going down I'm definitely going to buy some more. It's not terrible news really. I plan on keeping my 0.59223858 BTC in for at least a month. Still scared though...someone hold me... Edit to add: My *uneducated* guess is that people in China are waking up and seeing the price and thinking ""sell sell sell!"" Which will only make people say ""$300?? BUY BUY BUY!"""
1,Wasn't funny - punch line needs work,Bitcoin,-3,-3,0,"Absolutely. Funny story: when we were sorting the slate floor for my patio, we wanted the shades of color to appear randomly distributed. But truly ""random"", as in simply laying down whatever was in the stack, appears not at all to be random. We spent considerable time, laying every single piece out in advance, before mortering them, to evenly distribute the colors. In the end, it looked random, but was anything but."
0,Let's do v2.0!,Bitcoin,2,2,0,I miss the Bitcoin show.
1,"of course not, I'm still on 0.3.18!",Bitcoin,1,1,0,I hope you upgraded it in that time..
1,And Amazon will grow into theirs.,stocks,3,3,0,"Google and Apple were ""wildly overvalued"" in 2006, but they grew into their valuations."
0,"""Love you like a bitcoin""",Bitcoin,2,2,0,"I created a YouTube playlist of the best Bitcoin songs. If any are missing, please submit them as a comment."
0,Sounds like the difference between investing and trading.,investing,1,1,0,Will you be buying YHOO today? Or do you think it's not going to recover?
1,"Ah, the wonders of fractional reserve.",Bitcoin,-3,-3,0,"true that, the Bitcoins don't belong to you, you have a ""promise to pay"" based on a number of conditions"
1,Hang the hoarders!,Bitcoin,1,1,0,Chomping at the Bitcoin: An Expert's Take on Bitcoin in China
0,"Or ""Dark Wallet: Just give us a reason to ban Bitcoin.""",Bitcoin,3,3,0,"Article title should be: ""Dark Wallet: Taking the anonymity of Bitcoin one step too far"" but I guess the author wanted to appear neutral."
0,That and the lack of physical bitcoins.,Bitcoin,0,0,0,"Does anyone else think that until Hardware wallets reach the masses, bitcoin won't go mainstream? I just think we need easier to use security features around bitcoin and I think hardware wallets can really help empower that. Paper wallets aren't good for those looking to invest since there's such a learning curve and chance to mess up. Anyone else think the same?"
1,"Wow, it's enough to make me wish I'd joined the corporate military.",Bitcoin,1,1,0,My bank ATM has no fees. And my bank covers $15 a month in fees charged by other bank's ATMs.
1,stahp thinking of the children!,Bitcoin,2,2,0,Think of the children...
0,Exactly this sort of unjustified panic went on when Ubuntu started hiring Debian developers.,Bitcoin,12,12,0,"Austin Hill, CEO of Blockstream, will soon have a monopoly on Bitcoin development."
0,This isn't craigslist.,Bitcoin,8,8,0,First Tesla Model S purchased with BTC is now for sale - 200 BTC
0,"It's not really *impossible*, but it is hard to comprehend how they could be that careless.",Bitcoin,6,6,0,It's just impossible that during the last year nobody at mtgox just brought out the old calculator just to check the numbers. I'm honestly stunned! At my work the economics team breaths fire when the excel sheets doesn't adds up down on the dollar each month.
0,Honey badger don't care.,Bitcoin,3,3,0,The coin seems awfully happy while experiencing deadly forces.
1,Don't ask us - go to hotpennystocksdotcom!,stocks,-4,-4,0,What stocks do you think are on the brink of rising very soon? We will not blame you if we invest following your advice and the stock goes down. Just express your thoughts about some stocks you think will rise and why. Thanks.
1,"Yeah, that's why I pay with pennies everywhere I go.",Bitcoin,1,1,0,"never. using bits is a waste of time. either use full bitcoin, or use satoshis. anything in between is simply confusing."
1,"It's because they like to use it to buy weed, the only thing Bitcoin is good for",Bitcoin,0,0,0,Hispanics love bitcoin more than anyone else: Poll
1,Yeah coz the euro zone is totally out of the crisis it's in...,investing,1,1,0,"Buy 69,306 shares of SAN (A bank in Spain) and live off the dividend. $55,445 a year"
0,"Learn to read, and one day it might make you less of a douche.",Bitcoin,1,1,0,Great help! thanks so much! you make the internet a great place!
1,What constructive criticism!,Bitcoin,3,3,0,So many factually incorrect statements in that presenation. I wonder how much utopian bullshit you managed to fit into the project itself.
0,Oh good to know.,Bitcoin,2,2,0,"The double space thing is pretty common for anyone that learned to type on a typewriter. It was enforced on me by teachers as the ""correct"" way and single spaces as wrong. FYI, I'm ~~only~~ 38, used computers for years and still sometimes do it. I'm sure both Dorian and Satoshi would have been taught this, and it's probably standard boilerplate for a lawyers PA."
1,Who would have thought that auroracoin is a scam or destined to fail?,Bitcoin,5,5,0,Auroracoin - Forked and Game Over
1,"To be fair, I'd say it's too early to say how early we are in the growth life-cycle.",Bitcoin,3,3,0,"I love how a few months ago bitcoin was like the internet in the late 90s, then it was like the internet at the dawn of WWW, then it was the internet before mosaic, now it's internet in the 1980s? I guess we should expect bitcoin to be like eniac or a jacquard loom soon as it continues to be ""a thing that has existed for half a decade but we have to pretend this is early because it's not doing the explosive exponential growth we were counting on"""
1,Bitcoin...its soooo easy to use.,Bitcoin,-5,-5,0,"Just had a terrible experience with a localbitcoins transaction. I have 7 bitcoins to my name and decided to sell them this week because I needed money for rent and food and I just don't see bitcoin go up in price any time soon. I figured I'd dump them all on localbitcoins and I'd be financially ok for half a year or so. Anyway, I got in touch via skype with a guy that wanted to buy all 7 of my bitcoins for $700/each. It was a little lower than I wanted but I desperately needed the money so I agreed. We met in the local walmart parking lot late last night and I asked him to show me the money first. He did, he had all $4900. Actually he had $5000 and was ""tipping"" me the extra $100. I transferred the 7 bitcoins to his wallet and once the transaction was confirmed he suddenly pulled a huge knife on me. It was like 7 inches long. I couldn't run anywhere because I was half in my car with the door open and he was standing in the door way. He ordered me to hand back over the $5000. I hesitated but he started getting a bit aggressive so I had to hand it over as I was afraid for my life. He ran to his car and took off and as I tried to get his plate, noticed he didn't actually have any plates on his car. I should have fucking noticed this before I did the transaction but I didn't. Maybe it was because it was dark out. I quickly drove to the police station and filed a report but I'm doubting they'll get my money back now. Sometimes I wish bitcoin did support chargebacks because I wouldn't be out $5000 right now. I'm so angry with myself and my wife is mad at me because we're out the $5000. I don't know what I'm going to do. Such a shitty experience."
1,Yeah let's all withdraw our fiat and coins!,Bitcoin,27,27,0,"I just wish people would stop using Gox. They are directly responsible for at one of the few major crashes of bitcoin, more likely, responsible for the three of the major crashes. Yet people always go back. It is frustrating."
1,I know...gotta get my fiat ready,Bitcoin,2,2,0,Massive sell off? Wait when?
1,Normal citizens will be barred from using it anyway... so no worries?,Bitcoin,1,1,0,"There are no exchanges operating in the US. This setup is the only way there will be one in the short to medium term (it's too hard to get qualified as a MSB in all 50 states). I won't use it either, but there's some people for whom this will have value."
0,What would the PoW be to enforce this?,Bitcoin,3,3,0,"ELI5: why can't the mining protocol be changed such that all mining is done in a p2pool fashion to eliminate the risk of a 51% attack? It is my understanding that even if p2pool has over 51% of the hashing power, there is still no risk of a 51% attack."
0,"My vote is for the former, not the latter",Bitcoin,1,1,0,YOU ARE HERE
0,Don't underestimate the Chinese.,Bitcoin,3,3,0,"Sorry to tell you but Amazon and EBay would be much bigger targets than Alibaba. Not just market size-wise, but the Global NameBrand and the customer base from the American companies are both, much larger, and much more affluent."
0,"You can buy $10billion with the ledger, and when you trade you do trade with the ledger.",Bitcoin,1,1,0,How much can you buy with the public ledger? And if that was the case - why do people trade Bitcoins - versus ledger? And lastly - if it wasn't based on trust why does the market fluctuate based upon mood?
0,None of the three (and they are major US banks) has any default SMS security.,Bitcoin,2,2,0,If they have sms security that is 2FA
0,"matt, any link to a replay?",Bitcoin,7,7,0,"Erik Voorhees on Bloomberg TV I'm about to interview Erik Voorhees, the guy who wrote that awesome letter (and lost 550 btc on gox, at least for the time being). Anyone got any Q's for him?"
0,Satoshi Nakamoto is Albus Dumbledore.,Bitcoin,1,1,0,"Bitcoin isn't here to make the old ways better, it is here to make those old ways obsolete. It isn't a fancy new train on old tracks- It does not need those tracks, because it can fly."
0,"I guess all it means is ""has the same units as"".",Bitcoin,1,1,0,"Less-than, equal-to, or greater-than. It's a very descriptive operator."
0,"Don't know about OP, but I only buy through my linked bank account.",Bitcoin,1,1,0,"Did you pay by credit card, because Circle still passes on the credit card interchange fee to you. It is only free if you fund your account through ACH."
0,The guy at the ATM may not be so forgiving.,Bitcoin,2,2,0,A bank isn't going to stab you.
0,"*""Spare a satoshi for weed to a poor soul""*",Bitcoin,10,10,0,Snoop Dog now accepts Bitcoin via ChangeTip!
0,"You tell me, what's the right way commit tax fraud?",Bitcoin,2,2,0,Using tokens as tax fraud isn't a new idea and doesn't actually trick tax authorities.
0,Can we get a list of which .edu accounts work?,Bitcoin,12,12,0,"That would be the hope :) And since it's your cake day, PM me the email you signed up with and I'll send you the bonus regardless"
0,I could move thousands of these in the US.,Bitcoin,4,4,0,A new pre-loaded bitcoin card launched in Singapore
1,Their TOS prohibit profitable purchases.,Bitcoin,22,22,0,"Yet, coinbase is cancelling my purchases for some reason and circle is taking forever to link my account :("
1,Let's hope it'll be enough to fix the charts.,Bitcoin,1,1,0,Blockchain Gets $30 million Big Investment
1,"The NSA just wants to ""backup"" your data in case you lose it.",Bitcoin,6,6,0,"That's such a fantastically ridiculous idea. It's a crime as is to steal corporate data and secrets, yet the government wants to backtrack that position."
1,Just in the nick of time...,Bitcoin,2,2,0,The Rise and Rise of Bitcoin - Movie Review
0,lol GTFO troller mc trolly.,Bitcoin,1,1,0,"Gavin stepping down is too little and too late. Gavin has contributed immensely to the core implementation. However under his watch we've had a major fork, heart bleed, stalled development etc. Gavin despite admitting to possessing millions in bitcoin, continued to accept money from the shady bitcoin foundation while staying silent on its misdeeds. Gavin stepping down is simply too little too late. He should have relinquished his leadership position after the first fork event. Incompetence continues on in bitcoin.."
1,Factories worldwide will shut down operations because a bunch of nerds made a very good investment.,Bitcoin,0,0,0,"Why would the economy be diverted to make people rich? That makes absolutely no sense. The free market will decide if bitcoin is valuable. If it is, the people that hold them will get rich."
1,Then we should've banned cash ages ago!,Bitcoin,2,2,0,C. Chance they will be using bitcoin after the hearings/advertisement: 1 in 1
1,"Yeah, Bitcoin",Bitcoin,1,1,0,Did Satoshi made something illegal?
0,Well that sounds vaguely familiar!,Bitcoin,2,2,0,Not easily. Accidental one clicks on a credit card can be instantly reversed with a quick call to customer service. Not gonna happen with a bitcoin transaction. They'd have to setup some kind of complex escrow intermediary just to support that.
0,"**puts on tin-foil hat** Maybe that's what the G, actually stands for.",Bitcoin,5,5,0,"Even if they are angels, nothing is stopping the cia/fbi/whatever from taking control of their servers and then gagging them to keep quiet about it. Like what happened to Lavabit where they asked the owner to put in a backdoor and gagged him. So he simply closed up shop because he valued his customers privacy. For some reason I don't think ghash would do the same. Shit for all we know ghash is already a government op."
0,There should be a club: bitcoiners ~~anonymous~~ pseudonymous.,Bitcoin,2,2,0,I guess I'm one of you now
1,No one saw this coming,investing,-2,-2,0,Are we not going to talk about the CBO revising its 2014 GDP forecast for the US from 3.1% to 1.5% ?
0,Don't ya hate when you have a typo in the headline of a Reddit post?,Bitcoin,3,3,0,Great article about why we need Bitoin.
1,This seems like a good place to report it,Bitcoin,1,1,0,Cryptsy just went down Logging in: an internal error occurred.
1,"Pretty good, but not quite great.",Bitcoin,0,0,0,$100 in 3 days is pretty good.
0,You should also never get high on your own supply but people do anyway.,Bitcoin,1,1,0,"Not sure how you sit on that many coins and don't have some paper wallets in deposit boxes, some stored behind your moms picture frame, some in your brothers attic, some memorized by heart, etc. To be able to snatch his lappy and get ALL the coins is ridiculous to the extreme."
1,"Duh, so I can cash my check at the bank.",Bitcoin,4,4,0,Yes. More people need to understand the purpose of signatures.
0,"No, you don't have to write down anything if you keep your cube safe.",Bitcoin,2,2,0,"It's ignored because using it can be dangerous due to much lower entropy than any decent RNG. It's not obvious that it has claimed 66 bits of entropy, and even if it does I wonder why would anyone use this instead of good old RNG? You have to wright down the private key in both cases, and the other private key is obviously stronger."
0,Caveat Emptor!,Bitcoin,1,1,0,A Reloadable Visa Debit Card That You Fund With BTC
1,"Yes, patriarchy is only intangible!",Bitcoin,0,0,0,"Nothing to see here. He's a feminist that thinks many of our problems are due to the ""patriarchy."" Sorry buddy, but you don't get to use the word ""crazy"" to describe ideologues who use logic when your camp uses nothing but feels."
1,"Yeah I know, its really hard for these non techies to understand",Bitcoin,1,1,0,"Yeah, cause it'll just be impractical for the OpenSSL guys to have to understand and hold Bitcoin."
1,Because the neighbors have one and I have to keep up with the Joneses.,Bitcoin,2,2,0,"Buying from Overstock makes no sense. These items are ""overstock"" which means nobody wants it. So why do you?"
0,Let's let the people of 2140 figure out what to do.,Bitcoin,0,0,0,When all coins are mined won't transaction fees get out of hand and make btc an expensive option?
0,Good luck with that lol.,Bitcoin,2,2,0,But maybe we can hope for this scenario: The Gov't created bitcoin as a means of taking power away from the Banksters in order to release its people from their grips. I gots hope.
1,They're on sale!,Bitcoin,1,1,0,"Dear Russians, Capital controls are coming. Your dollar-denominated accounts will be seized. Get your bitcoins now! Don't let yourselves be Cyprused."
1,I feel safer already,Bitcoin,91,91,0,Charlie Shrem sentenced to two years in prison
0,"Sure, in a few hours when I'm done with work.",Bitcoin,1,1,0,Do you want to explain these terms to me and how they apply to our conversation? I've broke down the effects of inflation for you so I expect the same in return.
0,"Sure thing, thanks for continuing to bring options to us!",Bitcoin,1,1,0,Thanks for the feedback!
0,"Until NewEgg does, keep using Tigerdirect :)",Bitcoin,6,6,0,Newegg Contemplating Bitcoin Acceptance
0,But it has the same name!,Bitcoin,7,7,0,That's not the real Lawsky BTW.
0,"Bitcoin good, Starbucks ebil.",Bitcoin,1,1,0,20% off at Starbucks when paying with bitcoin.
0,You can rebroadcast the transaction if it's not showing up.,Bitcoin,1,1,0,i searched the tx id and it didn't show up at all :P
1,With such an attitude I'm sure their economy will thrive,Bitcoin,1,1,0,"All in one month, Outlaw Bitcoin, counter with an 'archaic Electronic Currency, and make it a crime to oppose their current banking system. A political Trifecta coup to stop Bitcoin."
1,But there's lots of jokes made about women...?,Bitcoin,4,4,0,It's hard to make jokes about something you fundamentally don't understand.
0,fiduciary financial professional must be fiduciary,investing,1,1,0,"He needs to get a financial professional, but he needs to be wary because while some are great, others will soak him for maximum fees and 'loads'; don't be quick to sign anything giving control of accounts to anybody. If he's stuck in bed for now, this might be a good time for him to start reading up on investing, start with any book by Jack Bogle, or look at the sidebar."
0,"No, it's 50 doge.",Bitcoin,1,1,0,Seven cents? Lol the fuck?
0,The marketing of it would be pretty nice.,investing,2,2,0,Why? HP was a company founded long ago. Compaq as the second company name makes more sense.
0,Partially HD wallets doing and not just usage.,Bitcoin,7,7,0,"Meanwhile, Number of Unique Bitcoin Addresses Used is at all time high..."
0,That's the stupidest thing I've ever read.,Bitcoin,1,1,0,The NSA uses the information they collect to kill terrorists like Bin Laden. Whereas the blockchain is used by terrorists to transfer wealth to one another. Big difference there.
0,Those who by the toolkits are also the ones not smart enough to code their own.,Bitcoin,7,7,0,These people seriously bought malware-toolkits with Paypal? SERIOUSLY?!?!
0,So you made a killing shorting real estate and mortgage socks then?,investing,1,1,0,Yes I did.
1,Someone didn't get an offer...,Accounting,42,42,0,"The obsession over B4 that students seem to have is ridiculous You see people flairing up with ""B4 intership"" or ""B4 offer accepted"". You see kids who haven't even graduated asking whether not getting B4 internship will ruin their lives forever. When local/regional firms are brought up, its always in the context of ""Can I still feed my family even if I don't work for a B4?"" I really do feel that B4 turned their firms into some sort of fraternity where you work your ass off to join only to do stupid shit (such as working 70+ billables for no OT) for non-monetary value (such as pride that you work for an internationally recognized company)."
1,It can only mean Bitcoin is dying,Bitcoin,-2,-2,0,"We seem to be on a nasty downtrend, anyone know what's going on?"
1,"Shitty memes, just what we need.",Bitcoin,31,31,0,"Bitcoin planted a seed in me, now there's no going back!"
1,TIL that a 20%+ swing in the last 3 days is a sign of stability.,Bitcoin,9,9,0,Bitcoin shows signs of stability as it reaches $500
0,That's what you got out of the Keynes quote?,Bitcoin,1,1,0,"Yes, this is exactly the reason why Lenin's Marxist worldview has become the dominant economic paradigm of the 21st century. Right."
1,"Yeah, because a reddit comment from 1 average guy is going to pump the price of an altcoin",Bitcoin,6,6,0,Clever way for you to sneak in a pump.
1,But this guy's *special* because he did it with Bitcoin!,Bitcoin,2,2,0,He knowingly violated AML laws. What is the argument against prosecuting a guy running a financial service who facilitated money laundering?
1,"Yeah you're right, it's only considered a payment if you buy drugs with BTC",Bitcoin,1,1,0,"This brings a post that I made in 2012 back into attention. A Bitcoin payment is not a legally binding contract. If your carpenter decides to take payment in Bitcoin, and you pay him, you still did not legally ""pay him"". He can say right after ""Where is my payment? You only gave me this useless BTC"". The problem is that Bitcoin cannot be recognized as having a value in court, it is worthless in the eyes of a judge. When you pay in cash yo get a recept or he would at least acknowledged that he received the payment. With Bitcoin you have . . . The Blockchain? Good luck getting a judge to look at that."
1,"What horrible waste, he could have donated it to a homeless person",Bitcoin,-4,-4,0,"In light of Apple's decision to remove ALL bitcoin apps, please take a moment to enjoy this."
1,THIS IS GOOD NEWS!,Bitcoin,1,1,0,"Fuck You Karpeles, still blaming Bitcoin and not his company's incompetence! Seriously, what a fucking ass hat! As I'm sure most of you know in that WSJ interview today, he still blames Bitcoin. He's the dumb fuck who allowed policies which permitted the processing of forged BTC Withdrawal requests! To top it off, he KNEW he was doing this! I really despise these type of people."
1,Isn't that Freicoin?,Bitcoin,1,1,0,Isn't that the coin created to placate the banksters/fraudsters? Making them feel secure that there is a centrally controlled currency that can be controlled ie: manipulated.
0,How did you withdraw BTC?,Bitcoin,2,2,0,We have
0,They claim it is their jurisdiction because someone is using dollars to purchase the coins.,Bitcoin,1,1,0,Isn't the point of bitcoins to not have regulations by those kind of agencies?
0,This so much.,investing,3,3,0,I passed up so many times at $3 :( Congrats to those who made out like bandits.
0,My bank account shows a tangible balance when I check it online.,Bitcoin,1,1,0,"The ""Tangible"" category is an invention. There is no reason why a currency *has* to be ""tangible"", it's just that *in the past* intangibility has implied that the *finite* nature of the currency can be tampered with. So, tangibility is only valuable to the extent that it insures that the supply of the currency remains definite. The nature of the Bitcoin network makes tangibility a negligible and even costly alternative."
1,"well polished professional replies you provide, full of helpful counter-points.",investing,0,0,0,Why do you spam multiple links?
1,Wow...what a criminal.,Bitcoin,8,8,0,"Rene: ""And in 20 years?"" Ross: ""I want to have had a substantially positive impact on the future of humanity by that time"""
1,"DARPA, man....*DARPA*.",Bitcoin,1,1,0,Says the guy who doesn't know the history of the internet because he was ~~educated~~ brainwashed by government schools.
1,"Wow, so insightful.",Bitcoin,4,4,0,Value of bitcoin should increase faster than it has historically Why? Because the amount of people who get interested in bitcoin and start using bitcoin will increase exponentially. Confidence will breed confidence
1,Politicians are too honest to do such a thing.,Bitcoin,3,3,0,What to tell congressmen to do... - Buy a bunch of BTC - Make very Bitcoin friendly laws - Profit Is it really that simple?
1,Convince banks to insure Chinese MBS',investing,1,1,0,Is there a potential real estate bubble in China? How can an investor take advantage of this?
1,3.8 or you're going to end up selling printers.,Accounting,12,12,0,"People take far crazier paths, look at all of the older people pursuing CPAs. You'll be fine. This subreddit REALLY stresses the standard ""you must go big4 now to be a F100 CFO!"" type of stuff."
1,Real professional looking business you've got going there.,Bitcoin,-8,-8,0,How I do my little bit for Bitcoin
0,"Well, more like 2ch lol.",Bitcoin,2,2,0,Lol and reddit I'm sure he's reading this stuff. There wouldn't be any reason not to
1,Censorship is at the core of being a true Libertarian.,Bitcoin,3,3,0,"This my main problem with him. He deleted my comments on his videos. He's not interested in a debate on the merits of bitcoin, he's simply creating lots of anti-bitcoin propaganda. It's probably to get attention, so he can sell more of his Silver Bullet Silver Shield medallions."
1,"You say sweat shop, I say lower bottom line.",investing,3,3,0,I wouldn't invest in companies that have super shitty business practices. For example I won't invest in a company that uses sweat shops.
0,"Yeah, you can consider them novelty items.",Bitcoin,2,2,0,"ok, that makes sense. but what's the point of sending people these mini amounts if they are never able to send them further, hmmm..."
1,I've never bought smokes with a credit card from a gas station.,Bitcoin,2,2,0,"Apparently ""tobacco products"" are against PayPal's terms, and unfortunately eLiquid has been lumped into that category. We also had a very hard time finding a credit card processor for this reason. No more 404, and you're right, the image is a tad big. We'll get that taken care of. Thanks!"
0,Only on the markets everyone else can spam the blockchain all they want.,Bitcoin,2,2,0,Oh that will be rich. An infinity divisiable currency with minimums....
1,"I agree, 3-day low is terrible.",Bitcoin,7,7,0,Bad news about bitcoin is ignored here.
0,Subscribe via Google wallet.. Why not BitCoin payment?,Bitcoin,1,1,0,Bitcoin Alert - new Android app with push notifications
0,I don't think you quite understand how this works...,Bitcoin,11,11,0,"If there is anything the USA needs, it's more guns."
1,"Yeah, who needs roads..?",Bitcoin,2,2,0,Bitcoin will end the disease of taxation and theft by governments. Bitcoin will slowly over time deny these thieves of the only thing they want - your money. As soon as humanity wake up to the idea that we don't need bankers or governments in our life the better we will all be. Wake up humans - the solution is Bitcoin.
1,Sounds like the best of both worlds.,Bitcoin,1,1,0,Luke Jr. is a fundamentalist Christian with a hardon for government.
1,"but wait lol we don't need corporate money, everything is fine without it!",Bitcoin,1,1,0,"for me, it's people like Jon Matonis and Nick Colas who make perhaps the best bitcoin advocates. they steadily introduce it to the world of corporate money, and that's the hardest part."
1,b/c 5 individual stocks is properly diversified.,investing,1,1,0,"Indeed it is. Greatest peril of today might by the tendency to be too afraid of everything and therefore over-diversify by yourself or pay management fee + agio to have other people over-diversify for you. If you're not willing to take any risk then investing isn't for you. I absolutely back my proposed strategy: Diversifying with just 2k is dumb. He has barely any money and transaction costs will just take it away. He has an additional $1k every month, so he should wait one month to make his initial trade, then buy a different stock every three month (if he can find one under value). After just 13 month he will hold 5 different stocks and is properly diversified."
1,I think he forgot his,investing,2,2,0,So how is Jim Cramer's bear stearns advice working for you?
1,oh yeah computer science == Python,investing,2,2,0,"I agree computer science is useful and this avenue should be pursued but I don't think it's the best degree for finance. No reputable finance firm will hire someone that doesn't know what an interest rate is and how it's movements affect investment decisions; instead tack it on to a more traditional finance degree as a second major or minor. Ps. It's easier for me to teach myself how to use Python than it is to derive the Black-Scholes formula, set up a binary tree for bond valuation, or create a recursive portfolio that takes advantage of arbitrage opportunities."
1,Maybe you should create a rage comic to really tell him how you feel!,investing,1,1,0,"It is constructive. It equates speculative stock bets with gambling, which it pretty much is--although people don't always make the connection immediately. Also, he'd be well-served to never buy an individual stock again--as you know, most people don't beat the market. I gave him short and sweet advice. And I can't stand the speculative threads. I love the threads that are based on research and data--that's part of the fun. The speculators can get out, they drive down the quality of the subreddit. I didn't give him bad advice--just because you don't like the manner in which I delivered it doesn't make it nonconstructive. In fact, if he's slightly embarrassed maybe he'll refrain from posting nonsense in the future."
1,the market is,Bitcoin,0,0,0,Who's going to serve my tea and crumpets?!
0,People who think gold is safe are too young to remember the 80s.,investing,1,1,0,"I don't think he's trying to get rich as much as he is just trying to be very conservative with his assets. He's earned enough to give his children and grandchildren a great education, etc."
0,This concept takes the constant nickle and dimeing of large companies to new levels.,Bitcoin,1,1,0,Micropayments now ready to slash price of online news
1,maybe it comes IKEA style w/ some assembly required ;),Bitcoin,2,2,0,"""Builds""? They bought it from Lamassu..."
0,dreams and hopes.,Bitcoin,2,2,0,What is this based off of?
1,"Because muslims are terrorists, amirite?",Bitcoin,4,4,0,"""Bitcoin used to fund Hamas bombing killing 38 civillians."""
1,"Yup, that's the best way to distinguish scam mail for every service - look at the buttons.",Bitcoin,1,1,0,You can definitely tell by the blue buttons/links. Those do not look like Google buttons.
0,What does that have anything to do with an app on Apple devices?,Bitcoin,1,1,0,Then apple can at any point of time spend your bitcoins and you have no recourse.
1,FAP FAP FAP FAP,Bitcoin,2,2,0,One of the top posts on reddit right now! LET PEOPLE KNOW about bitcoin!
1,"Yeah but think of the *hassle* - It's just a lot easier to not do it, ya know?",Bitcoin,4,4,0,I don't think he needs to set up a new account specifically for ACH. He could simply mail people a check for the balance owed.
0,the hard assets backing it are the hardware and power necessary to generate a bitcoin.,investing,1,1,0,"Bitcoin is effectively a foreign exchange instrument for a country who's economy consists entirely of drug dealers, prostitutes, and speculators. This country creates nothing of value whatsoever. Furthermore, there's no hard assets backing it... nor even a country. That and the fact that it's going through a massive bubble keeps me away."
0,Care to explain why?,investing,3,3,0,That's precious.
1,Oh yeah I'm sure,Bitcoin,1,1,0,Can the deposited credits be withdrawn to bitcoins again?
1,Now you just scared my parents into thinking I am in a pyramid scheme.,Bitcoin,3,3,0,Tell them it's digital Gold.
0,Don't jinx it!,investing,1,1,0,"Not looking like a double-dip to me, sirs and madams."
1,Lithuania...sounds awesome,Bitcoin,1,1,0,BTCINVE.COM btc investment exchange
1,"""Bitcoin needs to give up...and focus..."" Come on people FOCUS!",Bitcoin,1,1,0,"How Bitcoin Can Mainstream, in One Easy Step -- Daily Intelligencer"
0,The language barrier.,Bitcoin,1,1,0,"Bitcoin reaches new highs for the month It's really interesting to see Bitcoin reach new heights even when there are so many pressures at work against it, ie SR being shut down, Dropbox denying, that Chase thing, and a few others. I'm putting this increase on China. I'm wondering what took them so long to get in the game."
0,"Yes, yes, yes, yes, yes, yes.",Bitcoin,1,1,0,So is anybody interested in building an alternative site to ebay that accepts bitcoins?
1,Do you know if they are going to accept Litecoin?,Bitcoin,3,3,0,China Telecom Accepts Bitcoin.
0,Nobody likes blue balls!,Bitcoin,1,1,0,LOL Now that is funny. I can imagine them all bouncing around on there blue exercise balls listening the this.
0,"going forward, i have no money for christmas presents.. Thanks CAVirtex.",Bitcoin,10,10,0,Going forward it's another reason to not entrust your balance to someone else's wallet.
1,Morgan Freeman - I prefer to be educated by him.,Bitcoin,1,1,0,Which celebrity would you most want to hear explaining Bitcoin to a layperson? My vote would definitely be Christopher Walken. I wish something like this existed!
0,Do people really fall for this shit,Bitcoin,1,1,0,now i own 0.9999 bitcoin .free 0.5 for all what vote up for me
0,Very smart.,Bitcoin,10,10,0,"BFL shipped a Jalepeno to Wired Magazine, evidently"
0,You are correct.,Bitcoin,2,2,0,"methinks ""Land Value Tax"""
1,could you send me .01 bitcoin?,Bitcoin,2,2,0,"A test of Brainwallet passphrases. This was not an exhaustive test, just a little impromptu experiment. The idea was to see what works and what doesn't. Specifically the idea was to make the minimum, or below minimum passphrase and see how quickly it gets snatched. First off the addresses that were swiped were swiped between 4 and 33 seconds after sending bitcoin to them. So it doesn't take long. The ones that didn't get snatched, well, they lasted a week or so before I was satisfied and I moved the bitcoin back to my own, secure wallet. Here's the list: perfume invisible --- taken within seconds. bugjest --- also taken within seconds threaded claRity --- never taken \*\*\*!!!\*\*\* --- also quickly swiped it was the best of times --- gone in 4 seconds completionacknowledged --- gone in 30 seconds shuffles39 --- never taken bg98R3wS --- never taken And last but not least: You stay classy San Diego --- never taken I actually thought the last one would get stolen, but apparently there aren't any big Anchorman fans among bitcoin thieves. The one thing this points out to me is how strong a few numbers or random capitalizations make a passphrase. Had I done ""it was the bEst of times"" the bitcoin would probably still be there. FYI the amount I sent to each address was only about 0.01 in case you're wondering."
0,If that's an email you can copy and paste the address but I agree a qrcode is probably better.,Bitcoin,1,1,0,How I do my little bit for Bitcoin
1,"""that's the next generation's problem!""",investing,1,1,0,I don't think Romney has said where he's making up the tax shortage at. That scares the shit out of me. It's bad enough we've been skimping 2% of social security contributions.
1,"Well, BFL said they are shipping last month, so you probably have another 10 months...",Bitcoin,3,3,0,I've been wondering that. i stopped mining back in november because ASICs were coming out... well its april now.
1,"Well, like a bitcoin, sometimes there is only one side to the story.",Bitcoin,1,1,0,So tech writer Patrick O'Rourke who wrote a hit piece on the dangers of bitcoin mining isn't concerned with balanced journalism.
1,Thank you for clearing that up for me,Bitcoin,1,1,0,the user resides on candyland and the server resides in mordor
1,"Don't worry, it will be a great opportunity for you to further development your career.",Accounting,1,1,0,How I felt after my boss assigned me a new project.
0,[citation needed],Bitcoin,0,0,0,"Not even then. You're just adding a bit of multiplexing by direction by doing that, and it's not going to gain you *that* much."
0,I personally loved the haz-mat gloves when handling an 8th of cannabis.,Bitcoin,8,8,0,"This is beautiful, Just BEAUTIFUL!"
0,Those words don't make sense.,Bitcoin,-1,-1,0,"Eat fuck, shitwizard"
1,Because Linux doesn't exist.,Bitcoin,1,1,0,I almost want to buy a mac. HAHAHA
0,For how closely you watch them you've fucked up the symbol twice.,investing,9,9,0,"I dunno but one thing is for sure, I ain't a guy. I bought AMZ at $35, GOOG at $200 and watch them carefully."
0,Stop spamming!,Bitcoin,3,3,0,"FREE BITCOINS EVERY HOUR, WORKS FOR ME"
0,Fucking trolls are out today.,Bitcoin,-2,-2,0,Burst! below 150 again this; time looks like we're going below 100
0,I did both :),Bitcoin,1,1,0,It always happen like that!
0,I love my new currency.,Bitcoin,2,2,0,So what you're saying is... bitcoin user not affected.
1,That is absolutely unbelievable.,Bitcoin,5,5,0,"Atlantis bitcoin marketplace was a scam, according to employee"
0,"Thanks, that's what I figured.",Accounting,1,1,0,No
0,He will probably start his own fund.,finance,14,14,0,I think you're right but it can blow up in his face. You can look at it from the opposite point of view: would a company want to hire someone who bad mouths their previous employer? I'm sure their are plenty of firms that will view it either way.
1,Burn the place to the ground.,Bitcoin,1,1,0,"Sold 3 bitcoins on friday, got this lovely letter from my bank today"
1,Yeah covered call option is really fancy stuff,investing,0,0,0,It really doesn't make sense to suggest derivatives to a novice investor.
1,"If we don't acknowledge btc's problems, then they don't exist!",Bitcoin,5,5,0,"If that's what's happening, then why not?"
1,They definitely don't see us as just a signature on an opinion page!,Accounting,6,6,0,"Ahhh auditing.... so much value-added in this profession. And, oh how welcoming are the clients when we arrive!!"
0,"going by experience, absolutely every time multibit is closed improperly it corrupts the wallets",Bitcoin,1,1,0,Is it actually known that MultiBit regularly corrupts wallet files? Got any links for that?
1,"With a name like ""Coeptis"" it's going to be a HUGE success!",Bitcoin,2,2,0,E-gold founder backs new Bitcoin rival
0,I am assuming USD?,Bitcoin,5,5,0,yea 10k
1,Generalising always helps when talking about an individual case,Bitcoin,1,1,0,at 80 he must be really in tune with technology... just like everyone else in their 80s...
0,"Seems like a lot of fucking, hope everything works out for you!",Accounting,2,2,0,"YEP! We both said peace the fuck out. His family business books were fucked, and my boss fucked me over. So we moved :-)"
1,"Ah yes, all of those people who use ripple on a regular basis.",Bitcoin,4,4,0,"You do understand that banking, retailing, and 99 percent of consumers don't give a rat's ass that it's centralized, right?"
0,I thought we are past the denial stage..,Bitcoin,2,2,0,What if the real purpose behind all these regulations from China is that the Chinese government itself could then buy in bitcoins at low price? Just a (probably stupid) thought. What do you guys think? Is this even a posibility?
1,God bless 'murica,Bitcoin,2,2,0,Because the government doesn't love you.
1,Dirty pirate stealing IP.,Bitcoin,3,3,0,See my reply to this thread. Hope that helps.
1,Nice referral link.,Bitcoin,2,2,0,"I'm sure some of you already know about this, but for those of you who don't, BitcoinGet is a way for people with out money or processing power to get their hands on some Bitcoins."
1,That's great for Bitcoin PR...,Bitcoin,-6,-6,0,Gavin: Only invest time/money into Bitcoin you can afford to lose.
1,This is what happens when you trust your currency to a bunch of amateurs.,Bitcoin,7,7,0,MtGox could be worse... Website of $147b. Bank Offline for Not Renewing Domain Registration
1,"Nah man, there's no written contract so he's in the clear.",Bitcoin,10,10,0,If you haven't already check with a lawyer about what you owe your sister. And be honest with him or her about the situation. You made several conflicting statements that lead me to believe you're not entirely aware of your legal obligations to your sister. Perhaps I'm wrong and you've already consulted competent counsel but you don't want to create a bigger rift between the two of you when she gets older and realizes that you possibly had a legal obligation to her.
0,Horrible idea.,Bitcoin,7,7,0,"Horrible/Great idea - Lobby congress to favor Bitcoin, by paying them with Bitcoin.. As much as I despise lobbying, this has got to be THE best way to assure Bitcoins future. Greed can always be trusted."
0,"Can't think of one off the top of my head, sorry.",Bitcoin,-2,-2,0,Interesting. Can you give a non-specific example?
0,how has FTC treated you if you don't mind disclosing that publicly?,Bitcoin,1,1,0,"15 here. Currently holding 1 BTC in BTC and alternate currencies, mostly FTC. I have my account available for my boss and other employees to sell BTC to customers at our game store. Sold 0.2 BTC for some USD to pay off some equipment costs today. So... you're wrong."
1,Glad to see government businesses running well.,Bitcoin,0,0,0,"Lots of states have laws that alcohol can only be sold in state liquor stores. I can buy beer and wine in a cvs, but the selection is crap unless I love Busch Lite. Otherwise I have to go to a state licensed store, which are generally mom and pop places."
1,I forgot the,Bitcoin,2,2,0,3: off-exchange sale to a new major player.
1,"Wow, that's truly shocking!",Bitcoin,0,0,0,Banks mostly avoid providing bitcoin services
1,It'll be out as soon as the price stabilizes.,Bitcoin,16,16,0,"Whats going on with the ""Rise of Bitcoin"" documentary? Wasn't it supposed to be done in September?"
1,"Right, you need a million dollars just to take a shit in New York City amirite?",investing,1,1,0,it's not that much money in ny at all
1,Yeah just those two very minor obstacles.,investing,20,20,0,"signs of a strong fighting stock. I don't see why everyone's bashing the company just because it moved up too fast. It has strong fundamentals, a large cash pool, and the only obstacle in its way right now is not enough cars in production and congress car sale laws."
1,All those 4 people who heard the announcement?,Bitcoin,0,0,0,"He announced it first, everyone had a fair chance to mine too."
1,So you are telling us to buy our gold from the BitcoinStore...,Bitcoin,2,2,0,"Announcing my resignation from Coinabul - Jon Holmquist Hello, I've officially resigned from my position at Coinabul. I put in my two weeks notice about two weeks ago on Wednesday March 6th. I've thought long and hard about my decision and I decided that my time was better served helping other Bitcoin companies. I was recently brought onto the team for [BitcoinStore](http://bitcoinstore.com) and will continue spending more of my time working on that project. I'd like to thank all the customers I had the pleasure of meeting and talking with! You guys rock, seriously. All the troubles and delays Coinabul went through and yet most of you were patient and kind. As for the recent kerfuffle, I guess that is partly why I am leaving Coinabul. Jay has now resolved both issues that gained notoriety on the forums and this subreddit, but I felt pretty much helpless to solve the issues because ""Jay's in charge"". We've recently been disagreeing on which directions to head and well, I now know which way I'm heading. This does not imply that the direction he wants to take Coinabul is not a valid one. This is not me saying that the company is bad, it isn't. I'm still amazed at how quickly we amassed orders and how much we've grown in less than two years. It was great working with you guys to build a new site and company and hopefully you'll continue to support me on my new venture with Roger Ver at BitcoinStore! Thank you, Jon Holmquist"
1,Contact Bruce Wagner,Bitcoin,2,2,0,Having a live debate on my YouTube channel on Thursday on whether or not we can use digital technology to govern ourselves I think it would be really great to have some bitcoin evangelist on to describe how a distributed p2p currency like Bitcoin might work? I can't actually find someone who could play that role... am I missing something?
1,you dropped this:,Bitcoin,5,5,0,"No, you shouldn't use Bitcoin, you should be constrained by the sanctions imposed on you by other states while also enjoying the limits on your freedoms imposed by your own state. That's what you deserve anyway. Meanwhile, anyone advocating Bitcoin to you is also a criminal."
1,"The middle class aren't really an asset, they're a liability.",investing,6,6,0,The middle class and anyone on fixed income.
1,"I mean, it's so complex...",Bitcoin,4,4,0,"Actually, I think it consists mostly pedophiles, terrorists, drug dealers, money launderers, some users maybe mixtures of the above."
0,"Well it's the plummet plus the narrow order depth graph next to it that makes it notable, I believe.",Bitcoin,1,1,0,If you create graphs that badly with y axises always adjusted to the maximum move then every up and down is going to look like a moonshot or a stone drop. Its 10% . Nothing drastic as always.
0,"The problem there is the USD, not the BTC.",Bitcoin,2,2,0,Now try converting USD to BTC or BTC to USD and tell me it's easy.
0,"Go away, troll.",Bitcoin,0,0,0,"You mean you're tired of trying to mislead people into thinking that its not safe to do a transaction in a bank, when in reality it is completely safe and legal? Maybe you're the one trying to rob people in some random location?"
1,There has to be a 90% crash sometime soon...,Bitcoin,2,2,0,I found another graph of tulip mania. It may be time to take your winnings and sell.
0,Fees &amp; Inflation.,investing,4,4,0,Could you please elaborate? Why would pulling your money out hurt your overall capital?
0,Obvious Ponzi scheme is obvious.,Bitcoin,2,2,0,The Bitcoin Gem revival!
0,This is exactly the kind of thing that bitcoin needs more of!,Bitcoin,1,1,0,How the Internet Archive is having Great Time with Bitcoin | Internet Archive Blogs
0,solid small confident steps,Bitcoin,1,1,0,A solid business plan! So long as you take small confident steps I'm sure you'll have a tonne of customers flocking.
0,"Ding ding, correct.",Bitcoin,3,3,0,"they take 0.4 percent of the trade from whoever fills the order, and they give 0.1 percent per trade to the order creator (bonus for adding liquidity to the market). this gives them a net rake 0.3 percent =)"
1,yeah nail on the head there...,Bitcoin,0,0,0,also known as the very purpose of government in general
0,"In the US, you need to be a utility to sell electricity to people...",Bitcoin,1,1,0,Which you could resell directly and make more than in mbtc
0,Why don't you get a clue?,Bitcoin,-1,-1,0,Why don't you explain.
1,'cause mtgox is keeping everyone's money just to fuck with them..,Bitcoin,0,0,0,If MtGox's FB page becomes a wall of shame (it is already on the righteous path) then the market share will drop even more. If they have any hopes of staying in business then this pressure will hopefully force them to service their customers at at the most basic level: letting them regain control of their funds after they've repeatedly failed to deliver (withdrawals not executed).
1,Bitinstant fucks up in customer service shocker!,Bitcoin,7,7,0,"I understand that it was just launched today and there will be a few kinks and bugs in the process. However, when you have a whole sizable portion of the website which is not functioning and is probably one of the biggest uses of the site, then maybe it is a sign that it was not time just yet to release the product to the customer."
1,"These IOU's are just as good as cash, trust me",Bitcoin,12,12,0,"Frozen would be a better term- until they decide how much to take. This particular bank is the worst hit by the bailout agreement, and up to 80% of deposits over 100k EUR will be converted to 'bank shares'- in a valueless bank."
1,"Yes of course, because only a free market society would be susceptible to hacking and DDOS attacks.",Bitcoin,5,5,0,This is how you get things done in a free market society.
1,"i might invest at least a 0.01 btc into it, but it seems like a scam",Bitcoin,17,17,0,Have you guys heard of the dollar? I'm thinking about investing.
1,Gee I hope so can't imagine what life would be like without checks!,Bitcoin,1,1,0,Are bitcoin checks and credit cards possible? Is it possible to make?
0,Now with 20% larger propellers!,Bitcoin,1,1,0,Beware of Propagrandpa!
0,Its human brains isn't it,Bitcoin,1,1,0,"If a GPU farmer is able to discover my grandmother's secret ingredients for gumbo, then I am more worried about him than anyone else. She doesn't take too kindly to a family member who knows the secrets..."
0,"in the timeline of a few days, that means nothing...",Bitcoin,0,0,0,I would call it stable since nobody is panicking and it's still slowly going up.
0,Why not when you can just flip the junk on BTC-e :),Bitcoin,3,3,0,A few websites do accept it... as donations. ;-)
1,RIP Bitcoin.,Bitcoin,1,1,0,"Stop shouting ""The Bubble pops,OMG Crash etc."" This is not a trollbox. I am tired of the ""The Bubble finally popped"" ""It's a crash"" posts. We all know the price jumps around. The subreddit is not a trollbox."
0,I think you missed the 'fair and balanced' joke.,Bitcoin,1,1,0,"No it wasn't on Fox News, it was on Fox Business. Which has like nowhere near the viewership."
0,I'm honored to give this comment its first upvote.,Bitcoin,1,1,0,"""In those days, mBTCs had pictures of bumble bees on 'em. 'Give me 1000 embees for a BitCoin', you'd say."""
0,Dog hammock?,Bitcoin,3,3,0,Still no sales w/Bitcoin. Suggestions? Cat hammock.
0,so did you sell?,Bitcoin,1,1,0,Should I pull my BTC out now? I know the price is going to go down and I have plenty of BTC in there. I'm also very new to bitcoin and investing. Any advice?
0,maybe use a bitcoin escrow service?,Bitcoin,2,2,0,"I want to buy coins for people who prefer not to use an exchange. What issues might I run into? Like the title asks, what issues would one run into if one were to accept cash money from someone to buy bitcoin on their behalf? Im thinking about accepting email money transfers, then transferring the cash into my exchange, buying BTC and sending the BTC to the 'customer' for a small fee. Aside from the issue of trust on behalf of the folks wishing to purchase BTC, what issues would someone need to overcome to be sucessful at being a BTC middleman? Thanks!"
1,"lol, yeah MtGox is singlehandedly going to cause the collapse of bitcoin",Bitcoin,1,1,0,I wouldn't. Gox is having problems so people want out. Bitstamp is the #1 market right now and just look at that buy support...and then compare it to the sell walls. People want out and no one wants to catch the falling knife and be a bitcoin bag holder.
1,Seems legit...,Bitcoin,1,1,0,time to sell
1,Everyone of course because they're so scared of defying the all-powerful FinCEN.,Bitcoin,2,2,0,"""Even if a fix to the bitcoin protocol were devised to allow for reversible transactions, the loss of irrevocability could be fatal for bitcoin as it would result in increased transaction costs and slower remittances."" lolwut? Who exactly is going to apply this ""fix""?"
1,You're so funny!,Bitcoin,0,0,0,thatsthejoke.jpeg
1,seems legit,Bitcoin,0,0,0,Freebitcoins...
1,"Don't worry, if it's bad, you can just chargeback!",Bitcoin,1,1,0,Wanting to buy bitcoins. Cash!
1,yes and the only phone Samsung makes is Galaxy,investing,3,3,0,What? Samsung's Galaxy S devices get refreshed every summer (usually May)... they're on an annual cycle. Galaxy S = June 2010 Galaxy SII = May 2011 Galaxy SIII = May 2012
1,"Well, your in-depth analysis sure has enlightened me.",Bitcoin,1,1,0,wont work
0,MS Essentials.,investing,1,1,0,What do you use?
1,But this time it's different...,investing,2,2,0,Not going to lend money to Greeks now.
0,This does not look in any way staged.,Bitcoin,8,8,0,The general situation at home
0,Those forks...,Bitcoin,1,1,0,"Unfortunately no. It will be of no issue with lunar colonies, but Mars will probably have its own currency."
1,Yeah a $50 EeePc off eBay is way too much of an investment to protect $10000+ of bitcoins.,Bitcoin,1,1,0,"In order to use Armory cold storage, you need a separate offline computer, ideally dedicated to Bitcoin transaction signing. Not everyone has that."
0,"yep we've been trapped repeatedly, for nearly million % ROI, by now....",Bitcoin,1,1,0,Tomorrow it will discover the bull trap.
1,You'd prefer not participating in the network you put money into... very smart,Bitcoin,-11,-11,0,I would prefer not to download all 8 gigs (or whatever the number is now) of blockchain.
1,Of course not!,Bitcoin,0,0,0,"Poll: Will the Bitcoin Price Hit $10,000 in 2014?"
1,Yea... normative gender roles ftw!,Bitcoin,2,2,0,"I am pretty confident we are the new wealthy elite, gentlemen. It's just so hard to believe. We are only in the beginning storms with these significant rallies from $100 to $230 dollars. I will not be surprised to see prices from hundreds to thousands in the coming months. The world just isn't going to be the same and we have been blessed as the pioneers. What are you going to do with your Bitcoin wealth once your coins hit upwards of $10,000 a pop?"
1,"Yeah, Detroit is the center of our economy.",Bitcoin,7,7,0,economic collapse of the nation?
1,It all adds up.,Bitcoin,1,1,0,I am Satoshi Nakamoto
1,"In otherwords, I had btc before it was cool.",Bitcoin,1,1,0,"Bitcoin Is `Gold for Nerds,' Convergex's Colas Says: Video"
1,I don't see how this relates to Bitcoin ...,Bitcoin,2,2,0,"Milton Friedman: ""I've always been in favor of abolishing the Federal Reserve and substituting a machine program that would keep the quantity of money going up at a steady rate."""
1,not long with Android crushing their growth,investing,5,5,0,How much longer can they keep up those earnings?
1,MtGox thanks for taking so long with my wire transfer,Bitcoin,1,1,0,"I predict that we hit $1000 before the night is out. We're making history, right here. Today!"
0,You could base it off of your estimated productivity or rent or food or a host of important assets.,Bitcoin,1,1,0,"Most money has a starting point. This is usually this is a precious metal, or some other commodity (having an inherent value). Inflation and deflation then depends on the amount of available commodity. Over time people get tired of lugging around, gold, sheep, bails of barley, etc. and decide that a representative system would be better suited to commerce. They sit down and agree that for the sake of simplicity, this card will represent 1, 5 oz., portion of gold. The card can be turned in at any time for that gold. These are Promissory notes, or a ""backed"" currency. In this case Gold. This was the case with the US dollar until Nixon. With the mechanisms of high finance, banking has moved to fiat money. This has no inherent value on its own. Money is now thought of commonly as a promissory note from the treasury, but is actually only backed by the citizens' confidence in that unit of money, much like the stock market. Bitcoin does not have this kind of lineage to trace value to. So my question still stands how do you base value for a service with a system whose value has no implied or inherent meaning or value? Absolute Fiat."
0,Count me in mate!,Bitcoin,0,0,0,I pledged to buy 125 reddit gold months if Reddit decided to accept bitcoin as a mean of payment. Get your free reddit gold month here!
1,"People don't kill people, drugs do.",Bitcoin,1,1,0,"Who are the ""crooks"" here? Are they the people who stole this enormous amount of money? Or are they the drug dealers who buy their stashes from Mexico, where gangs hire children to kill rivals in turf wars? People who support ""libertarian"" ideals and the ability to buy drugs over the Internet seem to forget where these drugs come from. Please forgive my lack of pity for anyone involved in this situation. On the bright side, it is likely that the value of bitcoins just increased by 1%. Either the thief is never going to spend his bitcoins, which means they are lost; or he will be killed, which means the private keys will be lost. Either way, we all just got richer."
1,HEY BRO I NEVER GOT A TIP BEFORE WANNA PUT THE WHOLE THING IN?,Bitcoin,1,1,0,"You have a large amount of bitcoins in your bitcointip account! Got that warning today, I apparently have over $50 in my account so they gave me this warning. I only ever deposited $10 in my account, and have given out more then $10 in tips I would imagine in the last month or so. Bitcoin, the gift that keeps on giving!"
0,"""I need more monopolies in my life.""",Bitcoin,5,5,0,"Coinbase has been very good for Bitcoin in general. One thing I wish is that they would just go the whole way, and replace Mt.Gox, Bitstamp, and also run the securities game. Also become the place for best charts. Might as well start selling ASIC's too. We need one big professional company, something strong enough to destroy Paypal/Ebay/The Federal Reserve/The average dumbass. Long live Bitcoin. Fuck politics, fuck Obummer, fuck America, give the world freedom and everything else will fall into it's place."
1,yeah but how do we *pronounce* them,Bitcoin,1,1,0,Why not just call them uBits and mBits
1,"Because, as we all know, historical prices are indicative of the future...",stocks,-1,-1,0,It used to be at ~1500 during 2000 then dropped t basically 0 for quite some time. I'm sticking with it through next year.
1,Thanks for the tip Mr Redditor for 30 minutes with no connection to OP.,Bitcoin,3,3,0,Nice! This is awesome I'm going to transfer some btc over now!
1,"Of course, I didn't think to do that.",Bitcoin,1,1,0,Its very easy to find out by googling.
0,They also make the Nexus product line.,investing,0,0,0,Ah yes... Android. Exactly how much money does Google actually make from their free operating system?
1,"Yeah, because carrying around paper bills with the private key barcodes on them would be safe.",Bitcoin,0,0,0,"No, just add a barcode to the bills.. Just like paper wallets"
1,"Right, because most developed nations consider the US to be their political and economic enemy.",Bitcoin,3,3,0,"If the US bans Bitcoin or heavily regulates it, it'll only make other nations jump on board faster."
0,Not a good idea.,Bitcoin,1,1,0,What about all the non-US users?
1,Contact your bank to reverse the transaction.,Bitcoin,7,7,0,"What happens if Bitcoins are lost? Let's say hypothetically some bitcoins are sent to the wrong address by way of a typo. Would those bitcoins ever be recoverable? What happens if, over the course of time, hundreds/thousands of people 'misplace' their bitcoins?"
0,Bitcoin dropped 3% in value in relation to February.,Bitcoin,1,1,0,Especially during a leap year.
1,Yeah but we need that money to pay off our limitless debt obligations...,Bitcoin,5,5,0,Fun fact: wife will fly from New York to Dusseldorf Germany. Price of plane ticket was $278. Airport taxes : $682. Ridiculous is not even a word to describe the situation.
1,Copyright infringement?,Bitcoin,1,1,0,The picture is gone? :(
1,Banks are free they never post a profit or absorb any money from their customers,Bitcoin,-1,-1,0,Not only that if you are able to manage your money well there is no reason to pay any fees or interest using banks or credit cards in fact by using credit cards you earn free money via various rewards which over the course of a year add up. (tho never get a card with citi bank they are a terrible credit card company)
1,"Yeah, it's possible to spend bitcoins twice.",Bitcoin,1,1,0,It can be counterfeited?
1,Next up: BitPay pays YOU to use their service.,Bitcoin,2,2,0,BIPS Releases 0% Merchant Processing Solution
1,Or a clever ruse.,Bitcoin,2,2,0,AnonymousSpeech is an anonymous domain registration service that Satoshi used...
1,"You didn't hear, we're all criminals",Bitcoin,3,3,0,Is this going to become a thing? I like it but are there legality issues (Reddit Terms of Service / local jurisdiction law)?
0,"No problem, go to jail until you remember.",Bitcoin,1,1,0,I forgot my password sorry.
0,You're a fucking idiot.,Bitcoin,4,4,0,im all in fuck this - life savings in - 80k in - this better work out for me.
1,But it is different this time.,Bitcoin,2,2,0,Well at this point the market is in a bubble. It almost proves his point.
0,I think someone who's stupid and rich would.,Bitcoin,5,5,0,Who would be stupid enough to donate to somebody rich enough to throw money on a stupid billboard?
0,I'm grown!,Bitcoin,1,1,0,fuck you i do what i want
0,"80k loan = dumb, no matter what",investing,-1,-1,0,"My parents paid for books for my first semester, and they took me out to dinner after I graduated. Other than that nothing; I graduated with over $80k in student loans. I hope you really appreciate the great parents you have."
1,Yeah but when bitcoin reaches $100000 per coin we'll have donated the most of all!,Bitcoin,2,2,0,"This is funny. I doubt anyone would spend bitcoins on dropbox storage. They only vote for it because they think that it would be cool. But only a minority - those with actual bitcoin income - are ready to spend them. In all actuality if dropbox decides to accept bitcoin only to realise no-one really pays with bitcoin, it could be a giant flop. Notice how the humble indie bundle accepts bitcoin, but bitcoin donations are the lowest of all. Average donation is around 5 dollars, but average bitcoin donation was almost less than 1 dollar average"
1,"I'm sure when they make these bankers pay for their ""crime"" no banker will do the same from now on.",Bitcoin,1,1,0,A familiar story line: Banks get accused of rigging rates. Again.
0,I'm a lot less valuable to them than my bitcoins are.,Bitcoin,1,1,0,"They probably can't confiscate bitoin from you. They can, however, confiscate you."
1,To the moon!,Bitcoin,1,1,0,Here comes the media blitz! Should we circle jerk now or later?
1,"This will work, just like how it worked with Dropbox",Bitcoin,-1,-1,0,We need votes to get Sublime Text to accept Bitcoin
1,According to Wikipedia.,Bitcoin,1,1,0,"Gox still hosts about 75% of all BTC market exchangers, so not even all ""fanboys"" are talking."
0,not a bad idea.,investing,1,1,0,Here's a crazy idea. Put taxes at the normal income rate for corporations (such as goldman sachs and friends) at the normal income tax rate since that's where their whole revenue comes from. Then let regular individual investors enjoy a preferential rate recognizing that they are taking risks with hard earned money.
1,"Yea, fuck roads/fire departments/public education!",Bitcoin,0,0,0,"I'm afraid I don't agree. While poor governance is a hindrance, good governance allows for a society to operate with consistent rules for everyone to play by. Just take a look at all the countries in the world that have weak governments, they are all dominated by criminal enterprises or international corporate interests. Effective government that is answerable to the people is the only hedge against these interests. The government shouldn't be for sale. If it is, the solution is to develop a better government, not fall back on some kind of anarchist fantasy. But by all means, move to Darfur and prove to us all how much better an anarchist state can be than a governed one."
1,"Yeah, but where the hell are you going to spend Yen...",Bitcoin,8,8,0,"woo that was my first tip, thanks man"
1,Good to hear they're finished mining!,Bitcoin,44,44,0,Avalon claims to have started mass shipping via E-mail; Provide Pics
1,Bitcoins will be the backbone of the new world order.,investing,1,1,0,"If putting your money in an insured EU bank counts as ""risky"" in your book, I'd like to know what you consider safe. Whiskey and ammunition?"
1,"Well, bitcoins will be worth $1000000 in a year so it's actually 800 dollars an hour.",Bitcoin,9,9,0,lol ok that makes sense why people are not doing this. 16 cents a hour isn't very good pay
1,LiteCoin will now make new wave of millionaires :O,Bitcoin,1,1,0,Mt. Gox now has Litecoin tickers in their Websocket API
1,Because you stopped using PayPal.,Bitcoin,8,8,0,"What would be their reason? You can pay by cash, what's the difference?"
1,Yeah...this doesn't look like a scam,Bitcoin,2,2,0,Invest in bitcoin (I had profit ;))
1,"Yeah, that PE of 100 will be looking mighty sweet if they actually turn a profit one quarter...",investing,3,3,0,"TSLA really hasn't started. Why invest in TSLA if you don't hold it long enough to give it a chance to sell to a REAL percentage of the world. 5500 sold is one thing, but if it could grow into a large auto company and sell 10's of thousands, investors will be in for a huge treat."
1,not bad at all,Bitcoin,2,2,0,Where were at .... where we've been - Its not that bad in retrospect !
0,The instability.,investing,1,1,0,Doesn't mean what is justified?
0,How did you make the leap that he only wants one OS?,Bitcoin,2,2,0,Why would you even want a world dominated by one OS. Choice is good for consumers. It pushes technology forward. Nothing wrong with apple and Windows having a slice of the mobile pie. The end result is better phones for all of us. Christ this thread is a circle jerk
1,"Wow, did NOT see that last part about the whiskey coming.",Bitcoin,1,1,0,"""I AM HODLING"" - hilarious bitcointalk post"
0,But what if the reanimation system reads your brainwallet and sweeps your coins?,Bitcoin,1,1,0,"But if I don't spend my bitcoins with them, i won't be reanimated at all!"
0,"They drained it to a government controlled address, its in section four.",Bitcoin,2,2,0,"Yeah, exactly. They can't say they seized them just because they have the private keys; they have to be sure they have **the only copy** of the private keys, which is impossible for seized bitcoins since they weren't the ones that generated the keys to them. The only way to properly seize bitcoins is to transfer them to an address you control. What would be hilarious is if they were forbidden from doing so because that woud be considered ""tampering with evidence,"" on the analogy of draining a bank account rather than freezing it. You can't ""freeze"" someone's Bitcoin account, since there's no way to know whether or not they still have a copy of the private key. They have to drain it to be sure."
0,How is your employer going to get bitcoins?,Bitcoin,1,1,0,"Cheaper to have your employer just pay some of your wage in bitcoin, so you can skip the exchange fees. :Q_"
0,That sucks sorry dude,Bitcoin,1,1,0,Crushed dreams
1,"Of course, the museum is there to say it's perfect, it should not add relevant criticism",Bitcoin,7,7,0,of course throw in money laundering.. so much other nice things to say but whoever seem to have made this....
0,No begging.,Bitcoin,4,4,0,Tipping people on their cakeday a good way to spread the word? Just an idea no personal stake in it...
0,We didn't get your drift because you used a hashtag on reddit.,Bitcoin,7,7,0,"More like #winning, if you get my drift..."
1,It all goes to China.,Bitcoin,1,1,0,The the exchange changes. Where does our USD go?
1,"If only we could buy bitcoins with bitcoins .. oh, wait, fiat DOES have a purpose after all ...",Bitcoin,2,2,0,The case against fiat..
0,Confiscation = Theft,Bitcoin,1,1,0,"FBI vs. Bitcoin Here is another test for bitcoin. Does encryption work? Although the FBI seizure was the second most valuable act of bitcoin confiscation ever, the Feds were actually unable to get their greedy hands on the vast majority of bitcoins associated with the Silk Road"
0,"You're going to have to bookmark a LOT of comments/threads/videos, etc.",Bitcoin,2,2,0,"Bookmarking this comment to reply when BTC is over $100,000 :)"
1,"Oil, iron, and wheat have had similar gains.",Bitcoin,1,1,0,Rise 35.000% in two years?
0,Welcome to Sparta.,Bitcoin,1,1,0,"I believe that Bitcoin will continue in a bubble cycle, iterating through periods of stability, rapid appreciation, and crash. As a commodity, Bitcoin's supply is perfectly inelastic. (No other commodity has that property.) And I conjecture that this ""bubble cycle"" is the *only* way we could expect such a commodity's price to behave during the commodity's adoption phase. I assert that market dynamics and game theory lead inexorably to the cyclic behavior we are seeing. Takeaway: buy during the flat periods, and hold during the ramp-up and crash-down periods."
0,That we still need to marks the missed opportunities so far.,Bitcoin,3,3,0,The hard part is interfacing with the existing banking system.
0,"Two down, roughly twenty-eight thousand to go...",Bitcoin,1,1,0,"Welcome back, mr 2 billion market cap :)"
0,"It doesn't, except it helps with liquidity when the investor wants so buy or sell.",finance,10,10,0,"How does HFT affect the long term, buy and hold investor?"
1,"Yeah, your wallet should be safe even if you give it to a complete stranger!",Bitcoin,3,3,0,Bitcoin user not affected.
0,"I tried to move all the liabilities to Bitcoin, and it didn't work.",Bitcoin,1,1,0,All the assets!
1,"Put it all in penny stocks, hope for the best.",investing,1,1,0,"What would you do with 2 million bucks? Just out of curiosity, how many stocks would you buy? What would be your investment strategy? Personally I would try to spread it across about 30 companies, 10 of which are in tech, 10 in natural resources related investments, and 10 random. What would you do?"
1,"Buy high, sell low.",investing,2,2,0,Smart to buy Tesla at this price now? Seems like it will only go up.
1,I'm sure the instructor will teach you successful profitable strategies,investing,2,2,0,"I wouldn't recommend this course to anyone. I didn't feel like I learnt anything about finance or investing, apart from the concept of backtesting trading strategies, and how to use this python framework to backtest strategies. There was no particular information about what strategies might be successful, it would be interesting to study ones that had been successful in the past for example. I didn't feel like the instructor was particularly knowledgeable, he played up having a one year secondment in a hedge fund and that seems about it. Also each 10 minute segment has about 2 minutes of intro and outro music which gets annoying."
0,Now that HBoS is part of Lloyds are they still morally suspect?,Bitcoin,3,3,0,Found in 'Private Eye' - it just goes to show that not all media representations are negative.
1,"Yes, because that will surely stop any and all attempts to discover his identity.",Bitcoin,2,2,0,"If Satoshi's indentity were revealed it would endanger his life. Stories about his identity should be banned. Yes I realize that these stories are almost certainly wrong, however maybe one time the actual Satoshi will be mentioned. Then maybe some intel analyst will double check the facts and put it all together and identify him. Then his life will be in danger. The world wants Satoshi dead. We shouldn't jeapordize his safety. He is anonymous for a reason."
1,"i heard it grows on directory trees, maybe you can harvest them",Bitcoin,1,1,0,"Ways of earning BTC without mining / buying ? Hey guys, I was wondering if there's any way of earning BTC without having to be a miner or a buyer."
1,Seems totally professional to have personal grievances like that embedded in my money,Bitcoin,2,2,0,"CoinHunter (SC lead dev) deliberately removed the licensing information from every source code file that had it. It wasn't just a case of a single licensing information text file missing. It also makes one of the text pieces used in the hashing algorithm in Solidcoin look very ironic. static unsigned char SomeArrogantText3[]=""What's up with kids like artforz that think it's good to attack other's work? He spent a year in the bitcoin scene riding on the fact he took some other guys SHA256 opencl code and made a miner out of it. Bravo artforz, meanwhile all the false praise goes to his head and he thinks he actually is a programmer. Real programmers innovate and create new work, they win through being better coders with better ideas. You're not real artforz, and I hear you like furries? What's up with that? You shouldn't go on IRC when you're drunk, people remember the weird stuff."";"
1,"But dude, if it wasn't illegal, then everyone would literally murder everyone else.",Bitcoin,12,12,0,"I wish they made murder illegal, then nobody would get killed"
1,WooHoo Tax Evasion!,Bitcoin,4,4,0,Or sell for cash locally and don't deposit. Woohooo!
1,"""Bitcoin opened at..."" - yeah this guy definitely knows what he's talking about.",Bitcoin,1,1,0,Bitcoin is a Ponzi scheme libertarians use to make money off each other- The atlantic
0,Tell me more about how you are an expert in every field ever.,Bitcoin,1,1,0,"Literally every point made here is false and demonstrates a poor understanding of economics, sociology, and psychology. Smart guy, no good at these 3 things"
0,Who wouldn't for them?,Bitcoin,8,8,0,"If either one ran for Speaker of the House, I'd for them!"
0,"Yea I have an FPGA, waiting on asic.",Bitcoin,1,1,0,Which singles do you use? BFL?
0,"""It's already priced in"" is the most common response around here.",investing,3,3,0,"Thank goodness there's someone around here to say, ""It's already priced in,"" for something like this. Makes me feel better when I hear it in this context."
0,"If you consider just under 1% to be ""high-interest""...",Bitcoin,14,14,0,These things exist anymore?
0,The next great rise.,Bitcoin,1,1,0,"What will cause the next great crash? Obviously nobody actually knows, but the last one was caused by lag at MT.GOX and this seems to have been resolved so what are your thoughts?"
0,"Very insightful comment, thanks!",Bitcoin,1,1,0,god u sound dumb
1,But scary sounding things that fit within the borders of my confirmation bias are always true!,Bitcoin,1,1,0,"Ok, when you think it can not get anymore retarded here someone posts an Infowars link. Fuck me."
0,Short with an ETF like TZA.,finance,1,1,0,"Reddit, let's talk portfolio strategy if the markets continue to plunge Would love to hear some opinions about what people have planned if we dip into another recession."
1,I know _I_ sure feel manipulated.,Bitcoin,2,2,0,"thats one of those awkward insider trading events that we really don't want to see. I mean if the meeting was something along the lines of...""hey bitcoin is good, we don't really need any extra regulation"" and then one of the attendees who had privileged information goes and buys half a million worth of bitcoin and pockets a cool $50k over night, that won't make us look good. that will just piss people off and bring down more regulation.... Unless it was a member of congress.. in which case its totally cool."
1,Yeah omg how can u not even have 8 houses and a 500 000 usd income gah poor people are somstupid!,Bitcoin,2,2,0,"not to mention *localbitcoins*, how do you not have a bank account? I had one in elementary school."
1,"Yes, much better to have our money continually depreciating so people are forced to spend it.",Bitcoin,7,7,0,"It doesn't mean that people won't spend it at all, it means there is a tendency to restrict spending on the expectation it will be worth more in the future. Certainly that's why so many people treat it like an investment, and in part explains the bubble- tulipomania."
1,Boeing sucks they don't even make their own engines,investing,5,5,0,"Cells are bought from Panasonic, not the battery pack. That's like questioning what technology Boeing has since most of their parts are bought from other suppliers."
1,"If rhymes work for sailors, why not investors?",investing,3,3,0,"Sell in May and Go Away. So last year if you followed this you would have saved some money, will you this year?"
1,Come now - why let a simple practical argument get in the way of a good conspiracy theory?,Bitcoin,-4,-4,0,"Yes, because banks don't have strict policies in place in order to comply with existing laws. Its makes way more sense that they are simply evil and hate freedom. :P"
1,Aristotle was a communist,Bitcoin,0,0,0,"Money was intended to be used in exchange, but not to increase at interest."
0,And the loans are backed by the full faith and credit of the printing press.,Bitcoin,1,1,0,They're making loans just like they used to. The difference now is that the money they are loaning out doesn't cost them anything.
1,Yeah we'd rather have the hackers and scammers like we do now.,Bitcoin,1,1,0,Hopefully nowhere to be found until btc hits $10000.
1,Day trade every move up or down like a worn out alcoholic at the slots.,investing,5,5,0,"If you're using the same analysis as everyone else, how can you expect to outperform the herd if you're trained to be in it?"
0,Very very behind,Bitcoin,1,1,0,Is there no verification yet because tipbot doesnt know what 2$ of btc are right now?
0,Because FICA is not federal income tax and is not meant to pay off any treasuries at all.,investing,1,1,0,Why?
1,"Yeah, that would REALLY make everyone want to get on board with bitcoin.",Bitcoin,0,0,0,"What if hackers attacked all financial institutions except Bitcoin, forcing global markets to adopt Bitcoin? This is on the assumption hackers gain some new skills/technology and can massively infiltrate global banking systems. The concept is quite intriguing no?"
0,"it doesn't, but even if it exist, don't invest in it for your sake!",Bitcoin,1,1,0,if it even exists.
1,just like mtgox,Bitcoin,1,1,0,This Is What One Half Second of High Speed Trading Looks Like
0,He already claimed he was a BTC millionare several weeks ago on his show.,Bitcoin,3,3,0,"Any source for that? I have nothing against the guy, but he kinda creeps me out a little bit."
1,seems legit.,Bitcoin,2,2,0,BITCOIN HACK????
1,But how are you going to wreck the bitcoin economy if you don't keep hoarding?,Bitcoin,1,1,0,Today I'm a millionaire with today's rise in bitcoin I'm officially a millionaire. I'm gonna cash out over the next 30 days. I'll keep 50 % in bitcoin gold and silver for long-term and the remaining 50 % for a house and vanguard. Thank you bitcoin! You changed my life
1,"Covering ignorance as humor, that's a new one.",Bitcoin,1,1,0,"It's a joke, bro"
1,"Yeah, because markets shouldn't drop 1% on the notion that the executive branch was just bombed.",investing,44,44,0,Shows how fragile everything is....
1,"Hey, he saved on commission!",investing,1,1,0,You would be more at home in Vegas.
1,So we must protect them from themselves!,finance,1,1,0,"SEC Study on Investor Literacy: ""Studies reviewed by the Library of Congress indicate that U.S. retail investors lack basic financial literacy."""
1,also terrorists.,Bitcoin,4,4,0,...and those who love freedom.
0,"Also, you often need to add self signed certificates as Certificate Authorities.",Bitcoin,1,1,0,"Why? I realize that it's not really necessary in all cases, but what is the harm?"
1,"_Because these ""e-mail"" clients ""cause"" you to do it._",finance,1,1,0,Correlation does not prove causation.
1,"In other words, the Nolubrication school of investing.",investing,0,0,0,How to buy stocks high and sell them low Chuck Jaffe - MarketWatch
1,"You greedy, greedy bastard!",Bitcoin,0,0,0,So if you are the one who found the block you still receive the same amount of BTC?
1,Pick up some BAC while you're at it.,investing,-1,-1,0,Why you should buy Europe now - Portfolio Insights by Brett Arends - MarketWatch
0,SELL SELL SELL SELL!,investing,2,2,0,Gold Hits Our $1350 Target; Now What?
0,Pm me your email and I'll send it out to you.,finance,1,1,0,"post your resume so I can look at it. I think the issue here is you acquired a regional degree (read: unknown institution outside of that area) and moved to a large financial hub. You also have zero experience and based on what you are looking to do, the large recruiting season is over now. You may need to re-bran yourself. Get an MSF or try and get an internship."
0,never attribute to evil robots what you can attribute to stupid meatwads,Bitcoin,3,3,0,Did RoBoTs take down bitcoin7 exchange?
1,Buy buy buy!,finance,2,2,0,"Or, the bankers really did value LinkedIn correctly, but speculators are driving it up because of pent up demand for a public offering of this kind. The market capitalization of 3.92B and *revenue* of 243.10M don't align. Their profit is apparently 15m, giving a **P/E of 261**, or the equivalent of a 0.38% bond!"
0,Metals are up against stocks every year for over a decade now.,investing,-2,-2,0,Is this a reason to stop laughing?
1,"Yes, I am sure it has nothing to do with sound fiscal policy.",finance,1,1,0,"As I understand it, Germany's strong economy and large current accounts surplus has at least as much to do with being the big fish in a small monetary union. If the EMU does disintegrate, it'll be just as much due to German posturing as Greek fiscal failings."
1,Nice to see that the banks are still doing well in this recession.,investing,1,1,0,"Canadian Bank Earnings Week: BMO Up 57% This Year, CIBC Up 35%"
