subreddit,count
AskReddit,65677
politics,39496
worldnews,26377
leagueoflegends,21037
pcmasterrace,18988
funny,17939
news,16891
pics,16154
todayilearned,14161
nfl,14150
nba,14146
GlobalOffensive,13740
AdviceAnimals,13483
videos,12320
gaming,11906
The_Donald,9636
WTF,9558
hockey,8784
soccer,8458
TumblrInAction,7516
atheism,7377
CFB,7048
movies,6550
DotA2,5981
technology,5693
creepyPMs,5466
india,5299
gifs,5267
DestinyTheGame,5031
SquaredCircle,4885
australia,4495
hearthstone,4436
europe,4401
Overwatch,4161
canada,3993
Showerthoughts,3906
wow,3674
baseball,3626
MMA,3621
Android,3568
fivenightsatfreddys,3461
Smite,3409
MensRights,3356
KotakuInAction,3178
conspiracy,3160
2007scape,3148
smashbros,2954
trees,2791
SandersForPresident,2756
formula1,2647
hiphopheads,2603
xboxone,2579
Libertarian,2562
unitedkingdom,2541
exmormon,2532
pokemon,2532
nottheonion,2514
tf2,2507
aww,2493
mildlyinteresting,2416
cringepics,2402
SubredditDrama,2362
fatlogic,2356
Bitcoin,2351
teenagers,2346
magicTCG,2335
pokemongo,2328
fantasyfootball,2274
guns,2087
childfree,2036
PS4,2035
TrollXChromosomes,2026
CODZombies,2014
relationships,2000
Christianity,1931
runescape,1912
AskMen,1895
Conservative,1881
BlackPeopleTwitter,1831
CoDCompetitive,1823
hillaryclinton,1816
cars,1812
apple,1793
heroesofthestorm,1791
CringeAnarchy,1785
starcraft,1711
bravefrontier,1697
explainlikeimfive,1694
anime,1690
television,1638
BigBrother,1632
pathofexile,1578
TwoXChromosomes,1560
Rainbow6,1543
Monstercat,1518
Music,1496
halo,1494
Planetside,1491
Fitness,1489
Minecraft,1483
Fallout,1477
Futurology,1474
ukpolitics,1472
NoMansSkyTheGame,1471
forwardsfromgrandma,1468
Eve,1463
FIFA,1455
Warthunder,1443
toronto,1442
tifu,1430
electronic_cigarette,1409
EnoughTrumpSpam,1404
MLS,1385
NASCAR,1384
Jokes,1378
blackops3,1355
Philippines,1348
Games,1341
motorcycles,1337
pcgaming,1328
IAmA,1324
PoliticalDiscussion,1319
Guildwars2,1316
ClashRoyale,1313
StarWars,1312
ShitRedditSays,1284
reddit.com,1273
thedivision,1271
facepalm,1268
AskWomen,1264
reddevils,1258
MaddenUltimateTeam,1253
Gunners,1245
CollegeBasketball,1235
bodybuilding,1227
whowouldwin,1199
cringe,1195
asoiaf,1176
ProtectAndServe,1175
fireemblem,1170
LifeProTips,1149
Patriots,1141
Justrolledintotheshop,1134
science,1126
fatpeoplehate,1088
Warframe,1084
starcitizen,1084
4chan,1074
RocketLeague,1066
csgobetting,1060
streetwear,1015
WorldofTanks,1013
GrandTheftAutoV,1010
dayz,1002
amiibo,993
newzealand,985
sports,984
ImGoingToHellForThis,977
MapPorn,960
jailbreak,957
LiverpoolFC,956
gameofthrones,947
interestingasfuck,939
ffxiv,928
EliteDangerous,924
programming,918
niceguys,910
Bad_Cop_No_Donut,902
Drugs,901
Roadcam,898
rage,886
marvelstudios,885
Seattle,883
OldSchoolCool,881
dataisbeautiful,878
fo4,877
justneckbeardthings,871
thatHappened,870
yugioh,864
trashy,853
Anarcho_Capitalism,847
GamerGhazi,846
TheBluePill,843
lewronggeneration,837
skyrim,834
DC_Cinematic,828
iamverysmart,828
sysadmin,820
stevenuniverse,806
nintendo,801
darksouls3,796
oculus,795
civ,795
socialism,791
italy,791
roosterteeth,791
buildapc,785
ClashOfClans,784
JusticePorn,783
food,783
OkCupid,783
vancouver,781
reactiongifs,781
fffffffuuuuuuuuuuuu,777
Sneakers,767
PublicFreakout,758
Austin,750
Economics,749
RotMG,748
woahdude,745
GlobalOffensiveTrade,743
worldpolitics,739
eagles,732
comicbooks,725
me_irl,710
thenetherlands,710
books,704
FULLCOMMUNISM,700
Portland,691
creepy,688
Israel,678
minnesotavikings,671
Tinder,668
chicago,664
conspiratard,663
battlefield_4,662
ireland,655
bindingofisaac,655
bestof,654
paydaytheheist,653
bicycling,651
RoastMe,645
vegan,644
polandball,642
Documentaries,641
Steam,640
space,634
TalesFromRetail,633
osugame,631
sex,627
islam,626
Cardinals,620
linux,616
talesfromtechsupport,616
Anarchism,615
argentina,612
Calgary,605
summonerswar,603
mildlyinfuriating,603
leafs,600
OpTicGaming,592
Diablo,591
Seahawks,591
PKA,589
CasualConversation,588
Amd,586
MechanicalKeyboards,583
battlefield_one,577
TheRedPill,575
offbeat,574
gamegrumps,572
AirForce,568
gadgets,563
houston,557
syriancivilwar,549
rupaulsdragrace,548
WorldOfWarships,545
progun,541
nyc,536
Catholicism,536
legaladvice,536
AFL,534
thewalkingdead,533
watchpeopledie,532
malefashionadvice,532
CFBOffTopic,527
RWBY,525
TrueReddit,520
StarWarsBattlefront,511
Fireteams,510
Marvel,510
britishproblems,510
playrust,508
RocketLeagueExchange,508
iphone,507
exmuslim,506
KerbalSpaceProgram,505
UpliftingNews,504
Military,503
Vive,503
UkrainianConflict,500
GreenBayPackers,495
Cricket,493
clevelandcavs,492
Atlanta,487
Romania,486
Undertale,485
Winnipeg,484
ShitAmericansSay,483
survivor,482
metalgearsolid,480
melbourne,479
buildapcsales,478
windowsphone,475
Firearms,471
eu4,471
ottawa,468
DIY,463
titanfall,460
CrappyDesign,458
chelseafc,458
personalfinance,448
EnoughLibertarianSpam,448
Shitty_Car_Mods,446
wiiu,443
Unexpected,443
FlashTV,441
Browns,440
Frugal,440
army,438
OnePiece,436
rugbyunion,427
european,422
3DS,420
mindcrack,420
canucks,419
circlejerk,419
Battlefield,419
NHLHUT,412
cowboys,411
techsupportgore,409
NoStupidQuestions,408
LateStageCapitalism,406
quityourbullshit,406
DarkSouls2,406
DCcomics,405
49ers,404
ProgrammerHumor,402
h1z1,401
sydney,401
Boxing,399
dbz,399
elderscrollsonline,396
witcher,395
BostonBruins,395
MLPLounge,395
CHIBears,394
summonerschool,393
OutOfTheLoop,392
airsoft,391
swtor,390
sanfrancisco,388
boston,388
CodAW,388
PuzzleAndDragons,385
LosAngeles,385
oddlysatisfying,380
singapore,378
indonesia,378
DnD,375
malaysia,372
uncensorednews,368
casualiama,365
im14andthisisdeep,364
raisedbynarcissists,364
Infinitewarfare,362
environment,359
NBA2k,358
skeptic,357
DBZDokkanBattle,356
CCW,356
photography,352
btc,351
Guitar,350
golf,349
BravoRealHousewives,347
youtubehaiku,340
Torontobluejays,338
paragon,338
ForeverAlone,337
MonsterHunter,336
enoughsandersspam,335
kpop,335
warriors,333
blackdesertonline,333
China,333
teslamotors,331
Whatcouldgowrong,330
investing,329
supremeclothing,329
h3h3productions,329
detroitlions,328
GetMotivated,327
MGTOW,326
Naruto,326
NewYorkMets,326
changemyview,323
DenverBroncos,322
arrow,322
lgbt,322
MilitaryPorn,321
hardwareswap,321
DetroitRedWings,320
funkopop,319
russia,319
headphones,319
HistoryPorn,319
TheLastAirbender,319
DarkNetMarkets,317
bladeandsoul,317
Scotland,316
MURICA,315
askgaybros,314
PurplePillDebate,314
comics,314
paradoxplaza,313
de,313
gonewild,312
gaybros,310
fatpeoplestories,309
deadbydaylight,308
fnafcringe,308
GunsAreCool,307
MakeupAddiction,306
business,306
aviation,306
CrusaderKings,305
harrypotter,305
feedthebeast,302
manga,301
mylittlepony,301
relationship_advice,300
panthers,299
MorbidReality,297
MakingaMurderer,296
darksouls,296
bjj,296
EarthPorn,296
furry,294
splatoon,293
coys,293
Kanye,293
Flyers,292
Autos,290
totalwar,289
Shitstatistssay,289
Habs,287
DebateReligion,287
Terraria,285
ShitPoliticsSays,285
chicagobulls,285
rickandmorty,285
lakers,284
texas,281
washingtondc,281
vexillology,281
asktransgender,280
gtaonline,280
pussypassdenied,280
wallstreetbets,280
TickTockManitowoc,279
belgium,279
CHICubs,278
PoliticalHumor,278
serialpodcast,278
GameDeals,277
battlestations,276
startrek,276
StreetFighter,276
TheSilphRoad,274
ar15,273
dotamasterrace,273
nrl,272
linuxmasterrace,272
history,270
JUSTNOMIL,268
subaru,265
SSBPM,264
TwoBestFriendsPlay,263
ainbow,261
flying,260
doctorwho,259
counting,258
lostgeneration,258
pettyrevenge,257
badhistory,257
nvidia,256
exjw,256
london,256
philadelphia,254
HillaryForPrison,253
NYGiants,253
techsupport,252
Judaism,250
Windows10,250
lego,250
battlefield3,247
steelers,246
Civcraft,246
OSHA,245
Toontown,245
hardware,245
nyjets,245
playark,243
scifi,243
boardgames,243
masseffect,242
tmobile,242
Aleague,241
SRSsucks,239
ravens,238
heat,238
discgolf,238
AmIFreeToGo,236
CanadaPolitics,236
shittyfoodporn,234
geek,234
Colts,229
self,229
Yogscast,229
hawks,228
NintendoSwitch,228
Denver,228
InternetIsBeautiful,227
spacex,226
batman,226
buffalobills,225
forza,225
StLouis,224
DoesAnybodyElse,223
Texans,223
Dodgers,223
shittyaskscience,223
GrandTheftAutoV_PC,222
Maplestory,222
Art,221
OutreachHPG,221
FFRecordKeeper,220
nsfw,219
unturned,218
EDH,218
economy,218
devils,217
Turkey,216
vita,215
entertainment,214
keto,214
tumblr,214
CalgaryFlames,214
NorthCarolina,213
opiates,212
poker,212
gunpolitics,212
collapse,212
AgainstGamerGate,212
GenderCritical,211
westworld,210
rangers,210
beer,209
progressive,209
Celebs,209
EDC,208
fakeid,208
gentlemanboners,208
offmychest,208
teenmom,207
wisconsin,207
TopGear,207
MMORPG,206
Chargers,205
redsox,204
brisbane,204
Metal,204
Redskins,203
southpark,203
customhearthstone,202
baltimore,202
CitiesSkylines,202
penguins,201
MaddenMobileForums,200
Cynicalbrit,199
montreal,199
CombatFootage,198
bayarea,198
FinalFantasy,197
Kappa,196
homestuck,196
Competitiveoverwatch,196
Dallas,196
CivilizatonExperiment,195
CrazyIdeas,194
Edmonton,194
Multicopter,194
oaklandraiders,194
BMW,193
KingdomHearts,193
Paladins,193
webdev,193
Republican,192
Xcom,192
fantasybaseball,192
southafrica,191
vainglorygame,191
short,191
oneplus,191
breakingbad,190
thebutton,190
radiohead,189
pokemontrades,189
alberta,188
nonononoyes,187
TheFacebookDelusion,187
weekendgunnit,187
tennis,185
cats,185
climateskeptics,185
Homebrewing,184
longboarding,184
carporn,183
Drama,183
pittsburgh,183
nononono,182
opieandanthony,182
Jeep,182
arabs,181
TopMindsOfReddit,181
indieheads,181
gamernews,181
OnePieceTC,181
canadaguns,181
ApocalypseRising,181
rva,181
firstworldanarchists,180
ShitWehraboosSay,180
MortalKombat,180
woodworking,180
NoFap,179
anime_irl,179
RealGirls,178
Cooking,178
bloodborne,178
archeage,177
sandiego,177
Robocraft,177
promos,176
MLBTheShow,176
starbucks,175
Metalcore,175
Xenoblade_Chronicles,175
lifehacks,175
instant_regret,174
math,174
bengals,174
circlebroke,174
Political_Revolution,173
assassinscreed,173
Aquariums,173
energy,172
cordcutters,172
Vaping,171
SFGiants,171
circlebroke2,170
KCRoyals,170
Dirtybomb,170
natureismetal,169
againstmensrights,169
Random_Acts_Of_Amazon,169
Toonami,168
bostonceltics,168
terriblefacebookmemes,166
JonTron,166
whatisthisthing,166
web_design,166
BloodGulchRP,165
CapitalismVSocialism,164
nerdcubed,164
AskOuija,163
pakistan,163
CallOfDuty,163
twitchplayspokemon,163
steroids,163
YouShouldKnow,163
sixers,163
edmproduction,163
zelda,162
climbing,162
Negareddit,161
tall,161
crossfit,161
miamidolphins,161
cigars,161
NSFW_GIF,160
mexico,160
minnesota,159
Repsneakers,159
Kossacks_for_Sanders,159
dogecoin,159
holdmybeer,159
torontoraptors,159
arma,158
cscareerquestions,158
funhaus,158
BabyBumps,157
rpg,157
AndroidMasterRace,156
newjersey,156
japan,156
Cyberpunk,156
falcons,156
confession,155
metacanada,155
FellowKids,155
California,155
starterpacks,155
gamecollecting,154
FantasyPL,154
Parenting,154
Stellaris,154
perth,154
WritingPrompts,154
SSBM,154
running,153
KitchenConfidential,153
Trucks,153
northernireland,153
Battleborn,153
AskScienceFiction,152
BitcoinMarkets,152
badwomensanatomy,152
vinyl,151
Brawlhalla,151
StardustCrusaders,150
HighQualityGifs,150
travel,150
CODGhosts,149
softwaregore,149
TrollYChromosome,148
Silverbugs,148
olympics,148
HalfLife,148
worldpowers,147
fairytail,147
FiftyFifty,147
ems,147
LivestreamFail,146
breakingmom,146
truegaming,146
NetflixBestOf,146
blackops2,145
WildStar,145
JoeRogan,145
gallifrey,145
SWGalaxyOfHeroes,145
churning,145
brasil,145
CruciblePlaybook,145
AskTrumpSupporters,144
NYKnicks,143
TheSimpsons,143
GTAV,143
wildhockey,143
CLG,143
StarWarsLeaks,143
friendsafari,142
ModernMagic,142
Cubers,141
halifax,141
community,140
PictureGame,140
Nexus6P,140
medicine,139
TeamSolomid,139
medicalschool,139
actuallesbians,139
WeAreTheMusicMakers,139
philosophy,139
standupshots,138
rockets,138
Accounting,138
occupywallstreet,138
FFBraveExvius,137
FoodPorn,137
Gamingcirclejerk,137
stlouisblues,137
ColoradoAvalanche,137
seduction,136
SeattleWA,136
askscience,136
Warhammer40k,136
networking,136
TownofSalemgame,135
diablo3,135
EmeraldPS2,135
Frat,135
shield,134
asktrp,134
Watches,134
WayOfTheBern,134
StreetFights,133
fireemblemcasual,133
germany,132
drunk,132
sto,132
GearsOfWar,131
nashville,131
privacy,131
TalesFromYourServer,130
QuotesPorn,130
DerekSmart,130
Enough_Sanders_Spam,129
AnimalsBeingJerks,129
punchablefaces,129
badeconomics,129
tech,129
buccaneers,129
Brunei,128
korea,128
EngineeringStudents,128
nursing,128
ultrahardcore,127
spaceengineers,127
Liberal,127
tattoos,127
MillerPlanetside,126
Surface,126
hcfactions,126
frugalmalefashion,126
paintball,126
FFXV,126
PropagandaPosters,126
Entrepreneur,126
androidcirclejerk,125
meirl,125
gundeals,125
inthenews,125
vaporents,125
ronpaul,124
KansasCityChiefs,124
law,124
Braves,124
Barca,123
financialindependence,123
TrueAtheism,123
Health,123
CalamariRaceTeam,123
democrats,123
POLITIC,122
Fantasy,122
firstworldproblems,122
3Dprinting,122
NintendoNX,122
france,122
KenM,122
Columbus,121
JusticeServed,121
Nationals,121
TheCreatures,121
WorldofTanksConsole,121
knifeclub,121
trap,120
powerlifting,120
wargame,120
electricians,120
roblox,120
WikiLeaks,119
google,119
Diepio,119
EnoughPaulSpam,119
vzla,118
gravityfalls,118
skrillex,117
FloridaMan,117
Pathfinder_RPG,117
GirlGamers,116
onewordeach,116
Foodforthought,116
tipofmytongue,116
writing,116
IASIP,116
TagPro,116
nosleep,115
PhantomForces,115
loseit,115
Michigan,114
Buttcoin,114
popheads,113
AMA,113
photoshopbattles,113
AppleWatch,113
shitpost,113
pebble,113
StardewValley,112
Filmmakers,112
gardening,112
DunderMifflin,112
dankmemes,112
motogp,111
OttawaSenators,111
notinteresting,111
PvZGardenWarfare,111
3dshacks,111
Mariners,111
Tennesseetitans,110
GenderCynical,110
announcements,110
cincinnati,110
freebies,110
Flipping,110
NewOrleans,109
FashionReps,109
ShitRConservativeSays,109
realmadrid,109
badphilosophy,109
kansascity,109
nova,109
ScenesFromAHat,108
beards,108
androidapps,108
linux_gaming,108
FifaCareers,108
Damnthatsinteresting,108
bleach,108
walmart,108
ShitLiberalsSay,108
Eminem,107
dubai,107
electronicmusic,107
factorio,107
AskAnAmerican,107
borussiadortmund,106
INTP,106
blackladies,106
patientgamers,106
starbound,106
sanantonio,105
dogs,105
cripplingalcoholism,105
rant,105
AmericanHorrorStory,105
blunderyears,105
dwarffortress,105
Rateme,104
Doom,104
horror,104
Fishing,104
Megaten,104
fountainpens,104
skyrimmods,104
phoenix,103
timberwolves,103
oldpeoplefacebook,103
GaryJohnson,103
Saints,103
FrankOcean,102
badtattoos,102
uwaterloo,102
AnythingGoesNews,102
CatsStandingUp,102
Reformed,102
depression,102
windows,102
wowservers,102
minimalism,102
WWE,101
BasicIncome,101
hcteams,101
GamePhysics,101
Coffee,101
learnprogramming,101
Jaguars,101
wicked_edge,100
libertarianmeme,100
HongKong,100
doublespeakprivilege,100
Borderlands,100
howardstern,100
MCFC,100
SaltLakeCity,100
everymanshouldknow,99
Miata,99
Feminism,99
amiugly,99
raspberry_pi,98
intj,98
nhl,98
Mustang,98
blog,98
badlinguistics,97
BuyItForLife,97
Blink182,97
GifRecipes,97
Marijuana,96
ontario,96
rawdenim,96
MechanicAdvice,96
jobs,96
undelete,96
ANormalDayInRussia,95
NYYankees,95
skateboarding,95
buccos,95
civbattleroyale,95
wikipedia,95
UNBGBBIIVCHIDCTIICBG,95
killingfloor,95
SocialJusticeInAction,94
EDM,94
Madden,94
exchristian,94
Twitch,94
LSD,94
EdmontonOilers,94
worldbuilding,93
gaymers,93
audiophile,93
PSVR,93
indianews,93
HeroesandGenerals,93
Charlotte,93
Connecticut,93
letsplay,92
MTB,92
FanTheories,92
sjwhate,92
joinsquad,92
SargonofAkkad,92
sadcringe,91
engineering,91
hacking,91
UFOs,91
AskUK,91
ethereum,91
Ingress,91
CompanyOfHeroes,91
navy,91
microgrowery,90
AndroidQuestions,90
futurama,90
youdontsurf,90
HIMYM,89
humor,89
Louisville,89
CoonTown,89
nexus6,88
USMC,88
chemistry,88
popping,88
drums,88
conservatives,88
dragonage,87
netsec,87
caps,87
CODModernWarfare,87
EA_NHL,86
dndnext,86
Hawaii,86
adventuretime,86
Python,86
oklahoma,86
Detroit,86
Psychonaut,86
aspergers,86
TalesFromTheFrontDesk,85
PoliticalVideo,85
LabourUK,85
WatchItForThePlot,85
sweden,85
GGFreeForAll,85
mac,85
PussyPass,85
DebateAnAtheist,85
HumansBeingBros,85
Eyebleach,84
AndroidGaming,84
Trucking,84
nostalgia,84
knives,84
Astros,84
AnaheimDucks,84
Warhammer,84
nevertellmetheodds,84
BustyPetite,84
BestOfOutrageCulture,83
FixedGearBicycle,83
marvelheroes,83
phish,83
Hunting,83
premed,83
footballmanagergames,82
4x4,82
COMPLETEANARCHY,82
speedrun,82
wheredidthesodago,82
Piracy,82
gamedev,82
40kLore,82
Nexus5,82
trackers,82
martialarts,82
bestofworldstar,81
freefolk,81
the_meltdown,81
whitepeoplegifs,81
EvolveGame,81
latterdaysaints,81
neopets,81
LiveFromNewYork,81
Honda,81
chess,81
kratom,80
Nootropics,80
GooglePixel,80
WarshipPorn,80
survivetheculling,80
homelab,80
winnipegjets,80
TumblrPls,80
Berserk,80
SkincareAddiction,80
delusionalartists,80
TampaBayLightning,79
progresspics,79
NBASpurs,79
aves,79
NewYorkIslanders,79
iran,79
PanicHistory,79
danganronpa,79
DebateAChristian,79
comicbookmovies,78
betterCallSaul,78
fantasybball,78
ethtrader,78
montageparodies,78
EverythingScience,78
daddit,78
LAClippers,78
hookah,78
TrueChristian,77
Thunder,77
TexasRangers,77
asianamerican,77
gatekeeping,77
Incels,77
netflix,77
ABCDesis,77
ComedyCemetery,76
hoggit,76
amateurradio,76
PrettyLittleLiars,76
AskEurope,76
needforspeed,76
weightlifting,76
PS3,76
bigdickproblems,76
truetf2,76
skiing,75
AgainstHateSubreddits,75
saskatoon,75
NFL_Draft,75
DeepIntoYouTube,75
answers,75
shittyreactiongifs,75
HeroesofNewerth,75
RimWorld,75
zootopia,75
FloridaGators,74
Advice,74
Cleveland,74
Minneapolis,74
sabres,74
mountandblade,74
SanJoseSharks,74
Everton,74
Blackfellas,74
rapbattles,74
WouldYouRather,73
DFO,73
WahoosTipi,73
TwinCities,73
bestoflegaladvice,73
moviescirclejerk,73
motorcitykitties,73
UIUC,73
minecraftsuggestions,73
lotr,72
education,72
milwaukee,72
ArmoredWarfare,72
wallpapers,72
ArtisanVideos,72
orioles,72
snowboarding,72
Quebec,72
iiiiiiitttttttttttt,72
Nerf,72
shittykickstarters,72
OnePunchMan,71
watch_dogs,71
LGBTeens,71
indianpeoplefacebook,71
shutupandtakemymoney,71
Borderlands2,71
bakchodi,71
Colorado,71
ExpectationVsReality,71
audioengineering,71
synthesizers,71
FeMRADebates,71
NSFWFunny,71
Ubuntu,71
javascript,71
bonnaroo,70
UnresolvedMysteries,70
kings,70
SteamGameSwap,70
Bravenewbies,70
grandorder,70
RoomPorn,70
VictoriaBC,70
Wellthatsucks,70
dadjokes,70
LegendsOfTomorrow,70
losangeleskings,70
uberdrivers,69
gif,69
indianapolis,69
RSDarkscape,69
AnimalsBeingBros,69
ADHD,69
XWingTMG,68
hoi4,68
AdamCarolla,68
BattleRite,68
BlueJackets,68
spaceporn,68
TokyoGhoul,68
malehairadvice,68
madlads,68
unpopularopinion,68
youtube,68
orlando,68
askcarsales,68
transgender,67
Rivenmains,67
ACMilan,67
flightsim,67
WaltDisneyWorld,67
orangecounty,67
gamingsuggestions,67
gainit,67
ArcherFX,67
AnimalCrossing,67
Ask_Politics,67
altright,67
aggies,67
ripcity,66
deathgrips,66
Sacramento,66
LadyBoners,66
MineZ,66
LetsNotMeet,66
Coyotes,66
stocks,66
Gundam,66
LawSchool,66
AbandonedPorn,66
custommagic,66
sportsbook,65
techsupportmacgyver,65
treeofsavior,65
beertrade,65
rule34,65
vegetarian,65
Firefighting,65
florida,65
MtF,65
HomeImprovement,65
Denmark,65
RedLetterMedia,65
DippingTobacco,65
itookapicture,65
MonstercatCringe,65
Reds,64
OSU,64
mwo,64
Design,64
shittankiessay,64
CFL,64
RivalsOfAether,64
smashcirclejerk,64
graphic_design,64
punk,64
shittyadvice,64
ContestOfChampions,64
CompetitiveHS,64
AyyMD,64
AZCardinals,64
DNCleaks,64
whiteknighting,64
Eugene,64
AceAttorney,64
NuclearThrone,64
PHP,64
INDYCAR,64
ultimate,64
xxfitness,63
WhiteRights,63
GODZILLA,63
ussoccer,63
weddingplanning,63
Unity3D,63
surfing,63
HouseOfCards,63
MinionHate,63
weightroom,63
savedyouaclick,63
EndlessWar,63
college,62
MotoX,62
ContagiousLaughter,62
PS4Planetside2,62
HuntsvilleAlabama,62
RagenChastain,62
EatCheapAndHealthy,62
PlayStationPlus,62
StLouisRams,62
MilitaryGfys,62
Connery,62
soccerspirits,61
AndroidWear,61
Huskers,61
CarAV,61
AskHistorians,61
jillstein,61
GlobalPowers,61
AutoDetailing,61
scuba,60
amibeingdetained,60
SimCity,60
PersonalFinanceCanada,60
GuessTheMovie,60
ufc,60
touhou,60
Muse,60
stunfisk,59
ElectricForest,59
TumblrAtRest,59
vegas,59
Volkswagen,59
Briggs,59
cosplaygirls,59
Physics,59
learndota2,59
electronics,59
dishonored,59
DebateFascism,58
Rockband,58
TeraOnline,58
beyondthebump,58
ShingekiNoKyojin,58
memes,58
japanlife,58
Rabbits,58
unixporn,58
listentothis,58
guitarpedals,58
finance,58
eldertrees,58
giantbomb,57
makinghiphop,57
LonghornNation,57
HiTMAN,57
Predators,57
NewsOfTheStupid,57
lifeisstrange,57
ecigclassifieds,57
Stargate,57
progmetal,57
CannabisExtracts,57
HailCorporate,57
shittyrobots,57
mlb,56
MkeBucks,56
dontstarve,56
thesims,56
ShotBow,56
mallninjashit,56
beatles,56
DJs,56
Animesuggest,56
ClubTeen,56
DataHoarder,56
whitesox,56
rit,56
ShittyLifeProTips,55
gatech,55
UofT,55
CityPorn,55
duelyst,55
Ohio,55
iamverybadass,55
NUFC,55
GiIvaSunner,55
UnexpectedThugLife,55
Frozen,55
hardbodies,55
LearnUselessTalents,54
4PanelCringe,54
IdiotsFightingThings,54
BeautyGuruChat,54
Astronomy,54
bourbon,54
AskEngineers,54
OneY,54
mgo,54
drunkenpeasants,54
trance,54
architecture,54
Justfuckmyshitup,54
mormon,54
killthosewhodisagree,54
PercyJacksonRP,54
Mr_Trump,54
Metroid,54
psychology,54
Bass,54
MadeMeSmile,54
phillies,54
retrogaming,54
StonerEngineering,54
Frisson,54
secretsanta,54
blender,54
educationalgifs,54
MTGLegacy,54
madmen,54
Rochester,54
java,54
woweconomy,53
TheRealmsMC,53
Miami,53
ebola,53
slowcooking,53
caseyneistat,53
StrangerThings,53
hapas,53
shittyama,53
starwarstrader,53
CanadianForces,53
Teachers,53
tampa,53
TalesFromThePizzaGuy,53
DIY_eJuice,53
androidthemes,53
iOSthemes,53
residentevil,53
OopsDidntMeanTo,53
boxoffice,53
thebachelor,52
TaylorSwift,52
trailerparkboys,52
timbers,52
Defenders,52
Metallica,52
Glocks,52
rollercoasters,52
thalassophobia,52
AskNYC,52
theydidthemath,52
SanJose,52
AtlantaHawks,52
microsoft,51
PleX,51
ftlgame,51
Screenwriting,51
Ice_Poseidon,51
Tradelands,51
Palestine,51
thelastofus,51
beermoney,51
fitnesscirclejerk,51
maryland,51
sips,51
ACTrade,51
croatia,51
avengersacademygame,51
AsianBeauty,51
milf,51
thegrandtour,51
Indiana,51
poppunkers,50
GalaxyS7,50
Porsche,50
Deusex,50
rantgrumps,50
entp,50
drumcorps,50
Hammers,50
ActionFigures,50
stopdrinking,50
gamingpc,50
RetroFuturism,50
outside,50
cableporn,50
occult,50
xbox360,50
Bioshock,50
Birmingham,50
RedditLaqueristas,50
Destiny,50
AustralianPolitics,50
spikes,49
BatmanArkham,49
pinkfloyd,49
BeAmazed,49
Buffalo,49
TiADiscussion,49
Blackout2015,49
Gunpla,49
DeadBedrooms,49
ipad,49
obama,49
ladybonersgw,49
MrRobot,49
diabetes,49
Coachella,49
Pokemongiveaway,48
dwarvendistrict,48
future_fight,48
Omaha,48
simracing,48
MetalMemes,48
DetroitPistons,48
Gaming4Gamers,48
Mavericks,48
Neverwinter,48
AlienBlue,48
IDontWorkHereLady,48
chemicalreactiongifs,48
gopro,48
ThriftStoreHauls,48
CampingandHiking,47
ft86,47
OverwatchUniversity,47
PerfectTiming,47
AccidentalRenaissance,47
ukipparty,47
HunterXHunter,47
firefly,47
minnesotatwins,47
peloton,47
TrueDoTA2,47
raleigh,47
Gender_Critical,47
tulsa,47
bikesgonewild,47
berkeley,47
Scotch,47
ClickerHeroes,47
MandelaEffect,47
whatsthisbug,47
HaloStory,46
muacirclejerk,46
Austria,46
languagelearning,46
galatasaray,46
CrackStatus,46
swordartonline,46
cycling,46
see,46
rocksmith,46
beerporn,46
chromeos,46
itsaunixsystem,46
donaldglover,46
spotted,46
madisonwi,46
GunPorn,46
insurgency,46
disney,46
lebanon,46
xkcd,46
Battlefield_4_CTE,45
pharmacy,45
DallasStars,45
bodyweightfitness,45
badpolitics,45
RedditDads,45
CowChop,45
fantasyhockey,45
gratefuldead,45
gay,45
BurningMan,45
Maine,45
emulation,45
nsfw_gifs,45
bikecommuting,45
toosoon,45
redditblack,45
CGPGrey,45
denvernuggets,45
calibrations,45
kohi,45
PlanetCoaster,45
Chromecast,45
GameSale,45
bisexual,44
DaftPunk,44
nexus5x,44
blackpeoplegifs,44
AskThe_Donald,44
gonewildcurvy,44
LivestreamFails,44
Agario,44
ToolBand,44
hockeyplayers,44
GameStop,44
goodyearwelt,44
ChivalryGame,44
oregon,44
ledootgeneration,44
HumanPorn,44
bapcsalescanada,44
r4r,44
holdthemoan,44
quotes,44
ockytop,44
McJuggerNuggets,44
Harley,43
litecoin,43
Welding,43
celebnsfw,43
BoomBeach,43
Rainmeter,43
jakeandamir,43
northernlion,43
awwnime,43
kancolle,43
questionablecontent,43
androiddev,43
crochet,43
7daystodie,43
asmr,43
AskFeminists,43
RealEstate,43
flatearth,43
classic4chan,43
GifSound,43
glassheads,43
SecretSubreddit,43
BikiniBottomTwitter,42
ak47,42
PrettyGirls,42
StandUpComedy,42
arresteddevelopment,42
MarkMyWords,42
suns,42
thinkpad,42
verizon,42
OaklandAthletics,42
serbia,42
howto,42
riddles,42
Spiderman,42
Padres,42
EnterTheGungeon,42
InjusticeMobile,42
Meditation,42
classicalmusic,42
BF_Hardline,42
livesound,42
reallifedoodles,42
BDSMcommunity,42
WrestleWithThePlot,42
archlinux,42
Morrowind,42
preppers,42
SourceFed,41
moto360,41
HipHopImages,41
PS2Cobalt,41
bipolar,41
SRSGaming,41
warcraftlore,41
IWantOut,41
Argentinacirclejerk,41
Buddhism,41
greenday,41
GalaxyS6,41
Vermintide,41
grandrapids,41
Dentistry,41
EngineeringPorn,41
fcbayern,41
OrlandoMagic,41
elderscrollslegends,41
Tribes,41
mechmarket,41
AskCulinary,41
2meirl4meirl,41
longrange,41
OnceUponATime,41
dating_advice,41
hentai,41
worldcup,41
dbxv,41
taiwan,40
MarioMaker,40
hardstyle,40
apocalympics2016,40
tappedout,40
Images,40
polyamory,40
Disneyland,40
researchchemicals,40
Audi,40
SampleSize,40
Earwolf,40
mtgfinance,40
wholesomememes,40
watercooling,40
tf2trade,40
Louisiana,40
torrents,40
GolfGTI,40
WWEGames,40
femalefashionadvice,40
saplings,40
aoe2,40
HotlineMiami,40
Anticonsumption,40
katawashoujo,40
Albuquerque,40
linux4noobs,40
SelfDrivingCars,40
awfuleyebrows,40
LinuxActionShow,40
Pennsylvania,39
Dota2Trade,39
behindthegifs,39
GGdiscussion,39
LGG3,39
SchoolIdolFestival,39
startups,39
ModelUSGov,39
Cloud9,39
fullmoviesonyoutube,39
bertstrips,39
NASLSoccer,39
RedHotChiliPeppers,39
trashyboners,39
ultrawidemasterrace,39
confessions,39
SVExchange,39
Glitch_in_the_Matrix,39
religion,39
KingkillerChronicle,39
mw3,39
Throwers,39
Trove,39
GTA,39
dvdcollection,39
BleachBraveSouls,39
mcgill,39
fnv,39
pumparum,39
ARKone,39
MachinePorn,39
WastedGifs,38
sailing,38
arduino,38
PipeTobacco,38
ios,38
no_sob_story,38
cablefail,38
Thailand,38
VirginiaTech,38
linguistics,38
malelivingspace,38
MHOC,38
TrueOffMyChest,38
LucidDreaming,38
crusadersquest,38
geopolitics,38
Veterans,38
superman,38
blackmirror,38
atheismrebooted,38
Bestbuy,38
evangelion,38
CharacterRant,38
HillaryMeltdown,37
prolife,37
corgi,37
ptcgo,37
saudiarabia,37
trucksim,37
calvinandhobbes,37
GalaxyNote7,37
malefashion,37
longisland,37
PandR,37
JRPG,37
battlebots,37
communism,37
ass,37
applehelp,37
ReefTank,37
Rowing,37
greece,37
nutrition,37
UndertaleCringe,37
ChildrenFallingOver,37
somethingimade,37
FutureFight,37
dfsports,37
gameswap,37
NeverBeGameOver,37
WastelandPowers,36
TrueDetective,36
NLSSCircleJerk,36
seinfeld,36
PS4Deals,36
ofcoursethatsathing,36
ARK,36
UMD,36
VACsucks,36
Supernatural,36
whatsthisplant,36
PeopleBeingJerks,36
noveltranslations,36
snakes,36
vandwellers,36
britishcolumbia,36
vermont,36
Dexter,36
AmericanPolitics,36
FUTMobile,36
Paleo,36
CherokeeXJ,36
HaloOnline,36
lgg4,36
coaxedintoasnafu,36
subredditcancer,36
camping,36
csgolounge,36
ApplyingToCollege,36
YasuoMains,36
TheWayWeWere,36
iRacing,35
Pareidolia,35
restorethefourth,35
Infographics,35
mbti,35
thelastofusfactions,35
HowToHack,35
SS13,35
tacobell,35
DiWHY,35
Shadowverse,35
Brooklyn,35
londonontario,35
MeanJokes,35
Hiphopcirclejerk,35
portugal,35
nexus4,35
csgomarketforum,35
CatastrophicFailure,35
infertility,35
MDMA,35
muacjdiscussion,35
ShinyPokemon,34
ScottishFootball,34
transgendercirclejerk,34
DnB,34
lost,34
randpaul,34
DaystromInstitute,34
holdmyfries,34
ProRevenge,34
MLTP,34
Staples,34
firefox,34
TankPorn,34
pyrocynical,34
IndiaSpeaks,34
brandnew,34
xTrill,34
PlantedTank,34
alaska,34
hometheater,34
thisismylifenow,34
NoShitSherlock,34
radiocontrol,34
Adelaide,34
EnoughHillHate,34
geology,34
ftm,34
Cubs,34
PenmanshipPorn,34
dyinglight,34
Warmachine,34
PostHardcore,34
BoJackHorseman,34
MobiusFF,34
Gotham,34
CasualPokemonTrades,34
urbanplanning,33
Re_Zero,33
hittableFaces,33
911truth,33
chrome,33
forwardsfromhitler,33
Freethought,33
DebateAnarchism,33
NotTimAndEric,33
wallpaper,33
SubredditSimMeta,33
counterstrike,33
wec,33
ifyoulikeblank,33
WoT,33
perktv,33
electricdaisycarnival,33
PetiteGoneWild,33
falloutlore,33
balisong,33
bbuk,33
climate,33
ghostbusters,33
freemasonry,33
misleadingthumbnails,33
photocritique,33
coins,33
FearTheWalkingDead,32
worstof,32
battlecats,32
TF2fashionadvice,32
slashdiablo,32
rarepuppers,32
therewasanattempt,32
Switzerland,32
Survival,32
kpics,32
Cartalk,32
TotalDramaRoleplay2,32
tdi,32
cirkeltrek,32
parrots,32
morbidquestions,32
Archery,32
SiliconValleyHBO,32
oakland,32
IsraelPalestine,32
SoundersFC,32
OffensiveSpeech,32
cocktails,32
WebGames,32
analog,32
csgo,32
RandomActsOfGaming,32
shrooms,32
feminisms,32
foshelter,32
overclocking,32
trippinthroughtime,32
dankchristianmemes,32
atlbeer,32
ElderScrolls,32
Ebay,32
LosAngelesRams,32
LeagueofLegendsMeta,32
ColdWarPowers,31
redditsync,31
EmmaWatson,31
uspolitics,31
SCJerk,31
forsen,31
GoneWildPlus,31
subnautica,31
GoneMild,31
ConfusedBoners,31
rutgers,31
Rengarmains,31
japancirclejerk,31
Stance,31
BritishPolitics,31
linuxquestions,31
misc,31
whatstheword,31
milliondollarextreme,31
piano,31
arizona,31
Sprint,31
AmiiboCanada,31
ChoosingBeggars,31
Cod4Remastered,31
Weakpots,31
FalloutMods,31
Monero,31
AntiJokes,31
Bombing,31
Netrunner,31
soylent,31
DynastyFF,31
nomanshigh,31
fatestaynight,31
farming,31
DatGuyLirik,31
SCP,31
cardfightvanguard,31
BBQ,31
WorldofTanksXbox,31
StevenAveryIsGuilty,31
newhampshire,31
reddeadredemption,31
deadpool,31
washingtonwizards,31
StartledCats,31
wwesupercard,31
BokuNoHeroAcademia,31
spotify,30
KingOfTheHill,30
starwarsspeculation,30
twentyonepilots,30
SRSDiscussion,30
kotk,30
NYCFC,30
bioniclelego,30
magicskyfairy,30
swoleacceptance,30
BeachCity,30
LGBTnews,30
Kentucky,30
darkestdungeon,30
PokeMoonSun,30
brokehugs,30
berlin,30
Anarchy101,30
SwagBucks,30
Awwducational,30
iranian,30
earthbound,30
240sx,30
labrats,30
zombies,30
visualnovels,30
HPfanfiction,30
whatcarshouldIbuy,30
humblebrag,30
Boobies,30
FilthyFrank,30
biology,30
stopsmoking,30
BABYMETAL,30
ABDL,29
Anxiety,29
MotoUK,29
BetterEveryLoop,29
weather,29
Virginia,29
ketorecipes,29
PokemonPlaza,29
TheRealmOfMianite,29
Sonsofanarchy,29
playstation,29
TinyHouses,29
socialskills,29
NeverTrump,29
SweatyPalms,29
Wishlist,29
CubeWorld,29
Sidehugs,29
DailyShow,29
Sino,29
IgnorantImgur,29
hockeyjerseys,29
screenshots,29
chiliadmystery,29
mazda,29
spiders,29
ThingsCutInHalfPorn,29
ArtefactPorn,29
rolltide,29
dresdenfiles,29
PixelArt,29
Tucson,29
SNSD,28
Hamilton,28
MachineLearning,28
NewsOfTheWeird,28
Idubbbz,28
ronandfez,28
sixwordstories,28
Prematurecelebration,28
RoastMyCar,28
crappyoffbrands,28
mechanical_gifs,28
discordapp,28
TechNewsToday,28
pacers,28
showerbeer,28
LessCredibleDefence,28
UBC,28
dubstep,28
thick,28
MovieSuggestions,28
urbanexploration,28
Parahumans,28
mflb,28
IWantToLearn,28
MCPE,28
Paranormal,28
Vaporwave,28
videography,28
orangeisthenewblack,28
neckbeardstories,28
altnewz,28
tea,28
ProjectFi,28
lolgrindr,28
BadSocialScience,28
printSF,28
amazon,28
Juve,28
Amateur,27
FutureWhatIf,27
traaaaaaannnnnnnnnns,27
castiron,27
yiff,27
webcomics,27
htcone,27
AusFinance,27
xbox,27
amiiboSwap,27
UCSD,27
facebookwins,27
Whatisthis,27
Cigarettes,27
Lightbulb,27
CharlotteHornets,27
wrestlingisreddit,27
MAA,27
Rule34LoL,27
RCSources,27
projecteternity,27
Sherlock,27
galaxynote4,27
CivHybridGames,27
Jazz,27
RPI,27
minerapocalypse,27
YMS,27
Boise,27
Pizza,27
transformers,27
Suomi,27
assettocorsa,27
shittyprogramming,26
ploungeafterdark,26
norfolk,26
Nepal,26
NFA,26
gwent,26
introvert,26
LeagueOfMemes,26
razer,26
gtavcustoms,26
PokemonGoMystic,26
shittyaskreddit,26
MealPrepSunday,26
GradSchool,26
nattyorjuice,26
duolingo,26
DAE,26
MECoOp,26
perfectloops,26
JessicaNigri,26
asatru,26
stalker,26
ShouldIbuythisgame,26
dirtgame,26
Egypt,26
talesfromcallcenters,26
NotMyJob,26
HillaryForAmerica,26
Monitors,26
askphilosophy,26
OFWGKTA,26
Perfectfit,26
boulder,26
CAguns,26
drawing,26
tolkienfans,26
Nisekoi,26
girlsinyogapants,26
powerrangers,26
Sleepycabin,26
Comcast,26
makemychoice,26
VAC_Porn,26
Brewers,26
theocho,25
reckful,25
compsci,25
gmod,25
Geosim,25
Barcelona,25
lowendgaming,25
SJEarthquakes,25
atheistvids,25
Machinists,25
wine,25
csharp,25
Steroidsourcetalk,25
IHE,25
cynicalbritofficial,25
straya,25
anonymous,25
The_Crew,25
samsung,25
oblivion,25
happy,25
giftcardexchange,25
MemeEconomy,25
awwwtf,25
GradeAUnderA,25
transpassing,25
howyoudoin,25
metanarchism,25
vikingstv,25
JustCause,25
justlegbeardthings,25
zen,25
Charleston,24
BritishSuccess,24
HannibalTV,24
MvC3,24
Bonsai,24
JamesBond,24
namenerds,24
BritishTV,24
Standup,24
ASU,24
GearVR,24
Iowa,24
Sneks,24
CK2GameOfthrones,24
test,24
HistoricalWorldPowers,24
Alabama,24
A_irsoft,24
CookieClicker,24
DescentIntoTyranny,24
memphis,24
intrusivethoughts,24
combinedgifs,24
stephenking,24
gamindustri,24
glasgow,24
Purdue,24
TheExpanse,24
HPMOR,24
dgu,24
mycology,24
LeagueOfMeta,24
mturk,24
ghettoglamourshots,24
saskatchewan,24
titlegore,24
MouseReview,24
Hotchickswithtattoos,24
infp,24
letsgofish,24
starwarsrebels,24
projectcar,24
digimon,24
PeopleFuckingDying,24
suits,24
1200isplenty,24
LongDistance,24
WhereIsAssange,24
Harmontown,24
baylor,24
grilledcheese,24
truezelda,24
weeabootales,24
AsiansGoneWild,24
CozyPlaces,24
smashgifs,24
totallynotrobots,24
Debate,24
BestOfReports,24
nameaserver,24
EliteOne,24
Pitt,24
virtualreality,24
cumsluts,24
GoldandBlack,23
blackberry,23
gorillaz,23
AskDocs,23
Nexus,23
evilbuildings,23
cpp,23
SonyXperia,23
HadToHurt,23
DailyTechNewsShow,23
Gore,23
razorbacks,23
RainbowSixSiege,23
ChanceTheRapper,23
supergirlTV,23
jacksonville,23
SilkRoad,23
AsianParentStories,23
FargoTV,23
battlefront,23
NHLStreams,23
triangle,23
Acadiana,23
APStudents,23
LightNovels,23
gtaglitches,23
opensource,23
imaginarymaps,23
Coldplay,23
Intelligence,23
magicduels,23
Wet_Shavers,23
unchartedmultiplayer,23
uncharted,23
collegehockey,23
fargo,23
HITsWorthTurkingFor,23
Braveryjerk,23
askwomenadvice,23
MINI,23
ducks,23
AdviceAtheists,23
xmen,23
Velo,23
ECE,23
Lollapalooza,23
AdvancedRunning,23
iOSProgramming,23
awesome,23
iOSBeta,23
evolutionReddit,23
TimAndEric,23
serialkillers,23
TeenMFA,23
leangains,23
ATT,22
unexpectedjihad,22
breastfeeding,22
MotoG,22
ManyATrueNerd,22
bassnectar,22
Delaware,22
KillLaKill,22
poland,22
AnimalCollective,22
kickstarter,22
PlantsVSZombies,22
Hatfilms,22
spain,22
Hardcore,22
LatinoPeopleTwitter,22
MassiveCock,22
Addons4Kodi,22
ImaginaryMonsters,22
communism101,22
PokemonShuffle,22
hearthstonecirclejerk,22
AllThingsTerran,22
Portal,22
Frugal_Jerk,22
Rift,22
Nexus7,22
SoccerBetting,22
shittybattlestations,22
eatsandwiches,22
CorporateFacepalm,22
TalesFromTheCustomer,22
DankNation,22
deadmau5,22
kurdistan,22
lastimages,22
MerylRearSolid,22
AskRedditAfterDark,22
TheForest,22
IdiotsInCars,22
CalPoly,22
ukbike,22
consulting,22
Ooer,22
excel,22
liberalgunowners,22
3amjokes,22
itmejp,22
dogpictures,22
sciencefiction,22
ukraine,22
SteamController,22
programmingcirclejerk,22
GirlsMirin,22
computers,22
playmindcrack,22
rct,21
Divorce,21
bigboobproblems,21
conlangs,21
AnimeFigures,21
howtonotgiveafuck,21
ERB,21
BollywoodRealism,21
Albany,21
Heavymind,21
ios9,21
hockeyquestionmark,21
EntExchange,21
snes,21
bouldering,21
Plumbing,21
HeistTeams,21
GirlsFinishingTheJob,21
JasonEllisShow,21
solar,21
pokemongodev,21
satanism,21
60fpsporn,21
lastweektonight,21
bad_religion,21
Besiege,21
ConspiracyGrumps,21
FantasyLCS,21
solotravel,21
samharris,21
prisonarchitect,21
computertechs,21
thelongdark,21
asstastic,21
EmpireDidNothingWrong,21
Wordpress,21
MysteryDungeon,21
crappymusic,21
TheGirlSurvivalGuide,21
Target,21
SF4,21
Wellington,21
homestead,21
RoversMorningGlory,21
smallbusiness,21
redorchestra,21
curvy,21
Deathcore,21
ShittyMapPorn,21
manchester,21
geometrydash,21
myfriendwantstoknow,21
FulfillmentByAmazon,21
UtahJazz,21
OnOff,21
newtothenavy,21
osx,20
Whiskyporn,20
smoking,20
venturebros,20
The100,20
chicagofire,20
reptiles,20
PhillyUnion,20
SocialEngineering,20
nbacirclejerk,20
hurtworld,20
CrazyHand,20
FemmeThoughts,20
MH370,20
AskLEO,20
FunnyandSad,20
Awesomenauts,20
PointlessStories,20
TheDepthsBelow,20
Kikpals,20
ifiwonthelottery,20
FNaFb,20
angelsbaseball,20
circlejerkaustralia,20
Bikeporn,20
HFY,20
trailers,20
pugs,20
spicy,20
mylittleandysonic1,20
wsgy,20
armenia,20
singularity,20
LevantineWar,20
UTAustin,20
incremental_games,20
badscience,20
canes,20
flashlight,20
Techno,20
eurovision,20
Indiemakeupandmore,20
esports,20
PanamaPapers,20
DeFranco,20
IronThronePowers,20
southcarolina,20
homeautomation,20
Coilporn,20
Nostalrius,20
WhatsInThisThing,20
Finland,20
CivPolitics,20
media_criticism,20
ColoradoSprings,20
buffy,20
fpv,20
baconreader,20
Permaculture,20
MosinNagant,20
ThanksObama,20
RedditDayOf,20
rpg_gamers,20
bitcoinxt,20
carcrash,20
CryptoCurrency,20
awfuleverything,20
hinduism,20
Drifting,20
GiftofGames,20
kansas,20
SULeaks,20
Slipknot,20
ProductTesting,20
rush,20
DMT,20
likeus,19
learnpython,19
DarkFuturology,19
shittydarksouls,19
Ford,19
Graffiti,19
women,19
pokemonshowdown,19
djiphantom,19
ideasfortheadmins,19
SuicideWatch,19
SuperMaM,19
Emo,19
reloading,19
Wrangler,19
CatholicPolitics,19
podcasts,19
EmDrive,19
OWConsole,19
pitbulls,19
fifthworldproblems,19
USNEWS,19
falloutsettlements,19
The_Division,19
randomactsofcsgo,19
HappyEmbarrassedGirls,19
coolguides,19
SanctionedSuicide,19
airsoftmarket,19
FancyFollicles,19
Gunsforsale,19
SkyrimPorn,19
bigfoot,19
suggestmeabook,19
pokemonzetaomicron,19
tightdresses,19
fossworldproblems,19
SkyDiving,19
liquidlegends,19
collegebaseball,19
randomsexiness,19
TibiaMMO,19
blogsnark,19
EQNext,19
linuxadmin,19
RedditForGrownups,19
robotics,19
StarVStheForcesofEvil,19
teslore,19
arcticmonkeys,19
Tennessee,19
NeutralPolitics,19
LesbianActually,19
Pauper,19
KarmaConspiracy,19
farcry,19
USCR,19
Djent,19
AmISexy,19
TeamFourStar,19
marijuanaenthusiasts,19
SonicTheHedgehog,19
Devoted,19
Shoplifting,19
futurebeats,19
Talonmains,19
worldevents,19
ABraThatFits,19
Tacoma,19
greysanatomy,19
rotmgtradingpost,19
HVAC,19
feet,19
StoppedWorking,19
FCCincinnati,19
baseballcirclejerk,19
bigbangtheory,19
flyfishing,19
Sikh,18
OperationGrabAss,18
RATS,18
MarvelPuzzleQuest,18
RobinHood,18
recipes,18
Fantasy_Football,18
cosplay,18
WeirdWheels,18
ASRoma,18
CraftBeer,18
gaybears,18
vmware,18
GCSE,18
niceb8m8,18
LV426,18
bitchimabus,18
usenet,18
AnimalsBeingDerps,18
AsABlackMan,18
SquaredCirclejerk,18
asheville,18
BillBurr,18
allthingsprotoss,18
lrcast,18
Nissan,18
lockpicking,18
lexington,18
COents,18
Swimming,18
CastleClash,18
The_Farage,18
AskTrollX,18
NavyBlazer,18
BackYardChickens,18
FreeAtheism,18
galaxys5,18
FRC,18
WorldWarPowers,18
soccercirclejerk,18
EASportsUFC,18
FortWorth,18
ColorizedHistory,18
MST3K,18
trypophobia,18
Washington,18
cyanogenmod,18
AskElectronics,18
WarOnComcast,18
gaybrosgonemild,18
regularshow,18
NewSkaters,18
AskMenOver30,18
NOLAPelicans,18
Cascadia,18
PersonOfInterest,18
Mommit,18
mashups,18
InfrastructurePorn,18
yankees,18
9gag,18
actuary,18
forhonor,18
copypasta,18
proED,18
explainlikeIAmA,18
fcs,18
admincraft,18
TheoryOfReddit,18
USLPRO,18
outrun,18
grammar,18
picrequests,18
Diesel,18
BeautyBoxes,17
Starcitizen_trades,17
linuxmemes,17
evedreddit,17
onejob,17
foodhacks,17
10cloverfieldlane,17
NolibsWatch,17
C25K,17
TransSpace,17
norge,17
badmathematics,17
edmprodcirclejerk,17
mealtimevideos,17
TeenWolf,17
EvilLeagueOfEvil,17
ruby,17
MuayThai,17
C_S_T,17
TheMassive,17
rocketbeans,17
goldenretrievers,17
PS4Pro,17
cannabis,17
succulents,17
doublespeaksterile,17
forhire,17
vegancirclejerk,17
acecombat,17
UniversityOfHouston,17
crypto,17
AdvancedMicroDevices,17
TheDarkTower,17
TheLeftovers,17
Jeopardy,17
modelmakers,17
RedPillWomen,17
TheWeeknd,17
nocontext,17
tales,17
saab,17
DragonsDogma,17
videogamedunkey,17
overpopulation,17
LearnJapanese,17
TrueAskReddit,17
redditcasual,17
FL_Studio,17
vim,17
rust,17
EnoughCommieSpam,17
Scams,17
Diablo3Monks,17
Xiaomi,17
PrettyGirlsUglyFaces,17
HorriblyDepressing,17
GreatApes,17
noisygifs,17
PickAnAndroidForMe,17
dawngate,17
30ROCK,17
GCdebatesQT,17
mcpublic,17
sneakermarket,17
Anthropology,17
granturismo,17
onetruegod,17
Mcat,17
massachusetts,17
HotWheels,17
avfc,17
shittynosleep,17
TheStrokes,17
bangalore,17
rccars,17
TheNightOf,17
ginger,17
TooMeIrlForMeIrl,17
StockMarket,17
sousvide,17
lincoln,17
USMCboot,17
Motocross,17
policeporn,17
pokemongoyellow,17
CompetitiveEDH,17
musictheory,17
ArchitecturePorn,17
pagan,17
UCSantaBarbara,17
knitting,17
Random_Acts_Of_Pizza,17
CampHalfBloodRP,16
appletv,16
antisrs,16
springfieldMO,16
nl_Kripparrian,16
Skyforge,16
Dualsport,16
DebateaCommunist,16
SEO,16
ChronicPain,16
camaro,16
fitmeals,16
JustUnsubbed,16
kitchener,16
badcompany2,16
Pets,16
uofm,16
Daredevil,16
spongebob,16
ZeroEscape,16
badlegaladvice,16
fragrance,16
lootcrate,16
Transmogrification,16
progrockmusic,16
hugeboobs,16
roguelikes,16
NatureIsFuckingLit,16
backpacking,16
greenville,16
Canadian_ecigarette,16
YGOBinders,16
haskell,16
redheads,16
RightwingLGBT,16
7kglobal,16
gats,16
curlyhair,16
adultswim,16
software,16
thesopranos,16
XFiles,16
Banished,16
VitaPiracy,16
serialpodcastorigins,16
VPN,16
FocusST,16
AnnArbor,16
ynab,16
FormulaE,16
Mafia3,16
just_post,16
bartenders,16
holdmycosmo,16
ObscureMedia,16
Denton,16
TheRedLion,16
Corvette,16
bicycletouring,16
batonrouge,16
ShitCosmoSays,16
OCLions,16
hackintosh,16
IndieGaming,16
azdiamondbacks,16
catpictures,16
SubredditDramaDrama,16
allthingszerg,16
lacrosse,16
MensRants,16
pawg,16
Blowjobs,16
MadMax,16
familyguy,16
Green,16
rbny,16
aliens,16
traps,16
autism,16
TheWire,16
FloridaPanthers,16
DadReflexes,16
waterloo,16
Beatmatch,16
RBA,16
theticket,16
msu,16
CCJ2,16
TTPloreplaycentral,16
Equality,16
DesignPorn,16
Shadowrun,16
foxes,16
MEOW_IRL,16
joerogan2,16
tfc,16
Drumpf,16
grime,16
geocaching,16
opskins,16
shitpostemblem,16
panelshow,15
editors,15
hockeygoalies,15
ToyotaTacoma,15
comedy,15
Dreamtheater,15
Utah,15
Kayaking,15
6thForm,15
RhodeIsland,15
shittyideas,15
Spokane,15
TMNT,15
nerdfighters,15
OrthodoxChristianity,15
CableManagement,15
twinks,15
Astroneer,15
TumblrCirclejerk,15
criticalrole,15
yoga,15
kindle,15
findareddit,15
Simulated,15
TheAmazingRace,15
Amsterdam,15
Forex,15
missouri,15
Nirvana,15
TheStrain,15
steak,15
worldofpvp,15
InsideGaming,15
Fencing,15
football,15
babyelephantgifs,15
oil,15
ColoradoRockies,15
dirtyr4r,15
literature,15
Gameboy,15
coding,15
BobsBurgers,15
barstoolsports,15
SerialThunderDome,15
nflcirclejerk,15
HomeNetworking,15
BuffaloWizards,15
whowouldcirclejerk,15
papermario,15
gamemusic,15
fresno,15
whiskey,15
antinatalism,15
altgonewild,15
DvZ,15
dotnet,15
getdisciplined,15
golang,15
anal,15
homemadexxx,15
ecr_eu,15
Bowling,15
TapTitans,15
Breadit,15
triathlon,15
dontdeadopeninside,15
DarkNetMarketsNoobs,15
GaybrosGoneWild,15
Montana,15
minipainting,15
WeatherGifs,15
doommetal,15
rally,15
2b2t,15
Offensive_Wallpapers,15
Punny,15
bristol,15
TalesofLink,15
YouEnterADungeon,15
AdPorn,15
slavs_squatting,15
olympia,15
ketogains,15
highdeas,14
dancegavindance,14
BigBoobsGW,14
v8supercars,14
UGA,14
onions,14
nin,14
RelayForReddit,14
simpleliving,14
ACT,14
NYCbike,14
HaloRP,14
InteriorDesign,14
Edinburgh,14
pkmntcg,14
TotallyStraight,14
JurassicPark,14
logodesign,14
minnesotaunited,14
catpranks,14
MensLib,14
hamiltonmusical,14
rap,14
GNV,14
kzoo,14
etymology,14
TrueBlood,14
WEPES,14
sodapoppin,14
okc,14
PokkenGame,14
dragonblaze,14
GameDealsMeta,14
shittyHDR,14
Granblue_en,14
nekoatsume,14
MetalGearSolidV_PC,14
xxketo,14
Kerala,14
needadvice,14
TryingForABaby,14
Badfaketexts,14
gtfoDerrickandArmand,14
Arkansas,14
bdsm,14
usanews,14
HSPulls,14
dirtykikpals,14
huntersbell,14
electricvehicles,14
piercing,14
Bellingham,14
projectzomboid,14
Pmsforsale,14
sewing,14
Norway,14
techtheatre,14
DungeonsAndDragons,14
yokaiwatch,14
farmingsimulator,14
Bushcraft,14
hitmanimals,14
festivals,14
Sat,14
classiccars,14
BeardedDragons,14
GIRLSundPANZER,14
cade,14
MonsterMusume,14
predaddit,14
S2000,14
avengedsevenfold,14
kodi,14
DHMIS,14
AskSF,14
NarutoBlazing,14
navyseals,14
BrasildoB,14
killerinstinct,14
ffxi,14
PokemonInsurgence,14
RedvsBlue,14
tf2shitposterclub,14
rwbyRP,14
Full_news,14
WarHammer40kRP,14
Legodimensions,14
wince,14
GoogleCardboard,14
ramen,14
wrestling,14
Ohlympics,14
Ifyouhadtopickone,14
NoSillySuffix,14
TinyTits,14
Persona5,14
ucla,14
overlanding,14
Ashens,14
FitshionVSFatshion,14
AppalachianTrail,14
shortscarystories,14
Knoxville,14
crossdressing,14
cemu,14
AskNetsec,14
VolleyballGirls,14
hypotheticalsituation,14
Fuck2016,14
budgetfood,14
cheatatmathhomework,14
INeedFeminismBecause,14
battlewagon,13
RBI,13
longbeach,13
3dsFCswap,13
RedditThroughHistory,13
greentext,13
CBRBattleRoyale,13
billiards,13
tasker,13
whowillbuildtheroads,13
INGLIN,13
canberra,13
baldursgate,13
LigaMX,13
geologycareers,13
americandad,13
Fighters,13
AdoptMyVillager,13
CommunismWorldwide,13
thingsforants,13
agt,13
robotwars,13
homeland,13
hextcg,13
cyberlaws,13
Georgia,13
LordsOfMinecraft,13
codbo,13
Demotivational,13
Stims,13
fitbit,13
ads,13
Wetshaving,13
LoveLive,13
nasa,13
guitarcirclejerk,13
BestOfLiveleak,13
WestVirginia,13
PowerMetal,13
NBAForums,13
Knife_Swap,13
CrackWatch,13
iosgaming,13
StPetersburgFL,13
tax,13
shorthairedhotties,13
weezer,13
the_schulz,13
photoplunder,13
furry_irl,13
booksuggestions,13
Steep,13
starwarscollecting,13
PvZHeroes,13
Kirby,13
PokemonGOToronto,13
Ghosts,13
DesirePath,13
FestivalSluts,13
mississauga,13
joinrobin,13
French,13
pcars,13
AskSocialScience,13
YIMO,13
Chattanooga,13
pic,13
fastfood,13
TittyDrop,13
cataclysmdda,13
judo,13
bmx,13
NorthKoreaNews,13
steamdeals,13
ucf,13
realasians,13
LetItDie,13
himynameisjay,13
Leathercraft,13
interstellar,13
asoiafcirclejerk,13
MHOCPress,13
spheremasterrace,13
RatchetAndClank,13
HighwayFightSquad,13
USPS,13
HIFW,13
albiononline,13
Ultraleft,13
dating,13
acturnips,13
silenthill,13
TEFL,13
DecidingToBeBetter,13
marchingband,13
psych,13
Ultralight,13
kotor,13
PokemonGOValor,13
MW2,13
cocaine,13
CrohnsDisease,13
Ska,13
ScreamQueensTV,13
Spanish,13
infj,13
agentcarter,13
Insurance,13
Dashcam,13
badcode,13
homegym,13
mead,13
trains,12
shittyadviceanimals,12
RetroPie,12
mercedes_benz,12
soccerstreams,12
Radiology,12
socialanxiety,12
moderatepolitics,12
huskies,12
Voat,12
Dell,12
grunge,12
scientology,12
FierceFlow,12
Club_Nintendo,12
mildlypenis,12
askportland,12
armoredwomen,12
lgv10,12
regina,12
bettafish,12
awwnverts,12
tipofmypenis,12
OOTP,12
amazonecho,12
halloween,12
thewestwing,12
k_on,12
AskBernieSupporters,12
BlackMetal,12
SmiteTrades,12
Enhancement,12
RandomActsOfPolish,12
Sense8,12
AsianMasculinity,12
VideoEditing,12
dirtysmall,12
drugscirclejerk,12
RedactedCharts,12
1911,12
ThatPeelingFeeling,12
AMRsucks,12
xray,12
narcos,12
TAAOfficial,12
Supplements,12
tesdcares,12
fixingmovies,12
askhillarysupporters,12
vitahacks,12
badEasternPhilosophy,12
UCI,12
bloomington,12
malelifestyle,12
flicks,12
Baking,12
WWIIplanes,12
KamenRider,12
Brogress,12
AgMarketplace,12
SRSWomen,12
criterion,12
hiking,12
FiestaST,12
ChiefKeef,12
Frozenfriends,12
ExposurePorn,12
debian,12
node,12
Spongebros,12
megalinks,12
holdmyjuicebox,12
StarWarsEU,12
Scrolls,12
htgawm,12
pornvids,12
ElysiumProject,12
PFSENSE,12
FolkPunk,12
mississippi,12
uglyduckling,12
gangplankmains,12
commandline,12
wifesharing,12
illinois,12
Megaman,12
StudentNurse,12
cardsagainsthumanity,12
FortCollins,12
excatholic,12
ImaginaryLandscapes,12
woof_irl,12
incest,12
InlandEmpire,12
BeforeNAfterAdoption,12
Catloaf,12
WordAvalanches,12
askseddit,12
Vocaloid,12
retrobattlestations,12
AdrenalinePorn,12
AskAcademia,12
DivinityOriginalSin,12
McDonalds,12
porninfifteenseconds,12
nes,12
ekkomains,12
neogaming,12
gigantic,12
PennStateUniversity,12
marriedredpill,12
im14andthisisfunny,12
mitchjones,12
tattoo,12
comedybangbang,12
German,12
caseclickers,12
XMenRP,12
195,12
Volvo,12
TheDickShow,12
puns,12
araragi,12
futanari,12
astrophotography,12
sportsarefun,12
lgg5,12
boltedontits,12
n64,12
Objectivism,12
shitguncontrollerssay,12
NewTubers,12
youtubetitties,12
Testosterone,12
UKPersonalFinance,12
capstone,12
fpvracing,12
SaintsFC,12
qotsa,12
heraldry,11
aphextwin,11
pennystocks,11
Cruise,11
BSG,11
NoContract,11
facebookdrama,11
assholedesign,11
consolemasterrace,11
amishadowbanned,11
ICanDrawThat,11
sales,11
KhaZixMains,11
TheB1G,11
pcgamingtechsupport,11
ChemicalEngineering,11
engrish,11
mariokart,11
Helicopters,11
MSGPRDT,11
Iraq,11
DepthHub,11
MtvChallenge,11
DnDBehindTheScreen,11
HappyWars,11
bloodbowl,11
ITCareerQuestions,11
CivcraftExchange,11
Clemson,11
vexillologycirclejerk,11
webhosting,11
security,11
omegle,11
f7u12_ham,11
RedditBrigade,11
WA_guns,11
advertising,11
BitTippers,11
Cinemagraphs,11
labor,11
nsfw_wtf,11
TrueSTL,11
akron,11
glutenfree,11
Authentic_Vaping,11
TheLastShip,11
genderqueer,11
europes,11
twincitiessocial,11
UWMadison,11
shockwaveporn,11
isrconspiracyracist,11
spaceflight,11
gifsthatkeepongiving,11
TameImpala,11
NeckbeardNests,11
HomestarRunner,11
racism,11
Awww,11
ProjectReality,11
discworld,11
istp,11
Toyota,11
YouSeeComrade,11
MichiganWolverines,11
SRSFunny,11
trapmuzik,11
HistoryWhatIf,11
YGOSales,11
HBOGameofThrones,11
Bakersfield,11
VaporwaveAesthetics,11
BPD,11
germanshepherds,11
gaymersgonewild,11
boobbounce,11
youtubecomments,11
CarletonU,11
Beekeeping,11
Unitale,11
Moviesinthemaking,11
ProjectRunway,11
HelloInternet,11
wichita,11
TheCube,11
uktrees,11
redditrequest,11
Roast_Me,11
new_right,11
OldSchoolCoolNSFW,11
realdubstep,11
RandomActsOfBlowJob,11
SolForge,11
mfacirclejerk,11
nflstreams,11
Diablo3Barbarians,11
LipsThatGrip,11
ericprydz,11
BannedFromThe_Donald,11
Wicca,11
NSALeaks,11
fbhw,11
trumpet,11
Pure,11
MissouriPolitics,11
aznidentity,11
MyPeopleNeedMe,11
DestructionPorn,11
astoria,11
mindcrackcirclejerk,11
Automate,11
UrbanHell,11
plastidip,11
Calligraphy,11
Hammocks,11
Blacksmith,11
exoticspotting,11
Lawrence,11
Nikon,11
PuertoRico,11
DailyDouble,11
photoshop,11
LFQXSILDN5SGK4Y,11
gonewildstories,11
bostontrees,11
FuckYou,11
southpaws,11
kpopfap,11
magicthecirclejerking,11
Gamecube,11
Reno,11
redditmobile,11
bardmains,11
gamingnews,11
applecirclejerk,11
CredibleDefense,11
VeryExpensive,11
msp,11
ecchi,11
VapePorn,11
NLTP,11
demonssouls,11
korrasami,11
Iceland,10
RenewableEnergy,10
auckland,10
plotholes,10
vgb,10
Trophies,10
4Runner,10
learnmath,10
oasis,10
truewomensliberation,10
ferrets,10
pkmntcgcollections,10
sneakerreps,10
video,10
cancer,10
JapanTravel,10
fsusports,10
GuitarHero,10
Roku,10
rational,10
StallmanWasRight,10
AccidentalComedy,10
litecoinmining,10
OverwatchLFT,10
Idaho,10
smalldickproblems,10
uhccourtroom,10
trebuchetmemes,10
Needafriend,10
ImageStabilization,10
SolidWorks,10
SpaceBuckets,10
benzodiazepines,10
ExplainLikeImCalvin,10
Vaping101,10
penis,10
bioinformatics,10
DayZmod,10
FullmetalAlchemist,10
HomeworkHelp,10
BacktotheFuture,10
LateShow,10
LegalTeens,10
burlington,10
UMF,10
Tekken,10
kulchasimulator,10
angularjs,10
DrugNerds,10
subgenreid,10
EthereumClassic,10
Pac12,10
fordranger,10
UCDavis,10
ccna,10
programminghorror,10
macsetups,10
StarcraftCirclejerk,10
tonightsdinner,10
FreeKarma,10
ThePopcornStand,10
Le_Pen,10
tipofmyjoystick,10
WikiInAction,10
ik_ihe,10
prius,10
ModelF1,10
aclfestival,10
brum,10
SwingDancing,10
birdswitharms,10
PSO2,10
Lyft,10
ayylmao,10
randomsuperpowers,10
AnimalPorn,10
gifsthatendtoosoon,10
OnePieceCircleJerk,10
ROTC,10
lincolndouglas,10
comicswap,10
askdrugs,10
fitgirls,10
PAX,10
Constantine,10
MiamiHurricanes,10
Stacked,10
bikewrench,10
Favors,10
Kindred,10
SuggestALaptop,10
hiphop101,10
CrossStitch,10
GirlswithGlasses,10
kindafunny,10
weed,10
drones,10
acting,10
Warhammer30k,10
AfterEffects,10
ChineseLanguage,10
Brampton,10
AskGames,10
Blep,10
TOR,10
leftwithsharpedge,10
LeedsUnited,10
sociopath,10
UnisonLeague,10
YemeniCrisis,10
LSAT,10
mega64,10
thevoice,10
TheRecordCorrected,10
Heroclix,10
physicsgifs,10
necrodancer,10
wtfstockphotos,10
HGD,10
greatNWside,10
asexuality,10
insanepeoplefacebook,10
maximumfun,10
kronos2wow,10
YUROP,10
Archaeology,10
lgg2,10
Cumberbitches,10
Kalilinux,10
Modern_Family,10
barista,10
AskPhysics,10
Savant,10
pinball,10
dataisugly,10
AskScienceDiscussion,10
djimavic,10
eFreebies,10
pokemongola,10
homeowners,10
shameless,10
fixit,10
freeuse,10
keming,10
dashcamgifs,10
lawschooladmissions,10
Bahrain,10
bassfishing,10
amateurfights,10
TrollXMoms,10
xposed,10
wma,10
canadients,10
snowden,10
raidsecrets,10
weedstocks,10
annakendrick,10
pitchforkemporium,10
houseparty5v5,10
Intactivists,10
Journalism,10
uber,10
boating,10
chubby,10
DumpsterDiving,10
ZReviews,10
radioheadcirclejerk,10
trendingsubreddits,10
mirrorsedge,10
TheFence,10
Darkfall,10
michaelbaygifs,10
csgojerk,10
mcfanfics,10
IsItBullshit,10
lgv20,10
FreePolDiscussion,10
Zappa,10
northdakota,10
facebook,10
OhioStateFootball,10
metalworking,10
Chipotle,10
homeworld,10
theflash,10
butterface,9
TestOutfit,9
timetolegalize,9
WGU,9
americancrimestory,9
guitarporn,9
exchangeserver,9
galaxys4,9
LeagueConnect,9
ResearchMarkets,9
ReAlSaltLake,9
Dinosaurs,9
funkoswap,9
HotPeppers,9
askTO,9
mother4,9
OurPresident,9
AlbumArtPorn,9
characterdrawing,9
glitch_art,9
pokemonconspiracies,9
mobilerepair,9
Dachshund,9
darknetplan,9
tressless,9
driving,9
rhythmheaven,9
Eternalcrusade,9
ClopClop,9
Snus,9
valve,9
AwesomeCarMods,9
dragoncon,9
freelance,9
OverwatchCirclejerk,9
ImaginaryWesteros,9
katyperry,9
Assistance,9
statenisland,9
fringe,9
civilengineering,9
macgaming,9
classicrage,9
geography,9
G59,9
eroticauthors,9
boostedboards,9
uAlberta,9
europeannationalism,9
BicyclingCirclejerk,9
Elsanna,9
ModestMouse,9
TWDRoadToSurvival,9
orangered,9
redneckengineering,9
PokePorn,9
jesuschristreddit,9
motorsports,9
leaves,9
sugarlifestyleforum,9
redditdota2league,9
deftones,9
fsu,9
RiotFreeLoL,9
windows8,9
Disney_Infinity,9
empirepowers,9
iWallpaper,9
pedofriends,9
spaceengine,9
santacruz,9
emacs,9
AskPhotography,9
DarthJarJar,9
audiobooks,9
MHOCStrangersBar,9
LinuxCirclejerk,9
orphanblack,9
Ameristralia,9
AskProgramming,9
russian,9
scooters,9
JenniferLawrence,9
happycrowds,9
ableton,9
submechanophobia,9
vagabond,9
Animewallpaper,9
austrian_economics,9
gnome,9
providence,9
AnarchistNews,9
WisconsinBadgers,9
spam,9
DCEUleaks,9
Teleshits,9
WarplanePorn,9
baduk,9
THE_PACK,9
FireflyFestival,9
teaching,9
badMovies,9
pranks,9
TagProIRL,9
TACSdiscussion,9
help,9
Cuckold,9
usa,9
DanLeBatardShow,9
Bandnames,9
uwo,9
PhilosophyofScience,9
RPDRDRAMA,9
GTAV_Mods,9
SuperShibe,9
planetaryannihilation,9
Chefit,9
l4d2,9
googleplaydeals,9
CTFxC,9
freshalbumart,9
reversegif,9
doujinshi,9
desmoines,9
ANTM,9
GuildWars,9
Askasurvivor,9
GTAA,9
sadboys,9
stateball,9
westerospowers,9
laptops,9
gmu,9
cyclocross,9
ShittyDebateCommunism,9
css,9
vancouverwa,9
Datsun,9
DrugStashes,9
bidenbro,9
transtimelines,9
sooners,9
ImaginaryTechnology,9
PokemonGOIVs,9
TeenFA,9
quiteinteresting,9
TalesFromTheSquadCar,9
AmazonTopRated,9
delusionalcraigslist,9
Floof,9
MindcrackDiscussion,9
gonewildcolor,9
makeupexchange,9
youngjustice,9
AroundTheNFL,9
shadowofmordor,9
gta5,9
nfsnolimits,9
googleglass,9
ForeverUnwanted,9
sharepoint,9
bestofbronze,9
mitsubishi,9
randomactsofamazon,9
Unity2D,9
Tulpas,9
Diablo3Wizards,9
medlabprofessionals,9
nfffffffluuuuuuuuuuuu,9
glee,9
ITSAPRANK,9
TheHobbit,9
Ladybonersgonecuddly,9
ScotchSwap,9
ImaginaryWarhammer,9
GreenParty,9
animenocontext,9
hmmm,9
birding,9
Grimdawn,9
googlehome,9
CandidFashionPolice,9
nbastreams,9
ladyladyboners,9
bravelydefault,9
Dublin,9
AntiAntiJokes,9
cedarrapids,9
Dogtraining,9
UnexplainedPhotos,9
BitcoinMining,9
Conservatives_R_Us,9
CodeGeass,9
MakeupRehab,9
LegalAdviceUK,9
Concordia,9
KendrickLamar,9
Aftermath1231,9
consoles,9
audio,9
HomeDepot,9
savannah,9
slavelabour,9
Civcraft_Orion,9
tarantulas,9
PJRP_Community,8
LasVegas,8
ActLikeYouBelong,8
animegifs,8
bannedfromclubpenguin,8
ploompax,8
UtopiaFOX,8
rwcs,8
ebikes,8
comiccon,8
metaljerk,8
thewholecar,8
babylon5,8
consoledeals,8
illusionporn,8
optometry,8
WeAreMods,8
pokemongosaskatoon,8
nqmod,8
spiderbro,8
AsianLadyboners,8
NovaScotia,8
gamemaker,8
Bladesmith,8
OutlandishAlcoholics,8
kreiswichs,8
zenfone2,8
bimbofetish,8
handguns,8
shanghai,8
TheXanaxCartel,8
lfg,8
bootroom,8
TsumTsum,8
singing,8
pokemonuranium,8
WackyTicTacs,8
Mabinogi,8
uwotm8,8
AskHistory,8
AMDHelp,8
gameideas,8
Magicdeckbuilding,8
AntiPOZi,8
defaultgems,8
fuckingmanly,8
VictorianWorldPowers,8
juicyasians,8
KoreanAdvice,8
VentGrumps,8
Diablo3Crusaders,8
nsfwcosplay,8
SRSMailbag,8
treesgonewild,8
aaaaaatheismmmmmmmmmm,8
tampabayrays,8
skylanders,8
Vinesauce,8
SacRepublicFC,8
shittyrainbow6,8
EA_FIFA,8
Dreadlocks,8
mildyinteresting,8
Brazil,8
ProGolf,8
lotro,8
Team_Awesome,8
Alienware,8
steelseries,8
LastManonEarthTV,8
ragecomics,8
mathrock,8
Hawken,8
Tools,8
Bondage,8
hungary,8
CivEx,8
AnybodyButHillary,8
SWORDS,8
PostCollapse,8
applesucks,8
SRSMeta,8
Pictures,8
doppelbangher,8
ArabIsraeliConflict,8
cfbball,8
nongolfers,8
indiegameswap,8
TheCinemassacre,8
PokemonGoUK,8
abetterworldnews,8
Hotwife,8
shitty_ecr,8
grimm,8
selfimprovement,8
craigslist,8
PalaceClothing,8
WouldYouFuckMyWife,8
whitecapsfc,8
Megturney,8
DMRNASCARHeat,8
C_Programming,8
DnDGreentext,8
brokengifs,8
gifextra,8
Genealogy,8
BipolarReddit,8
Pensacola,8
iOS10,8
TorontoDriving,8
Miitomo,8
FSAE,8
DogShowerThoughts,8
SovietWomble,8
eyes,8
GoNets,8
The_Europe,8
monsterhunterrage,8
deathnote,8
asiangirlsbeingcute,8
CatGifs,8
sailormoon,8
comicbookart,8
alcohol,8
OneWordJokes,8
redditisfun,8
fashionsouls,8
KDRAMA,8
DestinyFashion,8
ImaginaryCharacters,8
TorontoAnarchy,8
straightedge,8
StillSandersForPres,8
5nafcirclejerk,8
dust514,8
SouthJersey,8
productivity,8
TechoBlanco,8
maninthehighcastle,8
Skullgirls,8
Firewatch,8
javahelp,8
spelunky,8
theworldnews,8
alltheleft,8
yandere_simulator,8
powerwashingporn,8
sm4sh,8
EVEX,8
ufl,8
Lovecraft,8
TheSecretWorld,8
FreeGamesOnSteam,8
selfharmpics,8
F1FeederSeries,8
EliteHudson,8
boogie2988,8
snapchat,8
uofmn,8
askaconservative,8
SigSauer,8
USF,8
LAGalaxy,8
MakeNewFriendsHere,8
menkampf,8
Dodge,8
ShitGhaziSays,8
FastWorkers,8
chastity,8
cogsci,8
openbroke,8
SLO,8
MaddenBros,8
snackexchange,8
Foofighters,8
deepweb,8
PEI,8
xbmc,8
Quakecon,8
mildlyamusing,8
mazda3,8
illegaltorrents,8
Masterchef,8
resumes,8
BSA,8
nebbyinthebag,8
forearmporn,8
translator,8
OreGairuSNAFU,8
qualitynews,8
technews,8
prochoice,8
unfilter,8
everquest,8
SCCM,8
SFM,8
Vue,8
GTAV_Cruises,8
Wilmington,8
Gintama,8
AlisonBrie,8
modhelp,8
deadrising,8
LGBTeensGoneMild,8
SonyAlpha,8
memphisgrizzlies,8
AmateurRoomPorn,8
sabaton,8
rpdrcirclejerk,8
WeddingPhotography,8
Seireitei,8
Preacher,8
Harambe,8
NostalriusBegins,8
Superbowl,8
BorderlandsPreSequel,8
NSFWIAMA,8
Mario,8
FoxStevenson,8
RantsFromRetail,8
wayhome,8
Danzilona,8
firefall,8
ConservativesOnly,8
Twitter,8
nihilism,8
twinpeaks,8
unrealengine,8
IBO,8
SovereigntyAscending,8
superleague,8
pcmods,8
DrunkOrAKid,8
copwatch,8
awakened,8
ShokugekiNoSoma,8
SportingKC,8
droidturbo,8
instantkarma,8
FCInterMilan,8
DestroyedTanks,8
Dreadfort,8
utdallas,8
bestofnetflix,8
quake,8
MSLGame,8
House,8
AnimalRights,8
boardsofcanada,8
FIFACoins,8
Strongman,7
kitty,7
Stronglifts5x5,7
Chevy,7
electrohouse,7
SoapboxBanhammer,7
iOS8,7
IslamUnveiled,7
LoLFanArt,7
newenglandrevolution,7
psychedelicrock,7
shroomers,7
indianpeoplequora,7
F13thegame,7
ironmaiden,7
hammockcamping,7
ImaginaryFallout,7
ThunderBay,7
absolutelynotme_irl,7
animation,7
D3PS4,7
Diablo3DemonHunters,7
crafts,7
rockhounds,7
USContenders,7
GoneWildTube,7
socialmedia,7
RealEMS,7
AgameofthronesLCG,7
dogemarket,7
Totaldrama,7
masculism,7
GalaxyNexus,7
TapTitans2,7
PucaTrade,7
publix,7
ThingsThatBlowUp,7
porterrobinson,7
supermoto,7
NOWTTYG,7
civbeyondearth,7
wedding,7
Accutane,7
Lubbock,7
DoctorWhumour,7
grilling,7
synology,7
CelebrityButts,7
tokkiefeesboek,7
Good_Cop_Free_Donut,7
fantasywriters,7
TheAmericans,7
fantanoforever,7
AlpharadTV,7
EliteLavigny,7
stevedangle,7
RedditArmie,7
skyrimdadjokes,7
JacksFilms,7
FeelsLikeTheFirstTime,7
diyaudio,7
Attackontitangame,7
burgers,7
holdmybeaker,7
stonerrock,7
FantasyMLS,7
alternativeart,7
dxm,7
dota2circlejerk,7
YookaLaylee,7
CompetitiveHalo,7
letsdrownout,7
fivenightsatfangames,7
pornfree,7
veganrecipes,7
FoWtcg,7
day9,7
GameTheorists,7
PokemonROMhacks,7
worldroleplay,7
Blacklight,7
toledo,7
Spintires,7
PlayItAgainSam,7
statistics,7
Animedubs,7
Watchexchange,7
RSChronicle,7
treecomics,7
seedboxes,7
WoodmanPS2,7
pureasoiaf,7
enbro,7
appleswap,7
mythbusters,7
GilmoreGirls,7
holdmyredbull,7
Animemes,7
SciFiScroll,7
saorpg,7
AnimalTextGifs,7
AskDoctorSmeeee,7
Hungergames,7
AssassinOrder,7
HighschoolDxD,7
diypedals,7
entwives,7
guitarlessons,7
bannedfromme_irl,7
CFA,7
opensouls3,7
weeklyplanetpodcast,7
HairyPussy,7
regularcarreviews,7
hajimenoippo,7
TheWarZ,7
IndianaUniversity,7
WhatsWrongWithYourDog,7
TrueFilm,7
GWCouples,7
PennyDreadful,7
homeless,7
sharktank,7
Hair,7
pokemongoSA,7
streetfightercj,7
brandonsanderson,7
chomsky,7
PopCornTime,7
analogygifs,7
RandomActsOfPizza,7
biggestproblem,7
BGMLL,7
IndianCountry,7
RapeSquadKillas,7
victoria2,7
Treknobabble,7
InterestingGifs,7
InfamousSecondRP,7
seriouseats,7
SheikMains,7
2124,7
BeardPorn,7
nonmonogamy,7
fireTV,7
FanFiction,7
Bend,7
nanowrimo,7
FazCo,7
bottomlulz,7
SRSBusiness,7
DebateCommunism,7
galaxynote5,7
BeamNG,7
321,7
wowthissubexists,7
Gaben,7
CanadianHardwareSwap,7
shitduolingosays,7
WorldOfNintendo,7
F1Game,7
transpositive,7
nightvale,7
CatholicMemes,7
options,7
Battlecars,7
tiltshift,7
Charlottesville,7
Egalitarianism,7
Waxpen,7
52weeksofcooking,7
Stoicism,7
Etsy,7
transhumanism,7
htpc,7
berserklejerk,7
VirtualFreakout,7
RoadRage,7
DirtySnapchat,7
functionalprint,7
steinsgate,7
SOPA,7
nextdoorasians,7
whatsthisbird,7
deals,7
paydaycirclejerk,7
linuxmint,7
boop,7
BasketballGM,7
Quadcopter,7
jambands,7
brooklynninenine,7
CivWorldPowers,7
WildernessBackpacking,7
StonerPhilosophy,7
desktops,7
AldnoahZero,7
WorldOfTanksBlitz,7
santarosa,7
tardtales,7
CompetitiveWoW,7
computerscience,7
millionairemakers,7
DCComicsLegendsGame,7
ILiveIn,7
Marriage,7
canon,7
beagle,7
TheBarons,7
marketing,7
GameTrade,7
NSFW_Snapchat,7
fuckolly,7
Delightfullychubby,7
intel,7
19KidsandCounting,7
ArianaGrande,7
4Xgaming,7
JonBenet,7
lanadelrey,7
Polska,7
columbiamo,7
AustralianMakeup,7
bakeoff,7
UserCars,7
aquaponics,7
Injusticegame,7
GaState,7
Dirtbikes,7
CadenMoranDiary,7
agnostic,7
AppHookup,7
learnjavascript,7
Shave_Bazaar,7
EtrianOdyssey,7
Basketball,7
swanseacity,7
MtAugusta,7
UpvotedBecauseGirl,7
turning,7
GoRVing,7
TransphobiaProject,7
WomenOfColor,7
IndyEleven,7
BarefootRunning,7
MawInstallation,7
pbsideachannel,7
athiesm,7
Internet_Box,7
GetStudying,7
skyrimrequiem,7
Sissies,7
Tgirls,7
AdiposeAmigos,7
NWSL,7
TuberSim,7
malta,7
adorableporn,7
gamers,7
pantsu,7
OpenPV,7
nsfwhardcore,7
ukulele,7
shacomains,7
newfoundland,7
nosgoth,7
PKGOAtlanta,7
InternationalNews,7
Bacon,7
RTLSDR,7
PastAndPresentPics,7
Greyhounds,7
TalesFromThePharmacy,7
Syria,7
whatsthisrock,7
ColorBlind,7
Locksmith,7
FreeGameFindings,7
uvtrade,7
DJsCirclejerk,7
vertical,7
OKState,7
EiteDagerous,7
guineapigs,7
MotorsportManagerPC,7
forwardsfromreddit,7
bitcoin_uncensored,7
purebattlefield,7
MicrosoftBand,7
NSFW_HTML5,7
LOLDyrus,7
abcqwerty123,7
typography,7
the1975,7
datfeel,7
SavageGarden,7
survivorcirclejerk,7
AsianHotties,7
lolcats,7
futureporn,7
led_zeppelin,7
rustfactions,7
casualminecrafting,7
spaceribs,6
MoviePosterPorn,6
TheDivision_LFG,6
ATBGE,6
JUSTNOFAMILY,6
GalaxyNote3,6
homedefense,6
transgamers,6
iastate,6
UBreddit,6
REBL,6
FallingSkies,6
doodles,6
ENFP,6
RealLifeFootball,6
Parkour,6
PokemonGoSnap,6
idm,6
brutalism,6
FurryHate,6
MinecraftBuddies,6
benfica,6
NegativeWithGold,6
FryeMadden,6
LibertarianDebates,6
cuba,6
PEDs,6
DeathStranding,6
Polandballart,6
Defiance,6
wsu,6
Diablo3witchdoctors,6
HollywoodUndead,6
googleplus,6
TheCulture,6
Fallout4,6
amateur_boxing,6
webarebears,6
VerdunGame,6
gso,6
shiba,6
museum,6
schizophrenia,6
chuck,6
100thieves,6
yesyesyesno,6
voluptuous,6
AskAHeathen,6
NeoFAG,6
simcity4,6
fortwayne,6
BerkeleysNide,6
guitars,6
DMDadJokes,6
FordFocus,6
OnStageGW,6
securityguards,6
cloudmaker,6
asshole,6
SuperMarioRun,6
lectures,6
bullcity,6
thefighterandthekid,6
chile,6
FuckingWithNature,6
recruitinghell,6
auburn,6
JimSterling,6
actualconspiracies,6
MigrantFleet,6
shestillsucking,6
4ChanMeta,6
dawnofwar,6
FromTheDepths,6
sharks,6
USC,6
EqualAttraction,6
TheAdventureZone,6
opencarry,6
chch,6
Unashamed,6
DeadSpace,6
wyoming,6
borrow,6
Helldivers,6
breathinginformation,6
superhot,6
CafeRacers,6
OutsideLands,6
rearpussy,6
SCBuildIt,6
firstimpression,6
Lexus,6
douglovesmovies,6
CinemaSins,6
Miniswap,6
AustralianCattleDog,6
shittytumblrgifs,6
HappyTrees,6
80s,6
Malazan,6
internetparents,6
SJSU,6
ps2ragetells,6
youtubers,6
ShadowBan,6
NPR,6
workaholics,6
AccidentalRacism,6
lucifer,6
thedonald,6
eliteexplorers,6
GaymersGoneMild,6
UVA,6
PembertonFestival,6
LowSodiumDestiny,6
sandy,6
aerospace,6
HyruleWarriors,6
jerma985,6
monsterhunterclan,6
PSAgriculture,6
DesktopDetective,6
elonmusk,6
bapeheads,6
duluth,6
WtSSTaDaMiT,6
LAlist,6
awardtravel,6
botsrights,6
insects,6
GreatXboxDeals,6
UnearthedArcana,6
GWNerdy,6
Munich,6
BDSMGW,6
GSU,6
Leeds,6
AmateurArchives,6
TheBrewery,6
dynamo,6
AirBnB,6
MTGO,6
WiiHacks,6
Weird,6
InterdimensionalCable,6
MaliciousCompliance,6
gametales,6
CelticFC,6
Horses,6
wownoob,6
pkmntcgtrades,6
thegoodwife,6
wincest,6
buildapcforme,6
findaleague,6
trapproduction,6
Malware,6
Audiomemes,6
evenewbies,6
albania,6
Kuwait,6
MakeupAddicts,6
TooAfraidToAsk,6
sloths,6
htc,6
WiiUHacks,6
TrollXGirlGamers,6
project1999,6
BattleNetwork,6
HeyCarl,6
cad,6
latin,6
birdpics,6
MightyNo9,6
DanceDanceRevolution,6
JiggleFuck,6
rails,6
CyanideandHappiness,6
CatsAreAssholes,6
simonfraser,6
exo,6
shittytattoos,6
misanthropy,6
Birbs,6
SplitDepthGIFS,6
vfx,6
landscaping,6
PoGoDFW,6
DestinySherpa,6
legotrade,6
cuboulder,6
eCards,6
postnationalist,6
nuzlocke,6
austinguns,6
ImaginaryMindscapes,6
CompeteLeague,6
christmas,6
Drexel,6
Massdrop,6
TheBarbarianClan,6
LittleRock,6
django,6
CrimeScene,6
dotaimba,6
pens,6
Broadway,6
PokemonGoSTL,6
InsaneCringePosse,6
dungeondefenders,6
NASCAROffseasonSeries,6
Costco,6
telltale,6
PartneredYoutube,6
RoCirclejerk,6
Wales,6
gis,6
SearchfortheSleeper,6
abletonlive,6
blackbookgraffiti,6
Loadout,6
accidentalswastika,6
fights,6
CRH,6
fandomnatural,6
HogwartsRP,6
lancaster,6
PS2Ceres,6
AcademicBiblical,6
CSULB,6
IceandFirePowers,6
Metric,6
UCONN,6
Markiplier,6
PowerShell,6
VIDEOENGINEERING,6
AtlantaTV,6
MitchellAndWebb,6
normalnudes,6
storyofseasons,6
httyd,6
Nordiccountries,6
VirginiaPolitics,6
nujijinactie,6
ElectricSkateboarding,6
KanMusu,6
sjsucks,6
Mobpsycho100,6
retrogameswap,6
vintageaudio,6
portlandtrees,6
WhiteWolfRPG,6
OfficeDepot,6
TelevisionQuotes,6
modeltrains,6
alcoholism,6
ageofsigmar,6
hwatch,6
unt,6
HUKD,6
techsnap,6
indiegames,6
labrador,6
csmapmakers,6
Fiveheads,6
morbidlybeautiful,6
evolution,6
dune,6
HeavySeas,6
E30,6
governmentoppression,6
PixelDungeon,6
3DSdeals,6
srilanka,6
nanaimo,6
wartrade,6
MAME,6
crashbandicoot,6
wRedditStreams,6
VGHS,6
geegees,6
singedmains,6
CompTIA,6
collegesluts,6
Cameras,6
AmItheAsshole,6
UHCMatches,6
Pussified,6
nobackspace,6
GirlswithNeonHair,6
BudgetAudiophile,6
banned,6
mtgcube,6
Hulu,6
periwinkle,6
GiveMeTheVirus,6
Nebraska,6
LetsTalkMusic,6
turtle,6
NAEGold,6
justified,6
airguns,6
BostonTerrier,6
TalesofFatHate,6
meat,6
buildmeapc,6
greed,6
dreamcast,6
JavDownloadCenter,6
japannews,6
IndiaInvestments,6
Nexus9,6
RedditWritesSeinfeld,6
911dispatchers,6
comicbookcollecting,6
Watercolor,6
DebunkThis,6
chloegracemoretz,6
G502MasterRace,6
FIFA12,6
herpetology,6
IPTV,6
btcfork,6
youseeingthisshit,6
R6STeams,6
mfdoom,6
latvia,6
april30th2015,6
Transhuman,6
NinjaSexParty,6
suicidegirls,6
no_mans_sky,6
PixelCarRacer,6
Handwriting,6
Professors,6
TekSyndicate,6
HybridAnimals,6
Animals,6
happygirls,6
mizzou,6
Triumph,6
AskLE,6
transit,6
Pieces,6
snek_irl,6
ElPaso,6
dolan,6
postmates,6
instantbarbarians,6
careerguidance,6
Exxxtras,6
Isis,6
LinkinPark,6
NormMacdonald,6
Rapids,6
ChicagoNWside,6
AnimeSketch,6
Avengers,6
Thisismylifemeow,6
designtechhighschool,6
SmiteLFM,6
CWArrow,6
ShittyTodayILearned,6
StackAdvice,6
mumbai,6
ShittyAnimalFacts,6
disability,6
JessicaNigri2,6
Toriko,6
aSongOfMemesAndRage,5
TheOriginals,5
broslikeus,5
makeyourchoice,5
SharePLEX,5
circojeca,5
Munich22July,5
assignedmale,5
conservativecartoons,5
redditgetsdrawn,5
cfbcirclejerk,5
streetphotography,5
nsfwsports,5
painting,5
deepdream,5
beijing,5
coolcarsforsale,5
Hot_Women_Gifs,5
shittyaskhistory,5
futurefunk,5
eastside,5
AndroidPreviews,5
P90X,5
fayetteville,5
funnysigns,5
violinist,5
BingRewards,5
bestoftribunal,5
HaloCirclejerk,5
ShittyTechSupport,5
shreveport,5
WOGPRDT,5
GodlessWomen,5
ps3bf3,5
GayDaddiesPics,5
MBA,5
Liverpool,5
drugsarebeautiful,5
Jobs4Bitcoins,5
freedonuts,5
bangtan,5
GlitchInTheMatrix,5
castles,5
ClickerHeroesRecruit,5
LAFC,5
upvotegifs,5
BirdsBeingDicks,5
goldredditsays,5
ACON_Support,5
Scrubs,5
tuckedinkitties,5
RyzeMains,5
AdventureCapitalist,5
fitness30plus,5
DestinyClan0bsidian,5
Maya,5
rosin,5
BestOfPrimeDay,5
supportlol,5
NoSleepOOC,5
newreddits,5
flatearthsociety,5
omgbeckylookathiscock,5
Bundesliga,5
ColdWarMapGame,5
gurrenlagann,5
comcastnazi,5
bois,5
gentlemanbonersgifs,5
knifeparty,5
Fifa13,5
WorcesterMA,5
reactjs,5
1022,5
Zune,5
WorkOnline,5
AirBrawl,5
pornID,5
ShitNsSay,5
ModSupport,5
PostgreSQL,5
bigseo,5
GunsNRoses,5
mlpmature,5
theNvidiaShield,5
dancemoms,5
HumanFanClub,5
IowaCity,5
TheSquadOnPoint,5
exjew,5
LadyGaga,5
StarshipPorn,5
pregnant,5
Cosmos,5
PanzerWaltz,5
TrueAnime,5
datascience,5
NarFFL,5
TrainPorn,5
fatbike,5
ChicoCA,5
eu3,5
Athens,5
playTBC,5
Magic,5
humanism,5
chicagoEDM,5
waze,5
Mid_Century,5
hockeycirclejerk,5
bisco,5
yorku,5
ACC,5
GYBB,5
twice,5
PushBullet,5
InfertilityBabies,5
MortalKombatX,5
AstralProjection,5
gwcumsluts,5
VOATinAction,5
steampunk,5
mkxmobile,5
LifeAfterNarcissism,5
userexperience,5
CookieCollector,5
Hugeboobshardcore,5
dailyprogrammer,5
SEGA,5
windowsinsiders,5
Scandal,5
Driveclub,5
Guelph,5
medical,5
PaoYongYang,5
metro2033,5
squash,5
WarhammerFantasy,5
InsightfulQuestions,5
ConnectedCareers,5
lowcar,5
TheDescendantsOfRome,5
csshelp,5
steamsaledetectives,5
PacificCrestTrail,5
SlyGifs,5
knowyourshit,5
sonic,5
fnatic,5
computing,5
EmulationOnAndroid,5
ios7,5
betternews,5
Lightroom,5
KSU,5
Waco,5
Mars,5
ooerintensifies,5
PFJerk,5
NavalAction,5
Torchlight,5
WeissSchwarz,5
8chan,5
worldproblems,5
FREE,5
evememes,5
TechnicalDeathMetal,5
Sithit,5
windsorontario,5
perl,5
NatureGifs,5
TheBarbarians,5
SoundsLikeMusic,5
GrassHopperVape,5
Outdoors,5
askMRP,5
Hookit,5
BoardwalkEmpire,5
SongStems,5
TPPcrack,5
VinewoodLocos,5
CriticalTheory,5
democraciv,5
DowntonAbbey,5
loadingicon,5
cfs,5
qatar,5
SFWPornGifs,5
AskVet,5
burstingout,5
anarchomemes,5
hydraulicpresschannel,5
CucumbersScaringCats,5
RandomActsofMakeup,5
PSP,5
Catan,5
notreallyfamous,5
Fixxit,5
northkorea,5
koreanvariety,5
ModelAustralia,5
GeekPorn,5
FioraMains,5
BaseballOffseason15,5
bleachshirts,5
sushi,5
Pathfinder,5
TodayIGrandstanded,5
encryption,5
SALEM,5
Innie,5
LondonSocialClub,5
atheismplus,5
uscg,5
SRSFeminism,5
KiAChatroom,5
iWantToFuckHer,5
thepiratebay,5
fredericton,5
lebowski,5
badukpolitics,5
zyramains,5
FBYUIWQTRCF398t36271,5
ouya,5
Themepark,5
Guiltygear,5
SeriousConversation,5
PuppySmiles,5
freehugsbf3,5
Heroes,5
postrock,5
wildcats,5
FighterJets,5
EndlessLegend,5
dangerousdesign,5
druggardening,5
initium,5
JustAPaddy,5
lightingdesign,5
AppNana,5
ShittyFanTheories,5
Libraries,5
piratesofthrones,5
AdviceHell,5
ShadowBanned,5
whitewater,5
sociology,5
Flagstaff,5
drunkencookery,5
OpiatesRecovery,5
MonsterGirl,5
ProjectAra,5
humblebundles,5
ConflictNews,5
datgap,5
Soda,5
softwareswap,5
theworldisflat,5
EmiliaClarke,5
RedditRescueForce,5
animeplot,5
KratomKorner,5
smashart,5
dicemasters,5
ConspiracyMemes,5
Vindictus,5
foxmustang,5
keyboards,5
selfharm,5
guncontrol,5
modelusgovcirclejerk,5
PLC,5
Gymnastics,5
AndroidTV,5
riskofrain,5
aws,5
Landlord,5
matt,5
KarmaCourt,5
republicwireless,5
insults,5
homegrowntits,5
ModelNASCAR,5
GunnitHallOfShame,5
payday2secret,5
AnimalsBeingGeniuses,5
glasses,5
CitiesSkylinesModding,5
mr2,5
cakeday,5
Westchester,5
Guessmyname,5
80sdesign,5
pokemongoLondon,5
DerbyCounty,5
Fedora,5
dykesgonemild,5
MineralPorn,5
TestSquadron,5
WWU,5
pimpcats,5
Yugioh101,5
SteamMonsterGame,5
Somalia,5
breakingpoint,5
logophilia,5
IDAP,5
PokemonGo_Singapore,5
PathOfExileBuilds,5
auslaw,5
SyrianRebels,5
TropicalWeather,5
ReallyBigShow,5
Capitalism,5
trolling,5
blackfriday,5
moviecritic,5
EndlessFrontier,5
ween,5
whitebeauty,5
unknownvideos,5
arumba07,5
EssendonFC,5
ScrapMechanic,5
modnews,5
AMADisasters,5
StraightGirlsPlaying,5
insomnia,5
NameThatSong,5
gogopgo,5
AmazonWTF,5
Freebuild,5
sysadminjobs,5
nature,5
BMWE36,5
avesNYC,5
Southampton,5
matlab,5
Antitheism,5
yesyesyesyesno,5
40kOrkScience,5
neutralnews,5
country,5
UnsolvedMysteries,5
spokanechiefs,5
elsword,5
gettingherselfoff,5
crazyexgirlfriend,5
ATC,5
WhitePeopleTwitter,5
snapchat_sluts,5
modular,5
naturalbodybuilding,5
ArenaHS,5
gamedetectives,5
AntiFacebook,5
gamedesign,5
Hue,5
MobileAL,5
ipv6,5
comiccodes,5
Impeach_Trump,5
mmo,5
NASCARCollectors,5
dragonquest,5
BellaThorne,5
britpics,5
LoLTwistedTreeline,5
COsnow,5
georgiabulldogs,5
LinusTechTips,5
TheBlackList,5
datingoverthirty,5
ctbeer,5
BadDragon,5
HardwareSwapUK,5
Autistic,5
dayton,5
BruceSpringsteen,5
BitcoinBeginners,5
dashpay,5
SAVEBRENDAN,5
edefreiheit,5
The_DonaldUnleashed,5
irlsmurfing,5
thereifixedit,5
SBU,5
Construction,5
digitalnomad,5
jannamains,5
PERU,5
leaf,5
lingerie,5
YAYamateurs,5
macapps,5
Moto_Z,5
daniellefanclub,5
RandomActsofCards,5
iZombie,5
HogwartsWerewolves,5
civcirclejerk,5
The_Brendan,5
SyrianCirclejerkWar,5
SexWorkers,5
webdesign,5
Drag,5
StreamersGoneWild,5
mtgmarketwatch,5
workgonewild,5
SHAYTARDS,5
KronosWoW,5
CatTeamBrotherhood,5
ReverseEngineering,5
TopsAndBottoms,5
Syracuse,5
MadokaMagica,5
Minecraft360,5
nothingeverhappens,5
ImaginaryLeviathans,5
taekwondo,5
SQLServer,5
SubaruForester,5
codes,5
wii,5
AffinityForArtifacts,5
quiver,5
lonely,5
NoCorporations,5
RWBYNSFW,5
colorizebot,5
Eesti,5
2012Elections,5
FracturedSpace,5
cassetteculture,5
PokemonGoMPLS,5
GuildWarsDyeJob,5
Aliexpress,5
PhotoshopRequest,5
TheOnion,5
ArcaneAdventures,5
MontgomeryCountyMD,5
hitmobile,5
mapporncirclejerk,5
NBA_Draft,5
PiratedGTA,5
TheDearHunter,5
entj,5
TheVampireDiaries,5
GamerPals,5
readyplayerone,5
brexit,5
IndianEnts,5
TrayvonMartin,5
Kingdom,5
Pen_Swap,5
elementaryos,5
MusicBattlestations,5
PokemonGoNewJersey,5
slingtv,5
jellybeantoes,5
malegrooming,5
climatechange,5
shitleftistssay,5
Hookers,5
WesternHentai,5
fcdallas,5
StudentLoans,5
whatif,5
Swingers,5
artificial,5
thedavidpakmanshow,5
AnarKEK,5
strife,5
oddlyterrifying,5
SaraJUnderwood,5
GoldCoast,4
rum,4
cky,4
DestinyLore,4
swdarktimes,4
SVRiders,4
SushiAbomination,4
selfies,4
GoneWildHairy,4
Slovenia,4
PokemonGoChi,4
FRANKIEonPCin1080p,4
flexibility,4
playarkservers,4
shamelessplug,4
shrimptank,4
TestPackPleaseIgnore,4
PokemonGo_Orlando,4
gloving,4
Jewish,4
TZM,4
CircLoLjerk,4
AskAnthropology,4
Morocco,4
ggggg,4
Saxophonics,4
boniver,4
MilitaryStories,4
namethatcar,4
futurebeatproducers,4
deepthroat,4
Biochemistry,4
PokemonTurfWars,4
Championship,4
PantheonMMO,4
foraging,4
FreeSpeech,4
FemmeThoughtsFeminism,4
90DayFiance,4
Halo_5_Guardians,4
PokemonGoBoston,4
libertyworldproblems,4
greatdanes,4
lifeprotip,4
wildhearthstone,4
jeddit,4
klr650,4
Kiteboarding,4
ChevyTrucks,4
ausents,4
TotalDramaWerewolf,4
ImageComics,4
NewsPorn,4
Wizard101,4
BLMWatch,4
techsupportanimals,4
TheGuessingGame,4
aion,4
NanatsunoTaizai,4
AustralianMFA,4
ttcafterloss,4
LeafyIsHere,4
Playdate,4
BasketballGMFantasy,4
cmu,4
BestOfStreamingVideo,4
NZXT,4
doge,4
TotalDramaRoleplay,4
hdtgm,4
ThisAmericanLife,4
brownman,4
sonicshowerthoughts,4
venturacounty,4
replications,4
Houseporn,4
PrimeiraLiga,4
ketchuphate,4
plano,4
CSGOJackpot,4
GlobalAgenda2,4
trashpandas,4
texascountry,4
bingpong,4
40krpg,4
MLPCCG,4
forge,4
strandeddeep,4
minines,4
FemBoys,4
Blazblue,4
ColbertRally,4
DestinyMemes,4
gulag,4
racing,4
beta,4
AskComputerScience,4
RandomActsOfTf2,4
AverageBattlestations,4
controllablewebcams,4
nyu,4
Songwriters,4
IndianFood,4
syndramains,4
CatholicDating,4
PokemonQRCodes,4
Tallahassee,4
LondonUnderground,4
grateful_dead,4
pokemongocirclejerk,4
lists,4
lootcratespoilers,4
modpiracy,4
TheWitness,4
RioGrandeValley,4
PremierLeague,4
propaganda,4
eyebombing,4
Crumps2,4
THPS,4
350z,4
TaliyahMains,4
maui,4
hotas,4
dogemining,4
tempFNAFofficial,4
ZenHabits,4
giveaways,4
MonarchyOfEquestria,4
CZFirearms,4
AngieVarona,4
puppy101,4
mcservers,4
findfashion,4
cmhoc,4
ModelUSPress,4
Police_v_Video,4
zyzz,4
SkinnyWithAbs,4
ZMR,4
NIU,4
Kendama,4
identifythisfont,4
VHS,4
stockings,4
PSNFriends,4
notcirclejerk,4
MTU,4
ExNoContact,4
RvBRP,4
NoFapWar,4
debateAMR,4
GakiNoTsukai,4
ShitLewisSays,4
SouthBend,4
gonewild30plus,4
LogitechG,4
boardgamescirclejerk,4
ghibli,4
battleparty,4
taoism,4
raining,4
12thMan,4
cumfetish,4
AustralianMilitary,4
Senntisten,4
indybeer,4
StonerProTips,4
Cinema4D,4
Wrasslin,4
FMN,4
wde,4
TwoXSex,4
askashittydoctor,4
Corruption,4
MLBStreams,4
legaladviceinaction,4
operabrowser,4
deutschland,4
HTC10,4
HarleyQuinn,4
DesignatedSurvivor,4
socialjustice101,4
ShittyVeganFoodPorn,4
lawncare,4
joi,4
i3wm,4
MarcoPolo,4
Militaryfaq,4
Mountaineering,4
byu,4
husky,4
DaveAndBusters,4
marinebiology,4
handstyles,4
GunFights,4
BitMarket,4
diablo2,4
TheBlackKeys,4
aldub,4
audiojerk,4
ColumbusGO,4
symphonicmetal,4
microbiology,4
ps2,4
cafe,4
themartian,4
Shittypokestops,4
NewGirl,4
Stuff,4
starcraft2,4
UnusualArt,4
puppies,4
JhinMains,4
CelebFakes,4
EquestriaGirls,4
PokemonGoRed,4
theleaguefx,4
england,4
haikyuu,4
Theatre,4
columbia,4
peacecorps,4
beercirclejerk,4
ImaginaryJedi,4
Omnipotent_League,4
Mecha,4
UCSC,4
calculus,4
SpaceXMasterrace,4
Inglip,4
BlackSails,4
DigitalPainting,4
Gentoo,4
creepy_gif,4
WomenForTrump,4
24hoursupport,4
PoppyMains,4
AVexchange,4
Im14andthisisWTF,4
the_frauke,4
palegirls,4
DinosaurDrawings,4
newbrunswickcanada,4
Lineage2,4
Dominican,4
tabletopsimulator,4
SexToys,4
trollbi,4
cleanjokes,4
GarlicBreadMemes,4
badselfeater,4
VietNam,4
horn,4
AsianPorn,4
AskLosAngeles,4
raisingkids,4
teengamingnights,4
KingdomDeath,4
portlandstate,4
vape_memes,4
bf4,4
TeamRedditTeams,4
MiniMetro,4
VillagePorn,4
FitToFat,4
KerbalAcademy,4
healthcare,4
MildlyVandalised,4
nationalguard,4
dynastywarriors,4
BBWGW,4
FragReddit,4
TriCitiesWA,4
InfertilitySucks,4
IncestPorn,4
sffpc,4
TriviaTime,4
Bangkok,4
VoiceActing,4
falloutequestria,4
UnexpectedCena,4
FootballAmerica,4
ThisIsNotASafeSpace,4
ImaginaryBattlefields,4
migraine,4
Outlander,4
kurzgesagt,4
cambridge,4
fasting,4
wilfred,4
gfur,4
Chennai,4
sideloaded,4
azirmains,4
chibike,4
CopOrNot,4
kde,4
metametacanada,4
AkameGaKILL,4
Owls,4
Asexual,4
streetwearstartup,4
FishMTG,4
TrueFMK,4
UCalgary,4
Liftingmusic,4
SteamOS,4
pokemongobotting,4
enlightenedbirdmen,4
EggsInc,4
goddesses,4
PostWorldPowers,4
EditingAndLayout,4
PoliceChases,4
indepthstories,4
TaylorSwiftsLegs,4
PNWS,4
RachelCook,4
czech,4
TheEricAndreShow,4
redpandas,4
MurderMystery2,4
TNA,4
northcounty,4
OKBestFace,4
MalzaharMains,4
WatchesCirclejerk,4
coloringcorruptions,4
ask,4
AnarchyChess,4
Tokyo,4
lithuania,4
SiouxFalls,4
LofiHipHop,4
cookingforbeginners,4
HouseMD,4
Bulldogs,4
ArtPorn,4
highereducation,4
ForwardsFromKlandma,4
raisedbyborderlines,4
Interpol,4
Stormlight_Archive,4
themountaingoats,4
TODispensaries,4
MTVScream,4
windmobile,4
BigCatGifs,4
ancientrome,4
buttplug,4
KidCudi,4
Esperanto,4
jerktalkdiamond,4
BreastEnvy,4
chicagobeer,4
kayakfishing,4
pwned,4
ImAHorriblePerson,4
NEU,4
PokemonPDX,4
CadenMoranDairy,4
MerchantRPG,4
vintageads,4
liquor,4
imaginedragons,4
Blizzard,4
DayshiftatFreddys,4
FEMP,4
adultery,4
PinkFloydCircleJerk,4
CivCraftAytos,4
svenskpolitik,4
nugs,4
misophonia,4
FantasyBookers,4
sleep,4
SexyTummies,4
IncredibleIndia,4
Troy,4
Cheap_Meals,4
publichealth,4
cookingvideos,4
AngelsAndAirwaves,4
AskACountry,4
DarkHumor,4
ESObay,4
LegalTeensXXX,4
TomorrowWorld,4
DNMUK,4
shia,4
familyguythegame,4
slammedtrucks,4
Database,4
Quantico,4
Juicing,4
blackpower,4
Solving_A858,4
EnoughObamaSpam,4
holdmyturban,4
badpeoplestories,4
beerwithaview,4
HUTrep,4
starlets,4
BulkOrCut,4
bose,4
SAP,4
JessicaJones,4
zedmains,4
FreeCodeCamp,4
reloaded,4
ethoslab,4
reggae,4
LouisvilleCityFC,4
latinas,4
ClimbingCircleJerk,4
lolphp,4
osureport,4
IAmAFiction,4
kateupton,4
MTGPuzzleQuest,4
gamedevscreens,4
team60s,4
lolwat,4
ilerminaty,4
PcMasterRaceBuilds,4
njpw,4
gimlet,4
TowerofGod,4
RuinedOrgasms,4
snapleaks,4
MassEffectPhoenix,4
tabletennis,4
sunsetshimmer,4
lawofattraction,4
ELTP,4
thedivisionclans,4
creepygaming,4
HaircareScience,4
chinaglass,4
GreypoCounting,4
classicalguitar,4
dota2bitching,4
gangbeasts,4
respectthreads,4
RecruitCS,4
IdeasForAskreddit,4
HaltAndCatchFire,4
ehlersdanlos,4
open_news,4
learnart,4
tekkit,4
Dixie,4
StreetwearSales,4
TheFutureIsNow,4
nonstopknight,4
Lifeguards,4
QuakeLive,4
rock,4
Banking,4
NCAAFBseries,4
Colombia,4
paypal,4
indiewrestling,4
CampingGear,4
GhostRecon,4
OLTP,4
redditleaguebaseball,4
hardcoreaww,4
Rule34Overwatch,4
ThePhenomenon,4
Biloxi,4
ketoscience,4
EternalCardGame,4
MaddenEvolutionCC,4
RandomKindness,4
CaliforniaForSanders,4
GripTraining,4
TheCompletionist,4
WonderTrade,4
kettlebell,4
Lettering,4
diydrones,4
Cornell,4
XCOM2,4
softies,4
selfhosted,4
AcademicPsychology,4
mandolin,4
SkillSurfing,4
dancarlin,4
QUALITYanime,4
fakehistoryporn,4
git,4
lewishamilton,4
nsfwoutfits,4
ting,4
AskAShittyMechanic,4
anchorage,4
DragonNest,4
sexover30,4
killzone,4
gonwild,4
TuberSimulator,4
Msstate,4
UnderTail,4
Thenewsroom,4
Citrix,4
laravel,4
jerseycity,4
CryptoMarkets,4
MyChemicalRomance,4
legodeal,4
Oppression,4
DixieFood,4
Bluegrass,4
MapsWithoutNZ,4
NRLdragons,4
WhoWouldGoWild,4
civ5,4
DirecTV,4
ConfusedTravolta,4
roanoke,4
retiredgif,4
TheKillers,4
highseddit,4
badparking,4
rickygervais,4
SQL,4
castmeas,4
JonCraft,4
yuruyuri,4
storage,4
NCSU,4
GrandCherokee,4
NJTech,4
LiquidSky,4
enfj,4
badscificovers,4
YamakuHighSchool,4
graffhelp,4
SMUgame,4
lordoftherings,4
AnythingGoesPics,4
macdemarco,4
TsundereSharks,4
LighthouseSherpas,4
csuf,4
banjo,4
DimensionalJumping,4
EmilyRatajkowski,4
Pixar,4
BernTheConvention,4
cwru,4
policydebate,4
Luthier,4
CSRRacing2,4
LPOTL,4
chemhelp,4
JapanesePorn2,4
dirtypenpals,4
proceduralgeneration,4
homeschool,4
SanDiegoGulls,4
that_Poppy,4
Tempe,4
civic,4
Israel2,4
SmarterEveryDay,4
MAA2,4
CaseClickerTrades,4
McKaylaMaroney,4
heartsofiron,4
Anglicanism,4
IndustrialDesign,4
PeoriaIL,4
bookscirclejerk,4
Cockatrice,4
ThailandTourism,4
BernieSandersSucks,4
Office365,4
MostBeautiful,4
GTAGivers,4
RogueLands,4
oculusnsfw,4
UniversityofKansas,4
StopTouchingMe,4
gameDevClassifieds,4
witchcraft,4
ThisDayInHistory,4
treedibles,4
hammer,4
VAGuns,4
spirituality,4
corenet,4
WowUI,4
MyrtleBeach,4
Serendipity,4
karengillan,4
getoffyourass,4
Stretched,4
VEDC,4
hamsters,4
thelastguardian,4
CyclePDX,4
futuristparty,4
opiaterollcall,4
X3TC,4
centralpa,4
JustFitnessGirls,4
PaxPassExchange,4
StoriesAboutKevin,4
ProjectAwesome,4
TechnologyProTips,4
leakthreads,4
abv,4
bboy,4
progressive_islam,4
Rottweiler,4
GekkoukanHigh,4
ATLauncher,4
Augusta,4
saltandsanctuary,4
deephouse,4
NewMexico,4
OfficialSodapoppin,4
boobs,4
petite,4
PoliticalScience,4
TF2WeaponIdeas,4
SFSU,4
SkyPorn,4
fakerrs,4
lua,4
beadsprites,4
TheAvettBrothers,4
RedditAlternatives,4
playstationvr,4
BBW,4
fnafcringefangames,4
videos_discussion,4
amiga,4
nflgifs,4
HighHeels,4
112263Hulu,4
hiphopvinyl,4
Logo_Critique,4
chanzhfsneakers,4
modelparliament,4
goldbenefits,4
circlejerkseattle,4
SpringfieldIL,4
newyork,3
Jarrariums,3
Kyle,3
secondamendment,3
traingifs,3
EscapefromTarkov,3
AN_RP,3
simpleios,3
rollerblading,3
bih,3
Alonetv,3
paracord,3
libertarianaustralia,3
cyberpunk2077,3
GOmaha,3
hayleywilliams,3
ArenaFPS,3
Fairbanks,3
DaisyRidley,3
Infrastructurist,3
girls,3
Maps,3
GirlsDancingAwkwardly,3
ModelWesternState,3
arkps4,3
crystalpalace,3
Epilepsy,3
UnknownTradeCo,3
trackandfield,3
reddCoin,3
randians,3
Xanzia,3
loadingreadyrun,3
starfox,3
DarkSoulsHelp,3
CanadaSoccer,3
kungfu,3
videosplus,3
ProjectMilSim,3
njbeer,3
discexchange,3
mtgoxinsolvency,3
MacroPorn,3
askcarguys,3
WeHateMovies,3
PokemonTCG,3
FitWomenGifs,3
Doesthisexist,3
RS3Ironmen,3
olkb,3
FemdomCommunity,3
MiiverseInAction,3
KissAnime,3
GiftOfGaben,3
GalliumOS,3
AccurateBattleSim,3
unitedstatesofamerica,3
F1Porn,3
aurora,3
BiggerThanYouThought,3
pnwriders,3
SandersMedia,3
Phillylist,3
OpenBazaar,3
asianpeoplegifs,3
baww,3
ucr,3
BuyMyFUTPlayer,3
Vainglory,3
Afrodisiac,3
Faces,3
dvdasa,3
etymologymaps,3
fortify,3
Saggy,3
melbournecirclejerk,3
streetlightmanifesto,3
onebros,3
NBGMLL,3
GallowBoob,3
BerryTubeLounge,3
bloodbornethegame,3
NoMansSkyMods,3
vertcoin,3
lesdom,3
SRSMicroaggressions,3
chiptunes,3
lansing,3
humanresources,3
LaserDisc,3
kingofthenerds,3
HorrorGaming,3
pjrpafterdark,3
VaporwaveArt,3
SoSE,3
ClubNintendoTrade,3
Shotguns,3
OctobersVeryOwn,3
tacos,3
transgenderUK,3
doublespeakdoctrine,3
CBD,3
thefollowing,3
TheWalkingDeadGame,3
Callieism,3
CrucibleSherpa,3
girlsdoporn,3
epicnamebro,3
breakingbadcomics,3
harasser,3
GoTPowers,3
XVcrosstrek,3
theNetherlandsFree,3
paris,3
SleepApnea,3
asiantwoX,3
FML,3
creepypasta,3
haiti,3
nexusplayer,3
MagicCardPulls,3
yoyhammer,3
MAguns,3
japanpics,3
AppleMusic,3
TheNarutoWorld,3
stockholm,3
GrassrootsSelect,3
sustainability,3
RoCringe,3
miraculousladybug,3
proghouse,3
classicfallout,3
pol,3
Karting,3
BadMtgCombos,3
blackhat,3
yugijerk,3
opendirectories,3
MMAStreams,3
lol,3
dragongrandpa,3
guitarpedalsjerk,3
CompetitionShooting,3
pokememes,3
sometal,3
GayBroTeens,3
Autoflowers,3
BBtheORGviewers,3
LocalGuides,3
showbox,3
60daysin,3
fweddit,3
tomhiddleston,3
LatvianJokes,3
overlord,3
polandballusers,3
SexPositive,3
civAIgames,3
irishproblems,3
MHOCMeta,3
dontlookdown,3
sharditkeepit,3
TaylorSwiftPictures,3
NorthAmerican,3
AppleEnthusiasts,3
Pinz,3
HelpMeFind,3
Nagato,3
sfx,3
workingmoms,3
Velkoz,3
Supraball,3
ndp,3
pokemongoNoVa,3
GasTheSnoo,3
Fiat,3
MadMaxGame,3
fifaclubs,3
dungeonboss,3
rocketbeanscirclejerk,3
sugarfreemua,3
hashhouseharriers,3
sca,3
beetle,3
Weakendgunnit,3
uvic,3
JurassicWorldApp,3
plants,3
DealsReddit,3
Degrassi,3
JDM,3
futurefightextra,3
vaast,3
HungryButts,3
electroswing,3
Cr1TiKaL,3
CNC,3
cpp_questions,3
ClashOfClansRecruit,3
FreeEBOOKS,3
zenwatch,3
dueprocess,3
rocket_league_trading,3
TalesCasual,3
agender,3
ProductManagement,3
riseagainst,3
WarthunderCirclejerk,3
FNaFAnarchy,3
ARAM,3
AmericanBasketballFed,3
Genesis,3
Agriculture,3
FNaFShitposts,3
shitsocialismsays,3
scottgames,3
JonBenetRamsey,3
GhostReconPhantoms,3
SORG1_Christopher,3
evansville,3
OpenChristian,3
MakeItWorse,3
BeautyAddiction,3
Planetside2Air,3
ATV,3
offset,3
nopuns,3
PokemonGoPhilly,3
themoddingofisaac,3
chillmusic,3
TrueProgressive,3
Reddit_Emblem,3
EliteAntal,3
ParadoxExtra,3
healthIT,3
Spyro,3
TwentyFour,3
triplej,3
blop,3
cleganebowl,3
TrueTrueReddit,3
connectasong,3
loltyler1,3
Brickton,3
FreeKarma4You,3
bash,3
roma,3
WhoWouldWinVerse,3
infinitecrisis,3
calledit,3
devops,3
DatBoi,3
masturbation,3
portugaltheman,3
wowcirclejerk,3
kof,3
idwtransformers,3
Timeless,3
xcom2mods,3
HateCrimeHoaxes,3
funfacts,3
DarkAngels,3
nakedandafraid,3
KasichForPresident,3
prettyteenagers,3
dcss,3
landmark,3
CaraDelevingne,3
TeemoTalk,3
TamrielOnline,3
respectporn,3
unrealtournament,3
Ebony,3
hugenaturals,3
opera,3
firewater,3
TheHangingBoobs,3
TripSit,3
roadtrip,3
bicycleculture,3
TombRaider,3
nerdist,3
antibaw,3
AskTechnology,3
tradclimbing,3
pcgiveaways,3
GT5,3
bloodstone,3
2spooky4me,3
RedditTryHard,3
utarlington,3
vcu,3
brealism,3
wethebest,3
thinspo,3
ShigatsuwaKiminoUso,3
stevens,3
notredame,3
battletech,3
NewcastleUponTyne,3
Goruck,3
waterpolo,3
nottingham,3
readitforwp,3
nathanforyou,3
ultimaonline,3
FalseFlagWatch,3
Zionism,3
NativeAmerican,3
canadagunsEE,3
GoalKeepers,3
ausbike,3
forgeries,3
ShitTheFalseSay,3
Ducati,3
CODClanHQ,3
crashlands,3
BigIsland,3
WICircleJerk,3
Assyria,3
legendarylootz,3
acrl,3
SelenaGomez,3
IndianGaming,3
Peripheryband,3
Thaumcraft,3
pokemongonl,3
pharmercy,3
DevilMayCry,3
oversharing,3
StellarisMods,3
victoriajustice,3
WPI,3
aa_cups,3
Korn,3
SaintsRow,3
lesbians,3
Sufjan,3
Titties,3
IBM,3
Manitoba,3
onebag,3
timetravel,3
DolphinEmulator,3
YugiohEconomy,3
Shittyaskflying,3
Trackdays,3
twowordseach,3
EAF,3
ImaginaryHorrors,3
XChangePill,3
BetweenTheBuriedAndMe,3
exeter,3
Fullmoviesonvimeo,3
Advance_Wars,3
whoselineisitanyway,3
unsw,3
Chinavisa,3
MetaSubredditDrama,3
RepTime,3
lostidols,3
StellaGlow,3
rocketry,3
JapaneseWatches,3
hockeyquestionjerk,3
Nanny,3
IKEA,3
TheWaterLew,3
TotalDramaTheGameshow,3
mash,3
IndieDev,3
Somerville,3
Bozeman,3
FestivalPlaza,3
lehighvalley,3
yogscastkim,3
QUTreddit,3
vegasquadrantrp,3
phantomofthekill,3
NewAugusta,3
poi,3
hyderabad,3
cinematography,3
LeeSinMains,3
Headphoneporn,3
Ghost_in_the_Shell,3
Hoboken,3
cyprus,3
Backcountry,3
AskEconomics,3
NessMains,3
ItalyInformatica,3
Hell_On_Wheels,3
h3h3_productions,3
PriestSanctuary,3
Overwatchmemes,3
Charcuterie,3
macedonia,3
insertions,3
postpunk,3
HumansTV,3
PRINCE,3
circlejerknyc,3
damngoodinterracial,3
Strava,3
rupaulsdragracedrama,3
Dominations,3
CrossView,3
AmericanLeagueEast,3
MyLittleFriends,3
paydaymeta,3
Crewniverse,3
browsers,3
MW3rddt,3
fulhamfc,3
AislingDuval,3
SocialDemocracy,3
corpus,3
faeria,3
snooker,3
John_Frusciante,3
UniversityofReddit,3
roleplayponies,3
Coins4Sale,3
That70sshow,3
CodCompCirclejerk,3
UTSA,3
Gamecocks,3
Sourdough,3
FACEITcom,3
FullLengthFilms,3
awwschwitz,3
bikebuilders,3
torontocraftbeer,3
BattleJackets,3
evenwithcontext,3
lookingforheroes,3
ShittyPhotoshop,3
MaitlandWard,3
jaycemains,3
PinkOmega,3
es,3
renegades,3
AskWomenOver30,3
seventhworldproblems,3
Motorrad,3
charactercrossovers,3
ShittyBuildaPC,3
Haruhi,3
NewToTF2,3
tabletopgamedesign,3
metalmusicians,3
NorthMelbourneFC,3
typewriters,3
robotech,3
PokemongoSanDiego,3
Cisco,3
RunningWithDogs,3
volt,3
Celiac,3
pearljam,3
DanielFromSL,3
HorrorClub,3
TheReportOfTheWeek,3
boottoobig,3
scottishproblems,3
PokemonGoHalifax,3
daverubin,3
SluttyStrangers,3
minecraftseeds,3
MiddleEastNews,3
rule34feet,3
Hearthstonedadjokes,3
createthisworld,3
mfw,3
lanparty,3
GoogleMaps,3
SexyButNotPorn,3
Tachanka,3
JETProgramme,3
emulators,3
expats,3
LoLtube,3
CineShots,3
LeftWithoutEdge,3
StanleyKubrick,3
Roguetroll,3
BatesMotel,3
mongolia,3
VentGlory,3
metaldetecting,3
CPAP,3
CabaloftheBuildsmiths,3
mewithoutYou,3
ForeverAloneWomen,3
AutoModerator,3
podcasting,3
BlocknLoad,3
hottiesfortrump,3
meetup,3
GooglePixelC,3
trailrunning,3
Rockland,3
WarframeRunway,3
NSFW411,3
aussievapers,3
relaxedpokemontrades,3
txstate,3
amishsmp,3
SouthDakota,3
NSFWBarista,3
FlarrowPorn,3
Pontiac,3
SideProject,3
ContemporaryArt,3
OneTrueBiribiri,3
troubledteens,3
solipsism,3
undeleteShadow,3
Cyberbooty,3
houstonents,3
shortwave,3
totp,3
nakedcelebs,3
musicians,3
Kickboxing,3
maybemaybemaybe,3
pepe,3
DirecTVNow,3
BarBattlestations,3
truechildfree,3
Models,3
Telegram,3
OregonStateUniv,3
ServerPorn,3
3kliksphilip,3
orlybooks,3
TrulyTerrible,3
shootingcars,3
CrossfitGirls,3
bullying,3
PearlandNerd,3
HondaCB,3
police,3
PokemonGoArizona,3
enderal,3
scala,3
SRSMythos,3
CabinPorn,3
luckystar,3
html5,3
snowboardcj,3
FaunusSensitivityClub,3
theoffice,3
torpedotits,3
waterporn,3
GBA4iOS,3
vaynemains,3
airz23,3
DownvotesMcGoats,3
HearthArena,3
AssCredit,3
circlejerkcopypasta,3
treemusic,3
Stutter,3
ArgentinaGoneWild,3
NightOwls,3
Dogecoinscamwatch,3
porn,3
EuropePlaysParadox,3
travisscott,3
texasents,3
Frasier,3
badroommates,3
Portlandia,3
Cardiff,3
technicalFNaF,3
Thief,3
Domains,3
ShinyPorn,3
COBeer,3
WesternTerrorism,3
CarSeatHR,3
CommercialAV,3
Tivo,3
Dota2Modding,3
MinecraftCringe,3
vridge,3
tinytower,3
UHCT,3
mentalhealth,3
prorugby,3
Outlier,3
WorldofOutlaws,3
words,3
AwfullyPunchableFaces,3
Jewdank,3
OXENFREE,3
AlienwareAlpha,3
botania,3
DMAcademy,3
ragenovels,3
HaloPlayers,3
StormfrontorSJW,3
embarrassedhappygirls,3
truth,3
gradadmissions,3
Pottery,3
Oreimo,3
oilandgasworkers,3
coheedandcambria,3
design_critiques,3
republicans,3
PBSOD,3
Chinese,3
GodhoodWB,3
AtlantaUnited,3
redstone,3
HermitCraft,3
BenignExistence,3
Skyhigherrp,3
randomgifts,3
curiosityrover,3
risingthunder,3
RocketLeagueFriends,3
mileycyrus,3
israelexposed,3
Craps,3
DayofInfamy,3
TraditionalCatholics,3
venezuelans,3
samoyeds,3
moraldilemmas,3
ecommerce,3
DesignerReps,3
CigarMarket,3
googlephotos,3
Antenna,3
Longmont,3
mildyinfuriating,3
Logic_Studio,3
Malifaux,3
MildlyStartledCats,3
LSU,3
MMORift,3
boburnham,3
lotrlcg,3
Doomtree,3
AnalGW,3
til,3
everett,3
nudism,3
VinylCollectors,3
PokemonGoBelgium,3
PoGoCLE,3
civconcordia,3
GirlsInaGif,3
anarchy,3
goth,3
DCUnited,3
crowfall,3
TheAmpHour,3
VXJunkies,3
LiaMarieJohnson,3
redditracing,3
SummonSign,3
AR10,3
theavalanches,3
Nest,3
FIFA17UT,3
ImagesOfThe2000s,3
Slender_Man,3
imagesofthe1960s,3
FearMe,3
NJGuns,3
low_poly,3
EnoughInternet,3
AFOL,3
WC3,3
lapfoxtrax,3
unix,3
Queens,3
esea,3
Wasteland2,3
SwordOrSheath,3
wheelanddeal,3
Korean,3
NoPoo,3
couchsurfing,3
indie_rock,3
lafayette,3
geoguessr,3
Aurelion_Sol_mains,3
whisky,3
AltJ,3
composer,3
Dota2Betting,3
MCSPlaystation,3
untildawn,3
liluglymane,3
gayjews,3
trueaustralia,3
AquaSwap,3
csfiringrange,3
panicatthedisco,3
HugeDickTinyChick,3
Vegetarianism,3
Drumming,3
ImaginaryWitcher,3
PlanetDolan,3
queensland,3
MaterialDesign,3
MinorLTP,3
AskAstrologers,3
StLouisCirclejerk,3
badpsychology,3
Nexus10,3
deaf,3
EuropeMeta,3
YAwriters,3
declutter,3
Colorization,3
InvisibleBicycles,3
MyLittleMotorhead,3
paradoxpolitics,3
mtgbracket,3
grool,3
MountainWest,3
SydneyFC,3
APB,3
CardWarsKingdom,3
Zaptie,3
psychotherapy,3
FoolUs,3
WiggleButts,3
golfclassifieds,3
Nujabes,3
Nipples,3
translation,3
lifeofnorman,3
dave5,3
TheContinuum,3
CoDCompPlays,3
questions,3
CautiousBB,3
ShroomID,3
fuckyeahdrunksluts,3
goldrush,3
penpals,3
needamod,3
adderall,3
fightporn,3
AgeofMythology,3
TheFulmerCup,3
shoegaze,3
DavidBowie,3
milanavayntrub,3
redditdynasty,3
CameronCrazies,3
Wolfenstein,3
Midessa,3
Democrat,3
beardytown,3
IreliaMains,3
pokemongoNYC,3
stratux,3
AskParents,3
arielwinter,3
SupremeStreamMemeTeam,3
nightlyshow,3
Sharktits,3
freeflight,3
kot,3
ProductPorn,3
circumcision,3
blues,3
PokemonGo_Tampa,3
DebateAltRight,3
phoneswap,3
longevity,3
DIYfail,3
CaptchaArt,3
opengl,3
PokemonGoOttawa,3
TrollMUA,3
fo3,3
Cello,3
Tomorrowland,3
AncientAliens,3
thewitcher3,3
ThisCrazyBitch,3
CAVDEF,3
Untappd,3
SCREENPRINTING,3
fail,3
Saber,3
BloonsTDBattles,3
TrollXFitness,3
reasoners,3
NaziHunting,3
PoliticalPhilosophy,3
FitAndNatural,3
experimentalmusic,3
LaLiga,3
dustypcs,3
stepparents,3
FTH,3
trolledbynarcissists,3
sadcomics,3
Marvel_Daredevil,3
moped,3
LogHorizon,3
osheaga,3
ThreshMains,3
bugout,3
holocaust,3
UnexpectedHamilton,3
blowit,3
WBAfootball,3
macross,3
Ifyouhadtochoosejust1,3
TheDailyMuslimRage,3
InfinityTheGame,3
SkincareAddicts,3
Cadillac,3
StarTrekTimelines,3
ProjectFreelancerRP,3
AdvancedFitness,3
birthcontrol,3
anno,3
USArugby,3
316cats,3
ExileMod,3
braceface,3
bdfc,3
ScreenJunkies,3
metacirclejerk,3
NidaleeMains,3
dazesoft,3
gagsgoodenough,3
water,3
Frontend,3
HoloLens,3
volleyball,3
CreditCards,3
galway,3
pentax,3
lookatmydog,3
PloungeMafia,3
nintendomusic,3
Frankenbike,3
Climbingvids,3
SammyClassicSonicFan,3
WerthamInAction,3
DiepioSuggestions,3
FuckImOld,3
narcsinthewild,3
umass,3
UnfavorableSemicircle,3
CalgaryDashCams,3
wallpaperdump,3
exalted,3
smitetraining,3
casualnintendo,3
50B,3
KarabakhConflict,3
holidayhole,3
templeofthephil,3
ImaginaryTurtleWorlds,3
slaycringe,3
Lottery,3
queen,3
RationalPsychonaut,3
IDontLikeRPolitics,3
100DaysofKeto,3
M43,3
getnarwhal,3
intothebadlands,3
YasoHigh,3
penspinning,3
Entomology,3
bulgaria,3
Chiropractic,3
scienceofdeduction,3
KimKardashianPics,3
burial,3
BestOfBaPC,3
daydream,3
SmartThings,3
knots,3
Androgynoushotties,3
traditionaltattoos,3
tr4shbros,3
Deathmetal,3
ShittierPostEmblem,3
newhaven,3
forzahorizon3,3
presshearttocontinue,3
Hedgehog,3
modclub,3
Sudbury,3
soundporn,3
roguelikedev,3
slp,3
ironscape,3
seinfeldgifs,3
mathematics,3
Mastiff,3
amazingrpsubreddit,3
DesignMyRoom,3
frankfurt,3
Clannad,3
GMOMyths,3
GIMP,3
tulsi,3
Axon7,3
schalke04,3
ImagesOfThe2010s,3
apolloapp,3
Miscreated,3
PrimitiveTechnology,3
atmidnight,3
Earth199999,3
puzzles,3
bodymods,3
toastme,3
Dariusmains,3
RevelationMMO,3
BeMeApp,3
Idg0d,3
timelapse,3
rolex,3
bookshelf,3
LibertarianPartyUSA,3
bald,3
nethack,3
NamiMains,3
safc,3
PreggoPorn,3
gaybroscirclejerk,3
Trombone,3
EmmaBlackery,3
Musicthemetime,3
Childrenfnaf,3
OCD,3
reignofkingsgame,3
LifeWithIgor,3
Clarinet,3
rule34_comics,3
attackontitan,3
chinaphones,3
bikinis,3
IndianaHoosiers,3
3d6,3
ArtCrit,3
DarkEnlightenment,3
ironman,3
ModelAustraliaHR,3
HackBloc,3
BerlinTruckAttack,3
PokemongoAustin,3
TheCryopodToHell,3
Xenonauts,3
CSURams,3
NarutoNinjaStorm,3
IndianBabes,3
AFLCircleJerk,3
IndoorGarden,3
PokemongoSeattle,3
BlueOrigin,3
chicagotrees,3
mildlyvagina,3
TBoIRule34,3
BBTG1,3
RealTimeStrategy,3
mutcirclejerk,3
thomasthedankengine,3
TruePokemon,3
GameOffers,3
titfuck,3
ILGuns,3
government,3
Toughmudder,3
playrustpublic,3
52book,3
MetalSlugAttack,3
dustforce,3
HighlightGIFS,3
REDDITORSINRECOVERY,3
dank_meme,3
REEEEEE,3
AniviaMains,3
VirginiaBeach,3
crtgaming,3
DBZDokkanMarketplace,3
dykesgonewild,3
pueblo,3
EtherMining,3
NSFWCostumes,3
thrice,3
CemeteryPorn,3
dominion,3
NYCjobs,3
CivHaven,3
Gamebundles,3
AskLibertarians,3
prowrestling,3
desinews,3
SuperAthleteGifs,3
eczema,3
prettylights,3
tropico,3
GoldenSun,3
VintageApple,3
talesfromsecurity,3
TREZOR,3
EdenMCMXCV,3
terrariums,2
GASCAR,2
unstirredpaint,2
LocationSound,2
BestAliExpressFinds,2
AbusePorn2,2
WorldsAdrift,2
iphonehelp,2
Inventions,2
auntydonna,2
psycho_alpaca,2
SegaSaturn,2
WredditCountryClub,2
programmerreactions,2
chesthairporn,2
runwild,2
GaragePunk,2
girls_smiling,2
BurningBlood,2
BorednIgnored,2
PortStLucie,2
selfpublish,2
ZodiacFalls,2
weareportadelaide,2
DMB,2
Ni_no_Kuni,2
IsraelSubredditWatch,2
rangersfc,2
LOLStreams,2
HamplanetHateMail,2
Kangoku_Gakuen,2
HaloWars,2
sublime,2
coolgithubprojects,2
SimplePlanes,2
LawCanada,2
BooCRedux,2
90daysgoal,2
Feministpassdenied,2
toarumajutsunoindex,2
forcedorgasms,2
PrettyOlderWomen,2
reflex,2
recording,2
TechWar,2
gtaonlinecrews,2
indie,2
VerizonTradeIn,2
CelebrityPussy,2
California_Politics,2
brushybrushy,2
everything,2
MumboJumboFanServer,2
NatalieDormer,2
badminton,2
TotalDramaAndDragons,2
usyd,2
BGASL,2
Poetry,2
panties,2
motorola,2
queensuniversity,2
MuricaNSFW,2
RomeSweetRome,2
AnotherFnafShitPosts,2
dysautonomia,2
CastleTV,2
roasting,2
NYCtrees,2
excgarated,2
Supergirl,2
Gondola,2
CartoonMaskotKiller,2
spreadeagle,2
aviationmaintenance,2
LushCosmetics,2
GameShare,2
servicedogs,2
freiburg,2
CanadianInvestor,2
moderatelygranolamoms,2
DevelEire,2
FUCKDAVIDKING,2
meta,2
OzoneOfftopic,2
simacefiga,2
cfbmemes,2
maker,2
ONKPRDT,2
shitladytrollx,2
The_Donaldd,2
hondagrom,2
catbellies,2
gothsluts,2
bowhunting,2
KEEM,2
GifTournament,2
pchelp,2
genesiscoupe,2
thank_mr_skeltal,2
Pundertale,2
furryjerk,2
joomla,2
queenstown,2
BF360CLAN,2
PokemonGo_HongKong,2
bee_irl,2
shittyshowerthoughts,2
gilf,2
miband,2
mutt,2
ColumbiaMD,2
evangelionmemes,2
PiMasterRace,2
SecurityAnalysis,2
redstars,2
GoForGold,2
hsv,2
MiniDayZ,2
teenrelationships,2
Train_Service,2
sophieturner,2
PeanutButterGamer,2
punchablefaces2,2
TheHearth,2
PocketMortys,2
misogyny,2
MusicNews,2
tories,2
FantasyRP,2
99gamers2,2
telecaster,2
ClassicRock,2
AubreyPlaza,2
SupersRP,2
Walther,2
BadWelding,2
twilightimperium,2
StarWarsArmada,2
Norse,2
ElectricalEngineering,2
Vent,2
roll4it,2
MRW,2
ChristianGirls,2
Fire_Emblem_R34,2
toolporn,2
Psychic,2
lakeland,2
MSI,2
10pm,2
RiotFest,2
physicsjokes,2
maille,2
Pinup,2
BAbike,2
NoMansSkyCircleJerk,2
Invisible,2
Militariacollecting,2
CoilGore,2
COD_LFG,2
Sasquatch,2
ItalianOrJewish,2
Beck,2
transgenderau,2
kuilin,2
freetalklive,2
juggling,2
ModelCentralState,2
FreeCompliments,2
FatPeopleHate69,2
DreamFuck,2
SpecArt,2
GFRIEND,2
NBALiveMobileForums,2
KalelKittenSmith,2
GetFairShare,2
indieheadscirclejerk,2
nationalparks,2
Futureworldpowers,2
FatePrismaIllya,2
shadowwarrior,2
GuysFromBehind,2
akalimains,2
adidas,2
PublicHealthWatch,2
MNZGov,2
darknetmarketsOZ,2
Incest_Gifs,2
Instagram,2
JihadInFocus,2
CelticUnion,2
AskNOLA,2
EmmaStone,2
ObesityHealthConcern,2
QZ8501,2
copenhagen,2
dcuonline,2
FFXIVRECRUITMENT,2
Newsy,2
LoLCommunity,2
commandandconquer,2
CrunchBang,2
Carpentry,2
vapormax,2
vargas,2
OpIsAFag,2
Chameleons,2
politicalfactchecking,2
Stand,2
fossilid,2
playdreadnought,2
crustpunk,2
SMBCComics,2
lisp,2
DornerCase,2
RugsOnly,2
Lolicons,2
shaw,2
OperationTrebuchet,2
PoliticalModeration,2
MeleeFam,2
SRSQuestions,2
DIYGuns,2
VfBStuttgart,2
NewedgeMustang,2
HxHBattleAllStars,2
NYCapartments,2
magi,2
NarutoChroniclesRP,2
teamviewer,2
ambien,2
abudhabi,2
dresden,2
supersentai,2
CSUS,2
AzzizzisAdventures,2
Keller,2
HayDay,2
fivekingstournament,2
theeternalwar,2
SexWorkersOnly,2
mtgaltered,2
FA30plus,2
Dominos,2
freegames,2
MarketAnarchism,2
NSFW_Korea,2
drawme,2
bamabeer,2
slimerancher,2
bernesemountaindogs,2
GoTlinks,2
IndianFeminism,2
outercourse,2
fuckeatingdisorders,2
ModelNortheastState,2
camwhores,2
arkfactions,2
nextelderscrolls,2
SketchDaily,2
Homesteading,2
caving,2
nuclear,2
racinggames,2
foodscience,2
sunlesssea,2
LongboardBuilding,2
TimeShot,2
Harry_potter,2
XboxOneGamers,2
CasualMTG,2
NexusNewbies,2
BernieSanders,2
girlsdoingnerdythings,2
jayhawks,2
SolarCity,2
GOtrades,2
Breathless,2
ukguns,2
adventofcode,2
hellstarmicro,2
rollerderby,2
sphynx,2
rheumatoid,2
MCSRep,2
IndianFootball,2
FunWithFriends,2
Christian,2
rideottawa,2
manlove,2
snowmobiling,2
TreesSuckingAtThings,2
funnycharts,2
GuitarAmps,2
ColdWarPowersJerk,2
ModestDress,2
Nekomimi,2
whereisthis,2
Jawbone,2
councilofkarma,2
Foodnews,2
Diablo3XboxOne,2
gonecivil,2
EOOD,2
fantasyfb,2
MarksmanMains,2
ForgottenNews,2
WhatFeministsLookLike,2
casualgames,2
legal,2
UNCCharlotte,2
Bento,2
Fuckthealtright,2
BSD,2
hhmmroleplay,2
DignitasLoL,2
CrappyArt,2
AlexisRen,2
YesFap,2
wollongong,2
pussy,2
OneWordAtATimeJokes,2
psytrance,2
worldwhisky,2
Twokinds,2
Gunime,2
folkmetal,2
trollabot,2
coloradohikers,2
cockatiel,2
paydaytheheistmods,2
multihub,2
Punk_Rock,2
Cosmere,2
whichbike,2
live,2
JustsayNope,2
RequestABot,2
twitchplaysdark,2
obert_paulson,2
musicpics,2
aberoth,2
surgery,2
LoMTwilightTown,2
truecreepy,2
ELIActually5,2
GymMemes,2
Pegging,2
ShovelKnight,2
StrongCurves,2
papersplease,2
poeslawinaction,2
ModdingMC,2
USCivilWar,2
MetalGearPhilanthropy,2
discordian,2
Sexy,2
FTC,2
WomenOfColour,2
Lolita,2
TwoXGaming,2
blackcats,2
Anjelica_Ebbi,2
Delete_The_Donald,2
karibyron,2
logorequests,2
Korosensei,2
californication,2
FamilyJules7x,2
AdventureHeroes,2
sziget,2
OceanicTagPro,2
AlternateHistory,2
MCNN,2
SkincareAddictionUK,2
aikido,2
graphicnovels,2
LetsChat,2
AwakeStories,2
scifiwriting,2
nycbeer,2
whitecollar,2
CelebGfys,2
On_Playstation,2
ca_twitter,2
YayorNay,2
gonewildnegev,2
IconicImages,2
stuttgart,2
DalaranWoW,2
chipelago,2
DogeNews,2
saudiprince,2
SantaBarbara,2
Optics,2
IndianLeft,2
freebsd,2
nietdespeld,2
ClearwaterFl,2
OddlyArousing,2
TessaFowler,2
amathenedit,2
badgeography,2
ImagesOfColorado,2
CivAeon,2
lossprevention,2
BeingOnTheEdge,2
PopularOnYouTube,2
SmiteOceanic,2
cryptography,2
Colorado4Sanders,2
FrugalFemaleFashion,2
AnimalsWithoutNecks,2
Indivisible,2
NewJerseyforSanders,2
muselk,2
Chihuahua,2
conan,2
Offroad,2
kpopslumberparty,2
gggg,2
TForceNetwork,2
Gear4Sale,2
williamsburg,2
xsmallgirls,2
bikinibridge,2
infiniti,2
Terminator,2
RDDT7,2
NowYouReallySeeMe,2
Embroidery,2
wicro,2
FinalFantasyExplorers,2
FistfulOfFrags,2
Mackay,2
myst,2
pantheism,2
trump,2
ButtonAftermath,2
ModelAusSenate,2
learn_arabic,2
StrikeWitches,2
ANGEL,2
TellMeAFact,2
VideoPorn,2
psx,2
Luna_Lovewell,2
Otters,2
Zomboy,2
GroupOfNudeGirls,2
Monash,2
personajerk,2
CircleGrump,2
linux_devices,2
volcas,2
60fpsGamingGifs,2
funrun,2
FishingPlanet,2
swgemu,2
isaidyes,2
lbregs,2
MarvelUnlimited,2
industrialmusic,2
Fireyourselfforkarma,2
MTGVintage,2
PicatinnyPB,2
CapitalismFacts,2
Ferrari,2
TheCapitolClub,2
OneTrueTatsuya,2
SmogGB,2
GGAfterDark,2
Defcon,2
lampwork,2
TheSlashering,2
coupons,2
LuciusAA,2
neuro,2
trollfitness,2
HTML,2
vegetarianketo,2
fantasylife,2
hydro,2
FuckTammy,2
lookwhoimet,2
utopiatv,2
smogoncirclejerk,2
Femdom,2
adops,2
oik,2
FinalNewWorld,2
bandmembers,2
BatFacts,2
SpaceDandy,2
CreepyPM,2
gwcommentsonearthporn,2
MineGrumps,2
ISBL,2
anarchyonline,2
MODELUSGOVVERIFY,2
Shatter,2
RainbowSix,2
happyhardcore,2
fcbasel,2
yvonnestrahovski,2
DD_CircleJerk,2
avr,2
BIRDTEAMS,2
SympatheticMonsters,2
Bulges,2
MaymayZone,2
Shitty_Watercolour,2
trackertalk,2
HardFestival,2
NoAdmins,2
TheFrontBottoms,2
swarmsim,2
meme,2
rhythmparadise,2
painal,2
bees,2
homebuilt,2
UnderTheDome,2
austinjobs,2
plugdj,2
Anki,2
QuickerQuest,2
goodguyapps,2
UofArizona,2
magicmuggle,2
aviationpics,2
pansexual,2
CampArcadia,2
nope,2
gonewildaudio,2
NorwichCity,2
SlutJustice,2
thecrabfeast,2
AquaJail,2
VitaTV,2
CrackerTown,2
DesignJobs,2
MBundestag,2
ModelUSGovPress,2
Catholic,2
postprocessing,2
activewwe,2
BookCollecting,2
animalid,2
FAT32peoplehate,2
genetics,2
oneplusone,2
BadRPerStories,2
MasterOfAnal,2
adventism,2
waifuism,2
CounterStrikeBinds,2
FireflyOnline,2
tf2items,2
UMBC,2
ukraina,2
BungiePlease,2
tamrinm,2
rhps,2
ShitTrumpSays,2
LoLChampConcepts,2
asslick,2
cowboybebop,2
metalguitar,2
sexypizza,2
Zoids,2
quill18,2
mpapproval,2
monkslookingatbeer,2
Herblore,2
RussiansOnTheInternet,2
valuableconversation,2
BillAndPhil,2
consolequotes,2
FiveM,2
ValveNewsNetwork,2
Battlefield_4_Xbox360,2
BeardAdvice,2
AskMarketing,2
revenge,2
Ulyssesbucketlist,2
rustyrails,2
Sovereigncitizen,2
austinfood,2
BlackOps,2
Rammstein,2
Fazbearhub,2
TheVeneration,2
samuraijack,2
louisck,2
inboxrape,2
CommercialCuts,2
bahai,2
bestofTLDR,2
badcomputerscience,2
rorymcilroypgatour,2
wp7,2
Download3DSROMs,2
Gifts,2
scaredshitless,2
techtalktoday,2
bigbangcomics,2
BTIHF,2
Clojure,2
sfw_wtf,2
CaliforniaBeer,2
SoFuckable,2
WidescreenWallpaper,2
YogscastHannah,2
coversongs,2
Donald_Trump,2
TyrannyGame,2
ChurchofChie,2
isometric,2
ESOGuilds,2
PaydayTheHeistOnline,2
YogaPants,2
SpaceGifs,2
VegRecipes,2
TheGoodPlace,2
raggajungle,2
dashquest,2
goats,2
AlisonRosen,2
TotalDelve,2
Unclejokes,2
ShittyChangeMyView,2
BreakingBenjamin,2
marriagestrike,2
normalboots,2
theundisclosedpodcast,2
mildlydepressing,2
rondarousey,2
C710LORADO,2
texansFF,2
metalgear,2
altWP,2
CoD4,2
ShittyaskIcefrog,2
EBEs,2
ryerson,2
bikemessengers,2
project87,2
tuscaloosa,2
necropolis,2
ECR_Gaming,2
skylineporn,2
S7Edge,2
SteamBot,2
Gooners,2
oliviawilde,2
SteamBotMarket,2
Schizoid,2
IndiaMain,2
CoinBase,2
RX8,2
sad,2
KimmySchmidt,2
Occupy,2
whales,2
textureaday,2
outruncirclejerk,2
CBBuploads,2
fuckcoop,2
leftcommunism,2
PPC,2
explainlikeimjive,2
PublicFlashing,2
Worldprompts,2
MetaCancerSubDrama,2
stalkerwatch,2
VOIP,2
futureworldleaders,2
PetMice,2
sonamains,2
dunedin,2
MadeinChina,2
TACPodcast,2
OSUOnlineCS,2
RepublicOfAtheism,2
Kairosoft,2
HBONow,2
Euro2016,2
BmwTech,2
FNCY,2
Vulfpeck,2
SFV,2
newcastle,2
jacksepticeye,2
AbuseInterrupted,2
TYT,2
soccerbanners,2
AjaxAmsterdam,2
UnsentLetters,2
FrenchForeignLegion,2
bityard,2
NZTrees,2
ladispute,2
vegproblems,2
spacedicks,2
TrackMania,2
slashdiabloevents,2
CyberSleuth,2
FarCry4,2
gunnerkrigg,2
Acura,2
vapeitforward,2
deOhneRegeln,2
harmonica,2
12Monkeys,2
ModelAusHR,2
Makemeagif,2
Metalocalypse,2
happyendings,2
facedownassup,2
osuripple,2
motograndprix,2
jurassickingdoms,2
Justridingalong,2
socialanarchism,2
baconit,2
techn9ne,2
worldtoday,2
athensohio,2
TheRealBubba,2
FTSOfficial,2
OutlawCountry,2
Detroitcityfc,2
TrashyPorn,2
RapWars,2
clothdiaps,2
freebietalk,2
LifeIsFeudal,2
FenerbahceSK,2
WWFC,2
mathpics,2
asianbros,2
Argaming,2
slayone,2
paranatural,2
highrollersdnd,2
ytp,2
obamacare,2
Ficiverse,2
basement,2
HeroesAcademyReborn,2
TechnoProduction,2
FairShare,2
frederickmd,2
lcfc,2
HoMM,2
54thworldproblems,2
squiddlediddlers,2
savageworlds,2
cosplaybutts,2
WaywardPines,2
corona,2
espnyankees,2
PokemonGoSpoofing,2
vodka,2
NewWest,2
SCCA,2
MCSXbox,2
FFVIIRemake,2
Yemen,2
acne,2
Fatsoshop,2
baseballcards,2
MCAmbrosia,2
sentinelsmultiverse,2
BetterBitcoin,2
CougarsAndCubs,2
asianeats,2
VladimirMains,2
mildlysatisfying,2
dota2dadjokes,2
JukeboxTheGhost,2
TragicallyHip,2
computerforensics,2
assassinsofthebutton,2
HoverJunkers,2
IOPsychology,2
Halfbull,2
squirting,2
DarkSouls3JPN,2
wtfart,2
IronIslands,2
hotguyswithtattoos,2
scratch,2
Division,2
PlanetOfTheApes,2
amazingtits,2
IndianCinema,2
FacialFun,2
ModelWHPress,2
curiousvideos,2
subway,2
snapchatgeofilters,2
Wildlife,2
smoothsaves,2
LibertarianHumor,2
bodycam,2
subredditoftheday,2
Pokemonexchange,2
twerking,2
CastleStory,2
badatheism,2
CampNaNoWriMo,2
PokemonForAll,2
war,2
me_irl_neue,2
littlebritishcars,2
Psoriasis,2
fuxtaposition,2
greygoo,2
Battlefield_5,2
PokemonGoHouston,2
ModelSouthernState,2
ClassTV,2
BikeCammers,2
BackgroundArt,2
323552,2
Essex,2
PublicBoys,2
GAWMiners,2
TillSverige,2
MemesIRL,2
redhead,2
AlAnon,2
Marco_Rubio,2
cahideas,2
tablets,2
thebearchronicles,2
truecreepyPMs,2
CelebrityFeet,2
MontereyBay,2
nsfl,2
Runner5,2
bookporn,2
starblecch,2
CatSlaps,2
Psychopass,2
ASUS,2
nhlhutcirclejerk,2
Woodcarving,2
AwfulCommercials,2
bigasses,2
starrealms,2
illumineighti,2
CelebJOMaterial,2
universalstudios,2
slowpitch,2
hackernews,2
ZettaiRyouiki,2
TerraTech,2
BlocParty,2
Thinlydisguisedrants,2
WGI,2
tunnelsnakes,2
animegifsound,2
SmokerHate,2
Annoyedtobenude,2
ccnp,2
TPB,2
textventures,2
mormondialogue,2
Prismata,2
teso,2
Roleplay,2
BitchImATrain,2
AvatarPorn,2
gibberish,2
Arrowheads,2
Oscars,2
DrunkLego,2
Gatdeals,2
trans,2
themonsterkittens,2
Torontoevents,2
GalaxyS3,2
nxtwrestling,2
MegaManlounge,2
Upskirt,2
findapath,2
CraftyTrolls,2
powerball,2
TrollCooking,2
RedditTitans,2
pcicompliance,2
90sAlternative,2
anarchistpics,2
umanitoba,2
IIA,2
asl,2
AthleticWearPorn,2
SpideyMeme,2
mit,2
sync_alpha,2
ChicagoCirclejerk,2
whitepeople,2
CandyMakers,2
RedditorsRS,2
TimCanova,2
HSTrack,2
WTFAnarchy,2
roastmyride,2
falconbms,2
LoMMarket,2
rawcelebs,2
smashedconnections,2
spacesteading,2
warframeclanrecruit,2
Hoocoodanode,2
SteelCage,2
MHOCGE3VERIFY,2
FrugalWrist,2
PTOGaming,2
M1Rifles,2
MilitaryFinance,2
stevenwilson,2
TaydolfSwiftler,2
FootballGameFilm,2
curb,2
footballdownload,2
BO3PC,2
SleepyHollowTV,2
uncensorship,2
meta_me_irl,2
occupiedpalestine,2
ageofempires,2
MinecraftInventions,2
uCinci,2
sticker,2
chicagojobs,2
xenia,2
fortlauderdale,2
SneakerDeals,2
louie,2
swguilds,2
BaseBuildingGames,2
HTCVive,2
chronotrigger,2
xboxlive,2
redditdonate,2
Synesthesia,2
LeagueOfGiving,2
reynad,2
EuroTruck2,2
treesmovienight,2
ambientmusic,2
habitrpg,2
spartanrace,2
pathofdiablo,2
Jaxmains,2
Upvoted,2
tobuscus,2
3gun,2
mathpuzzles,2
haesisbullshit,2
Natalism,2
shittyconspiracy,2
accidentalrockwell,2
MMJ,2
computerhelp,2
csusm,2
BDS,2
storytellingvideos,2
learntodraw,2
dogshaming,2
hulaween,2
LibertarianLeft,2
perfect_response,2
NationalSocialism,2
randomsexygifs,2
StudentsforSanders,2
AthleticGirls,2
FilthyGirls,2
INeedAName,2
cleavage,2
ImpracticalJokers,2
CordKillers,2
nycpics,2
Umphreys,2
transistor,2
respiratorytherapy,2
atletico,2
DidYouKnowGaming,2
pickuplines,2
harvestmoon,2
csun,2
TotalReddit,2
tycoon,2
DJSetups,2
KawaiiMetal,2
Shenmue,2
AussieHipHop,2
torontobiking,2
communists,2
SelfiesWithGlasses,2
uofu,2
SnowTheGame,2
300zx,2
GenerationGap,2
Maher,2
LGBTyranny,2
CivCommonwealth,2
sensor,2
RetardedGirlfriend,2
DickButt,2
TronScript,2
AMFAD,2
SCBackstage,2
WindowsMasterRace,2
TheAffairTV,2
AmazingTechnology,2
readit,2
MHoCCivilWar,2
Splintercell,2
Afwcomics,2
PINAC,2
McLounge,2
ChubbyDudes,2
Africa,2
mtgtrades,2
SMITEOdyssey,2
DougStanhope,2
notsafeforweiss,2
QuinnMains,2
TributeMe,2
TrueClash,2
dustin,2
RegularRevenge,2
Infect,2
okeechobeemusicfest,2
Rammus,2
TheDollop,2
facts,2
democracy,2
vegaslocals,2
SamandTolki,2
AntiJakes,2
Halo4,2
F35Lightning,2
confusing_perspective,2
ARCARacing,2
swrpg,2
gonewildcouples,2
MakEnts,2
Hyundai,2
AceOfSpades,2
tasmania,2
badliterature,2
Temple,2
shorthairchicks,2
londonbuses,2
UnnecessaryCensorship,2
bergecraft,2
ShitJadenSays,2
transformice,2
fordfusion,2
TampaBayRowdies,2
WQHD_Wallpaper,2
projectcars,2
Pokemonzotrades,2
cagonewild,2
psat,2
Afternight,2
weirdwikihow,2
hugefutanari,2
ThemeParkitect,2
StopGaming,2
Songwriting,2
LearnCSGO,2
wsw,2
womenofcolorXXX,2
writers,2
dontyouknowwhoiam,2
gigabytegaming,2
geraffesaresodumb,2
finalcutpro,2
LimitedHangouts,2
gameofbands,2
redhat,2
redrising,2
IncestGifs,2
CumFromAnal,2
k12sysadmin,2
gifsgonewild,2
BeautyDiagrams,2
KISS,2
nsfw2,2
TLCsisterwives,2
RSPS,2
zookeeperbattle,2
GirlsXBattle,2
hiddenwow,2
MaryElizabethWinstead,2
tommync2010,2
finalfantasyx,2
elm,2
NotSafeForNature,2
askfuneraldirectors,2
Tobacco,2
BostonU,2
GravesMains,2
Hyejeong,2
Ubiquiti,2
99percentinvisible,2
ChicagoSuburbs,2
harlemshake,2
Thetruthishere,2
BattlefieldLFG,2
Phillyriders,2
watamote,2
gayporn,2
nasalsnuff,2
Tak,2
ExCons,2
britishmilitary,2
Stuffers,2
ContestOfChampionsLFG,2
fashion,2
BigotryShowcase,2
DestinyItemManager,2
playrustadmin,2
antiwar,2
WillaHolland,2
LineageEternal,2
boatbuilding,2
Busking,2
RaceTrackDesigns,2
Salvia,2
OurFlatWorld,2
nofx,2
EVGA,2
ImaginaryCityscapes,2
CarrotCraft,2
TalesofPrivilege,2
dogelympics,2
funnyphilosophy,2
whooties,2
xbocf,2
lostarkgame,2
Tufts,2
Gamebattles,2
AskHR,2
shittysuperpowers,2
environmental_science,2
reptrader,2
CreateYourOwnCountry,2
GoogleAllo,2
SanDiegan,2
wacom,2
Axecraft,2
holdmycatnip,2
genderotica,2
fragsplits,2
ACDC,2
Scarrapics,2
Stock_Picks,2
rMotoGPracing,2
UnidanFans,2
PLCB,2
AustinBeer,2
PercyJackson,2
wholesomegifs,2
corvallis,2
LNCVerify,2
arkhamhorrorlcg,2
pcmusic,2
RealLifeShinies,2
DevinTownsend,2
brighton,2
fuckfelicity,2
ncpolitics,2
AtlasReactor,2
Inkmaster,2
TalesFromYourBarista,2
DecemberBumps2016,2
paloaltonetworks,2
BrisbaneRoar,2
Muppets,2
freethinkers,2
theescapists,2
ASOUE,2
dogecoinbeg,2
Movie_Club,2
MurderedByWords,2
Roleplaykik,2
GuiltyPleasureMusic,2
siberianhusky,2
medschool,2
WanderOverYonder,2
neuroscience,2
Legomarket,2
dubtrack,2
VinylReleases,2
classictrucks,2
RidersofIcarus,2
Waterfowl,2
wotcirclejerk,2
RedEye,2
nbl,2
Smartphones,2
castit,2
wheelbuild,2
FantasyWarTactics,2
toiletviews,2
partymusic,2
TRADE,2
glassanimals,2
Getdownmrpresident,2
NorthKoreaPics,2
Motorcyclecrash,2
FacebookCleavage,2
unexpectedmusic,2
isp,2
RebelGalaxy,2
XXXTENTACION,2
ensemblestars,2
skulls,2
PartyParrot,2
Eder,2
algotrading,2
NarutoFanfiction,2
YeezyOrDie,2
soundsaboutright,2
CommanderHolly,2
SubSanctuary,2
smashbrosonline,2
agitation,2
Opeth,2
Novus,2
WincestTexts,2
specializedtools,2
kelowna,2
NakedProgress,2
TexasTech,2
survivorzero,2
HotPepperGaming,2
TheOddAdventures,2
GAGuns,2
PokemonGoSanJose,2
SuicideSquad,2
futurebass,2
ImagesOfNewYork,2
luchaunderground,2
maddenmobilebuysell,2
kol,2
AVoid5,2
theroom,2
RayDonovan,2
simps,2
starwarscomics,2
NYrap,2
tarot,2
ScienceFacts,2
IDmydog,2
schnauzers,2
weirdal,2
carscirclejerk,2
MinecraftCirclejerk,2
internationalpolitics,2
soulwax,2
MusicEd,2
uhccirclejerk,2
Hillary,2
stanford,2
InstrumentPorn,2
gaycruising,2
BFGArmada,2
botwatch,2
longstabbything,2
Political_Bullshit,2
amipretty,2
whatsthatbook,2
EnterShikari,2
Gatineau,2
halotrading,2
TaylorSwiftBreasts,2
EncyclopaediaAuraxia,2
DieAntwoord,2
Dredmor,2
mueflair,2
IndiansGoneWild,2
Motivatinggiraffe,2
Deskbots,2
gnomoria,2
forestry,2
MyNintendo,2
OnwardVR,2
jennettemccurdy,2
amarillo,2
StateOfTheUnion,2
malcolminthemiddle,2
Demonoid,2
poledancing,2
3dsmax,2
bannedfromanime_irl,2
Seaofthieves,2
fakealbumcovers,2
Oman,2
Millbee,2
CrystalGemRP,2
pokies,2
wls,2
Pomeranians,2
Gunnm,2
bestofboston,2
Rifftrax,2
totalwarhammer,2
RELGman,2
CONSLUTING,2
Madrid,2
HireaWriter,2
eegras,2
TheGreatWarChannel,2
meraki,2
abandoned,2
FFXIVGlamours,2
elliottsmith,2
chvrches,2
SummerScavengerHunt,2
Nextbit,2
kicksmarket,2
upvoteexeggutor,2
Page3Glamour,2
HQRG,2
HighResNSFW,2
gaaaaaaayyyyyyyyyyyy,2
ELATeachers,2
Elvis,2
JetSetRadio,2
boats,2
terracehouse,2
InternetHitlers,2
ifttt,2
HealthyFood,2
freedommobile,2
Sherri_Papini,2
LuigiDeathStares,2
Christians,2
minimalism_jerk,2
almostrealpolitics,2
lesecretsubreddit,2
drugmemes,2
drunkvapes,2
BotanicalPorn,2
pestcontrol,2
duck,2
PoliticalRevolutionAZ,2
tedtalks,2
MobileLegendsBB,2
valiant,2
Engadget,2
vivaldibrowser,2
PMclub,2
TorontoMarlies,2
futbolmx,2
GMOFacts,2
WoTmod,2
AltspaceVR,2
Stellacracy,2
indiacc,2
Fijian,2
hsxc,2
outhere,2
MotoLA,2
Geraldton,2
Nexusography,2
SaintJohnNB,2
Autocross,2
rpdrtearanny,2
MedievalThings,2
doublespeakblackcoat,2
mormoncringe,2
AhriMains,2
thelastpsychiatrist,2
teksavvy,2
juggalo,2
sex_comics,2
goldenknights,2
news_etc,2
DirtyJokes,2
WhereAreTheFeminists,2
ncbeer,2
MadeOfStyrofoam,2
DessertPorn,2
pocketsand,2
creampies,2
xmrtrader,2
MPSelectMiniOwners,2
animenews,2
schmoesknow,2
Corsair,2
APUSH,2
GhostAdventures,2
rdtclan,2
Warships,2
shyvanamains,2
footballhighlights,2
pdxgunnuts,2
FoggyPics,2
HomeKit,2
Augur,2
gaysian,2
HealthInsurance,2
Incel,2
angry,2
nerdtattoos,2
anarchocapitalism,2
NoGameNoLife,2
breakawayminyan,2
wwiipics,2
SymmetraMains,2
babybigcatgifs,2
Pikmin,2
KIC8462852,2
Cairns,2
LatinasGW,2
ActualWomen,2
askpsychology,2
Glitchhop,2
KGATLW,2
interesting,2
theXeffect,2
Idliketobeatree,2
engineteststands,2
eden,2
blackcoin,2
3Dmodeling,2
IslamicState,2
ForeverAloneDating,2
FullMetalGunnit,2
nanomusheens,2
doublespeakhysteric,2
Slycooper,2
KHUx,2
Sorosforprison,2
ThePeoplesRCigars,2
drumline,2
wildlifephotography,2
TownOfSalem,2
botany,2
xxxcaptions,2
Erie,2
MaddenCC,2
netsecstudents,2
GirlswithBodypaint,2
rawpetfood,2
Overwatch_Memes,2
MDT,2
HomeServer,2
CompetitiveMinecraft,2
gonenatural,2
KatarinaMains,2
OsirisNewDawn,2
sissyhypno,2
OnHub,2
FilmIndustryLA,2
beercanada,2
aoe3,2
NCIS,2
notebooks,2
heck,2
DeliciousTraps,2
AgainstAllArchons,2
pcmasterrac,2
Breath_of_the_Wild,2
AMD_Stock,2
esp8266,2
throatpies,2
ketamine,2
redditdotcom,2
RedEnsign,2
mlem,2
motivation,2
Paul,2
Workbenches,2
futuregarage,2
rfactor2,2
Goldendoodles,2
lactation,2
CastRecordings,2
BoltEV,2
metametacirclejerk,2
quilting,2
doublespeaklockstep,2
R3VOLUTION,2
denverfood,2
O_Faces,2
lukecage,2
VaingloryLeaks,2
westtoo,2
OCPoetry,2
limitless,2
becomeaman,2
ImaginaryBeasts,2
fullstalinism,2
psbattleroyale,2
FullScorpion,2
minasminas,2
YouGotTold,2
monsterdongs,2
CivVI,2
Crouton,2
bulletjournal,2
firstamendment,2
shironeko,2
Subliminal,2
PokemonGoBrisbane,2
The_Asylum,2
Blogging,2
CanIRunThisGame,2
SJWstories,2
earnhoney,2
subbie,2
dji,2
AcousticGuitar,2
InternetAMA,2
Catacombs,2
0x10c,2
HamRadio,2
secondlife,2
EarthlingPorn,2
ruralporn,2
bearsdoinghumanthings,2
japanesemusic,2
Kevin,2
HamptonRoadsPoGo,2
transformation,2
justiceleague,2
jordan,2
sewhelp,2
insidethefridge,2
kachow,2
teachinginkorea,2
tinycode,2
Innokin,2
RedditCensorship,2
Shaboozey,2
BlueMidterm2018,2
WYTTD,2
RedDeer,2
CrackTheClue,2
portfolios,2
DDWRT,2
VinylDeals,2
sticknpokes,2
Romney,2
FinalFantasy15,2
perlediritaly,2
DianaMains,2
maths,2
NSFW_Japan,2
AdventureTheory,2
RedPillWives,2
wien,2
PixelArtNSFW,2
irishpolitics,2
gentlemangabers,2
scion,2
haiku,2
vine,2
MistressAmberFans,2
ClassyPornstars,2
ram_trucks,2
SSX,2
AfterLodge,2
Jessica_nigri,2
physicaltherapy,2
theratio,2
SexyFrex,2
GGLoL,2
BillyJoel,2
pewdiepie,2
fittings,2
guildwars2funny,2
streetfoodartists,2
FordDiesels,2
PhysicsStudents,2
ThePlayroom,2
HHN,2
ADTR,2
TwoSentenceHorror,2
TexasGuns,2
freecitiesgame,2
cutenoobs,2
londoncycling,2
spacesimgames,2
stobuilds,2
continuityporn,2
Pottermore,2
DirtySionMains,2
swdestiny,2
prepping,2
Wonder5Masters,2
Diablo2Resurgence,2
Darts,2
karmawhore,2
redditnow,2
JoshuaTree,2
customization,2
redditguild,2
gtamarketplace,2
hipsterracism,2
sfwtrees,2
FnafCringeTale,2
H3VR,2
ich_iel,2
almostperfectloops,2
LegionOfSkanks,2
PAWGtastic,2
flytying,2
Grumpers,2
afinil,2
invaderzim,2
H1Z1KOTK,2
trump_MAGA,2
LinusFaces,2
mousehunt,2
radio,2
EmoScreamo,2
shittychangelog,2
NeutralTalk,2
love,2
skinwalkers,2
TimTheTatMan,2
TomorrowChildrenPS4,2
typemoon,2
Charadefensesquad,2
FreckledGirls,2
PokemonGoKW,2
ModelUSMeta,2
MirandaKerr,2
bestofcollege,2
avocadosgonewild,2
GSP_Photos,2
Draven,2
EndlessSpace,2
cheapcsgotrading,2
PoppyTea,2
icecoast,2
Challenger,2
audible,2
ConanTravels,2
OnBenchNow,2
cablegore,2
whimsicalkitten,2
SmiteDuel,2
PokemonGoKC,2
ElitePatreus,2
boobgifs,2
appstate,2
Bayer04,2
AppEngine,2
MechanicalEngineering,2
Affiliatemarketing,2
magicrush,2
SaultSteMarie,2
RatRod,2
altcoin,2
GetEmployed,2
BodyAcceptance,2
yokaitrade,2
PolishGauntlet,2
EHM,2
redditdev,2
DivinityOriginalSin2,2
Charger,2
BadMensAnatomy,2
DDDJDD,2
gunz,2
WorldOfFinalFantasy,2
rubberducks,2
hbo,2
bioniclememes,2
musclecar,2
MathJokes,2
uBlockOrigin,2
GettingShredded,2
askmath,2
learnjava,2
shittysteamreviews,2
castlevania,2
gifsthatendtoospoon,2
NBAlounge,2
wireless,2
ArtistLounge,2
ShaqHoldingThings,2
swift,2
badreligion,2
DebbieForPresident,2
nbn,2
BreastExpansion,2
inFAMOUSRP,2
SoulCalibur,2
TheBeatles,2
ANW,2
WheelchairJimmy,2
MCNext,2
Canning,2
shittyTESlore,2
tourdefrance,2
centralmich,2
ETCshow,2
computergraphics,2
AoTRP,2
NurseJoyProject,2
StarlightStage,2
CulinaryPlating,2
shubreddit,2
vintagecomputing,2
F1CircleJerk,2
MarioMains,2
JobFair,2
ThisIsOurMusic,2
yaoi,2
NarcolepticNarwhal,2
League_Of_Legends_,2
WhatsMyIdeology,2
bears,2
TheLosSantosAliens,2
dragonvale,2
lulumains,2
ReddETDev,2
GWABackstage,2
OneTruthPrevails,2
Gonewild18,2
HighQualityReloads,2
Dyslexia,2
pokemongosacramento,2
mrmemes,2
boatporn,2
SMITEUncensored,2
rpghorrorstories,2
mikrotik,2
ibs,2
WireWrapping,2
Fayettenam,2
Crainn,2
egalitarian,2
quoteporn,2
RadicalChristianity,2
shakespeare,2
BanjoKazooie,2
selfhelp,2
seasteading,2
kaceytron,2
AVGN,2
ECR_UK,2
WCPW,2
ADHS,2
catreactiongifs,2
Brrrrrrrrrrrrrrrrt,2
tucker_carlson,2
wastelandweekend,2
MS804,2
warlizard,2
oldmaps,2
mormondebate,2
fbody,2
flash,2
AlphaBay,2
alaskanbushpeople,2
shuffle,2
Overwatch_ARG,2
barroomheroes,2
PoliticalVideos,2
csgodouble,2
DRKCoin,2
HighMileageHoles,2
Lansdale,2
cruisers,2
legaladviceofftopic,2
blacksabbath,2
Tendies,2
Summit1G,2
MensRightsMeta,2
modeveryone,2
matrix,2
smashAMAs,2
Nike,2
signupsforpay,2
wesanderson,2
bustedcarbon,2
piratesofthecaribbean,2
Exmo_Spirituality,2
RiseUPP,2
alexandradaddario,2
shelfporn,2
antarctica,2
originalxbox,2
estimation,2
sennheiser,2
infinityblade,2
Nsfw_Amateurs,2
PokeScanner,2
otomegames,2
starcraft2_class,2
christinagrimmie,2
pokemonbattles,2
redditgetsdrawnbadly,2
Rogers,2
jackrussellterrier,2
powerbuilding,2
HalfLife3,2
nocturnemains,2
ImagesOfCanada,2
AClashOfKings,2
dungeonrealms,2
tytonreddit,2
ilstu,2
cutekorean,2
catvideos,2
highschool,2
Swissosugame,2
quizzyBot,2
billsimmons,2
TruthOrDareMe,2
MCPEfamily,2
LARP,2
NonZeroDay,2
minnesotapolitics,2
G101SafeHaven,2
PokemonGoNashville,2
asoiafpowers,2
garden_maintenance,2
MySummerCar,2
TOtrees,2
zeroescapecirclejerk,2
HockeyWagers,2
arlington,2
sunbelt,2
SilphRoadMidwest,2
nonononoyesno,2
annamasterrace,2
DeepSpaceNine,2
RedditBandits,2
Ghostbc,2
ScammerSubLounge,2
FallOutBoy,2
cutegirlgifs,2
FirstNameBasis,2
duckduckgo,2
bodybuildingpics,2
CounterStrikeStrats,2
DonaldTrumpSucks,2
TeamEnVyUs,2
Salojin,2
XXXcitedBrunette,2
SubredditAnalysis,2
beef_flaps,2
Illustration,2
AnimalsBeingConfused,2
TransMLP,2
VisitingIceland,2
ColumbiYEAH,2
gumball,2
ninjawarrior,2
Zombidle,2
milano,2
ClassicOffensive,2
halospv3,2
duelofchampions,2
CollectiveIntelGroup,2
mylittlealcoholic,2
JudgeMyAccent,2
androidtablets,2
Tayne,2
mining,2
StateOfDecay,2
DeepGreenResistance,2
Boxer,2
princeton,2
braswap,1
E_Cigarette,1
management,1
koningsdag,1
UKBiscuits,1
adelaidefc,1
bodyboarding,1
Towns,1
kundalini,1
fffffffuuuuuuuuuuuud,1
SRSWorldProblems,1
mugen,1
CinnamonDE,1
ruleastwokings,1
cerpen,1
sbreddit,1
ECTO,1
loldads,1
foreskin,1
hugeboobvideos,1
BasketballTips,1
GoldenPig,1
QuarkCoin,1
CBRModelWorldCongress,1
ReversedGIFS,1
MildlyMetal,1
WTFBible,1
airsoftcirclejerk,1
c137,1
GayDaddiesVideos,1
ArkieOutdoors,1
Rolla,1
RenaissanceSMP,1
minimal,1
TrueOtherkin,1
BadCGI,1
southernillinois,1
holidaybullshit,1
decred,1
DrWhoLegacy,1
properanatomy,1
TheCloneWars,1
Battletops,1
oracle,1
NeilPatrickHarris,1
FCFeathercoinMining,1
NoSleepSleuths,1
carmodification,1
FLGuns,1
Humboldt,1
1200isplentyketo,1
TrinidadandTobago,1
Endo,1
PoliceBox,1
smashsisters,1
pilots,1
addiction,1
ents,1
WNOD,1
FreedomWars,1
realNFL,1
pizzajerk,1
BHMGoneWild,1
IndustrialWorldPowers,1
Cichlid,1
ManHands,1
ageofishtaria,1
techabominations,1
chicksinhockeyjerseys,1
roacirclejerk,1
DetailCraft,1
ps3bc2,1
FUELRacingLeague,1
Gliding,1
assinthong,1
IElangs,1
davidr64yt,1
mainecoons,1
Ethics,1
JustBroThings,1
LadyMRAs,1
Drozana,1
DiasporaBSG,1
GCtrade,1
Freddys,1
cs50,1
NoPrabowo,1
SuperTotalDrama,1
CarsAustralia,1
lizgillies,1
NonBinary,1
calligraffiti,1
ns2,1
fanobet,1
novacars,1
Space_Colonization,1
closeup,1
AuroraCase,1
Brogres,1
Essassani,1
audiorepair,1
tubgirlstories,1
fyreteams,1
RandomActsOfNSFW,1
WorstAdviceEVER,1
HBL,1
guildrecruitment,1
DavysAcidWhiskeyRoom,1
LeftHanging,1
ParallelView,1
raspberrypi,1
drivermacgyver,1
StonerCringe,1
unexpectedoutcome,1
senrankagura,1
pressurewashing,1
Shaiya,1
streetart,1
UNC,1
MintCoin,1
scribblenauts,1
Methadone,1
guessthegender,1
KurokosBasketball,1
OWLCITY,1
OlympicEvents,1
trueprolife,1
breakcore,1
IndieGameBundles,1
AltWorldPowers,1
OppaiLove,1
redditstrike,1
SR71,1
neutralmilkhotel,1
stoneduniverse,1
werewolves,1
SantaFe,1
turnfm,1
orilla,1
StressLevelZero,1
sweetjustice,1
WesterosRPCommunity,1
Bowyer,1
TowerThoughts,1
kag,1
AdultChildren,1
petfree,1
Pflugerville,1
WVU,1
SurrealGifs,1
Pendulum,1
wowstrat,1
catsvstechnology,1
libs,1
FictionalPowers,1
rct3,1
christinahendricks,1
wargamingtables,1
MLPvids,1
cat_girls,1
modelusgovdebate,1
fallout_shelter,1
JaxBrew,1
juxtaposition,1
funk,1
dishwashers,1
GoTRPcommunity,1
helpmebuildapc,1
UTEP,1
cargame,1
The_Dvls_Advocate,1
BAMT,1
POCLadyBoners,1
telescopes,1
SocialismFacts,1
SRSSkeptic,1
LONESTAR,1
FredditAdventure,1
brainsgonewild,1
sexygirls,1
CaminoDeSantiago,1
Adirondacks,1
tmux,1
TheChurchOfRogers,1
Belfast,1
AlreadyRed,1
MotivaShian,1
WoahPoon,1
memegamitensei,1
doalerphobic,1
belleville,1
cabins,1
Web_Development,1
FatPeopleLogic,1
ZeroSuitSamusMains,1
assasinscreed,1
OITNB,1
steamfriend,1
FuckGoogle,1
PlusSize,1
saintcloud,1
TransgenderReport,1
Groningen,1
USAFA,1
civcrafter,1
mozilla,1
ih8thom,1
gonegonegonetron,1
Winchester,1
Halestorm,1
brunette,1
ShrekSuperSlam,1
SanAntonioEnts,1
trillek,1
SpaceNewsBot,1
pogobat,1
bigbrotherthegame,1
hackers,1
TheStopGirl,1
Namecoin,1
outbackjesus,1
ChicagoPD,1
nataliapoklonskaya,1
bostonboardgames,1
DelawarePolitics,1
assholes,1
Metaphysics,1
JRITSlounge,1
MotionDesign,1
homechemistry,1
fullcartoonsonyoutube,1
TorDay,1
deepseacreatures,1
folgertech,1
fatpeoplelove,1
7CitiesOfGold,1
ashleymadisonhack,1
PvMvT,1
LiturgicalMusic,1
relaxation,1
AbraxasMarket,1
theatheistpig,1
Celtic,1
und,1
UsenetInvites,1
Shredders,1
GTAPhotography,1
MUSGOV,1
SierraCollege,1
justbronythings,1
DarkEcho,1
keyboardcirclejerk,1
Alex,1
AmiiboMichigan,1
infamous,1
karmacidewatch,1
photogains,1
telaviv,1
Samplehunters,1
AmiiboStacking,1
cube1916,1
BooVSp1,1
Spider_Man,1
TeamAvo,1
colbertreport,1
farcry3,1
PCSleeving,1
FFMods,1
HitmanAbsolution,1
megalophobia,1
newtrier,1
gfycat,1
bookbinding,1
pencils,1
MysteryLittleLiars,1
Bestiality,1
NeuroFunk,1
powdermage,1
texasbeer,1
pokego,1
UKhistory,1
rarslash,1
Jerkies2011,1
chrultrabook,1
AlleleCraft,1
Slackline,1
Roll20,1
philmont,1
imaginarycosmere,1
NYguns,1
SandcastleBuilder,1
Ishalflife3outyet,1
TRWN,1
Maddenccred,1
captionthis,1
winterporn,1
supersmashbros,1
moneylaundering,1
conspirators,1
ClairvoyantPickEm,1
Jekyll,1
TheHoneyFuckles,1
Undertem,1
food2,1
YoshiMains,1
heatfantasybasketball,1
argueme,1
CFBHC,1
GeoLibertarianism,1
blackgirls,1
LandRover,1
Islam_v_Atheism,1
VTCC,1
philosopherproblems,1
veganfitness,1
Spartacus_TV,1
GMONews,1
MortalEngines,1
farscape,1
SocialJusticeTales,1
DailyMail,1
Friendzone,1
kannada,1
airplanes,1
bayareagraffiti,1
NZpodcast,1
CallForMe,1
adele,1
ArchivePorn,1
DucksCirclejerk,1
RedditInsider,1
TheTerminal,1
DragonsFuckingDragons,1
HAESSuccessStories,1
WhatTheFanfic,1
YouretheworstFX,1
Tibia,1
kauai,1
amateurcumsluts,1
whenyouseeit,1
Chromalore,1
SoccerDesign,1
WTF_For_Real,1
StandUpSpecials,1
tahoe,1
Troll4Troll,1
Keybase,1
weareGTA,1
Nichijou,1
MotorcyclePorn,1
SouthCarolinaAmiibros,1
acdcgamer_dev,1
MathHelp,1
paydaybuilds,1
gayyoungold,1
HardBoltOns,1
proper,1
teammelli,1
duckgame,1
UofO,1
LDS_vs_ExMormon,1
HBD,1
AskMeAnything,1
AdvancedAzrielAngel,1
RBNImages,1
DungeonPrompt,1
Hawaii50,1
signmakers,1
ShittyQuotesPorn,1
morrissey,1
omnisregion,1
JennaFischer,1
iPadProMasterRace,1
ProjectHome,1
HolonUni,1
venting,1
Alien_Theory,1
Scoobydoo,1
Sabermetrics,1
circ1ejerk,1
SpaceVideos,1
montypython,1
Wellthatsamazing,1
xna,1
enail,1
RedditFlow,1
starcraft_strategy,1
code,1
SoakOff,1
DentonClassifieds,1
occupylosangeles,1
gloriouspcmasterrace,1
amd2,1
tis100,1
MenWithToys,1
BunniesStandingUp,1
Marxism,1
Graceland,1
DIYGear,1
privatestudyrooms,1
GoonmodSkins,1
dragonrealms,1
BiereQc,1
TrumpForPresident,1
TheUnderhang,1
againstTumblrInAction,1
Duck_Dynasty,1
ArizonaForSanders,1
TheNthApple,1
StamfordCT,1
Team8,1
hookahcirclejerk,1
petsfree,1
4Runner_1stGen,1
PitMains,1
bakedart,1
ShitFappens,1
ditavonteese,1
LasVegasGaymers,1
popflash,1
SocialistBooks,1
NotUltimateGuitar,1
rcw,1
NBLCreative,1
GloomyPhotos,1
LookImAFirefighter,1
AgriculturePorn,1
Gin,1
HTT,1
actuallyfunny,1
ipod,1
mutualism,1
axolotls,1
moddergearsolid,1
Fidlar,1
CanineMajesty,1
dillonfrancis,1
york,1
ellory,1
Knightsofthebutton,1
FordExplorer,1
CanadianPolitics,1
TheANA,1
scheme,1
AndroidUsers,1
MildlyRacist,1
socalhiking,1
macbook,1
HardcoreSMP,1
TeachingUK,1
SCHLAND,1
smashthoughts,1
beforesandafters,1
GlobalWarming,1
SportsPorn,1
BoulderCityGaymers,1
GTAMarket,1
PM_ME_YOUR_TITS_GIRL,1
ourleague,1
santaclara,1
BmoreMoto,1
ClashAbsinthe,1
AshVsEvilDead,1
footballhotties,1
jessicabiel,1
Delco,1
IntenseBDSM,1
aviationgifs,1
UnitConvert,1
SubGenius,1
TheHound,1
chronianuit,1
ghowden,1
WSGuilds,1
PSO,1
stwnhms15ya,1
KingstonOntario,1
wat,1
majorasmask,1
theverge,1
DebateLiberalism,1
SRSLiberty,1
TheOhmwrecker,1
askreddit2,1
UnrealGirls,1
Rythian,1
IdBuyThatForADollar,1
petpeeve,1
MayDayGeneralAssembly,1
AskProgrammers,1
MOAU,1
criticaldesign,1
SocraticChristianity,1
ipadmini,1
modpeoplehate,1
BrynCity,1
Redbox,1
WarThunderRDDTWing,1
plastic,1
EstadoNovoTest,1
wacken,1
KawaiiDarkSouls,1
ImmigrationCanada,1
enf,1
eindhoven,1
FederalNavy,1
PicsOfHorseDicks,1
NewPorkCity,1
SummerGlau,1
openttd,1
loremasters,1
BehaviorismCirclejerk,1
StopBullyingComics,1
CODCIRCLEJERK,1
Blancpain,1
crayonpop,1
hawkthorne,1
csgogifts,1
rageart,1
NRLcowboys,1
DownBra,1
immigration,1
SouthgateMinions,1
ColonyWorldRP,1
SealsWithClubs,1
tvportalapp,1
SUPAHOTCREW,1
NeutralClan,1
awesomesaucephil,1
prograrticles,1
ShittyAskFitness,1
afrikaans,1
WinMyArgument,1
KillYourConsole,1
WinPhoneCirclejerk,1
trigger,1
UNAgenda21,1
cfbrecruiting,1
Venue8Pro,1
tdl,1
CivAgora,1
Eragon,1
i2p,1
SteveHuffman,1
JSG,1
THEPOTATOR,1
experimentalheavynode,1
VineyardCommunity,1
RippedLowerGarments,1
bemidji,1
jetta,1
PurelyVanilla,1
vintj,1
SHSU,1
ellenpage,1
atlantar4r,1
Watch4K,1
IrishInUK,1
merlinbbc,1
confederategirls,1
Homefront,1
iphonewallpapers,1
girlsdoingstuffnaked,1
iemulators,1
fashionbts,1
LeftHandPath,1
PhxClassWarCouncil,1
NHL15,1
initiald,1
trpgame,1
reclaimedbynature,1
ragecenter,1
HipHopCanada,1
credditMWO,1
SkimThat,1
ClassicBaseball,1
MidAmerican,1
SimulantCirclejerk,1
pittsports,1
TransSupport,1
twitless,1
BJD,1
etherealgates,1
GhettoJerk,1
toyexchangefeedback,1
cutekids,1
Moescape,1
EchoesOfEternea,1
MajorLazer,1
KeyandPeele,1
changetip,1
beginnersguide,1
rainbowbar,1
NailArt,1
SRSMen,1
shittyaskscifi,1
ShittyMusicOverlays,1
singwithme,1
treecaching,1
Bestof2011,1
itwillstayblue,1
BlackHairedGirls,1
Laina,1
wrongnumber,1
UndergroundKingz,1
redditnotes,1
bugs,1
stairescraft,1
MotorcycleHate,1
mountainview,1
RepublicOfGaming,1
MS_Paint_Doodles,1
TreesFortress2,1
roll20LFG,1
athesim,1
VictorianSluts,1
cuddlebuddies,1
BoneandStone,1
IUBB,1
ChargeYourPhone,1
TSSCC,1
EducatingReddit,1
a6theism10,1
wreckedrdt,1
shitfits,1
Dalhousie,1
BoyScouts,1
sexting,1
MedievalRust,1
TCSBeerMeetup,1
InCaseYouMissedIt,1
TotalWarArena,1
IsJewBoyMarriedYet,1
idiocracy,1
horseracing,1
PacificNorthwest,1
cutouts,1
GOPfightingfor,1
Mulaney,1
FULLCAPITALISM,1
Funnypics,1
JadeHelm,1
miela,1
RunnerHub,1
TheRedPillCirclejerk,1
Soundgarden,1
IrishHistory,1
QuadCities,1
mongodb,1
scpcontainmentbreach,1
zoidberg,1
LinkMains,1
phineasandferb,1
fuckingphilosophy,1
Hydro_Cannon,1
TDR2015,1
SauceForScience,1
Guadalajara,1
CivStrategy,1
cobaltcss,1
UsabilityHub,1
BeautifulFemales,1
passtheparagraph,1
BeavisAndButthead,1
PartyDown,1
Cinephiles,1
FNAY,1
FNaFBFangames,1
mctourney,1
technawwlogy,1
doublespeakclique,1
VGA,1
Microcenterproxy,1
TodayIWon,1
Ceramics,1
protest_the_hero,1
psychologyofsex,1
DisneyDolls,1
Geocentrism,1
sots,1
zombiemanic,1
Sysadminhumor,1
GTI,1
nsfwcelebs,1
microsoftsoftwareswap,1
TwoXADHD,1
treatemright,1
InvestmentClub,1
SmashConnect,1
Fantasy_Bookclub,1
veghumor,1
demsocialist,1
FractalPorn,1
DaviksEstate,1
ClassicTrance,1
badfanfiction,1
pjswap,1
Windward,1
mumfordandsons,1
michiganbeer,1
shittysmashbros,1
TeamIco,1
actualtrees,1
DillHD,1
shinypants,1
NarwhalAnusRape,1
Disturbed,1
GunnitForward,1
JacksonvilleFla,1
shootingtalk,1
Collegetrees,1
BF4_X1,1
askamerica,1
anarchists,1
RUBEUSROCKS,1
DocumentedTruth,1
amiiboKentucky,1
Murray,1
DCforRent,1
LyricalBattles,1
wecantmoveon,1
pythonforengineers,1
SUpuns,1
protectandcirclejerk,1
guildwars2pvp,1
canadacordcutters,1
OSXElCapitan,1
mgmt,1
knightsofsidonia,1
ExhibitionistSex,1
cindymoon,1
veg,1
COTreeGifting,1
AmiiboDreams,1
Josephine_Skriver,1
TTT,1
nypd,1
relationship_tips,1
kumocrew,1
Explosion_Gfys,1
nerdgirls,1
metropolitan,1
pwettypwinkpwincesses,1
thebindingofisaac,1
Fangirls,1
SOS,1
thescottcawthonsub,1
905,1
EliteBountyHunters,1
freegold,1
awwtf,1
nookcolor,1
AcademicPhilosophy,1
falloutshelters,1
dmoj,1
funsized,1
fnayoutubecringe,1
SourceEngine,1
cryptospread,1
RunnersInChicago,1
pathwaytomoresuccess,1
30daysit,1
DebateAtheismPlus,1
GoldenCorral,1
blackculture,1
MaleFashionMarket,1
pacifichockey,1
PigJargon,1
OfMonstersAndMen,1
Adobe,1
remixes,1
MMFB,1
shine,1
Calquats,1
Pyongyang,1
youngporn,1
4balledskinnydicks,1
DrunkOrACat,1
TroveMarketplace,1
foobar2000,1
Medievalpowers,1
3DMA,1
nycrail,1
RedditClashers,1
mylittleadvicepony,1
bitcoinpuzzles,1
NotYourMothersReddit,1
coestar,1
mylittlefortress,1
NFLRoundTable,1
bitlaw,1
ChicagoStarcraft,1
mmt_economics,1
ketorage,1
DallasMeetups,1
redditupsilon,1
BonsaiPorn,1
Atmosphere,1
Politics_Uncensored,1
FieldOfKarmicGlory,1
flightmc,1
k_Conversations,1
sblock,1
downloadtime,1
bestof2010,1
apologizeplease,1
SburbRP,1
deleteAAmods,1
mediacomposing,1
Learnmusic,1
JamesFrancoMeme,1
nipslip,1
AskGamers,1
NPSL,1
sampsonite20,1
MagneticPoetry,1
reddithax,1
deltaminecraft,1
Algonquin_College,1
pharmacology,1
ArtGW,1
rebeccablack,1
Civaegina,1
vsauce,1
MattAndCo,1
animecirclejerk,1
Redditimprov,1
wanttobelieve,1
lovegaymale,1
VesselRips,1
crystalcastles,1
Infantry,1
2012,1
gasmonkey,1
WPAfricanUnion,1
CRedit,1
Peterborough,1
skeet_skeet,1
electionreform,1
vegastrees,1
InvertPets,1
polandballdating,1
ModerationLog,1
jememarre,1
OneParagraph,1
shazbot,1
DCGaymers,1
Lessig2016,1
PikachuMains,1
armawasteland,1
xprize,1
ChillingEffects,1
Gothic,1
americanpirateparty,1
royalenfield,1
metahhcj,1
hitbox,1
FaithNoMore,1
askshittypsych,1
emu,1
InterstellarMarines,1
FoodVideos,1
AlaskanPorn,1
thecrusadegame,1
ImmigrationReform,1
dota2smut,1
M59Gar,1
nsw,1
BorderlandsGuns,1
MockDraft2013,1
WMMA,1
hipsters,1
RobotAnna,1
RPGStuck,1
20SS,1
PSMinecraft,1
fashpics,1
truetech,1
PNCircleJerk,1
WoWGoldMaking,1
DragonAgeCoOp,1
bluelanterns,1
ecrpoker,1
PCMasterRice,1
SmiteTradingPost,1
BanjoMonkey,1
frogpants,1
vikingsgonewild,1
chicagofood,1
dzminercoop,1
drugwar,1
legendarylea,1
GenderEgalitarian,1
Goodcops,1
scottishfold,1
thenukeandturtle,1
4kTV,1
Mandalorian,1
SculpturePorn,1
pandemichorde,1
explainlikedrcox,1
TrueDeemo,1
3dsmasterrace,1
TheSaltySplatoon,1
KailiThorne,1
LoveToWatchYouLeave,1
KontinentalHL,1
SeanGares,1
allthethings,1
teamorangered,1
vaingloryjerk,1
Cypher,1
themindyproject,1
Doublade,1
badstats,1
malemodels,1
wweimmortals,1
asharpminer,1
winkhub,1
gameofbrands,1
ProtestCanada,1
dreampop,1
ddo,1
projectbutterfly,1
FuckYouImAShark,1
comediancringe,1
dci,1
OfficialG2AGoldMine,1
FullMoviesOnline,1
Sivelos,1
maschine,1
ChelseaFCSandbox,1
Playstation4,1
Tunisia,1
superheroinesdefeated,1
getcensored,1
dodgerscirclejerk,1
RedditWhiskeyAdmin,1
palin,1
creampie,1
pokemonfangame,1
montrealimpact,1
gamerooms,1
atxgaybros,1
wc2010_crests,1
askashittyphilosopher,1
AussieRiders,1
jinairplane,1
cynicalbritquestions,1
reonauts,1
RUGC,1
Shoestring,1
USHistory,1
TWD,1
PacificRim,1
Mylittlenosleep,1
Donohueslair,1
uppermichigan,1
futuresynth,1
PS2MBT,1
usask,1
Trading,1
NWT,1
PussyMound,1
denverjobs,1
penticton,1
thedaywefightback,1
Kalispell,1
ReVenture,1
nyclaw,1
vogonpoetrycircle,1
goodmythicalmorning,1
Sevenknightsglobal,1
Existentialism,1
MineZClans,1
torncity,1
property,1
lefreemod,1
equalizerporn,1
starcat,1
fanduel,1
whatisit,1
memexico,1
icecreamery,1
ShittyCarMod,1
WoodenPotatoes,1
every_one_is_mod,1
RSOC,1
K_gifs,1
burbank,1
unm,1
MelrosePlace,1
getbanned,1
InsurgenceTrades,1
SevenLions,1
Slender,1
collarbonefantasies,1
onlycoin,1
Haikuwoot,1
JustStemThings,1
combatarms,1
Norwich,1
lavaporn,1
tiara,1
QMULandBarts,1
TheFansPizzeria,1
Lolicore,1
trueatheismrebooted,1
FireteamOne,1
52in52,1
quiz,1
Fighting,1
atwoodslaw,1
Dollywinks,1
mightyboosh,1
GeorgeZimmerman,1
gallopfrey,1
pathology,1
PsychicFriendFredbear,1
tea_party,1
PCpurism,1
math238blog,1
unity_tutorials,1
DontPanic,1
MhOir,1
rotmgvouches,1
emetophobia,1
greatpyrenees,1
ThemsFightinHerds,1
RedditNHL,1
AtlanticHockey,1
XRebirth,1
PlantBasedDiet,1
Bungie,1
InfiniteGaming,1
MurderByDeath,1
GreenDawn,1
marbel,1
Kyrios,1
bestofblowjobs,1
Sjogrens,1
Technode,1
sharepointdev,1
PsBattles,1
learnpals,1
irrelevantPCMR,1
habbo,1
analytics,1
pillscollide,1
freeBees,1
CrossCountry,1
Baconunicorns4,1
Gunz2,1
GulfAlliance,1
WoahTube,1
CivBall,1
futurepopmusic,1
Herbalife,1
newengland,1
tf2clips,1
LibSocMC_Talk,1
hentaivids,1
ElleFanning,1
Tallships,1
climate_science,1
reportthetrolls,1
dsbm,1
skrillship,1
MyCherryCrush,1
ClimbingPorn,1
CTM,1
jsanofanserver,1
ScotsIndyRef,1
flowers,1
Zimmerman_Riots,1
UsefulWebsites,1
90sHipHop,1
MonstercatMashups,1
arabic,1
Divigations,1
ffxivraf,1
ThreeLions,1
swinburne,1
RoundtablePodcast,1
SchlockMercenary,1
BadEverything,1
reddithitman,1
DiscountedProducts,1
ph_politics,1
idea,1
TheSouthBay,1
Civex_Daveism,1
reg,1
wwe_network,1
TagProStreaming,1
JLeague,1
AdobeIllustrator,1
TeenFFA,1
andyzhu,1
AnCap_Investing,1
hip_hop,1
CoderRadio,1
humansinc,1
MotorcyclePricing,1
pebblecirclejerk,1
potatosalad,1
greta,1
GoldenGlobes,1
IceniaGov,1
teen4teen,1
livestock,1
maru,1
Conspiratard2,1
doublespeakprostrate,1
chainchronicle,1
TakeOneStepForward,1
modernmagiccirclejerk,1
consoleproletariat,1
Survivalist,1
shittyforensics,1
SFGSocial,1
motoswap,1
threecardblind,1
thinnerbeauty,1
StarWarsUprising,1
crossword,1
Blue,1
RDT2,1
NovumPersarum,1
propagandaanalysis,1
codex,1
ACQR,1
ScannerPorn,1
collingwoodfc,1
SigmaChi,1
BRSE,1
nagios,1
Dogfort,1
BTHS,1
everyonesamod,1
brasil2,1
HampshireCollege,1
StencilTemplates,1
IllinoisAmiibo,1
datealive,1
electoralreformact,1
youarethemanager,1
arizer,1
metaredditcancer,1
prismatacirclejerk,1
ravergirl,1
WhoFuckingGivesAFuck,1
BTFC,1
MedalofHonor,1
t:9000,1
RaidersPinnacle,1
SpaceNinjasPlsIgnore,1
dgrayman,1
telecom,1
badparents,1
Boilermakers,1
AwardSpeechEdits,1
Str8GuysFromBehind,1
fetish,1
QueenslandPolitics,1
serialdiscussion,1
CounterPointFestival,1
RandomActsOfBras,1
KarmaCourtBlog,1
GirlsinStripedSocks,1
WeaponPorn,1
area51,1
NigelThornberry,1
Adviceanimalsreborn,1
thereisnoowl,1
titstouchingtits,1
SoccerNoobs,1
haes,1
RedditorCum,1
sanichedgehog,1
d3loot,1
kilt,1
VIU,1
nanjing,1
RaceRealism,1
Apocalypse,1
YarnAddicts,1
rackspace,1
SatWcomic,1
gamimg,1
LittoralCombatShip,1
picturesofadrian,1
ows,1
carlhprogramming,1
BoxingStreams,1
handsomeguysuglyfaces,1
createjs,1
Vivillon,1
Franktonia,1
NFLTrophyCase,1
euromigration,1
SoCalR4R,1
cougars,1
PetPeeves,1
slymepit,1
classicbattlefield,1
Intruder,1
ReviewThis,1
NameMyCSGOItem,1
Empaths,1
SurfaceLinux,1
Wordpress_Themes,1
BeASoccerManager,1
phishtix,1
ankylosingspondylitis,1
brantford,1
dogsnobs,1
AmericanGovernment,1
projectmanagement,1
AskStrawFeminists,1
DotaConcepts,1
sodadungeon,1
libgdx,1
picsofmenwiththings,1
ledzeppelin,1
ottawajobsearch,1
men_in_panties,1
idesignedthis,1
shenryyr,1
AwkwardCamera,1
TalesFromTheKitchen,1
elfVSdwarf,1
joos,1
internationalbusiness,1
bookhaul,1
Gent,1
agedlikefinewine,1
fakeIDUK,1
SFWRedheads,1
Karmafleet,1
hemp,1
AerospaceEngineering,1
glastonbury_festival,1
RedditPlaysAGame,1
curiousplaces,1
Morphs,1
citruscountyflorida,1
runner5k,1
paperpushers,1
stadiumporn,1
SomebodyMakeThis,1
limbojerk,1
PokemonRMXP,1
colorists,1
ShitTheAdminsSay,1
ExplosivePorn,1
Hungercraft,1
novaboardgames,1
FuckCoonTown,1
DirectAction,1
CityofGreen,1
ExplodingKittens,1
grisaia,1
PennyArcade,1
bollywood,1
WarioMains,1
TheAcadamy,1
textquests,1
proantisrs,1
ACDuplication,1
AskFrance,1
sevareign,1
transkoreanhitler,1
discordia,1
name_of_subreddit,1
DestinyMaps,1
AnimalShitAnimal,1
NoGrays,1
CageTheElephant,1
SpreadEm,1
shittyshittyaskreddit,1
doctorwhocirclejerk,1
29er,1
Darkroom,1
scholarships,1
itt,1
1984isreality,1
ITentrepreneur,1
SRSFoodies,1
PFR,1
BeautifulTitsAndAss,1
DoYouKnowKimchi,1
naut,1
teencraft,1
longtail,1
SFxT,1
lolwallpaper,1
gwu,1
bitmessage,1
EllenPaoandfathate,1
ShitlordLounge,1
servers,1
AgedBeauty,1
SXSW,1
TeamFortress2,1
WestPalmBeach,1
mapleleafs,1
BriggsGaming,1
CMB,1
250r,1
disabledgamers,1
FictionBrawl,1
shittyfacebookmemes,1
CivUFO,1
coopplay,1
WildSeason,1
myrrlyn,1
muttrading,1
partymode,1
SGLB,1
questbot,1
circlebrokediscussion,1
UnidanForPresident,1
flippantlife,1
HappyWheels,1
COclimbing,1
badtaxidermy,1
bardtards,1
UnitedMinusMinus,1
cuntryballs,1
BalrogsGameRoom,1
MLM,1
CatacombKids,1
lggwatch,1
leannadecker,1
everyuserisamod,1
Cornwall,1
Repordy,1
Suburgatory,1
StoryJams,1
stream_links,1
AltitudeMusic,1
mancave,1
CommunityOfChrist,1
Mixology,1
AlternativeHealth,1
insanity,1
RoboCasino,1
d3hardcore,1
Whydidyoustoprunning,1
EroticRolePlay,1
fursuit,1
LoMTrading,1
CTguns,1
bdsmgear,1
90s,1
sheffield,1
triphop,1
IDThisPic,1
WFHSNerdCave,1
douglasadams,1
raw,1
DelSol,1
dalian,1
TranceCirclejerk,1
CrimethincCollective,1
FinancialPlanning,1
eaglesbeingdicks,1
SlenderMan,1
YouthRights,1
EuropeGuns,1
exasperations,1
Patchuu,1
drone,1
FiveNightsAtFappys,1
mysteriesoftheworld,1
BattleCatsCheats,1
militaryfitness,1
Gunbuilds,1
ImaginaryWastelands,1
FlipnoteStudio3D,1
PolandballArena,1
stampyhackerz,1
MildRedditDrama,1
googleplusinvites,1
BradleyPlus,1
HistoricalReenactment,1
discododgeball,1
Breakinginthemiddle,1
Gimbal,1
asov,1
lieslikelavender,1
MattLees,1
mypartneristrans,1
disneysprings,1
NoHolyBooks,1
mvsw,1
space_settlement,1
deepleagues,1
UKGreens,1
ShitRedditBotsSays,1
NuDisco,1
SpringSourBIF,1
urbanfarming,1
TeaPorn,1
TampaBayBeer,1
prizonescape,1
uruseiyatsura,1
circlejerkcirklejcerk,1
LoLCodeTrade,1
PsychologicalTricks,1
reformedwomen,1
FIFA_Leagues,1
jordanlovesjordan,1
EiOleLehti,1
Prague,1
OGHHH,1
guitarpickups,1
InverselanPowers,1
NYCCC,1
academia,1
MadameArsenic,1
Exjwgw,1
AquaSarfSeasFun,1
r4rDFW,1
zooeydeschanel,1
jewelry,1
PotterPlayRP,1
Colorslash,1
UQreddit,1
DiversitySMP,1
FurryArtSchool,1
treesmusic,1
doublebass,1
LeagueOfIreland,1
RLTP,1
Xcution,1
ShitFatPeopleHateSays,1
rrcnews,1
ProWordPress,1
businessnews,1
SeriousCatz,1
sharehearthstone,1
IronBullMancers,1
GrandTheftAutoVI,1
t:1780,1
Haganai,1
highdesert,1
nigbros,1
troisrivieres,1
nxtcoin,1
dndcontinent,1
SecretAgentMouschi,1
freshfromtheshower,1
worldnews2,1
harryjewers,1
Handrails,1
ketouk,1
feminismformen,1
princegeorge,1
justice,1
IliaLovesTheWilky,1
EcouteCa,1
FoJ,1
aus_election_2013,1
Fukushima,1
MarioKartTv,1
PS4Mods,1
501st,1
Riftvielrpg,1
Sashagrey,1
SRSPOC,1
Spore,1
unturnedservers,1
CIRCLEFUCKERS,1
clubesteban,1
shibe,1
Reaper,1
Juneau,1
writingcirclejerk,1
EllenPaoIsABigCunt,1
Integra,1
GlobalOffensiveMarket,1
redvelvetsm,1
bloodandicecream,1
SmiteXenia,1
chernobyl,1
beefboi,1
Biola,1
vintageobscura,1
fullcircle,1
gayhorrorfans,1
SanctuaryRPG,1
gtavmodding,1
TimberAndStone,1
NCSU_Wolfpack,1
johnyjohnyyespapa,1
tails,1
wwenetwork,1
30SecondsToMars,1
galaxycitizen,1
notreallyenjoyingit,1
gunstest,1
chicagor4r,1
TheWonderbolts,1
astrophysics,1
PoliceVehicles,1
JustFaces,1
gaben_coin,1
sufficiencybot,1
johngoodman,1
teaexchange,1
MetropolisDaja,1
FryeMadden2,1
FirePorn,1
Myfitnesspal,1
animemusic,1
Depreshibe,1
wowraf,1
iglooshire,1
2k14OA,1
faceoff,1
ilovemindlessfruit,1
amazonprime,1
ShitCrusaderKingsSay,1
PackersSuck,1
roomdetective,1
moviemusic,1
xfce,1
Gemcraft,1
TwoXMTG,1
soundsofmisandry,1
PoliticallyCorrect,1
TVrefugees,1
NationalHouseLeague,1
motiontrackedboobs,1
skinsTV,1
wargames,1
KarakuraTown,1
DiamondHunt,1
UTSC,1
SydneyMotorcycles,1
ladycyclists,1
type3,1
SFBeer,1
ToyotaSupra,1
kahootcrashing,1
primecoin,1
trueblackfathers,1
ItsAlsoAPodcast,1
Thestrongests9ball,1
TheDevilDogGamer,1
gentlemanbastards,1
NeoMagazin,1
TallMeetTall,1
amiwrong,1
Ancientartifactpics,1
CharlotteBobcats,1
breakbeat,1
TeamWhiteWalker,1
PHGamers,1
MetaConservative,1
justpremtechthings,1
burstcoin,1
ello2,1
INGuns,1
neography,1
CACapitalists,1
commentgore,1
crazystairs,1
houstonjobs,1
chuggaaconroy,1
ShitMotherInLawsSay,1
CivcraftSecurity,1
CubeworldLFG,1
spotthevegan,1
khrule34,1
TalesoftheConvention,1
MedievalEngineers,1
TheFalloutDiaries,1
arandanauts,1
Execoin,1
Squamish,1
CIvileaks,1
GuerrillaGardening,1
redditoRRadio,1
MontrealEnts,1
AltisLife,1
ImAWhinyLiberalBitch,1
SubredditAMA,1
dropship,1
chromeapks,1
HitlerHasNoArms,1
ttotm,1
FunnyGun,1
politicalrap,1
dirndls,1
ohnoao,1
stupidquestions,1
Pomf,1
iphonepictures,1
BrotherhoodOfBolland,1
zenpinball,1
WorldPowersNoDoky,1
AxisGBA,1
TheAntlers,1
InsanitysRealm,1
desicringe,1
anyquestion,1
WidescreenGaming,1
fringediscussion,1
SORG1_Patrick,1
HaloCustoms,1
IrishCirclejerk,1
AdvancedProduction,1
StickofTruth,1
DSP,1
CanadaRugby,1
vignettes,1
keyori,1
TicTacToe,1
grower,1
vinyljerk,1
BurnNotice,1
slutsbedrunk,1
southerncrossalliance,1
upcycling,1
TheProjects,1
XboxAhoy,1
peercoin,1
wikiggc,1
TrapMusic,1
ResidentAssistant,1
DebateNazism,1
SteelersWarRoom,1
fatwhichwehate,1
RDDT0,1
EliteRacers,1
trueanonymous,1
amysbakingcompany,1
JerkTalkLobby,1
zappafied,1
nubilefilms,1
Gold,1
jales,1
Velodrome,1
globalworldpowers,1
freehugsteam,1
Cows,1
coasterporn,1
GTARant,1
compLexityLive,1
myevilplan,1
AustinRP,1
spaceniglets,1
Prufrock451,1
SuperbowlSharks,1
KitSwap,1
beermoneyhumor,1
Chesapeake,1
hiphopheadsnorthwest,1
hermitcrabs,1
teengirlswholikegirls,1
FifaUTCoins,1
Muncie,1
SuperRP,1
randomactsofsteam,1
troutfishing,1
betonaskreddit,1
whatsthisworth,1
rochestermn,1
traveling,1
GTADupe,1
retailporn,1
newmusic,1
chromanauts_eternal,1
Boardgamedeals,1
graphene,1
Protomen,1
HL2RP,1
musicforsex,1
gypsyjazz,1
MotivatedSlackers,1
RealLifeSimulator,1
SRSRedditDrama,1
Chaturbates,1
kevincirclejerk,1
FtMPorn,1
Cabledogs,1
Knifeporn,1
RedditClanSystem,1
BitcoinCA,1
sinfest,1
XboxModding,1
vintagejapaneseautos,1
tomeimmortalarena,1
Codependency,1
Laptop,1
TheSlap,1
SteamTrade,1
countrygirls,1
JCBDL,1
rccrashandburn,1
countrychallenge,1
stormchasing,1
KubcraftSMP,1
SillyPornFaces,1
DisneyPinTrading,1
atheistparents,1
TheOperatives,1
Killobyte,1
quittingkratom,1
GotG,1
ayy_lmao_bot,1
owncloud,1
metasploit,1
sounddesign,1
NameMyTF2Item,1
BlackBank,1
NewZanada,1
Op_Jade_Helm_15,1
RedditAardvark,1
shittyparkingjobs,1
AnomaliesUnleashed,1
TwistedAbcFamily,1
circlejerkpdx,1
FuneralDoomMetal,1
WaitingForATrain,1
Psybient,1
bestofsilver,1
korgm01d,1
Dan,1
atmosphericmetal,1
BlackAtheism,1
BuildPC,1
rulefollower,1
BasicIncomeUSA,1
IntuitiveDominant,1
whatsmyimpression,1
oldtimemusic,1
emergencymedicine,1
ImaginaryWildlands,1
gingerdudes,1
Delver,1
fergusonriots,1
geekandsundry,1
programmatic,1
RageOfBahamut,1
GreekMythology,1
Decor,1
randonneuring,1
BonerMaterial,1
F1Statistics,1
CensoredByFeminists,1
atheismplusmemes,1
McTeens,1
videopals,1
peopleofwalmart,1
brandeis,1
maxpayne3,1
milkmemes,1
PsychWardChronicles,1
savannah_cats,1
LiverpoolLadies,1
jmu,1
AnimalsFailing,1
battlegifs,1
MCPEMods,1
RepKickz,1
blacktears,1
doXcallitY,1
Magento,1
FPHFanClub,1
kyletx,1
DeadOrAlive,1
udub,1
Planetball,1
reqlight,1
BadMovieDescriptions,1
pinecraft,1
WWFed,1
TokeSpot,1
CatholicProgrammers,1
GamingDeals,1
LoLGaymers,1
Socialistart,1
ender,1
Vape,1
YourTaxDollarsAtWork,1
FireEscapeStudios,1
SantasLittleHelpers,1
VAHunting,1
NHLpool,1
gci,1
VIdeoGameFans,1
Salted_Crime,1
SwedenYes,1
loadingscreenthoughts,1
OVER30REDDIT,1
DayM,1
Tizen,1
ballparks,1
Mattophobia,1
GMAT,1
nicechips,1
Exittors,1
windowshots,1
poultry,1
MH17,1
badfallacy,1
hardanal,1
breakingbadart,1
emberjs,1
GMO,1
HoldMyNip,1
herdofsquirrels,1
IrbysLaw,1
NSFW_Hardbodies,1
weedbiz,1
realrule34,1
Arminia,1
shittyaskalawyer,1
seriea,1
amisexy_over30,1
GameDevTycoon,1
mysteria,1
GroupChess,1
Freeclams,1
FoolsGold,1
GiftofGamesCourt,1
Equestrian,1
stevethechicken,1
Bonercity,1
NonverbalComm,1
IntelliJIDEA,1
Punkskahardcore,1
BHOInfo,1
Homosexual,1
Postleftanarchism,1
kirkit,1
UKJobs,1
wwiireenacting,1
SWFL,1
WesterosiProblems,1
floorball,1
BrainScratchComms,1
DogeTrain,1
asustransformer,1
GTAIV,1
energydrinks,1
leomemes,1
FORTnITE,1
battlefield4,1
feedthebeastservers,1
Ijustwatched,1
meninblazers,1
Kelloggs,1
transteens,1
projection,1
MastersOfSex,1
TerrainBuilding,1
Hourlynews,1
KilllaKillRP,1
rockncock,1
MonsterStrike,1
70smusic,1
Atelier,1
chicksfalling,1
VapeRequests,1
resonant_rise,1
churchofpokemon,1
pne,1
Dokumentationen,1
turn,1
negurefragut,1
ZombieSurvivalTactics,1
dungeonmans,1
longlostgamers,1
premeduk,1
TheBreaker,1
Liquidia,1
ColumbusGA,1
TDAODHFH,1
Europa,1
davidfosterwallace,1
CapeCod,1
illuminati,1
amv,1
CysticFibrosis,1
Threedaysgrace,1
EmeraldNC,1
hockeyGTT,1
Polistan,1
dogecat,1
PDXchange,1
ZNation,1
GranvillePics,1
RandomActsOfMechanics,1
AgainstSocialJustice,1
fiero,1
whineabouthokesone,1
50hz,1
ps4gifs,1
Biophysics,1
onetrueidol,1
thestellar,1
MideastPeace,1
blabseal,1
melodichardcore,1
Avatar,1
Fitzthistlewits,1
ChicagoPics,1
karate,1
Bittorrent,1
Roombaww,1
aflmemes,1
limpwrist,1
boxingcirclejerk,1
DayZSATradingPost,1
nintendopower,1
ReddHub,1
Cardinalsfantasy,1
Wirral,1
BitcoinStocks,1
GreasyScreens,1
pmccirclejerk,1
tits,1
Xbox360GTAV,1
ukcigars,1
ShrimpTanks,1
thepcc,1
babybeastgifs,1
KateeOwen,1
hockeyFandom,1
InternetFriends,1
paradisedesk,1
ConfessionBear,1
mensfashionadvice,1
DobermanPinscher,1
BookNymphs,1
kerinportillo,1
HamPlanetHatred,1
SpeedRunnersGame,1
Room43WallofShame,1
ButWhy,1
tolkienbooks,1
fite_me_irl,1
ColumbusBeer,1
alienpumaspacetrain,1
CivPVP,1
ROH,1
chooseyouradventure,1
hardshipmates,1
Bloodstained,1
MarinaAndTheDiamonds,1
esobiteme,1
ScarlettJohansson,1
wheeloftime,1
RepublicOfNews,1
starforge,1
Sinfonia,1
311,1
sunnychat,1
xtothekcd,1
europeanmalefashion,1
worldcupgirls,1
MaddenNFLCF,1
thesessions,1
FatPeopleFallingOver,1
jazzguitar,1
DVC,1
doublespeakego,1
msfbs,1
AskLGBT,1
freenas,1
strengthcalc,1
ConnectedCareers2,1
whynotmine,1
A4Army,1
trainfever,1
diabetestest,1
STLEDM,1
PathofExileTrades,1
18bfriendzonest,1
MagicDotP,1
PaintedSausages,1
fifagifs,1
idpolitics,1
MistressPorn,1
JADEed,1
WorkoutSelfies,1
sharedota2,1
NeRP,1
minecraft360seeds,1
Project_Ascension,1
NoBullshitGaming,1
Zippo,1
AntiAtheismWatch,1
GirlsinSchoolUniforms,1
Cardinalscirclejerk,1
vocation,1
TheRedguard,1
dfwbike,1
Infuriating,1
Monterrey,1
warthundermemes,1
SoloGirlVids,1
trolefaces,1
ProjectReddit,1
AstroSloth,1
solvang,1
RedditFoxtrotBB,1
drudgereport,1
BigXII,1
TrueBlackMetal,1
bharat,1
COD,1
resurrection,1
HudsonMusicProject,1
MonstercatMafia,1
bangladesh,1
valvepuns,1
BitcoinSerious,1
byzantium,1
Battlemonk,1
UnionismInUlster,1
onetrueduck,1
SanDiegoJobs,1
HighStrangeness,1
visualnovelsuggest,1
abletonstudygroup,1
unremovable,1
BBAU,1
300BLK,1
IndonesiaCirclejerk,1
ifuckinghatecats,1
theColdWarGame,1
battlestationporn,1
kashmir,1
GCirclejerk,1
assassinscirclejerk,1
URochester,1
PSPlusCirclejerk,1
stolendogbeds,1
fonts,1
projectcirclejerk,1
Oath,1
NoobsOfTheAncient,1
CreepyWikipedia,1
ajtexasranger,1
willitcrush,1
wethereyet,1
vja,1
ideasforcmv,1
ManhattanTV,1
osutickets,1
GoodValue,1
cuttingedgegaming,1
ReasonableFaith,1
FifaWorldPC,1
minecracktekkit,1
2XLite,1
AmIASexyQueer,1
shallowhouse,1
ThickChixxx,1
TerrariaExchange,1
BreakingBumps,1
kinect,1
RadiusTP,1
OperationPullRyan,1
SmiteSkinConcepts,1
Blonde,1
samsunggalaxys6,1
beasts,1
Skinnypeoplepraise,1
fashionhistory,1
BigHero6,1
TeenAspies,1
lgbtaww,1
fifthworldpolitics,1
BisexualTeens,1
bitday,1
italianlearning,1
ksptomars,1
fanedits,1
occupychi,1
denverlist,1
JustStunning,1
socialmediaresearch,1
skin,1
AE86,1
LadiesofScience,1
NathanClassic,1
warsaw,1
Monsanto,1
Minah,1
beyondbaby,1
CMH,1
DauntMC,1
MSP430,1
EXHINDU,1
DebateNihilisms,1
neurodiversity,1
projecttox,1
lowendtalk,1
FLgovernment,1
funfor5minutes,1
dudewheresmybank,1
SRSDramaticReadings,1
legitjontron,1
CryptoAnarchy,1
ec754,1
wofl,1
ublock,1
LBSStockholm,1
paydayveterans,1
Killeen,1
civextrade,1
fantasyfic,1
conceptart,1
BCIT,1
adfreetime,1
gencon,1
Panama,1
mantids,1
CaribbeanGirls,1
Hot100,1
CarrollCountyMaryland,1
bassmusicproduction,1
5555555,1
image_linker_bot,1
FinishTheJoke,1
Autocockers101,1
fastandfurious,1
Cthulhu,1
lefriendzonedagain,1
masspoli,1
GTAReplay,1
snapchatgw,1
rcigarsbattlezone,1
TimeClickers,1
Lehigh,1
WorkIt,1
ArtBell,1
FreeHugsHalo,1
TeacherTales,1
SportsFashion,1
yogventures,1
girlskissing,1
socialistamerica,1
gag_spit,1
lunalanieee,1
capetown,1
Pokemonbreeding,1
csgouk,1
haligonients,1
DFWClassifieds,1
stealthgames,1
Logansport,1
HotGuys,1
IncredibleOrb,1
WallpaperRequests,1
darktower,1
AdumPlaze,1
utahmusic,1
AFC,1
cortana,1
protectoreddit,1
paydayupdate78,1
arma3bteam,1
planesgonewild,1
SCAcirclejerk,1
MiddleEasternHotties,1
centralillinois,1
GoT2DayZ,1
Concrete,1
thelawschool,1
ymirxhistoria,1
BostonVegans,1
BattleBin,1
babies,1
ShittyBikeMods,1
iceball,1
donaldtrump,1
Bitcoincirclejerk,1
dropbox,1
audiobooksonyoutube,1
OrganizationPorn,1
HAWKEYE,1
bunnieswithhats,1
TreeTV,1
PublicLands,1
yiffcomics,1
auto,1
StAugustine,1
AFR,1
FishingRVA,1
Dogeme,1
AppIdeas,1
OrbitalSciences,1
TinyLeaders,1
MinecraftExperiment,1
thestanleyparable,1
unity,1
Catholodox,1
MRA,1
tatoegame,1
HorseMask,1
FuckableFaces,1
sydneyswans,1
Touhoujerk,1
DebateACatholic,1
TrueDucati,1
EFLcomics,1
HoustonFood,1
retouching,1
welikedota,1
oldfarts,1
GameofThronesRP,1
AngieVaronaLegal,1
BBORG2_Olivia,1
conspiracydocumentary,1
moba,1
Revit,1
SpecialSnowflakeClub,1
Movieswhilehigh,1
adhdmeme,1
FantasyLife3ds,1
SkyrimProTips,1
catfreakouts,1
StreetArtPorn,1
egoraptor,1
londonfootballmeetup,1
NASCARconspiracy,1
AlmostHuman,1
scguns,1
lalna,1
ThatKissCamGIF,1
KSPMemes,1
LastofUs,1
TheKeepers,1
RagnarokOnline,1
bladesymphony,1
MHOCWMidsRiot,1
WorstServerEver,1
AnimeDeals,1
GirlsInMessyRooms,1
42thWorldProblems,1
WooWoo,1
beinghuman,1
williamandmary,1
MajesticManes,1
SSU,1
ExMachina,1
gunnitxt,1
RedditBoom,1
malepolish,1
mcapoc,1
gurps,1
videogamemadness,1
OneTurrisGod,1
Manna,1
dildojumping,1
chasingtales,1
softscience,1
death,1
moronsofscience,1
gaynsfw,1
Boxers,1
Hereford,1
FullMovieonViooz,1
androidwatchfaces,1
CoolWall,1
VVVVVV,1
theravada,1
lumosthecat,1
MagicTG,1
smodcast,1
wdtv,1
TrollMedia,1
eigo,1
RedditStorm,1
AnimeeandMagnaClub,1
Hecklers,1
bikerace,1
Digibyte,1
humorousreviews,1
fappeningdiscussion,1
HAMCraft,1
NBAtrivia,1
TwentyYearsAgo,1
obscureguitars,1
hatsune,1
dogecoindev,1
CivCringe,1
antifatart,1
atheismindia,1
facesitting,1
warehouse13,1
WilmingtonDE,1
DUGBlackMarket,1
lloydminster,1
Tigerstaden,1
EQ2,1
ClayBusters,1
militaryatheists,1
MNAmiiboHunters,1
mildlydisgusting,1
LDSMLPERSOFND,1
wicked_edge_deals,1
creppypms,1
mets,1
althistory,1
Rodina,1
europics,1
Protestantism,1
happyhour,1
leagueoftwitchchat,1
DogsAreBetter,1
Mankato,1
saiga,1
AtlanticDivision,1
ECEProfessionals,1
Vore,1
Brave_J_Space,1
bifu,1
lwgcirclejerk,1
UnsolicitedRedesigns,1
blowjobsandwich,1
STD,1
NoTap,1
frugalsupplements,1
nbaww,1
WingChun,1
bestofcraigslist,1
FatFiction,1
DragonBallGaming,1
guessthefrenchmovie,1
folkrock,1
8muses,1
AirCraftPorn,1
GTAVPCSUPPORT,1
itsandrewbabe,1
thinpeoplelove,1
GPUporn,1
dota2loungebets,1
Miguns,1
Deformed,1
weddings,1
kaiju,1
AnarchistQuotes,1
IdeaFeedback,1
Unreleasedcirclejerk,1
nopussypasshere,1
alientube,1
learnahobby,1
aintthatsomeshit,1
Facials,1
CookieCollector2,1
ShitRamsaySays,1
Cyberpunk_Music,1
GTAgifs,1
wolves,1
CSGOJackpotWinnings,1
ReallyFitandThin,1
vertmarket,1
okinawa,1
Robotortoise,1
Shambhala,1
massage,1
Sjin,1
VinylGore,1
MensHighJinx,1
clanxray,1
laquerENTstas,1
VictorianMHoC,1
Fisting,1
qntm,1
LiftingVideos,1
BosRedSox,1
AsOldAsTheInternet,1
noip,1
wendys,1
Yosemite,1
AverageMisfires,1
htfhl,1
UniversityofHawaii,1
theevilwithin,1
fringefashion,1
420code,1
spinalcordinjuries,1
explain_undelete,1
GODUS,1
arcade,1
Lorehounds,1
sleepingdogs,1
conspiratardmemes,1
mcpublicofftopic,1
elixir,1
HereComesTheBoom,1
miraflores,1
Nilesy,1
DataConspiratardsHate,1
OtherkinInAction,1
LordsoftheFallen,1
CaptiveWildlife,1
horrorlit,1
MaleUnderwear,1
VaperCraft,1
fednews,1
ChristianCreationists,1
Politique,1
Wintp,1
ENTPandINFJ,1
realsocialengineering,1
MilwaukeeEnts,1
DoItForTheCoin,1
Productionglitches,1
deadliestcatch,1
classicminis,1
Wastewater,1
SheepMarketplace,1
bleachers,1
Celebsreality,1
catsthatsuckatjumping,1
RGTRC,1
EryndorUnion,1
microcontrollers,1
pansexualcirclejerk,1
BYEAH,1
fuckingcooking,1
darkjazz,1
Trotskyism,1
WWII,1
BrassSwap,1
HoustonGuns,1
jack,1
masserect,1
TechnologyPorn,1
HHHgaming,1
rebirthwow,1
gonewilder,1
TheSimsBuilding,1
doublespeakwitchhunt,1
MichaelBrownshooting,1
SecretSteamSanta,1
Scarborough,1
IDrawMuhammad,1
bapcsalesaustralia,1
shithexsays,1
thegdstudio,1
RRKidzBackers,1
RedditViper,1
RedditRO,1
CivAytosFP,1
randopics,1
lolcast,1
hiphopjapan,1
schweiz,1
parentlessbychoice,1
SRSCinema,1
Markham,1
laos,1
winstonsalem,1
NakedFamousPeople,1
narutomissionlist,1
EridanusInsurrection,1
RapidEscalation,1
GetYourFreeBanHere,1
Millennials,1
themarsvolta,1
FMK,1
bloodlinechampions,1
NordicUnion,1
newLegacyinc,1
3000gt,1
treesnews,1
AskFlytape,1
numetal,1
SOPAfunny,1
dayztrade,1
NorthwestFront,1
BostonSports,1
russellwilson,1
Runouw,1
DraxJokes,1
richmondhill,1
Helix,1
vcbeer,1
Aella_Girl,1
toomanycooks,1
VirtualWDCPC,1
firekings,1
guessmyage,1
OffDutyBrazilianCop,1
huggercraft,1
FantasySciencePowers,1
GrammarNazi,1
TodayIBullshitted,1
MyProphecies,1
Veterinary,1
opensourcehardware,1
chicagomusicscene,1
RunescapeScreenshots,1
dota2reactiongifs,1
espresso,1
trello,1
goodjob,1
destinyknot,1
LawEnforcement,1
DragonPenis,1
GetDunked,1
combatarts,1
improv,1
InfernalMachine,1
masseffectfics,1
CarltonBlues,1
TheMLSCircleJerk,1
LumiaLovers,1
EllenPaongyang,1
ChristopherHitchens,1
psn,1
MetthroughReddit,1
RedCFBFantasyDraft,1
shittysmashgifs,1
SweNsfw,1
whodunnit,1
Yogracing,1
TheLostLounge,1
SaferSex,1
adminiumgaming,1
maxcoinproject,1
Austinmotorcycles,1
Colemak,1
FapFap,1
youtubepoop,1
multirotor,1
ButtSharpies,1
tight_shorts,1
3DScanning,1
fluoride,1
ImSavingUpForThis,1
blackinamerica,1
TalesFromPrintandCopy,1
CargoBike,1
teenagephotographers,1
NotSouthPark,1
EnoughSoetoroSpam,1
SimCityStrategy,1
airhornremix,1
SJSucksLounge,1
LinuxCringe,1
EAGLEROCK,1
EliteAlliance,1
fulbo,1
akamikeb,1
FartGifs,1
dresdencodak,1
tf2memes,1
PleasantValleyHall,1
CatConspiracy,1
CyclingMSP,1
SubtleNudity,1
MineZtradingpost,1
enthouse,1
dickgirls,1
PeopleWhoLoveJD,1
FindTheSniper,1
renderings,1
OneTrueGary,1
mormonpolitics,1
mellisaclarke,1
Mydaily3,1
NEPA,1
TheSolarFlare,1
lemetageneration,1
Aquaculture,1
practicemodding,1
SteamTradingCards,1
CastiusRP,1
7CupsofTea,1
Reprap,1
IWW,1
SSB5,1
wc2014,1
Nbamemes,1
Stahlpakt,1
trippy,1
ThreadKillers,1
baconrehab,1
DayZBulletin,1
frogdogs,1
KernValley,1
WetAndMessy,1
CatsandCosmetics,1
Lenovo,1
PublicMenace,1
Townsville,1
Taxidermy,1
StrugglePorn,1
suicides,1
Bigroad,1
HighResASS,1
BlackMesaSource,1
redditintensifies,1
chivas,1
HerBush,1
ThisPlace,1
trailwork,1
ModelCars,1
novideo,1
holofractal,1
heep,1
AltRightChristian,1
ModelMidwesternState,1
Bitwig,1
UlcerativeColitis,1
Crackingthespinepod,1
AnimalGIFs,1
vnsuggest,1
radarloops,1
CouncilofDads,1
synthpop,1
Nyanlord_World,1
FIFA_Mobile,1
Magium,1
WRX,1
RPGdesign,1
OptionsOnly,1
TallGirls,1
Porn_Palace,1
onionhate,1
DubbedGIFS,1
beeandpuppycat,1
moneromarket,1
gnsworld,1
KnajSnlmyxFyKwjiidx,1
Delraymisfits,1
underboob,1
AatroxMains,1
UWMilwaukee,1
OneyPlays,1
PietSmiet,1
NorskFotball,1
psychicpebbles,1
JoeyDiaz,1
SWWP,1
xdacirclejerk,1
WhatSoNot,1
Anna_Faith,1
FuelRats,1
LegionOfCollectors,1
FavoriteScenes,1
sausageshaming,1
ShittyEarthPorn,1
hockeycards,1
CanIRunIt,1
ScreamingSuns,1
neuralnetworks,1
CosplayBoobs,1
cokebears,1
getting_over_it,1
lisathepainfulrpg,1
HalloweenProps,1
postingfromthe90s,1
SelfSufficiency,1
kroger,1
bluemountains,1
physicianassistant,1
NSFWgaming,1
superstarsmtown,1
gunvideos,1
askStampCollectors,1
soma,1
academiceconomics,1
PokemonGoRI,1
SoylentMarket,1
mtgvorthos,1
augmentedreality,1
ImaginaryBoners,1
JacksonHole,1
anal_gifs,1
Tattletail,1
GarenMains,1
redalert2,1
youarenowbanned,1
KiraKosarin,1
OwlsWithCatHeads,1
etiquette,1
mopeio,1
Hokietickets,1
browneyedgirl6257,1
ImagesOfNorway,1
Illaoi,1
pinkpistols,1
PokemonReborn,1
Notaker,1
SprintFramily,1
watchpeoplecrumble,1
UPenn,1
steam_giveaway,1
Affinity,1
PCHardware,1
Baofeng,1
Petition,1
civ6,1
MexicoSinCensura,1
Unemployed,1
psg,1
Cumtown,1
adamruinseverything,1
RMTK,1
fidgettoys,1
supremecommander,1
digitaldrawing,1
StormComing,1
PowerinAction,1
theproperpeople,1
CMHoCwCC,1
HighEndStreetwear,1
CivRapBattleRoyale,1
miabeer,1
ITRPCommunity,1
DiamondClub,1
AsianNSFW,1
violentleft,1
Homeshake,1
balletboots,1
bikeIN,1
bachelorette,1
southamerica,1
fanfcing,1
Biffa2001,1
BrightonVAPEClub,1
OnlineSurvivor,1
SRSHappy,1
conservation,1
streeto,1
rhockeyrocketleague,1
RandomActsOfMuffDive,1
TheRanch,1
rapaport,1
superhostile,1
GoldReplies,1
FunkStyle,1
GameboyAdvance,1
finishing,1
kickasstorrents,1
aclu,1
falloutshelter,1
TimothyBrentSwood,1
bernie,1
Physical_Removal,1
UnderReportedNews,1
MetalGearAntiNuclear,1
LobosJr,1
PublicPolicy,1
exbahai,1
EldritchHorror,1
GunnitRust,1
DystopianPun,1
USMilitarySO,1
poirot,1
5iveNightsAtFreddys,1
DarwinAward,1
FNaFBlender,1
hentiny,1
Legitpiercing,1
Lastpass,1
AmateurSelfieSluts,1
LetsPlayCritiques,1
DebateTrade,1
VaultTecWorkshop,1
Halo5Forge,1
slideforreddit,1
shittyaskcarguys,1
PokemonGoIreland,1
PeakyBlinders,1
Feet_NSFW,1
morenabaccarin,1
Storyshift,1
PokemonGoRoanoke,1
Coprophiles,1
NationQuest,1
flask,1
zengmlol,1
csgo_trading,1
blauer,1
rollercoasterjerk,1
CPPCIS,1
Shittygamecollecting,1
vickili,1
CanYouDoThis,1
Broods,1
W385,1
HomeDecorating,1
meirlmods,1
worldofgothic,1
Brazzers_Network,1
pokemonchallenges,1
TrekRP,1
WrecklessEating,1
RLSD,1
FreeSync,1
fragfilms,1
Lund,1
ShitEuropeansSay,1
BeerInOttawa,1
Ausguns,1
arggw,1
newsbloopers,1
psispellcompendium,1
kinksters_gone_wild,1
promote,1
anima,1
bigdata,1
VisegradGroup,1
Waifu,1
visualsnow,1
SoloPokes,1
adoptareddit,1
ReddLineNews,1
bizarrebuildings,1
hotgirlsofthepast,1
ScandinavianInterior,1
FrugalMaleFashionCDN,1
MisleadingPuddles,1
PrestigeGaming,1
shitposts,1
lasercutting,1
Yamaha,1
FindLingerie,1
supertotal,1
McMaster,1
AQW,1
uidsea,1
PandoranRedCross,1
NewCydiaTweaks,1
sophiedee,1
golfstreams,1
CapitalismIsCrumbling,1
trappedinamber,1
AbstractPhotos,1
DCEUfancasts,1
Navajo,1
topofreddit,1
explainlikeits1911,1
SOARgaming,1
ImagesOfOregon,1
rpgresources,1
MeinCanada,1
scaryshortstories,1
leagueofjinx,1
PanPorn,1
CollegeSoccer,1
kagepro,1
roboticPotato,1
thejerry,1
podcast,1
shallowvaginaproblems,1
kkb,1
Cherubesque,1
SexclusiveSelling,1
EmmEffEmm,1
prettyaltgirls,1
teenmoms,1
SkredRed,1
hsx,1
gonewildflicks,1
dopplebangher,1
XboxOneHelp,1
careeradvice,1
ShitAnarchistsSay,1
macbookpro,1
ycm,1
GiveItAway,1
SuggestAMotorcycle,1
ShitLeeaboosSay,1
animalssmiling,1
sweatermeat,1
windowsmemes,1
CamilleMains,1
Jailbreak_Tweak_Dev,1
YGOLegacyOfTheDuelist,1
highspeedrail,1
anmals,1
RedditEmblemFates,1
assholegonewild,1
Dreamweaver,1
AclianUnion,1
ETL,1
TheHallsOfBlood2,1
de_IT,1
Reef,1
IPressedPlay,1
MusicInTheMaking,1
economicCollapse,1
FPGA,1
pihole,1
ant,1
ThickThighs,1
fizzmains,1
icocrypto,1
ancienthistory,1
WhoShouldICosplay,1
ecuador,1
ENFPMusic,1
windsor,1
ethnomusicology,1
VarusMains,1
nginx,1
Megumin,1
tightsqueeze,1
SkyWilliams,1
NameThatPokemon,1
TenYearsAgoOnReddit,1
TPP,1
intellectualdadjokes,1
ChroniclesOfElyria,1
suctiondildos,1
feminineboys,1
GrayandDeanResearch,1
wine_gaming,1
Infinite_air,1
yee,1
BoostForReddit,1
HollowRealization,1
DoctorStrange,1
Flat_Earth,1
TheHuntFor852,1
valkyrie_en,1
JelBrek,1
RoadHooks,1
CuteModeSlutMode,1
Dateline48Hours,1
FitnessLife,1
AugustBumpers2017,1
NotAboutYou,1
conspiracyfact,1
Fable,1
9b9t,1
angryjoeshow,1
hudsonvalley,1
fnafcringetheRPG,1
SoCalOffRoad,1
worstepisodeever,1
CoolDinosaurPictures,1
AdventureQuest,1
Patrig,1
WatchHorology,1
RESAnnouncements,1
BusinessHub,1
porn_gifs,1
AnimationThrowdown,1
origin,1
NewRiders,1
WoWRolePlay,1
palmettotrees,1
Falloutdadjokes,1
calabasas,1
f150,1
ImagesOfRussia,1
krita,1
googleplaymusic,1
badmovieideas,1
IronPowers,1
CTD,1
Speedcore,1
batty,1
papamurphys,1
S3RL,1
antijacks,1
meteorology,1
LOMGOV,1
BankBallExchange,1
mobilelegends,1
MinecartDriverServer,1
FootFetish,1
salesforce,1
RedditWritesTheOffice,1
PsychedelicStudies,1
montgomery,1
Fire,1
jailbreakdevelopers,1
Billions,1
Yakima,1
metaboardgames,1
enticed,1
porn_irl,1
SDSUAZTECS,1
EliteWings,1
terrorism,1
COGuns,1
billmurray,1
Warcraft,1
ModernWarfareRM,1
Puscifer,1
SWGB,1
gravityrush,1
ShitSlavaboosSay,1
amberrayne,1
alienationps4,1
FeedTheBeastCrashes,1
MLPIOS,1
devotedexchange,1
GrowCastle,1
wnba,1
buildapcsalesuk,1
ArtOfRolling,1
BehindGonewild,1
uhhyeahdude,1
uplay,1
wmnf,1
helloproject,1
TrueCSGO,1
deserttrip,1
PokemonGoSyd,1
ThailandPics,1
UAS,1
Steelbooks,1
TastyFood,1
CloudPorn,1
rhino,1
Technology_,1
redditdynasty2,1
xxstem,1
Robbaz,1
RLCustomTraining,1
B_Cups,1
heteroflexible,1
electro,1
BuyBTC,1
3Percent,1
UFCStream,1
MadcastMedia,1
smoobypost,1
ericandre,1
sexygirlsinjeans,1
jojoscirclejerk,1
tanks,1
GirlMeetsWorld,1
Balls,1
ApocalympicsRio,1
FiveNightsatBredbears,1
InsanityFNAFangame,1
mcrlycc,1
ShowoffsCrashingCars,1
IDF,1
Deponia,1
blitzcrankmains,1
astrology,1
Handball,1
Voltron,1
goodenuff,1
WeirdWings,1
mauramurray,1
BeatTheStreak,1
NotWorldNews,1
AmazingTeens,1
FuckFuckOlly,1
liveaboard,1
rosehulman,1
victorinox,1
ChronoCross,1
BulletBarry,1
ZHU,1
VGMvinyl,1
nbadiscussion,1
icfpcontest,1
Playboy,1
Urz,1
Mod4Free,1
themenzingers,1
PokemonGo_MInnesota,1
mensa,1
TheSexFactor,1
SUSpoilers,1
AyrA,1
mtgEternal,1
drumcorpscirclejerk,1
beauty,1
VACCringe,1
RocketLeagueMontages,1
iPhoneography,1
TheAyotte,1
MANvsGAME,1
findatweak,1
AceAttorneyCirclejerk,1
lelbron,1
PokemonGoFitness,1
PokemonGo505,1
r4rbrisbane,1
pbsspacetime,1
BradyHaran,1
einfach_posten,1
dailygratitude,1
mysticmke,1
ModelUSHouse,1
Adblock,1
kennesaw,1
PokemonGoVancouver,1
Mercadoreddit,1
JOworthycelebs,1
teefies,1
shymain,1
AusPol,1
EARONS,1
OverwatchNSFW,1
projectors,1
Jetpackfighter,1
DisneyTravel,1
UndertaleRPGFangame,1
bestoftwitter,1
VeteransBenefits,1
lanoire,1
ZombieSurvivalRP,1
looking4group,1
Quantum_Break,1
OverwatchHeroConcepts,1
cinnamonmermaids,1
de_IAmA,1
TheFootballManagers,1
phantoml0rd,1
BerrytubeEats,1
badgovnofreedom,1
SneakyBackgroundFeet,1
androgyny,1
mrenter,1
LowCPRarePokemons,1
Shortfilms,1
WrestleWithThePackage,1
FUCKBLOAT,1
redditbay,1
nanotech,1
thesecretweapon,1
noburp,1
PieceOfShitBookClub,1
DarkRP,1
fanexpo,1
ESFP,1
photomarket,1
Khador,1
apps,1
TexasCHL,1
openra,1
langara,1
Cubetrades,1
fnafhatecirclejerk,1
sportspowers,1
PoliticsToday,1
TraditionalMarioMaker,1
Angular2,1
PoGoUWP,1
Eoka,1
Hairy,1
ktane,1
contentawarescale,1
CollectorsCanada,1
rustreports,1
warhammerconquest,1
apchemistry,1
370z,1
Iron,1
LambofGod,1
cfnm,1
ThingsIWishIKnew,1
doubletoasted,1
STAR_,1
friskydingo,1
pokemonismetal,1
stormtroofers,1
FellingGoneWild,1
fishcenter,1
unfortunateplacement,1
mwyndia,1
digimonrp,1
CARTOON,1
BethesdaSoftworks,1
animememes,1
4hourbodyslowcarb,1
e46,1
theinternetofshit,1
humanrights,1
obscuresubreddits,1
Bitcoinarchy,1
basset,1
ShitTheUniverseSays,1
macsysadmin,1
PokemonRevolution,1
meatheads,1
millwrights,1
UnconventionalMakeup,1
WatchRedditDie,1
pokemonGOnz,1
HardcoreMusic,1
WPDtalk,1
pokemongoyeg,1
Pokonet,1
MacUni,1
WredditTV,1
TotalDanganroleplay,1
bernieforpresident,1
SkyLine,1
Mistborn,1
brocabulary,1
booklists,1
ModelInfoWars,1
ITdept,1
FreidaPinto,1
AdultTheory,1
twintails,1
horizon,1
SkyrimTogether,1
theyoungturks,1
whitepeoplefacebook,1
Tyrant,1
AncientWorld,1
UseMySoftware,1
Pomade,1
dragonball,1
RunningCirclejerk,1
tooktoomuch,1
pokemongoSF,1
NormalDayInSweden,1
airnationalguard,1
randomactsofkindness,1
CanopyGrowthCorp,1
SubscriptionBoxes,1
completelyexpected,1
PlayBall,1
GrinningGoat,1
GuessThatCar,1
FiveNightsatFreddy,1
fivenightsatcandys,1
NSFW_AmA,1
Headlines,1
Tenten,1
wrestlefigs,1
Pocahontas,1
drinkhats,1
Comments_Of_Reddit,1
navyreserve,1
SorryIAmAChampion,1
WTT_graduates,1
yourmomshousepodcast,1
FoundPaper,1
Popeyes,1
Enneagram,1
bioware,1
Sydneys_Mum,1
BotWatchman,1
limerickcity,1
HawaiiVisitors,1
newleaf,1
boatymcboatface,1
austincipher,1
SexyGirlsInBoots,1
90scartoons,1
Invites,1
titansgrave,1
BPDlovedones,1
Hucow,1
Britbong,1
studyAbroad,1
selenium,1
GnarMains,1
F4ConsoleMods,1
acesup,1
raptorscirclejerk,1
Goldfish,1
mildlycreepy,1
COM98,1
Blightfall,1
chipcards,1
Produce101,1
shittyactionfigures,1
VicesAndVulgarities,1
CelebsExposed,1
stockaday,1
veronicamars,1
Starmade,1
Star_Wars_Battlefront,1
Battlefield_4_XboxOne,1
myog,1
crawl,1
Cabshots,1
Overwatch_Porn,1
wowmeta,1
buly,1
NarutoAnime,1
indiancelebs,1
Watford_FC,1
SuperSaiyanGifs,1
ComputerChess,1
TheShittyButton,1
LeverGuns,1
Vastlystupid,1
LIMEdisease,1
Solarlux,1
nufcirclejerk,1
brag,1
MalignantExistence,1
Claire_Abbott_,1
medfordma,1
japanesestreetwear,1
FixMyPrint,1
dagorhir,1
ImaginaryBestOf,1
PokemonGoDenver,1
catssittingdown,1
RX7,1
WehraboosInAction,1
pipetobaccomarket,1
WhateverYouWantPosted,1
OddlySadifying,1
ScarletKnights,1
Organiclife,1
hondaprelude,1
FilipinoFreethinkers,1
kindness,1
TaraBabcock,1
LeonaMains,1
nhs,1
rpcs3,1
dwarfism,1
FuckPearl,1
nim,1
ImaginaryHogwarts,1
blizzardcodes,1
GreenManGaming,1
Hulugans,1
colorize_bw_photos,1
PokemonGo_RVA,1
DogPeople,1
whedon,1
FuckJeff,1
pokegomelb,1
LSFYL,1
postwhatyouwant,1
udel,1
swingersr4r,1
2016Protest,1
HealthAnxiety,1
egham,1
OSXBeta,1
Underminers,1
SKY3DS,1
lawbreakers,1
uglypeopleofreddit,1
MGS3,1
TheLandingStrip,1
AnCap101,1
Hedwig,1
SurvivalGaming,1
CamSluts,1
fullmoviesonanything,1
avionics,1
sunsetoverdrive,1
Portsmouth,1
lowpoly2d,1
ElizabethWarren,1
FukeiSubs,1
ToME4,1
chanceme,1
guangzhou,1
GemTD,1
idrawpokemans,1
PareidoliaGoneWild,1
UndertaleAUs,1
White_Pride,1
monarchism,1
BugWars,1
bikehouston,1
E3_2016,1
starwarsmemes,1
Hiveswap,1
hawksteh,1
TraditionalArchery,1
JustProBlackThings,1
IDROCR,1
drupal,1
HogwartsGhosts,1
FuckChuck,1
melbournesocialclub,1
GYM,1
sevenguardians,1
ERRC,1
Tabletops,1
houseplants,1
LimeMasterRace,1
townplace,1
bladerunner,1
MountainWisdom,1
MechanicalEngineer,1
foreignservice,1
oneliners,1
childrenshospital,1
PixelBlacksmith,1
ThePathHulu,1
jenkinsci,1
TDResistance,1
Nioh,1
bellevue,1
100pushups,1
TheUnderboob,1
DestinyLFG,1
dissidia,1
Astanna,1
nojokes,1
vinylpro,1
akira,1
switchfoot,1
GITS_FA,1
NFL2go,1
SouthwestAirlines,1
POTS,1
coinop,1
OffGrid,1
mdmarollcall,1
MultipleSclerosis,1
Karnivool,1
AnythingGoes,1
HereInMyCar,1
AtlantaBarters,1
Bernie_Sanders,1
Winterfell,1
marines,1
Polaroid,1
hiphop,1
OSVR,1
QuantumLeap,1
janusVR,1
hashtagy0l0swaggang,1
AubreyMaturinSeries,1
absolutelynotmeirl,1
girlsontoilets,1
Scary,1
SerialPodcastSeason1,1
ccsu,1
NovemberBumps2016,1
titsnboobs,1
MaddenUT,1
AndroidAuto,1
appers,1
Citra,1
Classicpokemon,1
poltics,1
RSMarketplace,1
fringly,1
krakow,1
KylieJenner,1
BokuDakegaInaiMachi,1
ProjectUltimatum,1
SocialServicesStories,1
musicmarketing,1
mtgfrontier,1
Hijabis,1
KyloRen,1
WhenIsHL3,1
CricketWireless,1
fatpeople,1
serum,1
puptheband,1
furry_catwalk,1
ZcashMiners,1
SinaiInsurgency,1
uruguay,1
OfKingsAndMen,1
EarRape,1
thevenomsite,1
65Grendel,1
ubisoft,1
magick,1
SexInFrontOfOthers,1
broodwar,1
Pentesting,1
DualSurvival,1
ungulateteams,1
publicdefenders,1
blackbutler,1
ReversalReborn,1
redditfosterfamily,1
GundamExVs,1
Polycentric_Law,1
MutGambling,1
phenibut,1
cyberunions,1
ForgottenWeapons,1
youseeivan,1
mourinhogifs,1
Sissy_humiliation,1
Perfume,1
jerky,1
magictavern,1
skateparks,1
totallynotjellyfish,1
aocat,1
DCTV_Universe,1
warmane,1
conduitporn,1
iPAHub,1
oddlyspecific,1
hunter,1
SpiceandWolf,1
OneTrueRem,1
cork,1
remindme,1
marvelvscapcom,1
the_iowa,1
theydidthemonstermath,1
WeArePennState,1
riseofnations,1
TPPKappa,1
lasers,1
tunnelbana,1
theyrationalized,1
typing,1
40something,1
zoloft,1
xfactor,1
DCEUCirclejerk,1
SFr4r,1
ultimateplebsquad,1
GayTeens,1
wlu,1
cockrating,1
EnoughBrendanSpam,1
RnBHeads,1
1200isjerky,1
ernstbobbieenderest,1
ImABlue,1
wealth,1
WikileaksTaskForce,1
romega,1
shooter,1
Amry,1
origami,1
takecareofmyplant,1
ExcaliburWoW,1
TransformersEarthWars,1
heyitsshugatest,1
Skyrim_Mods,1
ScottPilgrim,1
head_trauma,1
Nicememes,1
ChristianMusic,1
Strippersonthejob,1
WordsWithFriends,1
snowing,1
fut,1
TheTravelingDiscs,1
riderschallenge,1
GTAOnlineBikers,1
disneymagickingdoms,1
MotorcycleWisconsin,1
mspaintbattles,1
imagesofthe1980s,1
GearTrade,1
woooosh,1
kpophelp,1
TrollXSupport,1
videoessay,1
bikeboston,1
MacOS,1
NextCloud,1
Gear360,1
ticats,1
Alt_Hapa,1
PollQuestions,1
Pins4Skins,1
watchdogs,1
Sunrise2016,1
TheAlternativeMedia,1
RickyHcase,1
Sniff,1
FreshTeens,1
boobgrabs,1
peoplesmetanarchism,1
pasadena,1
Daggerfall,1
YogaHotness,1
truespeed,1
torino,1
csgopolygon,1
sportsgasm,1
RocketLeagueMods,1
TapDancing,1
Serbian,1
cubscouts,1
MrRobotARG,1
Huawei,1
Islaam,1
Freakonomics,1
smilers,1
StrikeAction,1
VFIO,1
fantasybooking,1
CongratsLikeImFive,1
BandofBrothers,1
wewLad,1
algeria,1
superstore,1
YokaiSwap,1
noagenda,1
MarioRun,1
JourneyPS3,1
PokemonGoAnywhere,1
HalfBloodHangout,1
stroke,1
nsfw_videos,1
dndpodcast,1
PornhubPoems,1
roomba,1
dishonoredlore,1
delhi,1
Shantae,1
DefinitelyNotRussians,1
betsMMA,1
GamingKC,1
PokemonGOK,1
mapleroot,1
SmoothStreamsTV,1
HOLIDAYCARDS,1
starwarsgames,1
GoneWildTrans,1
MysteriousUniverse,1
orangetheory,1
TheHangar,1
CelebrityPokies,1
zlap,1
Siri,1
OregonCity,1
RoughRomanMemes,1
CampusReform,1
projectgorgon,1
lgg6,1
utc,1
Marquette,1
backpacker,1
NVGuns,1
SimpleBanking,1
JustBootThings,1
TheProfit,1
cadeals,1
collared,1
Annapolis,1
TheGreatWar,1
DutchFIRE,1
DestinyPrivateMatches,1
WhiskyDFW,1
labtech,1
dragonvaleworld,1
BanditsLoM,1
Spearfishing,1
rlpverify,1
TooBig,1
pelfie,1
DukeBluePlanet,1
panamacity,1
iBUYPOWER,1
IWantToGetFucked,1
the_darth,1
saxophone,1
soldierfront2,1
kenbone,1
thespoonyexperiment,1
nwi,1
Politics1,1
CODZombiesUnfound,1
stickers,1
GamingVideos,1
SEC,1
DevBespin,1
SharedACTown,1
ImaginaryBehemoths,1
funsizedasian,1
riceuniversity,1
frogs,1
openstack,1
shittytechnicals,1
OaklandNews,1
FuckPokePorn,1
roastme_unlimited,1
Flights,1
April2017Bumpers,1
Excision,1
TACN,1
patches765,1
ANormalDayInAmerica,1
SuperheroCirclejerk,1
MySingingMonsters,1
YARNPOOLING,1
KeepCorbyn,1
ClashDecks,1
ChatsuboMCPE,1
BDSMpersonals,1
PixelClash,1
MillieBobbyBrown,1
fexna,1
not_subreddit,1
HerbGrow,1
DrawMyTattoo,1
TTC,1
NMSPortals,1
shittylegaladvice,1
MonsterLegends,1
RaftGame,1
drydockporn,1
Duradei,1
OakIsland,1
RolePlayersGuild,1
Nicegirls,1
PeopleAlmostDying,1
FordFestiva,1
Democracy3,1
cicada,1
cyberpunk_fiction,1
appul,1
CFBStreams,1
LogicPro,1
revelation_online,1
Chaoschronicle,1
brucelee,1
RoAww,1
SurfaceGaming,1
ArtDeco,1
ypsi,1
Kiva,1
ghostnipples,1
spencer,1
cat,1
JunkRatMains,1
CardsandCastlesCCG,1
VivetAstrum,1
TransportFever,1
JohnMayer,1
YuYuYu,1
totalanguage,1
keycapdesigners,1
SamsungS7,1
dfwmusic,1
DQBuilders,1
lightsabers,1
ExMo_Christianity,1
InfectedMushroom,1
MakeTotalDestr0i,1
RealJilling,1
jeremycorbyn,1
MovementDEMF,1
galactic_senate,1
Eliza_cs,1
chiselsandbits,1
osoql,1
GVSU,1
IncelHeaven,1
fitdrawngirls,1
banyaro,1
DonaldandHobbes,1
SlaveLabor,1
maisiewilliams,1
leannecrow,1
trailmeals,1
beetlejuicing,1
OldNews,1
extdi,1
braces,1
SciontC,1
work,1
Puffies,1
dbotcorexy,1
DestinyDadJokes,1
PinocchioKDrama,1
gate,1
UnionHouse,1
rundisney,1
PortugalGoneWild,1
GabbyEpstein,1
yorickmains,1
PoliticalRevolutionGA,1
wargame4,1
MemoryDefrag,1
Star_wars_Rogue_One,1
mandellaeffect,1
phoneverification,1
PetiteGirls,1
Toastmasters,1
oblivionmods,1
SoulHuntersGame,1
Wukongmains,1
Rotaries,1
SouthAfricanRugby,1
wavepool,1
ThanksTrump,1
foolswithstools,1
micronations,1
CODZM,1
CrestedGecko,1
unlimitedbreadsticks,1
CSGOMoviemaking,1
Rick,1
realtech,1
TuckedInPuppies,1
Fibromyalgia,1
Micromanufacturing,1
LandCruisers,1
Workfail,1
GermanWW2photos,1
EnglishLearning,1
AndroidIsBeautiful,1
blacklagoon,1
achewood,1
IO2A,1
wcma,1
nincirclejerk,1
iFunny,1
TronMTG,1
E_4,1
lifx,1
Streisandeffect,1
TraitorTownROBLOX,1
bashonubuntuonwindows,1
SubredditSimSimulator,1
abusedsluts,1
bicycling412,1
MelanieMartinez,1
viktormains,1
craftymighty,1
mgi,1
NotFoolingAnybody,1
Spurdo,1
tryptophobia,1
lifeisbeautifulLV,1
DestinyMLG,1
kungfucinema,1
1PugLife,1
Tackle_depression,1
gaygonewild,1
GoIV,1
fPUA,1
doctorbutts,1
MuslimNoFap,1
Labour,1
BTD5,1
HumansBeingCute,1
hentai_irl,1
historyteachers,1
blackmagicfuckery,1
deathwing,1
Mortgages,1
gingerguys,1
WeWantPlates,1
TEMPUS_FUGIT,1
GamersBeingBros,1
KanyeLeaks,1
Reassembly,1
Tgifs,1
TheBigLezShow,1
IGotGrapes,1
westcoastnz,1
freeworldnews,1
takemymoney,1
Our_Politics,1
MariahCarey,1
secondstartotheright,1
ragdolls,1
nosurf,1
digix,1
samuraiworld,1
garage,1
mastercam,1
monkeydjinbetheclown,1
WonderTacticsRPG,1
anastasia_shcheglova,1
IRstudies,1
CompetitiveCR,1
oceans,1
AudioPost,1
NoCheesyIntentions,1
the_meltdown_meltdown,1
Starblastio,1
AirSwimming,1
privacytoolsIO,1
ProJew,1
clockworkempires,1
quadricorns,1
yahooanswers,1
Quakers,1
redacted,1
c64,1
Obduction,1
gayspanking,1
scottadamssays,1
airportceo,1
GhostTrick,1
joltmasterrace,1
togattamimi,1
MordekaiserMains,1
ConspiracyFacts,1
creampiegifs,1
shoegazer,1
wisp,1
Vikings_TvSeries,1
n3rdfusion,1
CbusFlex,1
MuLegend,1
Allsvenskan,1
Venstresiden,1
UHDnsfw,1
VetTech,1
Nokia,1
dcrideit,1
Appliances,1
reddit_gets_renamed,1
OriginTP,1
Blakes7,1
VPS,1
littlespace,1
AngieGriffin,1
LawFirm,1
phonewallpapers,1
The_Donald_Discuss,1
Babes,1
WALibertarians,1
doublegap,1
sgchurning,1
OnTheBlock,1
reactos,1
shorthairedwaifus,1
Etizolam,1
MegTurney2,1
EnoughFakeNewsSpam,1
tuscarorahighschool,1
ImpeachTrump,1
MissilePorn,1
KneadyCats,1
aftertheendckii,1
WayfarersPub,1
ModelTimes,1
shoudvebeenbernie,1
Verlisify,1
explainlikenegan,1
carmageddon,1
WeddingRingsShowing,1
masterhacker,1
AlbanyGA,1
wegmans,1
Flume,1
thedoopdoop,1
The48LawsOfPower,1
ImaginaryFutureWar,1
RLCompetitive,1
PBtA,1
UnnecessaryQuotes,1
exatheist,1
cellphones,1
WetTshirts,1
CelebrityAnus,1
TheGlassCannonPodcast,1
RealAltLeft,1
MrRobotLounge,1
RollonReddit,1
GalaxyGear,1
yugioh_nsfw,1
transfascism,1
Snek,1
Ewwducational,1
LazyCats,1
StarConflict,1
ThingsFightingIdiots,1
RLFashionAdvice,1
SlavLife,1
GFD,1
taricmains,1
EliteMiners,1
musicproduction,1
DirkGently,1
atx4atx,1
FloatTank,1
cubancigars,1
NoFilterNews,1
digital_marketing,1
SNP,1
Vintage_bicycles,1
send_nudes,1
dogswithvests,1
vhack,1
VeryCheap,1
tytsucks,1
frl,1
BABYMETALMemes,1
ComputerEngineering,1
textblade,1
pingu,1
LPC,1
SearchParty,1
40k,1
ColdplayParadiseBroke,1
CivilExRA,1
roulette,1
nba2k17,1
wyvernrpg,1
ImagesOfTexas,1
HTC_Vive,1
celebdominatrixs,1
niggersrebooted,1
shouldvebeenbernie,1
Canadian_Socialism,1
C418,1
ResearchVendors,1
thegreatwarpowers,1
ipadmusic,1
Yorkies,1
Minnesotar4r,1
stencils,1
imagesofthe1970s,1
UoNau,1
Broward,1
toloveru,1
CodeineCowboys,1
GTAoutfits,1
realbikinis,1
SnailJokes,1
blackflag,1
bassethounds,1
GRDCX,1
restofthefuckingowl,1
TribeTwelve,1
VisualStudio,1
omnicadvice,1
BestofCracked,1
GoodFakeTexts,1
neckbeardRPG,1
expat,1
BustyNonNude,1
BirdsForScale,1
ElgatoGaming,1
knapping,1
Newfoundlander,1
NetflixCanada,1
AliensAmongUs,1
Anteria,1
renting,1
Fingerboards,1
SwiggitySwootyGifs,1
antivirus,1
internationallaw,1
ArtLessons,1
ScottishPeopleTwitter,1
GREEK,1
femaleasiananal,1
Upshorts,1
Northwestern,1
diysound,1
lyftdrivers,1
dashcams,1
wall,1
kubrick,1
greatestgen,1
CableTechs,1
CartoonNetwork,1
wowaddons,1
FlashGames,1
fleet_foxes,1
Decoders,1
oddities,1
KeepWriting,1
AppleWhatShouldIBuy,1
Ligue1,1
Instantregret,1
ImaginaryFashion,1
Futurama_Sleepers,1
Oddshot,1
KDCGameGrumps,1
PlayOn,1
GameAttack,1
Cakes,1
macgyver,1
ITAGLIA,1
UniUK,1
AboveandBeyond,1
GAA,1
Kerbal_Space_Program,1
AutoHotkey,1
beemovie,1
Luxembourg,1
LibDem,1
IndiaHeartPakistan,1
LibreNMS,1
LouisTheroux,1
valkyrie,1
Tiki,1
bodyperfection,1
PAguns,1
TellTaleBatmanSeries,1
zoophilia,1
nailFetish,1
parentsofmultiples,1
fifa17,1
gameai,1
brasilivre,1
CelebrityJOMaterial,1
ClemsonTigers,1
startup,1
biomebundle,1
kuttichevuru,1
shroudoftheavatar,1
CassiopeiaMains,1
3edgy5me,1
jupiterbroadcasting,1
tsugumomo,1
ComplexionExcellence,1
DebateaCapitalist,1
RingPlus,1
DogecoinCoC,1
DebateAVegan,1
frankturner,1
hoopscoach,1
butchlesbians,1
ssg3,1
WeGotTrouble,1
Erotica,1
Futurism,1
calexit,1
warfacts,1
blueapron,1
TheNewZ,1
starcitizen_refunds,1
Tentai,1
AnarchismOnline,1
exmotrees,1
GrahamHancock,1
kings_of_leon,1
ion,1
distension,1
Foamed,1
UnethicalLifeProTips,1
cleverbot,1
modelpd,1
lewrongmillenium,1
BidenMemes,1
suspiciousquotes,1
Anger,1
Iamnotracistbut,1
cmhocpress,1
Footbrawl,1
persianrap,1
abdlstories,1
playingcards,1
XBOPP,1
CastroIsOnly20,1
HellsKitchen,1
RandomActsofTrump,1
upvotedbecausecatfish,1
Alter_Europa,1
nutshack,1
royaloak,1
NiceHash,1
PoGoVegas,1
FranceskaJaimes,1
earrumblersassemble,1
WarCollege,1
sanmarcos,1
PokeEpsilon,1
s550Mustang,1
StomachDownFeetUp,1
kenbone4prezz,1
littlewaronline,1
CvSBookClub,1
ikeahacks,1
RocketLeagueTraders,1
GeneralSam,1
CatPeopleTwitter,1
May2017Bumpers,1
biggreenegg,1
AskHSteacher,1
jewry,1
weightwatchers,1
STS9,1
Tiresaretheenemy,1
2016Elections,1
BFOne_Emblems,1
wakfu,1
Eyeshakers,1
Acura_RSX,1
TybeeDiskin,1
2016_elections,1
silentmoviegifs,1
ReagentTesting,1
westchesterpa,1
LinuxDistroCommunity,1
ModdedMC,1
PMAC,1
dirtrally,1
PartyNextDoor,1
UPFORFUN,1
MCPEMultiplayer,1
Kenosha,1
LearnRubyonRails,1
HoustonBeer,1
hwstartups,1
cameltoe,1
ComicWalls,1
onionheadlines,1
BoundlessPotential,1
GoPlus,1
ants,1
SocialMediaSluts,1
SexyWomanOfTheDay,1
LVPhantoms,1
wsb,1
Bible,1
quantfinance,1
grandpajoehate,1
KState,1
BattlebornMemes,1
PokemonGoPhoenix,1
StreetFighterMods,1
submarines,1
dxracer,1
voyager,1
MLQuestions,1
Currentlytripping,1
TrumpForPrison,1
motorizedbicycles,1
snoovatars,1
systemofadown,1
chomskybookclub,1
KronosAuction,1
janicegriffith,1
DOTA,1
thehauntedmansion,1
grindr,1
hawwkey,1
secretcompartments,1
Crabmeat,1
Neonkisses,1
RIGSMCL,1
XingTian,1
gwcurvy,1
HuaweiHonor5X,1
expos,1
TigerBelly,1
Lisk,1
RobbieRotten,1
shittyanimetldr,1
AyyLmao2DongerBot,1
Best_tattoos,1
pitbulls_in_partyhats,1
blowjob_eyes,1
FreeHans,1
andy,1
PostAudio,1
mmamemes,1
btcc,1
devblogs,1
Hypothyroidism,1
musicsoftwaredeals,1
Watsky,1
PnFExplorers,1
dogswearinghats,1
fortinet,1
TellReddit,1
pixel_phones,1
whole30,1
KyoukainoKanata,1
wtf_amazon,1
CPC,1
atlantaedm,1
Dogberg,1
BaltimoreCounty,1
kubernetes,1
TheFestivalPlaza,1
metal_me_irl,1
KarmaForFree,1
Dreams,1
KDTrade,1
fnafdramaalert,1
SUBREDDITNAME,1
customsmb,1
CollegeAmateurs,1
Yiffbondage,1
PS4Banners,1
Battlefield2,1
fosterit,1
Crunchyroll,1
UttamBharat,1
ThisIsWhyTrumpWon,1
smarthome,1
nexustk,1
Democrats2020,1
gpdwin,1
hyperloop,1
AsianBeautyRehab,1
TapeKvlt,1
SpoiledSurvivor,1
0x3642,1
DarkSoulsMods,1
3DSPH,1
RobinMains,1
Just18,1
atoptics,1
kobo,1
pvplounge,1
BarbaraPalvin,1
montco,1
trumptracker,1
nononomaybe,1
expeditionsviking,1
PraiseAnokuu,1
CarHacking,1
ShieldAndroidTV,1
mysticmessenger,1
pepethefrog,1
OlderThanDinosaurs,1
KenaiPeninsula,1
jrotc,1
jazznoir,1
Delraybeach,1
beach,1
HeadyGamers,1
ascensionesports,1
BoardGameExchange,1
musicals,1
MushroomGrowers,1
Map_Porn,1
TinkerIsland,1
unRAID,1
SlowTV,1
IdentityMMO,1
nier,1
crappycontouring,1
nick,1
chinchilla,1
NotHowDrugsWork,1
UCA,1
rsc,1
Concerts,1
humansvszombies,1
ArtEd,1
bbc,1
runningman,1
cumonclothes,1
Moonshiners,1
CruxKraft,1
medicinehat,1
scarletembers,1
WinningIsEverything,1
bannersaga,1
DarwinAwards,1
lupus,1
TWRP,1
PimpYourMomForKarma,1
soccergifs,1
ImaginaryStarships,1
SpiceandWolfTrading,1
effzeh,1
CanIntoEurope,1
switcharoo,1
RPGStuck_C3,1
rule63,1
ludology,1
Bigtitssmalltits,1
LenovoMasterRace,1
avengersacademyios,1
SocialismVCapitalism,1
GirlsInTheBathroom,1
DuneBuggy,1
FrugalEire,1
toomanypillows,1
ShittyDaystrom,1
TheInnBetween,1
OldTimeHockey,1
TILinIndia,1
humblemcserver,1
cavestory,1
StarWarsTheories,1
SpringfieldArmory,1
pretzels,1
ChurchofSatan,1
CamelotUnchained,1
GermanRap,1
hipower,1
MissAlice_18,1
cookingcollaboration,1
SteelOcean,1
cryaotic,1
NYr4r,1
gbay,1
thescienceofdeduction,1
JMRI,1
snobbery,1
BreadMachines,1
faimprovement,1
DenverCirclejerk,1
JDsanignocrite,1
notbaseballrelated,1
whoismrrobot,1
femdomgonewild,1
EroticHypnosis,1
brackets,1
omahatrain,1
TurintheTide,1
naturaltitties,1
UnpopularOpinions,1
guessmybf,1
thehungergames,1
GravityFallsCommunity,1
Dota2CustomGames,1
Pacifism,1
simrally,1
7thSea,1
composting,1
WinningPutt,1
WarCollegeWargame,1
determinism,1
TeamChampagne,1
kanpur,1
DCTelevision,1
Falloutspoilers,1
JapaneseGameShows,1
immortalisrising,1
molliequinn,1
shakeygraves,1
ClusterTruck,1
snowgirls,1
AskABrit,1
adoseofbuckley,1
Vapeandmech,1
NFSRides,1
TipOfMyRooster,1
FuckMyShitUp,1
MousepadReview,1
thecutestidol,1
f04cb41f154db2f05a4a,1
paint,1
shitty_DIY_eJuice,1
reddittakedownarchive,1
openrct2,1
YouIRL,1
autofellatio,1
GOTradeReferences,1
DragonsDogmods,1
HomemadePorn,1
muglife,1
LilYachty,1
3DPorncraft,1
AustinPsychFest,1
HPatSoB,1
skinnytail,1
xtWioorSFr13ztacarga,1
VacationColorado,1
MetaMandela,1
TheMakingOfGames,1
UKandIrishBeer,1
WelcometoFreddys,1
MacMiller,1
leggingsgonewild,1
indianmilf,1
Radiolab,1
wellthatwaspointless,1
Archeology,1
lightsalot,1
legalcorn,1
MegaLoungeI_SAY_I_SAY,1
onlywomen,1
MaddenMobileH2H,1
DCEvents,1
AzerothPorn,1
VapingPirates,1
VolcanoVaporizer,1
AskStatistics,1
themodelindependent,1
osucommunity,1
Overgrowth,1
bobdylan,1
MeetPeople,1
WeNeedAchilles,1
badfantasyhistory,1
TexasForSanders,1
twincitiesmusic,1
Biofuel,1
China_News,1
criminalminds,1
HeavenlyHost,1
ModernTwin,1
audiology,1
recordstore,1
cologne,1
hotmail,1
nonononoaww,1
TedCruzForPresident,1
epicsystems,1
EverspaceGame,1
EDENmusic,1
manufacturing,1
BlackCrimeMatters,1
AmateurCollegeGirls,1
diysynth,1
CatAdvice,1
taxpros,1
Bukkake,1
Slitherio,1
FIFACustomTeamsLeague,1
ZenMicrobrewery,1
AndroidStudio,1
TheOGGrowCrew,1
EllenBaker,1
portabledabs,1
warface,1
ZBrush,1
Tuba,1
CelebrityArmpits,1
superhoops,1
songwriterscircle,1
annualkpopawards,1
SceneGirls,1
peakoil,1
dirtykikgroups,1
MBBC,1
Supremacy1914,1
RCClassifieds,1
WIRLockerRoom,1
GeelongCats,1
ricearoni,1
PBE,1
MelbTrade,1
gambling,1
dbzccg,1
ComputerSecurity,1
Rule34Smite,1
gaminggifs,1
EdBangerRecords,1
Aarhus,1
Drinking_Games,1
badliterarystudies,1
dcrp,1
linerider,1
romanmasterrace,1
InfinityTrades,1
Emma_Roberts,1
ClickerPirates,1
OneNote,1
Oilporn,1
Roseville,1
ZephyrWarrior,1
COI,1
Nightshift,1
MetalGearPatriots,1
sync_ios,1
CoffeeWithJesus,1
1940s,1
pico8,1
firewoodvapes,1
philly,1
KirkCousins,1
WorshipSteve,1
anno2205,1
wiiudeals,1
BorderlandsCoop,1
nt337,1
CardboardNSFW,1
FutureFight_Unions,1
Supertribes,1
prestonandsteve,1
Menieres,1
dndmemes,1
Bumble,1
fived,1
g2a,1
InternationalBaseball,1
07Scape,1
EcoGlobalSurvival,1
FinalFantasyVII,1
UnderFNaF,1
ClubPenguin,1
GRE,1
HTGDD,1
transadorable,1
OldSchoolCoolMusic,1
mondaypunday,1
polandballgifs,1
CollectorCorps,1
Italia,1
CourtroomJustice,1
UHCHosts,1
NaturalWomen,1
autotouch,1
HeresAFunFact,1
shittyTIL,1
YoutubeScience,1
springerspaniel,1
ArmadaFC,1
oakville,1
gocats,1
blighttown,1
digested_bot,1
flippyshit,1
Cytus,1
FAF,1
NextDoorBoobies,1
WTFgaragesale,1
GreenBay,1
depaul,1
CaliforniaPics,1
EmilyBloom,1
Flute,1
Skookum,1
poop,1
CardWars,1
Skinhead,1
fuckyeahsofuckable,1
E90,1
RewardableApp,1
TAS,1
Horticulture,1
Freebuilders,1
TruCru,1
cravetv,1
hailtheclock,1
WaihiCollege,1
TheGroup_Robin,1
androidroot,1
Tay_Tweets,1
battlenet,1
StraightTalk,1
japanpornstars,1
TheoTown,1
Technic,1
DigimonLinkz,1
MBMBAM,1
FailsOnStream,1
SorryForYourLoss,1
LanguageTechnology,1
WonderKing,1
cactus,1
Injustice_Mobile_WB,1
shittyjudgequestions,1
sorceryofthespectacle,1
littlebill,1
MumkeysAnimeReviews,1
alphacentauri,1
wafflescat,1
AndroidPay,1
tryptonaut,1
witcherporn,1
MichelleJenneke,1
Terasology,1
necromunda,1
mr_kangas,1
whateverhappenedto,1
mercedes,1
digitaltabletop,1
TitlePapercut,1
shannara,1
OccupationalTherapy,1
ShortScaryStoriesOOC,1
voterfraud,1
SurviveTogether,1
metalearth,1
Quisqueyanews,1
SeExZa,1
robintracking,1
makerobingreatagain,1
dawnofjustice,1
tailplug,1
ElementsGG,1
TPPLeague,1
ps3hacks,1
Apples,1
nyancoins,1
Bad_Cop_Follow_Up,1
AntiSemitismWatch,1
asktrolly,1
joeyfisher,1
JMT,1
eliomotors,1
ChinaJobs,1
RichmondFC,1
Flame_Haven,1
VisitingDenmark,1
BayonettaMains,1
Genoawhatimtalkinbout,1
thebuttonaftermath,1
Threesome,1
GavinMcInnes,1
theRobinhood,1
Sprinting,1
NFLUK,1
titshansen,1
MHoCWorldPowers,1
jilling,1
blizzcon,1
BorderCollie,1
slaaaater,1
randomcomicpanels,1
fuckincoolshit,1
Windows10M,1
StarWarsFigureToys,1
microdosing,1
hci,1
guyfierihate,1
Woodworkingvideos,1
Skijumping,1
Cheese,1
Money,1
MakeupAddictionCanada,1
swg,1
Cloud_Chasers,1
tDCS,1
soKukunelits,1
ezrealmains,1
HibikeEuphonium,1
FutureSchoolShooters,1
sleepyasians,1
MontgomeryAL,1
commonfilth,1
CricketGroups,1
DragonDrawings,1
BOINC,1
ScienceFictionPowers,1
HackedTeam,1
SpeedRunners,1
TWEWY,1
Autodesk,1
LtCorbis,1
bluetongueskinks,1
gout,1
USExpatTaxes,1
SpaceAgePowers,1
riseoflegends,1
TheBarrens,1
ssbbw,1
STN,1
BOIgodmode,1
JETWaterPipes,1
PolarisNetwork,1
Drakkarschildren,1
btrfs,1
hyperlightdrifter,1
joyetechlogos,1
nem,1
suicidology,1
Authentic_Vapeporn,1
NewPMDT,1
ejuice,1
FantasyDebate,1
energy_work,1
StandwithRand,1
Herpes,1
chessporn,1
smashbros34,1
BigBoobsGonewild,1
LeatherClassifieds,1
holderclashers,1
blackfootbros,1
ImaginaryAww,1
CodersForSanders,1
Tiburon,1
mcciv,1
CleverEdits,1
NBA2k16,1
SauceforNSFWads,1
WestHighlandTerriers,1
PurePwnage,1
EuropeSJWwatch,1
beerandpizza,1
EiteLewis,1
ImagesOfFlorida,1
EveryAccountIsABot,1
StayGoldReddit,1
WisDan,1
EuropeanCulture,1
mylittlewhizbang,1
MetalGearOnline,1
TennisBetting,1
marblehornets,1
Farriers,1
5by5DLC,1
kungfury,1
amateurproduction,1
PlanetExplorers,1
Juventus,1
UniversityOfWarwick,1
FredditFreebuild,1
ToobAmps,1
EverytimeITouchMike,1
planetside2,1
BPRD,1
sunshinecoast,1
NorwayPics,1
BreakingParents,1
Winterwx,1
asm,1
ClitDepthGIFs,1
Sep2015Event,1
test_km,1
PraxAcceptance,1
sarasota,1
EKGs,1
TaylorSwiftsFeet,1
ChevySonic,1
theforceawakens,1
electrical,1
MaddenCompetitive,1
TrollXMeetups,1
Clipboards,1
SaltLakeCItyTech,1
america,1
GeeKnitting,1
aal,1
rblxdev,1
HoustonClassifieds,1
PlayingWithFire,1
Panties4Sale,1
redditsharktank,1
2X_INTJ,1
Guude,1
metroidvania,1
theblackcountry,1
veloster,1
wixoss,1
Gfurcomics,1
GalaxyNote2,1
thatcouldvebeenworse,1
quilling,1
programmerchat,1
lotus,1
hoarding,1
Paganacht,1
infinitejustice,1
FAWSL,1
robinhobb,1
wemetonline,1
utahfootball,1
ashlandohio,1
unexpectedwtf,1
whatsapp,1
AtlantaGuardians,1
worldpostcards,1
legendarymarvel,1
OutCampaign,1
TraditionalCurses,1
ShareAFap,1
DungeonLink,1
atherNice,1
Shurima,1
cambridge_uni,1
hotsauce,1
AndroidVR,1
ArtBuddy,1
Steam_Link,1
lucario,1
gw2economy,1
ropetutorials,1
DoMyHomework,1
TenYearsAgo,1
thingsmigrating,1
frenchhelp,1
cfbplayoffcommittee,1
testtesttest,1
CamelHoarder101,1
Dermatology,1
jaystickets,1
Osaka,1
CenturyClubDrama,1
Kaytra,1
deadsubs,1
BloodandGoldCaribbean,1
TinyReddit,1
CoolCatLovesYou,1
TotalDramaHungerGames,1
kindlefire,1
HairyArmpits,1
HSCoaching,1
GGwotTTS,1
SwordCoast,1
GosuMicro,1
Portuguese,1
Kekoslovakia,1
303,1
nvidiacirclejerk,1
SpongeUniverse,1
frontiertrials,1
AthenaSecurityGroup,1
dnp,1
customyugioh,1
cummingonfigurines,1
NewBeerFriday,1
ProfessorLayton,1
cedarpoint,1
SourcePornMaker,1
BlackScienceMan,1
Askashittyparent,1
KazahanaFE,1
TheRedditRebels,1
wtfamazon,1
BlindRaids,1
Steam_Controller,1
askaustin,1
hoverboards,1
torrenttunes,1
XenobladeChroniclesX,1
CuteGuyButts,1
Presenting,1
LSUFootball,1
Moji,1
dealwithit,1
morningtoncrescent,1
virginmobile,1
cincybearcats,1
MGSPhantomPain,1
Unorthodog,1
PhascinatingPhysics,1
TorInAction,1
fnafworld,1
Sibelius,1
bemani,1
TinderNSFW,1
MegaManMains,1
reactgirls,1
Nidus3,1
minxium,1
CardinalsRoastMe,1
planetarium,1
chimichangas,1
zweiteliga,1
MiningSpartan,1
User_Simulator,1
TheLizPalace,1
BarclaysPL,1
AP_World,1
BreitbartInAction,1
neweracaps,1
Bougna,1
OfficialPCMRRatings,1
notgayporn,1
evolvingprocesses,1
CompetitiveHotS,1
dankaf,1
legendofkorra,1
caughtcheating,1
AmiiboFlorida,1
kravmaga,1
jrock,1
alpinism,1
motobe,1
CatsOnKeyboards,1
BreedablePokemon,1
skinking,1
unintentionalASMR,1
RainMusic,1
reddit_silver,1
raincomic,1
dubuque,1
paganism,1
Darksoulsrule34,1
Killjoys,1
TheAfterDisaster,1
TheseAreOurAlbums,1
bunburyfestival,1
BatteryLife,1
NoRules,1
mrpickles,1
UticaComets,1
TheBabeTaster,1
strobecirclejerk,1
SaintSeiya,1
MoonbeamCity,1
COBike,1
HistoricalMUS,1
kingsofwar,1
vudu,1
LifeOfLisa,1
GW2HONE,1
DHExchange,1
Innovation,1
seaents,1
Ashland,1
missoula,1
rockford,1
houstonr4r,1
mcnursinghome,1
KineticVoid,1
AssaultAndroidCactus,1
IranianGenius,1
Vans,1
pipreddit,1
randomactsofmusic,1
ScienceGIFs,1
legogaming,1
helgalovekaty,1
cinemaworkers,1
pugmasterrace,1
lindseypelas,1
aromantic,1
no_turn_unstoned,1
ketoaustralia,1
AskLawEnforcement,1
happyvalley,1
columbuscirclejerk,1
ShitLinuxSays,1
jakanddaxter,1
SPG,1
MHOCEDM,1
baskets,1
Chemtrail,1
Blerds,1
OldSchoolMusic,1
pentatonix,1
Denise_Milani,1
BiCommunity,1
Astrosplinter,1
UpvotedBecauseBoobs,1
FredbearsEars,1
SilphRoadNortheast,1
SERGALSERGALSERGAL,1
masteroforion,1
DesolationMod,1
mutantCrew,1
BrainwasherIsTheKing,1
ModernJazz,1
FunAskReddit,1
CuckoldCommunity,1
KFC_Tacobell,1
sludge,1
PickOne,1
SteamArtworkProfiles,1
ANGC,1
SDSU,1
veikkausliiga,1
BeardLovers,1
Online2K16,1
ancap_videos,1
SantaMonica,1
ModelsGoneMild,1
Buyingforbaby,1
Vernon,1
AlphaBayMarket,1
Godville,1
shittywoodworking,1
TightsAndTightClothes,1
NSFW_Versus,1
nosneeze,1
SciFiRealism,1
GanondorfMains,1
iDubbbzReddit,1
BullTerrier,1
achappyhome,1
BoschTV,1
PCSX2,1
TransDIY,1
SKS,1
justbeenbanned,1
Sanders2Trump,1
purephun,1
askyoutubecomments,1
phlgbt,1
TwoRedditorsOneCup,1
Greenlantern,1
ResentfulAnimals,1
LaBeauteFeminine,1
dishonoredpowers,1
wyhaato_il2geo1BssON,1
worldtrigger,1
Nautical,1
N_UNS,1
frontfootporn,1
PaintlessDentRepair,1
Bitcoin_Classic,1
Gwinnett,1
birddogs,1
WonderTactics,1
azerbaijan,1
pocketmaplestory,1
monkeyhats,1
Waiters,1
Reikenzan,1
AlcoholGifRecipes,1
vancouverents,1
FromSoftwareSouls,1
TheOrderGame,1
stagelighting,1
DIY_tech,1
nhl_games,1
JGLGiraffes,1
Apocalypse_Watch,1
UCFKnights,1
DeadStarGame,1
lylestevik,1
Do_My_Homework,1
mhoccirclejerk,1
obsf,1
prisonreform,1
adanicxsurvival,1
Brumbies,1
SquidGirl,1
sadsatan,1
quotesoverkoalas,1
ssbb,1
MapleStory2,1
civrev,1
wolflionbear,1
primedaydeals,1
nook,1
weird3D,1
Jamaica,1
OccultConspiracy,1
talesfromthejob,1
Shadowq,1
MArideit,1
undertalecirclejerk,1
insideJorahshead,1
hum,1
FriendsFromPlug,1
amrc,1
HistoryOfCBR,1
amifat,1
skincareexchange,1
TheUnderbun,1
MuseumOfReddit,1
CloudMains,1
GirlsPlayingSports,1
ClotSurvivors,1
Oneirosophy,1
mrwillisclass,1
wintercycling,1
RideshareNews,1
iceclimbing,1
normalideas,1
VelvetUnderground,1
CourtofMiracles,1
DestinyClips,1
tattoocomparisons,1
PlanetsideBattles,1
Resume,1
NotTrending,1
mechanics,1
MusicVideos,1
shittyandroidreviews,1
AskRetail,1
SorakaMains,1
Cursive,1
flatchests,1
niceguysDiscussion,1
ftj,1
interracial_porn,1
GunsOfIcarus,1
FifaCircleJerk,1
pmp,1
talkshows,1
SurvivorRankdownII,1
INTELLECTUALPROPERTY,1
dumbevilplans,1
jazzyhiphop,1
cumcoveredfucking,1
SRARAMLMwahoT,1
electronic_circuits,1
SFBayJobs,1
RetroAR,1
TurtleFacts,1
Megadrive,1
ImaginaryWarships,1
sinnergygames,1
Soundclown,1
exrm,1
Forts,1
AgainstAtheismPlus,1
btc_mod_chat,1
RateMyAudio,1
Vampireweekend,1
The_Wop,1
DSMarket,1
quebeccity,1
insideout,1
slash,1
spookyterraria,1
route66,1
LGBTFC,1
125R,1
mapmaking,1
UnitedWeStand,1
EliteDangerousMeta,1
CoCBot,1
worldofnintendoswap,1
NRelationships,1
Naperville,1
PlayingGuitar,1
CrimeMugshots,1
bikesatx,1
Ultima,1
evejobs,1
DebateEvolution,1
kemonomimi,1
GfycatDepot,1
homeimprovementideas,1
olemiss,1
littlebigplanet,1
tgwp,1
PeachMains,1
ProNazi,1
LibertyUniversity,1
TheRedraft,1
somevideogame,1
idrinkalone,1
DelawareOH,1
tabletop,1
RedwoodCity,1
riotporn,1
burma,1
NewYorkForSanders,1
Porn_Discussion,1
ScarySigns,1
NarcissisticAbuse,1
lexingtongo,1
witchhouse,1
pizzadare,1
CheckYourJohnson,1
PokemonGoCalgary,1
civsaves,1
PokemonGoCH,1
fuckslaine,1
JL8official,1
chromanauts,1
ImaginaryOverwatch,1
HullCity,1
thisismydeathnow,1
MyStrangeStory,1
shoujokakumeiutena,1
Smallville,1
Commodore,1
Sum41,1
SadmanSucksDick,1
indianaforsanders,1
vizsla,1
SciFiModels,1
scrabble,1
OpinionsUncensored,1
HugeTitsSoftcore,1
DafPnk,1
BannedFrom4chan,1
CODAliens,1
MultiMC,1
prestashop,1
LGBTForeverAlone,1
AmazonSeller,1
RiL,1
Doomleaks,1
valkyrieanatomia,1
fuckHOA,1
canadia,1
usernamemarket,1
clarkson,1
myaxe,1
Afghan,1
DemocratsUnbiased,1
PonPonngsecho,1
WorldNewsAndPolitics,1
nsa,1
killstrain,1
OCDNightmare,1
budapest,1
DigitalCartel,1
bootlegmtg,1
yard,1
svencoop,1
DIY_classifieds,1
pggoh,1
Chicken,1
Yiannopoulos,1
EclipseBG,1
DRUM,1
darksoulspvp,1
TheGrintRedditTour,1
Sonic34,1
newretrowave,1
megaporn,1
LiskMarkets,1
exredpill,1
motorcyclesroadtrip,1
copixelate,1
duncantrussell,1
fiaustralia,1
armakingofthehill,1
TerraBattle,1
phoenixmasterrace,1
VeigarMains,1
jobuds,1
SydneyTrees,1
antimatterindustries,1
Bloodline,1
LetsFuckPearl,1
AlienAgenda,1
WindowsStore,1
twitaaa,1
nomansfans,1
maturewomen,1
SpecialAccess,1
MDGuns,1
family,1
shoenice,1
GermansGoneWild,1
AL_Discussion,1
OriAndTheBlindForest,1
Scientits,1
ImagesOfKansas,1
WhatShouldIDoWithIt,1
Worldpainter,1
MontrealCycling,1
swans,1
BigBrotherNSFW,1
ledgerwallet,1
dmrcirclejerk,1
NarutoSC,1
RPDRRankdown,1
underwaterphotography,1
SurpriseAppearances,1
BrutalDeathMetal,1
LoMejorDeNetflixMX,1
reverseanimalrescue,1
NashvilleBeer,1
Fencesitter,1
PokemonGOColorado,1
Pokemongocharlotte,1
AsheronsCall,1
EdenDirect,1
SuFuTeamMystic,1
XTerra,1
phones,1
NTTypes,1
NorthAtlanticTreaty,1
80smusic,1
PanasonicG7,1
rotmgban,1
ReLIFE,1
KineticCode,1
Huffleparty_Time,1
tacticalgear,1
SignatureRequests,1
Splunk,1
firetvstick,1
Amtrak,1
yandere,1
ford_irl,1
PKMNRedditLeague,1
grindcore,1
kkbecky,1
slutsincollege,1
hungarian,1
DaveRamsey,1
SwapCaps,1
Tsukihime,1
TheIridiumPlateau,1
birdsofprey,1
ingressresistance,1
BackyardBaseball,1
HuttsGaming,1
marvelonnetflix,1
Grimes,1
irishwolfhound,1
CantHearYouBot,1
Futadomworld,1
PressureCooking,1
lindseystirling,1
BLM_are_terrorists,1
shittyrealitytv,1
reloadingsales,1
Brownasshole,1
Perv_sex,1
dixiequeer,1
lolclubs,1
PokemonGoWaterville,1
wikiwhat,1
StefanieJoosten,1
uoit,1
Overwatch_LFG,1
gangbang,1
ConfusingGravity,1
CelebCumSluts,1
PlayfulGirls,1
Clarksville,1
modeveryonebutwarnzz,1
kidzbop,1
TweakBounty,1
BrawlhallaCircleJerk,1
UoN,1
asagaoacademy,1
BreedingDittos,1
FactoryIdleGame,1
TheBorklands,1
leanfire,1
KatowiceTrading,1
TheNews,1
Hannover,1
TheShowFranchise,1
thrashmetal,1
kandi,1
antiislam,1
hangzhou,1
fodust,1
MicrowaveGaming,1
cheaters,1
seveneves,1
SamusMains,1
deadisland,1
thehobby,1
VeganFoodPorn,1
thewoodlands,1
Basetowndidnothing,1
Desynchronized,1
Watchmen,1
brasov,1
miamioh,1
pcmasterracents,1
Xsome,1
vancouverdating,1
curvesarebeautiful,1
howtobesherlock,1
Nvidiahelp,1
UTPokemonGo,1
GAMETHEORY,1
OsuSkins,1
Sofi_A,1
Cardiology,1
Funke,1
erfworld,1
BettermentBookClub,1
dolphinconspiracy,1
governorsball,1
INJUSTICE,1
AnimeThemes,1
BBCSluts,1
ImRickHarrison,1
CompactCraft,1
BattledomeVR,1
Touringbicycles,1
cocacola,1
NonEnglishMusic,1
chuckecheesefreakout,1
asianbeautyexchange,1
dcwhisky,1
big_cheeto,1
AprogressiveParty,1
animeexpo,1
SlurpyDerpy,1
Uniwar,1
mobileweb,1
nazi,1
NeutralHeadlines,1
Rwbytabletop,1
Bushwick,1
natalieportman,1
SavRez,1
wowguilds,1
253196,1
peachyprinter,1
GreekLife,1
BlackwakeGame,1
liechtenstein,1
BadRatsShow,1
Chefs,1
geekygirls,1
gog,1
DRZ400,1
seattlebike,1
docker,1
TitusAndronicus,1
lightfellowshipofloux,1
LastGenRichtofen,1
gloriavictis,1
adc,1
Grenoble,1
Homeplate,1
EnoughTrumpSpamSpam,1
immigrazione,1
exmormon_nsfw,1
TwoDoorCinemaClub,1
BigMacintosh,1
Sarnia,1
eclipsephase,1
VAC_Collectors,1
facepalmfacepalms,1
sellmycar,1
expertinayear,1
Libri,1
SubwayHentai,1
PokemonGoEdinburgh,1
obs,1
SubClub,1
REDBLACKS,1
dpdr,1
helsingborg,1
SoccerPredictions,1
Littlewargame,1
cosplayprops,1
onedrive,1
EvilbaneUS,1
europeanparliament,1
longhair,1
jesuistresintelligent,1
istrolid,1
Truecels,1
niagara,1
youreonalistnow,1
luckoverskill,1
TheSockDrawer,1
bassoon,1
RDDT6,1
TeamHummingbird,1
Shinedown,1
Dream_Market,1
asian_gifs,1
MilitaryHistory,1
FreeEuropeNews,1
RedditMinusMods,1
DCU_Club,1
votethirdparty,1
koutetsujounokabaneri,1
downloadcodes,1
barefoot,1
meormyson,1
WormFanfic,1
TurtleBeachHeadsets,1
BinghamtonUniversity,1
racquetball,1
redditwhiskey,1
busty_porn_vids,1
PoliticsUK,1
Petioles,1
AquaticSnails,1
KmultipliedbyKFanClub,1
TheShithole,1
EbolaChan,1
BoysDoCry,1
fortheloveofgaming,1
YamadaAndSevenWitches,1
ShittyPhrasing,1
HowWeRollPodcast,1
Freddy_Fnaf,1
scubaMarket,1
ratemycock,1
emojipasta,1
Wildfire,1
springbreakers,1
NBAMockTourney,1
stcatharinesON,1
mmgirls,1
youtubegaming,1
paslegorafi,1
ASKREDDIT_BLACKOUT,1
epicmetal,1
thegreatproject,1
ZeroWaste,1
RecordThisForFree,1
DrawForMe,1
droidturbo2,1
reactnative,1
GCWZero,1
Sundresses,1
UNU,1
LABeer,1
GameboyMarketplace,1
Coloring,1
QualityAssurance,1
FO4mods,1
superwookkie,1
Zwolle,1
Utrecht,1
myNBA2KMobile,1
MiddleEarthMiniatures,1
ImagesOfThe1950s,1
pongo1231,1
PokerVids,1
revolution,1
ReversalHub,1
vinxis,1
UnexpectedMouthCatch,1
theculling,1
stealthissub,1
foodnetwork,1
ASFL_IRL,1
democracivaced,1
dlhcomputernerds,1
grPokemonGo,1
Wingsio,1
BoundlessVapes,1
EnhancedFucktoys,1
OldSchoolCelebs,1
CanadaPublicServants,1
EdgewaterRogersPark,1
LGBTGoneWild,1
WellWaterDrinkers,1
BlackLivesMatter,1
9M9H9E9,1
ConsoleKSP,1
InitialDvideos,1
kepi,1
ImaginaryColorscapes,1
MobileWallpaper,1
ClarenceCartoon,1
OCCaliPokemonGo,1
Dogfree,1
Speedrunning,1
illegaltorrents2,1
rewardrack,1
Linux_Filmmaking,1
Atheists,1
UneasyAlliance,1
NikatGoneWild,1
socialwork,1
Crossout,1
lactoseintolerant,1
fuckyeahcollegesluts,1
vdlhs,1
RealAesthetics,1
brighteyes,1
TheGamer,1
TYTnetwork,1
DragonCity,1
ImaginaryHistory,1
femenism,1
TWDNoMansLand,1
villanova,1
AgeplayPenPals,1
realgangbeasts,1
ParagonLFG,1
OBD2,1
mobilephotography,1
ReallyWackyTicTacs,1
BattleBornTap,1
sophos,1
CatPeopleHate,1
Elisemains,1
PrintrBot,1
privatefazbear,1
Barbara,1
thewitnessirl,1
Offworld,1
AlabamaForSanders,1
AvengersAcademy,1
russmartinshow,1
AgainstAAHS,1
Disneycollegeprogram,1
Bottomless_Vixens,1
fluffsnstuffs,1
petplay,1
islamicleft,1
MozillaInAction,1
NorthwestWastelandRP,1
babywearing,1
openwhispersystems,1
flint,1
girlgenius,1
STA3,1
mildlysketchy,1
watchinganime,1
americangods,1
FODMAPS,1
GrowthHacking,1
blackchickswhitedicks,1
removalbot,1
vegangifrecipes,1
lifeinapost,1
beeritforward,1
AerialPorn,1
jackwhite,1
japanese,1
oots,1
RobUpdateYourGame,1
AdoptASilver,1
crashtests,1
SoccerMX,1
Pee,1
whatisthiscar,1
DarkMatter,1
NASCARCircleJerk,1
FineBros,1
WatchMaker,1
thingsridingthings,1
speedruncelebrities,1
DeathAndTaxesMTG,1
realUSA,1
Letterkenny,1
Crystals,1
TapMyKatamari,1
depressionregimens,1
MarxistPalestine,1
Maxisma,1
indiangirls,1
NonBrownFazBears,1
BearSimulator,1
GlassDoor,1
inflagranti,1
badkarma,1
ChaoticMonki,1
classicscreengifs,1
acappella,1
invasivespecies,1
Deathsquad,1
HughJass,1
ted,1
macrodiscourse,1
indesign,1
ShowdownBattleLeague,1
autorepair,1
mobilestrike,1
nsfwanimegifs,1
MakeupChallenge,1
RDDTEURecruitmentWOT,1
BeforeAndAfterBoltons,1
StreetOutlaws,1
MapFans,1
HardwareSwapEU,1
ImaginaryClerics,1
Roofing,1
Breakfast,1
ParadoxicalTendency,1
projectgreenlight,1
AmsterdamEnts,1
Robin,1
nanoafternano,1
RootIt,1
TriangleFraternity,1
Edgic,1
HWYA,1
WhereInTheDisneyWorld,1
steel,1
listentoconcerts,1
Jeepups,1
FullMovieGifs,1
SteamHeads,1
thatshitsfunny,1
CubeMemeTeam,1
Xb1Mods,1
DvZCirclejerk,1
QuizUp,1
FaSaA,1
memeframe,1
ProRel4USA,1
ProgrammingLanguages,1
FindAUnit,1
EngorgedVeinyBreasts,1
googlefiber,1
Disco,1
Stremio,1
markgrossmann,1
readingfestival,1
RGS,1
UOW,1
ExplorePakistan,1
gaycumsluts,1
OrcsMustDie,1
NSFWOddlySatisfying,1
fuckyouimatoddler,1
zoology,1
Covetfashion,1
ImaginaryMiddleEarth,1
Meteor,1
Dellis,1
redrammaai20learedAr,1
uknews,1
11bx1371,1
Houstonphotography,1
CaravanPalace,1
dragons,1
copywriting,1
BallStreams,1
KMFDM,1
IndependentBern,1
programmingbydoing,1
Runeblade,1
newmatter,1
lorde,1
Justice_Porn,1
Badass,1
MemeVomit,1
pantyhose,1
PacificCoastSR,1
DeadNiggaStorage,1
CharlotteNCAmiibo,1
samandpaul,1
flocked,1
alameda,1
Buildapcproxy,1
OSXTweaks,1
OklahomaForSanders,1
WisconsinOutdoors,1
manganews,1
golfwithfriends,1
FrugalTO,1
OasisVape,1
iamatease,1
ezecirclejerk,1
TEFL_Offtopic,1
Area22Robin,1
mylittlehuman,1
MBTIPlus,1
Toontown2,1
thebuffalowildwings,1
cute,1
Koibu,1
GuessthePunchline,1
askgrammarnazis,1
LucasMains,1
TheAskReddit,1
talk,1
pd2trade,1
adventuregames,1
MidenQuestOnline,1
undernetCSS,1
gtafriends,1
Xperiaz3,1
FullAlbumsOnYouTube,1
KirbyMains,1
NetflixByProxy,1
VonKarmaCourt,1
MyCastleFE,1
CorrinMains,1
alphagroup,1
JeepMemes,1
colony,1
IllBeYourGuide,1
HawkSquad,1
knightonline,1
postmetal,1
FantasyFifaLeague,1
vacaville,1
plexshares,1
Openplotter,1
politcs,1
TR8R,1
steamfriends,1
spacemacs,1
GekkanShoujoNozakiKun,1
jamesjoyce,1
Antiques,1
uberpromo,1
casualknitting,1
Invadercrimesmatter,1
MilitaryGoneWild,1
asianfeminism,1
inthemorning,1
NLE,1
porcupinetree,1
shittypokemoncons,1
Munchkin,1
ballroom,1
TheMiddleEast,1
Elon_Musk_is_God,1
Dofus,1
Mindfulness,1
Illinois4Sanders,1
noisemusic,1
zika,1
geeselivesmatter,1
getthatguyabeer,1
TheHottestBabes,1
AKB48,1
geotracker,1
snapmap,1
lonelyrunners,1
Icenia,1
RedditMCWorld,1
MattHossZone,1
ScaryPMs,1
PrincessCate,1
modernbaseball,1
WeHaveConcerns,1
cock,1
calle13,1
RealSolarSystem,1
testingstuffsout,1
Verticalwallpapers,1
PsychonautDE,1
vjing,1
AmateurPhotography,1
root,1
cereal,1
recipes_and_games,1
KoToottanedeluvenemo,1
lipgunkfetish,1
abuse,1
delete,1
entitledparents,1
Videostream,1
LouisianaTech,1
Reignfc,1
SneksStandingUp,1
Venomgaming,1
battlezone,1
2007oneclan,1
bioengineering,1
FuckMarryOrKill,1
pcinsides,1
MirageAW,1
baldopie,1
Repainted,1
MetalPorn,1
uptimeporn,1
nyanmusic,1
novusbot,1
RepressedGoneWild,1
durham,1
RateMyNudeBody,1
officialmiami,1
SSBPMCE,1
Spawn,1
visualization,1
PokemonGoMilwaukee,1
TelevisionRatings,1
climbharder,1
sjcam,1
Pokemongo_DC,1
govictoria,1
RedCowEntertainment,1
showmeyourtits,1
beardoil,1
collegeinfogeek,1
Aquarius_TV,1
econometrics,1
MasterchefAU,1
Destinygame,1
SteamAccountsForSale,1
autechre,1
EndFPTP,1
AboveTheFold,1
araragigirls,1
TeamButterfly,1
boltaction,1
JakeStein,1
90sdesign,1
davenportsports,1
DontFundMe,1
tosbuilds,1
hoodlumscrafty,1
PBPNexus,1
GenerationYWF,1
TeenTitansGo,1
fujifilm,1
Smashtale,1
7thWorldCirclejerk,1
NottinghamPoGo,1
pokemmo,1
Whistler,1
iPhone6S,1
nus,1
FullNEWS,1
Neverbrokeabone,1
IndieFolk,1
MysteryMedia,1
CelebrityNipples,1
sotonuni,1
ThatSnobEmpire,1
privilegedpeoplegifs,1
944,1
clothedwomen,1
NFLONREDDIT,1
EzVid,1
Repaintings,1
GameAudio,1
Nevada,1
rightwingwatch,1
budgies,1
ualbany,1
SmithAndWesson,1
nycgaybros,1
POF,1
regrowth,1
editlines,1
xwingonline,1
EmpyrionLiberland,1
nonono,1
lux,1
UNLV,1
GonzaloZeRo,1
BassVI,1
ImagesOfBelgium,1
lowlevel,1
converts,1
FedoraFederation,1
smitedrama,1
CivIcenia,1
AskDrugNerds,1
TheExplorersGuide,1
DickPics4Freedom,1
wtfdidijustread,1
FULLFASCISM,1
heroscape,1
wtfnba,1
normaldayinjapan,1
NPFC,1
AtheismComedy,1
MLPtunes,1
MissingHUD2Bot,1
gor,1
VermontBeer,1
AntiNoahtheCavalier,1
CatsGoingMeow,1
amileaday,1
GoBuffs,1
Nina_Agdal,1
aetherforged,1
aintnosnitch,1
EntrepreneurRideAlong,1
warbirds,1
Danish,1
FredbearsFamilyDiner,1
me_irl_video,1
preppy,1
fbimomstacos,1
Whataburger,1
Stoyaxxx,1
cosplayers,1
unfazed,1
HillClimbRacing,1
chadtronic,1
stevenuniversejerk,1
madtekkers,1
costa_rica,1
MorgantownWV,1
TurbanRenewal,1
ERC,1
IceFishing,1
ADOM,1
WWWverseGoneWild,1
zeldaconspiracies,1
asktrees,1
STOscreenshots,1
AngelesNatlForest,1
Hooping,1
ReactorIdle,1
Borderporn,1
kamran_irl,1
Livermore,1
commieshowerthoughts,1
texts,1
bikeinottawa,1
Potat,1
drunkpoetryslam,1
TrollBookClub,1
tempestmarine,1
fleshlight,1
TrollPoly,1
cosmoandwanda,1
PERSoNA,1
TagProMeme,1
siliconvalley,1
OldSchoolRidiculous,1
ASEANGP,1
AviaryAttorney,1
TLOPshitposters,1
CatsInSinks,1
Danger5,1
netwarlan,1
fuckweebr,1
ArabGaming,1
HellBoy,1
itwasaburgersmash,1
LabiaGW,1
Expected,1
AnimalsStoppingFights,1
panderingfromtheright,1
Pandemic,1
