label,comment,author,subreddit,score,ups,downs,date,created_utc,parent_comment,llama_temp0,llama_temp1,ds_temp1,ds_temp0,subreddit_predicted
0,"They would also have to accept as valid blocks they don't even know how to parse, if enough miners accept them.",mmeijeri,Bitcoin,6,-1,-1,2016-11,2016-11-01 22:00:23,"BU only follows ""Nakamoto consensus"" by block size, not other parameters. If they truly believe in their version of Nakamoto Consensus, they need to go all in by accepting blocks that reward miners more than 12.5BTC or reclaim funds, if the majority of miners vote on it.",consensus,consensus,bitcoin,unknown,bitcoin
0,Or less.,damndammit,Bitcoin,1,1,0,2016-09,2016-09-02 15:19:41,"Please don't use Exchanges for long-term storage of bitcoin or fiat currency. Exchanges are great for actively trading bitcoins, but they are extremely dangerous for long-term storage of bitcoins or fiat currency. Anything you store there could be gone in 60 seconds.",storage,storage,unknown,unknown,unknown
0,"thx rusty (and all other devs), great work.",Lite_Coin_Guy,Bitcoin,5,-1,-1,2016-10,2016-10-08 12:09:32,ELI5: MimbleWimble,mimblewim,cryptocurrency,eli5,appreciation,eli5
0,"he is promoting ethereum lol, something tells me that he's gonna regret it.",linktype,Bitcoin,4,-1,-1,2016-11,2016-11-14 02:47:16,"Andreas M. Antonopoulos talks about Bitcoin, free speech ant the metric system.",bitcoin,bitcoin,unknown,bitcoin,unknown
0,LOL... That's way to risky,Light_of_Lucifer,Bitcoin,1,1,0,2016-09,2016-09-11 07:42:42,"If you are brave/crazy you can open a Bitfinex account and put it in margin funding to gain interest on your bitcoins. It is crazy because they can get hacked, but for ""fun"" you can put in a little bit.",investing,bitcoins,risk,unknown,risk
1,Only need to increase from a 12b to 128b market cap in 12 months... It's possible!,1DrK44np3gMKuvcGeFVv,Bitcoin,1,-1,-1,2016-12,2016-12-17 22:57:50,My Prediction: Bitcoin will be $8290.17 in 2017! 1DNQoYSmTWav9Vg2FpWB5E2ZyUkSg1jGHm,bitcoin,bitcoin,unknown,unknown,unknown
1,When they realize they only have 3 actual customers left maybe they'll change their minds,fruitlessbanana,Bitcoin,2,-1,-1,2016-12,2016-12-20 23:09:19,"Circle, please, PLEASE start selling Bitcoin again",bitcoin,bitcoin,panic,bitcoin,panic
1,It was a BlockStream conspiracy to keep everybody in the dark.,goodbtc,Bitcoin,-3,-1,-1,2016-10,2016-10-04 03:00:00,"Thanks. How odd, I've never heard of him in the 6 or so months I've been browsing the bitcoin subs.",conspiracy,bitcoin,someone,unknown,someone
1,Solid investment advice.,_sas,Bitcoin,6,-1,-1,2016-10,2016-10-23 04:13:08,"Broskee, keep your BTC. It's not worth trading in an appreciable asset for a home that is most certainly over priced from the current housing bubble. Wait for your next bonus or donate some plasma before letting your BTC go.",investing,invest,btc,unknown,btc
0,every price is the right price to buy a tresor or something to store your btc,naturecollision,Bitcoin,2,-1,-1,2016-12,2016-12-21 01:04:52,It is stupid. I basically stopped using btc due to recent steady price increase. What is the point of buying things with btc and make profit by selling it foe cash if all I actually have to do is hold my btc. I got so lazy.,btc,btc,holding,unknown,holding
1,It's just a fad,Essexal,Bitcoin,5,-1,-1,2016-11,2016-11-07 14:28:35,"Another record volume for LocalBitcoins including regional records in Europe,Pakistan,Russia,Saudi Arabia,USA and Venezuela",bitcoin,bitcoin,record,cryptocurrency,record
0,"In bitcoin.conf you can put: If bitcoind closed normally: checklevel=2 checkblocks=288 checkblocksverify=288 which is much faster, otherwise: checklevel=3 checkblocks=288 checkblocksverify=288",sumBTC,Bitcoin,2,-1,-1,2016-10,2016-10-26 17:50:47,"Bitcoin Core: Verifying last 288 blocks takes 50 minutes, can this be improved? 2016-10-26 11:56:08 Verifying last 288 blocks at level 3 2016-10-26 11:56:08 [0%]...[10%]...[20%]...[30%]...[40%]...[50%]...[60%]...[70%]...[80%]...[90%]...[DONE]. 2016-10-26 12:45:21 No coin database inconsistencies in last 289 blocks (479353 transactions)",verification,verification,unknown,unknown,unknown
1,If only there was some kind of market mechanism which we could use to prioritize transactions...,Liongrass,Bitcoin,29,-1,-1,2016-12,2016-12-03 13:47:08,"ViaBTC Transaction Accelerator, accelerate you Bitcoin transaction for free.",bitcoin,bitcoin,unknown,unknown,unknown
1,but but but da fees ... and you have to wait sometimes 12 hours before you get your coffe.,bitsteiner,Bitcoin,17,-1,-1,2016-12,2016-12-13 21:01:04,"To be fair, I buy coffee with this unhackable decentralized borderless peer to peer digital gold almost every day. Not using intermediary debit cards either -- straight BTC.",cryptocurrency,cryptocurrency,bitcoin,bitcoin,bitcoin
1,Trump.,Zatouroffski,Bitcoin,1,-1,-1,2016-12,2016-12-29 15:05:12,Why has bitcoin gone up in the past week? Hi. Im fairly new to bitcoins and only use it a couple of times a year at most. Im a bit curious to why bitcoins have gone up almost 100$ in the past week? Is it any specific reason? Is it expected to keep on rising or fall? Should I sell or keep it a bit longer? Sorry if this should have been posted in the beginners reddit but figured I would get a answer from someone more exprecienced here.,bitcoin,bitcoin,bitcoin,human,bitcoin
1,When 1BTC=$1M,djangocoin,Bitcoin,1,-1,-1,2016-10,2016-10-15 10:15:52,"Question for hodlers: Will you ever sell? I was wondering about how dedicated people really are to bitcoin and how convinced they are that it has a bright, sustainable future. Hypothetically, is there a point when you would just dump all you have if the price is right? Say bitcoin gets to that magical, mythical 10k USD mark, would you sell, return to fiat and buy a house etc or have you already decided to hold for the rest of your life and wait until you will buy the house with bitcoin itself and live comfortably using only btc? To the point when bitcoin somehow replaces money and just becomes part of everyone's (at least in the first world countries) lives... Thanks for you thoughts",bitcoin,bitcoin,hold,unknown,hold
0,Take a look into BitSquare.,exo762,Bitcoin,1,1,0,2016-09,2016-09-01 23:08:43,How can I sell some bitcoin without going through ID verification? I was given some bitcoin and want to sell it.,bitcoin,verification,question,selling,question
1,The control of internet money was never supposed to get political.,midipoet,Bitcoin,2,-1,-1,2016-11,2016-11-19 00:32:18,"im not arguing consistency. but hes used the same tactics used over here on the btc subreddit as well. he spews emotionally charged rhetoric that makes the divide larger, and actually hurts the classic crowd by detracting from their credibility. obv core is not innocent either. theyre both guilty of creating these ""camps of thought"" that prevent real progress and instead result in something akin to repubs vs dems.",politics,btc,unknown,politics,unknown
1,Am I the only one who thinks that there is missing,rabidus_,Bitcoin,2,-1,-1,2016-12,2016-12-13 07:19:41,"""Tremendous news! Former Barclays CEO joins Blockchain.info-- A huge win for Bitcoin."" Marco Santori on Twitter",bitcoin,bitcoin,unknown,unknown,unknown
0,"Drugs, ammunition, and water.",koinster,Bitcoin,8,8,0,2016-09,2016-09-27 17:33:16,besides btc what are good stores of value for when it pops?,cryptocurrency,cryptocurrency,unknown,unknown,unknown
1,Didnt you know reddit is one of the places where people try to join unconnected things to explain/foresee an up-and-coming event ... that happens ... sometimes ...,RandomUserBob,Bitcoin,0,-1,-1,2016-10,2016-10-12 15:59:46,I was looking for Bitcoin in the article but couldn't find it? Maybe you can tell us how this is relevant?,bitcoin,bitcoin,prediction,bitcoin,prediction
0,DORIAN CRAIG!,Lite_Coin_Guy,Bitcoin,1,-1,-1,2016-12,2016-12-22 09:03:40,True creator of bitcoin. Aka: Satoshi Nakamoto So what is the news with finding the creator of Bitcoin? I know some have claimed to be the original creator but it seems to be known that these people are not Satoshi. I am looking for the run down of the latest news.,bitcoin,bitcoin,identity,unknown,identity
0,"No, such a thing is a nonsensical word salad anyway.",marcus_of_augustus,Bitcoin,1,-1,-1,2016-12,2016-12-14 18:57:18,"Can someone ELI5 !, has there been some Bitcoin ban?",bitcoin,bitcoin,unknown,unknown,unknown
1,"But you know, the economic supermajority wants BU!",loserkids,Bitcoin,4,-1,-1,2016-12,2016-12-09 02:38:24,and BU node count has stagnated at ~300,node,supermajority,unknown,bu,unknown
0,"Don't frame Bitcoin as Gold 2.0, but as a complimentary competing currency that you can use to teleport your gold.",kryptomancer,Bitcoin,1,-1,-1,2016-12,2016-12-28 05:29:11,"They just never commited it seems, its funny how people argue that ""you cant hold bitcoin in your hands"" but how the fuck would commerce work it everything had to be physical. Jesus Christ, thats lile reverse evolution. Its the people who cant wrap there head around bitcoin or other cryptocurrencies. Just the thought of it gives them a headache and they often assume its something coders and techies can only figure out. When in reality companies like Coinbase couldnt make it any easier to aquire.",bitcoin,bitcoin,bitcoin,bitcoin,bitcoin
0,mycelium trader.,netshrek,Bitcoin,2,-1,-1,2016-12,2016-12-25 03:19:16,"Buying a small amount of BTC in NY? I'm only looking to buy $5 worth, and all the LocalBitcoins listings exclude NY residents. I can't use anything requiring an ID. Is there something simple I can use? I'm willing to pay up to double the price of the actual BTC worth if I have to. Thanks for the help in advance.",bitcoin,bitcoin,buying,anonymous,buying
1,Who is this Finney guy and how'd he end up on Blockstream's payroll?,smartfbrankings,Bitcoin,3,-1,-1,2016-10,2016-10-14 01:45:54,"Hal Finney: ""...there is a very good reason for Bitcoin-backed banks to exist, issuing their own digital cash currency, redeemable for bitcoins.""",bitcoin,bitcoin,banks,bitcoin,banks
0,that became some kind of banksters...,BTC_Forever,Bitcoin,1,-1,-1,2016-11,2016-11-24 14:47:50,Large mining pools are financial institutions of bitcoin.,banksters,bitcoin,mining,control,mining
0,:-) The only green in a sea of red...,RustyNomad,Bitcoin,5,5,0,2016-09,2016-09-09 18:36:02,"Not bad Bitcoin, not bad today",bitcoin,bitcoin,unknown,markets,unknown
0,Good catch.,BeastmodeBisky,Bitcoin,3,-1,-1,2016-11,2016-11-10 13:50:00,"1 states there is no official ""Bitcoin"" implementation. 5 states Bitcoin is free and open source software. Both cannot be true.",bitcoin,bitcoin,bitcoin,contradiction,bitcoin
1,"fedcoin :) Is endless, it's free (only for some), is controlling every aspect of your life, is enslaving you for many generations...",BTC_Forever,Bitcoin,2,-1,-1,2016-11,2016-11-13 10:31:51,"After Bitcoin, what is the second most important cryprocurrency in existence? Why?",cryptocurrency,bitcoin,fedcoin,joke,fedcoin
0,Not an argument,ric2b,Bitcoin,1,-1,-1,2016-12,2016-12-20 14:07:39,You don't even understand the words you are using. the blockchain and bitcoin's price is the empirical evidence for 1mb.,blockchain,invest,blocksize,blockchain,blocksize
1,"Yeah, like a large group of new people are trying to send bitcoin over the last few days, such as India, seems totally crazy though, I agree.",sreaka,Bitcoin,1,-1,-1,2016-11,2016-11-23 04:30:04,"these people totally ignore the fact that if you look at the graph of the mempool you see a sudden huge increase in size almost out of nowhere. Like , yeah, it's totally normal to have an explosion of transactions out of nowhere, they seem to think we're idiots with how much they try to spin it. Not to mention the fact that this spam attack has been carried out so many times now it's just too obvious, so we know exactly what is happening yet the BU supporters still try to act blind like this is all totally normal.",mempool,spam,deception,deception,deception
0,Where is Litecoin?,Lite_Coin_Guy,Bitcoin,1,-1,-1,2016-11,2016-11-11 05:55:04,Bitcoin to death,bitcoin,cryptocurrency,cryptocurrency,comparison,cryptocurrency
0,Payments sent as friends and family can also be reversed if the person claims the use of their account was unauthorized.,TroyPistachio,Bitcoin,1,-1,-1,2016-11,2016-11-16 14:56:48,"Yeah, I can give you some info. Firstly, it's not against PayPal's terms of service to sell bitcoins. You are totally allowed to do that. Secondly, let's talk about chargebacks. In PayPal, you can *either pay with your PayPal balance or a credit/debit card*. If you pay with your balance, PayPal has control over all funds and all disputes. You can also send as *friends and family or goods and services*. Friends and family payments **cannot** be reversed by PayPal when paying by balance, whereas goods and services payments **are disputable**. Let's say the customer disputes the payment (if made by G&amp;S). You now have to fight the case - sending bitcoin txids and chat logs to prove you send the bitcoins, etc. It's a hassle. However, if the customer does **not** pay by balance and pays with a card instead, then no matter whether he sends as F&amp;F or G&amp;S, he **can** chargeback the payment by contacting his issuing bank and having the payment reversed. If this happens, there's nothing you can do. So, if you want to do this: 1) Only deal with **reputed people** and **small amounts** 2) When dealing with non-reputed people, take payments from **balance only** and make sure they send as **friends and family**. It's not worth the hassle to fight a case if they chargeback. That's it. Hope this helped.",bitcoin,paypal,unknown,unknown,unknown
1,More grass roots support for BU!,mmeijeri,Bitcoin,5,-1,-1,2016-11,2016-11-21 16:17:39,Plot Thickens: ViaBTC Receives Mysterious 210 Bitcoin Deposit To Cloud Mining Address,bitcoin,bitcoin,unknown,bitcoin,unknown
0,You are assuming it would do damage just like big blockers assume it would not.,CosmosKing98,Bitcoin,1,-1,-1,2016-12,2016-12-04 19:54:10,"Unfortunately, the only way you mention we can test it could also irreparably damage bitcoin. Perhaps it would be better to explore other solutions that can be tested before implementing them on the main chain.",bitcoin,bitcoin,unknown,testing,unknown
1,"Yes, Because the mods of a tiny subreddit can do that....",steb2k,Bitcoin,25,-1,-1,2016-12,2016-12-05 14:14:38,Maybe its the free speech crowd at r/btc that made a case of the banning from the subreddit and pushed it to a global reddit ban.,banning,banning,ban,free,ban
1,"Of course, and whose fault is it anyway... The patriarchy...yes they're to blame for everything...",Jodasons87,Bitcoin,0,-1,-1,2016-10,2016-10-08 17:25:30,The fact that Bitcoin could save Africa is enough to want me to use it,bitcoin,bitcoin,unknown,unknown,unknown
0,"Same thing has happened to me, but I'm only out 250",8bitdreamer,Bitcoin,1,-1,-1,2016-10,2016-10-23 15:26:50,"Expedia nightmare I've used bitcoin to book a place on Expedia before and it worked perfectly fine. But around 5 weeks ago I attempted to book a hotel and although the payment was shown as sent on my Coinbase page, the timer on the Expedia payment page ran out before ""receiving"" the payment. For 5 weeks I have been on the phone with and emailing both Expedia and Coinbase, neither of whom seem to want to do anything about the almost 600 dollars I'm missing even I have shown them that the payment on my Coinbase account went through. Expedia tells me they can't do anything because there's no itinerary number and therefore they can't find anything in the system, and Coinbase tells me that whether or not Coinbase handles the Bitcoins, Expedia holds the account so it's still responsible for issuing a refund. If anyone has any suggestions about what actions I can take from here or if there are any specific representatives I can contact, it would be highly appreciated. From reading the past experiences with Expedia on this sub, I have a feeling it's Coinbase who is responsible for this.",expedia,travel,unknown,payment,unknown
1,You dropped this:,UlyssesSKrunk,Bitcoin,1,-1,-1,2016-10,2016-10-29 22:55:01,This guy knows bitcoin like the back of his hand. Debate over. Just do it.,bitcoin,bitcoin,unknown,bitcoin,unknown
0,price dropped 1.2% Panic sell!,openbit,Bitcoin,1,-1,-1,2016-12,2016-12-05 07:09:13,"Before someone posts a ""why bitcoin price is dropping"" , may I suggest this likely buy the rumor sell the news type of situation related to the Italian vote.",bitcoin,bitcoin,unknown,unknown,unknown
1,You can't send gold over the Internet to buy drugs,Essexal,Bitcoin,6,-1,-1,2016-11,2016-11-16 20:59:35,"Why would someone risk X% Bitcoin price volatility to prevent N% devaluation of their fiat currency? I am not fully convinced of cryptos as a store of value to hedge against fiat currencies. Yes, Bitcoin is inflation proof. But it is not stable, at all. In my mind there are the slightly devaluing currencies, such as the Yuan or Pound (&lt;10%), and then the hyper-inflationary currencies. In the former case, Bitcoin volatility completely outweighs price devaluation, and in the latter, their economies are far too immature to support Bitcoin anyways. Don't get me wrong, I love Bitcoin as a peer-to-peer money transfer system. Just less so as a store of value. Why would I buy Bitcoin as an inflation hedge when I can buy gold?",volatility,volatility,hedge,unknown,hedge
1,I'm sure there's no 3 letter agencies that have backdoor access to the ME,redditHi,Bitcoin,3,-1,-1,2016-11,2016-11-29 19:45:29,"Lots of fud little facts. Intel ME requires it to be activated at boot on the BIOS, its not some hidden system checking in with INTEL. This is not unlike Lights out management that is standard in every enterprise server. I have read of some fringe case exploits but before they start hacking your bitcoins, you would have full control of most enterprise servers. Its a management tool to simplify administration of PCs in enterprise environment. Intel ME does not introduce any other risk to your PC that isn't already there If someone has physical access to your PC and you did not handle proper security, encryption of drive, not storing unencrypted keys, or your passwords, then you should be ok.",security,me,it,intelme,it
0,"I have contacted them, hopefully they allow me to raise the fee but that will probably require me to wait a couple days for the transaction to be cancelled first sadly, or possibly they can do the double thing with a higher fee to overtake the first one.",StarShrek1337,Bitcoin,1,-1,-1,2016-10,2016-10-27 01:49:09,"If your bitcoins are on a website that does not allow you to change the fee, then you need to contact them directly and request a manual withdrawal by them with a higher fee or wait until the network is working smoothly again.",bitcoin,bitcoin,unknown,fees,unknown
0,"It's not even an altcoin, which makes it hard to take you serious.",Xekyo,Bitcoin,2,2,0,2016-09,2016-09-07 22:19:19,"no, not ""almost everyone"". At all. Just a few handful of people that have (sadly) been fooled, and a ton of shills paid for by such shady projects. Reality is, almost everyone here on this and other respectable bitcoin forums, know what's really up. Lightningcoin has zero benefit to bitcoin. It is an aggressive hack that hijacks another project's already established infrastructure. If, by some insane turn of events, everyone started using this crap, we'd be in much worse shape. It solves nothing.",bitcoin,bitcoin,unknown,criticism,unknown
1,Allowing children to buy drugs on the darknet (alphabay Ect.),iH8teF1ames,Bitcoin,10,10,0,2016-09,2016-09-19 11:06:38,"Other than a Bitcoin wallet, what would this entail?",bitcoin,drugs,anonymity,darknet,anonymity
1,"Bitcoin Exchange, always go all in!",Lite_Coin_Guy,Bitcoin,2,-1,-1,2016-10,2016-10-29 20:01:46,"Where do you keep your Bitcoins? Where does everyone keep their bitcoins? - Bitcoin Exchange? - Local Bitcoin Wallet? - Paper Wallet / Cold storage? Just wondering what everyone does, and if they keep their BTC around as BTC hoping for a value increase? Or do you convert to local currency ASAP using BTC as a currency transport?",bitcoin,bitcoin,bitcoin,unknown,bitcoin
1,Fork fuck the coin!,Sugar_Daddy_Peter,Bitcoin,2,-1,-1,2016-11,2016-11-04 11:13:32,"So next thing we will be hearing is ""OMG blocks are full"". We need to use BU ASAP.",block,blocks,unknown,blocks,unknown
1,Bitcoin fees are too high!,sumBTC,Bitcoin,1,-1,-1,2016-10,2016-10-18 10:29:28,Bitcoin Believer Peter Thiel Donates $1.25 Million to Trump,bitcoin,crypto,fees,bitcoin,fees
0,And computer systems,rbhmmx,Bitcoin,1,-1,-1,2016-11,2016-11-28 15:05:24,they'll just ban Bitcoin,censorship,censorship,digital,ban,digital
0,Let's hope it happens soon.,ivanraszl,Bitcoin,2,-1,-1,2016-11,2016-11-25 04:20:55,"Henry Brade: ""Based on new transaction stats SegWit will more than double the #bitcoin tx capacity. And it enables secure LN for real scaling. We need it!""",bitcoin,bitcoin,unknown,segwit,unknown
0,What is the maximum amount i can load on it?,surge3d,Bitcoin,6,-1,-1,2016-11,2016-11-28 19:14:18,"Bitcoin in, virtual card out instantly via chrome extension. Anonymous throwaway cards with bitcoin",bitcoin,payment,limits,limits,limits
1,When the Bitcoin blockchain reaches 1TB = end of bitcoin.,Lite_Coin_Guy,Bitcoin,1,-1,-1,2016-12,2016-12-02 12:35:02,When will the Bitcoin blockchain reach 1TB?,blockchain,blockchain,blockchain,size,blockchain
0,"Give him some time to understand Bitcoin, he'll probably say interesting things about it when he does.",Didicito,Bitcoin,1,1,0,2016-09,2016-09-07 20:53:07,Bwhahahaha :D Nobel Laureate Economist Thinks the US Govt Has 'Shut Down' Bitcoin,bitcoin,bitcoin,unknown,unknown,unknown
1,Where is the third image?,bitcoiner101,Bitcoin,1,1,0,2016-09,2016-09-21 11:29:28,John McAfee's MGT Capital (of recent Bitcoin Mining fame) is subpoenaed by the SEC. Stock down 25%.,sec,sec,unknown,unknown,unknown
0,Sure does.,sq66,Bitcoin,2,-1,-1,2016-10,2016-10-23 13:06:56,Bitcoin works.,bitcoin,bitcoin,unknown,bitcoin,unknown
0,I think you meant 'hodl',ReadableWig9,Bitcoin,1,-1,-1,2016-12,2016-12-21 09:08:21,Also need to factor in hardware related issues due to faulty boards etc... Basically buy btc and hold unless you have a good sum of money,btc,bitcoin,hodl,unknown,hodl
1,Lets give miners full control of the bitcoin consensus system.,linktype,Bitcoin,2,-1,-1,2016-10,2016-10-23 17:38:24,"The most interesting slide from the ""Bitcoin On-Chain Scaling Conference"" in China",bitcoin,bitcoin,bitcoin,control,bitcoin
0,Time to buy Auroracoin!,lclc_,Bitcoin,1,-1,-1,2016-10,2016-10-25 15:51:36,Polls suggest the Pirate Party who support Bitcoins as legal tender may win Saturday's election in Iceland,politics,cryptocurrency,politics,politics,politics
1,Are you suggesting a SWexit from the EU?,ILikeGreenit,Bitcoin,2,-1,-1,2016-10,2016-10-27 17:13:40,Interesting! UK closes bank accounts related to bitcoin ECB suggest EU to make it harder to acquire and/or use bitcoin. Switzerland makes it very easy for their citizens to acquire bitcoin. Capital flows to the place where it is treated best ...,bitcoin,bitcoin,capital,unknown,capital
0,liked the death star behind the FT article :) needs a flying saucer in there ... somewhere,RandomUserBob,Bitcoin,2,-1,-1,2016-11,2016-11-04 11:53:38,The 5 stages of Bitcoin disruption,bitcoin,bitcoin,unknown,unknown,unknown
0,#CHINA,Light_of_Lucifer,Bitcoin,3,-1,-1,2016-10,2016-10-22 20:44:32,Cross Border Payments Settled via Bitcoin Increase Almost Tenfold in 2016,bitcoin,bitcoin,bitcoin,unknown,bitcoin
0,I think the politicians will win.,phor2zero,Bitcoin,3,-1,-1,2016-11,2016-11-07 03:41:33,Bet on the Winning Party of the US 2016 Presidential Election with Bitcoin,politics,president,politics,gambling,politics
0,"i know, they should use a flat 5$ fee or something... last time i checked an atm near me it had a 50$ spread between buy and sell.",samurai321,Bitcoin,0,-1,-1,2016-10,2016-10-25 23:13:06,"Any BTC ATMs in NYC that charge less than 5%? I know the ATMs cost the operators money, but fees seem way high (especially keeping in mind that people complain about bank ATM fees which are a fraction of the cost). I know they'd do more business if they dropped the fees.",btc,btc,fees,fees,fees
1,Seems legit.,cointastical,Bitcoin,1,-1,-1,2016-11,2016-11-17 19:36:40,Will pay $30 for $25 in BTC,trading,bitcoin,bitcoin,btc,bitcoin
0,You are a pure nutter,Edict_18,Bitcoin,2,-1,-1,2016-10,2016-10-06 18:20:22,"No more than we should let you ""invest"" in Bitcoin, until, finally, you're sleeping in a cardboard box behind a dumpster. Or let meth dealers sell meth, until, finally, Pumpkin is chugging cum at a truck stop, in her swank Porta-Potty or the back of someone's smelly Kenworth sleeper. Or let her smoke roofers (reefers?), until she's repeatedly, savagely raped behind the traps, by boogie-woogie negroes jazzed up on heroin. We should call in the authorities before shit gets out of hand. Or we should keep chanting *caveat emptor* and *invisible hand.*",bitcoin,parent,warning,unknown,warning
0,is he talking about SegWit?,gr8ful4,Bitcoin,32,-1,-1,2016-10,2016-10-13 19:07:15,"Szabo: ""Best way to destroy your investment in Bitcoin: gather an Internet mob to go redesign Bitcoin.""",bitcoin,bitcoin,unknown,unknown,unknown
1,Don't forget the DNA sample,RustyNomad,Bitcoin,2,2,0,2016-09,2016-09-19 16:41:05,"Bitstamp asking for Police report:P :) I was using bitstamp earlier ... Now after a while ... Added bitcoin , Requested for withdrawl using debit card and see what they say ""we would like to inform you that we have received your card load request. However, before we are able to further process it and continue to provide you with our services, we will have to kindly request you provide us with a police clearance certificate. Please submit your documentation in a reply to this ticket at your earliest convenience."" Although I am a fully verified customer ... Should I visit a police station and ask them I need a police clearance because I want to add money to debit card Bitstamp is going down ? Is that a behavior ? Anyone has same issue ?",bitstamp,bitcoin,verification,verification,verification
0,Please tell me more about ETH,AstarJoe,Bitcoin,6,6,0,2016-09,2016-09-28 21:41:04,"It offers nothing over bitcoin itself, except for another level of complexity. It offers more problems than it (falsely) claims to fix. If as many people used this scheme as bitcoin, it would produce exactly the same delayed transaction times it claims to fix, plus less secure transactions. That time gap could give the other party an opportunity to yank the coins out of the ""escrow"" it holds them in. The entire thing is pretty ridiculous. Fortunately, not many people will actually use it anyway. The vast majority of people talking for it are paid shills. Anyone that looks into how it actually is suppose to work can clearly see it's just a get-rich-quick scam with large corporation funding.",scam,cryptocurrency,unknown,ethereum,unknown
1,"But, but, CoinTrace is a great onramp!",arcrad,Bitcoin,3,-1,-1,2016-11,2016-11-18 22:12:15,"Just to be safe, you might want to pull your coins out of Coinbase until this thing blows over Take advantage of bitcoin. The IRS probe of Coinbase might turn out to be no big deal, but it creates uncertainty. You can't guarantee tomorrow there won't be an announcement on your Coinbase dashboard saying: ""Due to a pending IRS investigation, withdrawals have been temporarily suspended for your account. Don't worry, all your funds are still secure at this time."" Use bitcoin's strengths. Relocate your funds until there is less regulatory uncertainty. (I am not bashing Coinbase in any way)",uncertainty,regulation,unknown,relocate,unknown
0,Capitalized Trump lol,djangocoin,Bitcoin,2,2,0,2016-09,2016-09-27 09:07:37,"0% is nice, but 0 btc in sales is no good. When variable cost is 0, sales Trump fees. Even at 99% fees.",trump,bitcoin,fees,unknown,fees
1,You missed the,Introshine,Bitcoin,10,-1,-1,2016-10,2016-10-14 10:33:35,Bitcoin mining is too centralized and bitcoin network is under attack by alt clients,mining,centralization,centralization,unknown,centralization
1,Bitcoin is the currency of criminals.,bitsteiner,Bitcoin,1,-1,-1,2016-11,2016-11-05 18:50:45,How is this anything to do with Bitcoin?,bitcoin,bitcoin,transaction,crime,transaction
0,i regret that i did not do more research when i first heard about bitcoin in 2011/2012....argh,Lite_Coin_Guy,Bitcoin,2,-1,-1,2016-10,2016-10-29 07:42:32,Has anyone regretted geting into bitcoin? Tell us your story,regret,regret,unknown,regret,unknown
1,"You can really see how bitcoin is dying, due to too small blocks!",BitcoinReminder_com,Bitcoin,3,-1,-1,2016-11,2016-11-17 09:45:50,Bitcoin civil war is destroying Bitcoin. :-),bitcoin,bitcoin,blockchain,blocksize,blockchain
1,"Right, because theymos and blockstream have done so much good for Bitcoin I'm being unreasonable and we can afford to cut them some slack...",URGOVERNMENT,Bitcoin,1,-1,-1,2016-12,2016-12-16 19:18:07,"That's a question only he can answer, but maybe wanted to show that Satoshi was part of the development and didn't want to take the time to make a special tag only for him. Garzik and Adnresen are also tagged as bitcoin core developer, although they didn't contribute for some time now. JL2012 and btcdrak are not tagged as anything, despite currently contributing to Core. ffs, it's just tags to give new people an idea who the person is, not an official biography.",tags,tags,satoshi,tags,satoshi
1,I think u missed a couple of zeros out - too short :),RandomUserBob,Bitcoin,2,-1,-1,2016-12,2016-12-28 21:48:43,Bitcoin hits 1000000000000000000000000 zimbabwe dollars,bitcoin,error,unknown,unknown,unknown
1,"shut up, microsoft is the devil",faulked,Bitcoin,1,-1,-1,2016-12,2016-12-31 19:19:53,This is really big news and our response is to bash Microsoft/Excel? What is wrong with people.. Take off the tinfoil boys... Excel supporting BTC is good news for the community,excel,microsoft,bitcoin,bitcoin,bitcoin
0,"What you are describing is a ponzi scheme, not a pyramid.",calimiket,Bitcoin,1,-1,-1,2016-10,2016-10-21 12:35:15,It doesn't create any value or have any use cases. They just pay older investors with new investors bitcoins (which have actual value) Its just a huge pyramid scheme. There is no blockchain or mining or anything remotely like a cryptocurrency.,pyramid,pyramid,bitcoin,unknown,bitcoin
0,The answer to this question is of great interest to me,TelJanin_Aellinsar,Bitcoin,1,1,0,2016-09,2016-09-25 13:33:32,Please help me understand this. I'm a person who get work done remotely . My client would pay the charges in USD and they don't want to deal with bitcoin or they don't care about it. So can bitpay give a US bank account number to which my client can wire money and I receive bitcoins ? What kind of KYC do they want?,remotework,payment,integration,remote,integration
1,The lecture does not seem very popular.,surge3d,Bitcoin,1,-1,-1,2016-11,2016-11-24 20:29:56,Did a Bitcoin talk for one of the biggest dutch newspapers today (Telegraaf) #mainstream,bitcoin,bitcoin,popularity,bitcoin,popularity
1,Yea bitcoins totally mainstream now,Sugar_Daddy_Peter,Bitcoin,3,-1,-1,2016-10,2016-10-02 18:21:09,Because people who weren't early adopters of bitcoin feel like it's not worth buying into at this point so people are going to jump on any new coin to try and make a big profit.,bitcoin,investing,unknown,speculation,unknown
1,"""to help them pay cyber ransoms"" Lol I'm sure that's the only reason.",vamprism,Bitcoin,5,-1,-1,2016-10,2016-10-23 04:39:26,City banks plan to hoard bitcoins to help them pay cyber ransoms,ransoms,cyber,unknown,unknown,unknown
0,And those wars happened after central banking became widespread in the world.,DaReminder,Bitcoin,2,2,0,2016-08,2016-08-28 10:18:22,"Two world wars started from Europe, but sure, your couple of bitcoins will double.",history,politics,unknown,unknown,unknown
1,"It wasn't so much, just about 4% of the total bitcoin supply.",SatoshisCat,Bitcoin,1,1,0,2016-07,2016-07-16 17:05:46,Some French guy lost a couple hundredthousand BTC and forgot to tell his costumers about it.,loss,loss,hacks,unknown,hacks
1,"Sure, call Mike Hearn back, ask him to fix Bitcoin!",xbcsmith,Bitcoin,0,0,0,2016-08,2016-08-02 09:00:20,"A house divided cannot stand. The current price is a reflection of proposed regulation being proposed by the EU to de-anonymize bitcoin and other crypto's. This is one area where bitcoin has had much success, but if this regulation gets passed, bitcion will become to annoying to use. The current price drop is a reflection of this move to regulate bitcoin in this manner. But the bitcoin community has had so much toxic infighting that we have no fighting spirit left to pose resistance to these regulatory proposals. Many who are left are simply in it for the rise in price. There is truth in the verse: ""A house divided cannot stand."" If you value the freedom of bitcoin and the rebellion it represents, please reach out for compromise on both sides of the fence and seek to ostracize those who refuse to compromise or further inflame these divisions. If you want to see an increase in the value of bitcoin, you're going to have to see the issue from both sides and work to unite against the states that want to impose control over every aspect of your life. If we fail to unite, bitcoin (and most other crypto's) will be relegated to a worthless technical novelty. Waging a nasty toxic barrage against those who see the issue differently only serves to weaken the community and eventually endanger the function of bitcoin. Seek to understand both sides of the issue and identify the bad individuals that cause problems.",regulation,regulation,unknown,unknown,unknown
1,Who knew that blockstream people were in favor of controlling the protocol?,Polycephal_Lee,Bitcoin,1,1,0,2016-08,2016-08-03 00:03:40,Wow. That's a bitcoin core dev suggesting you bribe mining pools to rewind bitcoin for you. Dangerous precedent.,bitcoin,bitcoin,unknown,bitcoin,unknown
1,Convert everything to BFX.,phor2zero,Bitcoin,2,2,0,2016-08,2016-08-07 11:26:46,What are you going to do when Bitfinex is online? What will you do with your money in Bitfinex account? Will you convert all your altcoins to bitcoin? Or you will convert some amount of your bitcoins to ETC/ETH?,bitfinex,cryptocurrency,unknown,unknown,unknown
1,This is good for bitcoin.,AlDyer,Bitcoin,1,1,0,2016-05,2016-05-06 13:04:33,"If his goal was to prove that evidence on the Blockchain is the only real source of verification -- for anything -- he's really been quite successful at that. Think about it, anyone can steal your identity, credit cards, whatever and impersonate you just by knowing a few easy-to-get things. But the blockchain guarantees you are who you say you are, and have control of the funds you claim to have control of. Nobody else can steal that if Bitcoin is used to underwrite your identity. In a way, it's great for Bitcoin that this whole charade has happened. There are millions in the world who can't get bank accounts because they don't have birth certificates, etc. Bitcoin lets them have a place to store value and thus have an economic identity. I think this is one of Bitcoin's best applications.",bitcoin,bitcoin,unknown,unknown,unknown
1,Very convenient because now you and BTCC possess the private key,sumBTC,Bitcoin,16,16,0,2016-05,2016-05-24 08:33:00,What's everyone think of these physical Bitcoins BTCC is making?,bitcoin,bitcoin,convenient,unknown,convenient
0,Looks like a good resource... but bro... it ain't 1998.,4Progress,Bitcoin,1,1,0,2016-07,2016-07-02 03:40:44,The Bitcoin Ecosystem The number of bitcoin related items and businesses is so large that it's almost impossible to keep an oversight especially for newbees. Therefore I made this simple (but fast) website: http://82.217.214.215/bitcoin.html please tell me if you think something is missing.,bitcoin,bitcoin,unknown,unknown,unknown
1,Bitcoin is a trustless protocol.,turpin23,Bitcoin,1,1,0,2016-07,2016-07-25 01:46:51,How to explain the complete absence of reviews for major Bitcoin companies on Trustpilot?,bitcoin,trust,btc,unknown,btc
0,Lol wouldn't catch me giving those coins back,bitcoin_rev_newb,Bitcoin,1,1,0,2016-08,2016-08-05 23:22:19,"Bitfinex, what address should the 'hacker' send back the btc to? Has this been published and I missed it?",hacking,hacking,btc,bitfinexbitfinex,btc
1,So it's about to crash?,Space_Is_Infinite,Bitcoin,0,0,0,2016-06,2016-06-11 01:18:46,"Are you new to bitcoin? The price is notoriously disconnected from news, to the point where it's almost a running joke.",bitcoin,bitcoin,bitcoin,volatility,bitcoin
0,Libertarian my ass,King_Obvious_III,Bitcoin,2,2,0,2016-08,2016-08-09 22:02:47,Don't like Trump or Hillary? Why not check out the candidate that accepts bitcoin?,politics,trump,politics,unknown,politics
0,"When she starts contributing on the level of Peter Todd, maybe she would be shown the respect they showed toward Peter Todd... What did she do besides host a podcast that endorsed scam coins?",MotherSuperiour,Bitcoin,1,1,0,2016-07,2016-07-03 20:28:09,"I'm not sure why any female crypto enthusiast (who is not completely ensconced in the back slappers' club of approved bitcoin expertise high priests) would ever agree to be interviewed by Bitcoin Uncensored. There seems to be an acerbic approach and a game of 'lets make this skirt look dumb' that is especially reserved for women with those guys. Just go compare the tone and tenor of the discussion with Peter Todd in the last show to the approach with Amanda here. Don't get me wrong, I'm not a supporter of letting poseurs blow smoke, if that's what they are, but increasing the number of women interested in this revolution is definitively a ""good thing""(tm) and I don't believe its a good idea for there to be an appearance of ingrained hostility against women in this space. A basic problem in all of computer land, going back to the hiring of female models to appear in advertising for the old Commodore enthusiast magazines in the 80s, is that women tend to get interested (or steered) at least at the outset toward spokesperson and advocacy roles. I wonder at the fairness of seeking to humiliate them because they don't have the technical chops of a coder, security model architect, or nuts and bolts technology consultant -- especially where they don't claim to be security, vulnerability, coding, or protocol experts. Its possible for a person to be a Bitcoin (or name your other cryptocurrency flavor of choice) enthusiast, and beneficial to the future of the crypto ecosystem, whether male or female, even while such person is not able to explain or understand or articulate the technical details at the level the core coders can achieve.",hostility,hostility,gender,unknown,gender
1,"If you are like me, buy $300 worth and wait a week.",Techutante,Bitcoin,5,5,0,2016-08,2016-08-17 17:39:20,Can someone please tell how I can get about $200 in bitcoins ?,investing,cryptocurrency,unknown,bitcoin,unknown
1,"We should a captcha PoW, so we can use slaves.",felipelalli,Bitcoin,1,1,0,2016-05,2016-05-24 07:12:20,"""I think Bitcoin should hard fork to a new PoW algorithm to return us to 2012 levels of decentralization with GPUs."" - Creator of JoinMarket",bitcoin,forking,decentralization,pow,decentralization
1,It's already priced in.,supermari0,Bitcoin,10,10,0,2016-06,2016-06-08 11:28:49,"Google trends: ""bitcoin halving"" going to the moon!",bitcoin,bitcoin,halving,bitcoin,halving
0,Read the sidebar.,WhatPlantsCrave,Bitcoin,1,1,0,2016-06,2016-06-12 18:03:57,Where can I buy BTC from? Any tips would be really helpful.,bitcoin,bitcoin,unknown,bitcoin,unknown
1,Hard fork obviously.,Donald_Cunt,Bitcoin,8,8,0,2016-06,2016-06-23 23:36:35,"2 unconfirmed transactions for over a week now. How do I push these through? I have 2 transactions that have been unconfirmed for over a week. I am trying to send some btc to my mycelium wallet for spending etc and I accidentally sent the first transaction with no fee and apparently the 2nd transaction with too low of a fee? I have seen people mention ""do the same transactions over again with a higher fee"" but that makes no sense to me at all. Wont that just send new bitcoin and have have nothing to do with the stuck transactions? Can someone ELI5 this for me? Also, what should I be entering as a standard fee in the core wallet so I can prevent this from happening again? Thank you",bitcoin,parent,wallet,unknown,wallet
0,I wonder how many Bitcoins he possesses?,ivebeenhereallsummer,Bitcoin,6,6,0,2016-07,2016-07-17 03:32:54,Joe Rogan is as excited about Bitcoin as ever,bitcoin,bitcoin,credibility,bitcoin,credibility
0,You just can't make this shit up.,sumBTC,Bitcoin,3,3,0,2016-08,2016-08-06 14:32:18,"We went through all this with mtgox. People wrote detailed proposals about how they could freeze withdrawals but keep allowing people to trade and - if they were insane - deposit funds. Eventually the trading fees would cover the losses and customers could withdraw again. That's not a million miles from what you're describing, and both ideas are ridiculous because you basically just mean: ""let people trade non-existent bitcoins back and forth until the fees eat it all away. Oh and by the way your whole company has to work for free in the meantime because the chances are you weren't even particularly profitable before the hack, and certainly won't be afterwards.""",mtgox,mtgox,unknown,unknown,unknown
1,It was priced in back in 2002,Essexal,Bitcoin,2,2,0,2016-07,2016-07-11 10:54:39,How long before the reduced supply of btc after the halving starts to become noticed and effect price?,halving,halving,halving,anticipation,halving
0,My thoughts exactly.,ROFLM0NSTER,Bitcoin,1,1,0,2016-08,2016-08-03 03:25:59,"Many businesses need quick access to BTC/USD trading, without exposing their balance to BTC price movements. How does a business hold USD for the purpose of readily buying BTC without holding that USD on an exchange?",trading,bitcoin,unknown,unknown,unknown
1,An immutable ledger of transactions is clearly a better option than cash for terrorists,101111,Bitcoin,2,2,0,2016-08,2016-08-09 07:28:21,A power grab by the Australian gov to regulate bitcoin and help stop terror financing. Why? Because Mtgox and silk road. Epic face palm.,bitcoin,bitcoin,bitcoin,bitcoin,bitcoin
1,"Wow, he's so smart.",llortoftrolls,Bitcoin,4,4,0,2016-05,2016-05-10 22:17:36,Roger Ver: Paypal 2.0 Is An Acceptable Risk For Bitcoin Scaling,bitcoin,scaling,unknown,unknown,unknown
0,If those are services you feel are valuable to pay for then you should continue with the service AmEx provides because no company offers that with Bitcoin yet.,mrchaddavis,Bitcoin,1,-1,-1,2016-11,2016-11-01 03:13:00,"Convince me to start using Bitcoin. I'm currently an American Express customer. I enjoy the service and everything my card has to offer, including, refund protection, travel insurance, 24/7 global assist, 24/7 customer support, that almost always directly connects me to a live representative, concierge service, hotel room upgrades, unlimited access to Priority Pass lounges, fraud protection, et cetera, et cetera. Why should I use bitcoin for _anything_? Convince me.",bitcoin,bitcoin,unknown,comparison,unknown
0,Did you grammar?,Donald_Cunt,Bitcoin,1,1,0,2016-06,2016-06-28 02:10:01,Hashocean bitcoin cloud mining shuts down its online presence - Did you scammed with most trusted cloud mining?,cloud,cloud,unknown,unknown,unknown
1,"I think Satoshi Nakamoto is an alias for NSA, The hackers know this, and they want NSA to give up the 1 Million BItcoin NSA has control of, in return of their tools.",Cryptonical,Bitcoin,6,6,0,2016-08,2016-08-15 21:21:37,NSA hacked! Hackers asking for 1 Million BTC to release dump.,hacking,hacking,unknown,unknown,unknown
1,"yes, the problem is everyone but you is dumb",PostNationalism,Bitcoin,1,1,0,2016-08,2016-08-27 20:19:25,"The biggest problem I have right now is that it's too easy to steal, I can't get any when I want it the most, it is easy to lose and requires a physical object to carry around. I'm talking about cash. Bitcoin? One hot wallet on your phone with no more than you'd carry in cash. One cold wallet on an offline laptop/Trezor/whatever. That's it. It isn't hard. It's actually easier and more convenient than cash. It's more secure than cash. It's just fucking better than cash. Except people are too retarded to get this simple arrangement right and complain about Bitcoin ""security issues"". How about: try not storing all of your Bitcoin on a random exchange. This is like walking to a random local shop and asking them to hold all of your cash for you. Really the problem is people just not taking Bitcoin seriously enough. They think it's all digital tokens that represent money and can be left about on other people's computers until they lose enough of them and then it comes around to them that it really is money and they really have lost it when it's gone. I think we just need a single, centralised step-by-step process that makes it even more obvious than the current Bitcoin website. I mean Trezor does this for people. And so do some of the more recent wallets. But instead dumbasses take huge fucking risks doing exactly what they're told over and over again not to do and then supposedly it's Bitcoin's fault.",bitcoin,security,unknown,comparison,unknown
0,How can bitcoins get off the blockchain?,bitsteiner,Bitcoin,1,1,0,2016-08,2016-08-03 05:16:14,"Keep Your Funds On The Blockchain There is no substitute. Do not transfer your wealth off the Bitcoin blockchain. Do not transfer your wealth to any company. Do not transfer your wealth to any external entity, network, or person. That is the best way to keep your wealth.",blockchain,blockchain,unknown,unknown,unknown
0,"This NPR segment is spot on, and it shows how backwards Core and small-block proponents are.",Annapurna317,Bitcoin,4,4,0,2016-06,2016-06-29 21:15:01,Planet Money: #708: Bitcoin Divided,bitcoin,bitcoin,unknown,division,unknown
1,2017 will surely be the year of the Linux powered desktop delivery drone controlled by blockchain technology!,clb92,Bitcoin,2,2,0,2016-07,2016-07-24 22:41:15,"Just like Linux on the desktop, packet delivery drones and Bitcoin for the masses, I'll believe it when I see it.",tech,tech,unknown,unknown,unknown
1,It cannot be anything else but a bubble.,goodbtc,Bitcoin,1,1,0,2016-05,2016-05-31 09:24:14,Fix Cut Set to Push Yuan Low; Bitcoin Bubble Continues,bitcoin,market,bubble,unknown,bubble
1,I sense no bias or hysteria in this article whatsoever.,ELeeMacFall,Bitcoin,1,1,0,2016-07,2016-07-23 02:53:09,Bitcoin expected to become part of everyday life in the Caribbean within eighteen months as banks abandon the region,bitcoin,bitcoin,unknown,unknown,unknown
1,Yeah totally!,sreaka,Bitcoin,-1,-1,0,2016-03,2016-03-07 02:44:09,"Nick Abouzeid on Twitter: ""We shouldn't treat these community debates as battles to win, but rather as competitions to be proud of."" -@JeremyRubin #mitbitcoinexpo",bitcoin,bitcoin,unknown,debates,unknown
0,"I think you missed another long term issue, which is how are miners going to get paid when block rewards drop to almost nothing and the main chain is capped at 1MB.",openbit,Bitcoin,1,1,0,2016-07,2016-07-07 21:38:54,"This is a great article, but it doesn't address one particular point that needs to be discussed. Even though things like the Lightning Network are capable of offloading a huge number of payment transactions from the main bitcoin network, it still requires on-chain transaction pressure for end users to open and close payment channels, or rebalance those channels, over time. First, it is important to note that this is **not** a short term problem. In the short term, simply removing payment transactions from the main blockchain should free up a lot of on-chain capacity for new users to open and close channels. However, there are real limits here as well. Eventually, there will not be enough on chain capacity to support the number of new users who wish to open and close payment channels. Once again, this is not a short term problem, but it is a long term one. Once this becomes the case, there are two ways to solve the problem. First, we could raise the main bitcoin blocksize to accommodate more channel open/close requests. However, as this article argues well, this may not be desirable. The other solution would be to on-ramp new users via two-way-pegged sidechains (another piece of technology which does not yet exist). A two-way-pegged sidechain functions essentially as a 'shard' of the main bitcoin blockchain. It allows users to transact value which is 100% pegged to bitcoin on the main chain, safely and securely, Another benefit of sidechains is that there can be many of them, each suited for particular markets, use cases, volume, security, and value. One of the most remarkable aspects of the Lightning Network is that it can freely inter-operate across multiple sidechains at the same time, so long as they offer the same requisite cryptographic features as the bitcoin network provides. There is now a clear path forward to scale bitcoin to support every use case, every person in the world, and even every single device in the world, so long as we proceed carefully and are patient for these new layered technologies to come online. Let's not kill the goose that lays the golden eggs, simply because we are hungry for a drumstick now!",bitcoin,blockchain,scalability,scalability,scalability
1,"..and I can't wait for wallets to send recipients my AML/KYC cert, bought from Netki, after sending the them proof of my identity.",petertodd,Bitcoin,22,22,0,2016-07,2016-07-05 15:33:31,"Glad to see that Bitfinex invested, we need more work on things done like BIP75. It's time we have bitcoin wallets across the board that are more accessible. Can't wait to type ""Johnny.Bitcoin.Com"" into any ""To"" field and have it go to Johnny's wallet (instead of 12kdskadkdkasd192921aslkdadad112)",wallets,bitcoin,unknown,unknown,unknown
0,I'm looking forward to when they get an access denied message trying to hack the account.,MassiveSwell,Bitcoin,6,6,0,2016-07,2016-07-12 00:34:09,"""Criminal Minds"" found some bitcoins in an unlikely place.",cryptocurrency,cryptocurrency,technology,criminal,technology
1,If you look closely it's photoshopped.,baronofbitcoin,Bitcoin,8,8,0,2016-08,2016-08-02 05:25:55,"Charlie Lee: The Bitcoin Civil War is over! Time for the price to rise! - Brian Armstrong Retweeted Charlie Lee: ""I approve this message""",bitcoin,bitcoin,unknown,unknown,unknown
0,Tell him I'll buy his coin for $13.,Yoghurt114,Bitcoin,2,2,0,2016-08,2016-08-11 11:55:03,"yeah not sure what he was talking about. If his balance dropped from $100 USD to $12 USD worth of bitcoin, or if he thinks the exchange rate dropped to $12. I asked him to clarify but could not get more information out of him because he did not have his smartphone on him to show me.",bitcoin,bitcoin,bitcoin,unknown,bitcoin
1,Where's the pyramid and the all seeing eye?,cpgilliard78,Bitcoin,1,1,0,2016-06,2016-06-14 15:24:01,The making of the 0.1 BTC banknote,monetary,monopoly,unknown,unknown,unknown
1,Did I really need a,monkyyy,Bitcoin,10,10,0,2016-06,2016-06-22 08:40:27,"Iceland is a country that jailed fined and kicked out all their bankers making sour loans. They're surviving. And explain how that even equals rip bitcoin. A thriving economy does not rely on bankers. A current $315,339,000- 24 hour volume is far from rip greenspan",banking,economy,unknown,banking,unknown
0,If they make a way to trade fiat that is as good as Bitcoin except for the political control on inflation and use ... then it will be easier to trade Bitcoin for fiat.,turpin23,Bitcoin,1,1,0,2016-05,2016-05-06 16:21:30,"While you are all derping out, every single player in Wallstreet is colluding with a company called Chain to run its own blockchain, and you're not invited. Wallstreet is not coming to Bitcoin, it's creating it's own.",blockchain,collusion,blockchain,unknown,blockchain
1,Have him pm me his public/private key pair and I'll check it out for him.,ParkingLotRanger,Bitcoin,1,1,0,2016-07,2016-07-31 14:04:16,"Bitcoin Accumulation?? I recently spoke to somebody that has a bitcoin wallet that they haven't opened in 3 years. 3 years ago he had one block, so 50 bitcoins, however know he is saying that due to ""accumulation"" the number he has has increased. He is downloading a wallet to access it. In addition, he says he has one of the original blocks, 366 according to him, and calls it a 'miners block' I was wondering if somebody could confirm if this is possible??",bitcoin,bitcoin,accumulation,accumulation,accumulation
0,I have no idea why folks don't like this topic?...,jflowers,Bitcoin,1,1,0,2016-08,2016-08-09 03:08:25,GBTC? Does anybody know anything about this stock? They must buy bitcoin as people invest in the stock. How do they store them? Are they another store of bitcoin waiting to be stolen?,bitcoin,bitcoin,unknown,unknown,unknown
0,Read again.,btsfav,Bitcoin,1,1,0,2016-08,2016-08-31 10:35:49,"So how the hell do publishers get paid??? Could not find any of this info on the site nor on google. As a site owner, i dont see any good in this ""brave"" if they cant even easly disclose how sites get paid. Brave browser blocks adds regardles on what site you are, even the small one's that dont have a bitcoin adre's or even a subscription mode.",advertising,payment,publishing,publishers,publishing
0,LBC does offer escrow and dispute reconciliation services ... that can be useful.,ronohara,Bitcoin,2,2,0,2016-05,2016-05-11 12:11:18,Localbitcoins is dying!,bitcoin,trading,safety,unknown,safety
1,Taking bets on how many months until it's shut down.,gonzobon,Bitcoin,1,1,0,2016-05,2016-05-15 00:15:14,Bitcoin Deep Web Marketplace Silk Road 3.0 Is Back,silkroad,silkroad,shutdown,unknown,shutdown
0,"Get Mycelium on android and use Glidera via their ""Get Bitcoin""-Button (if you'r in the US i think)",umbawumpa,Bitcoin,1,1,0,2016-06,2016-06-08 10:32:25,What allows me to buy Bitcoins with a debit card?,bitcoin,bitcoin,bitcoin,unknown,bitcoin
1,Better open a short,Essexal,Bitcoin,4,4,0,2016-06,2016-06-28 09:19:15,"cnLedger on Twitter: ""CN General Provisions Civil Law (Draft): Virtual assets will be officially protected by law. Providing legal basis for BTC related cases""",bitcoin,cryptocurrency,legal,unknown,legal
0,It's not a lottery if you just pay the right fees.,bitsteiner,Bitcoin,11,11,0,2016-05,2016-05-19 16:29:23,Imagine if I move all my 300 BTC and get this shit happening. I know they are safe on the blockchain. But it's frustrating. This shouldn't be a lottery type of payment layer. Where you might get in first blocks or not.,blockchain,blockchain,bitcoin,unknown,bitcoin
1,Paying for coffee with bitcoin is a spam transaction,1BitcoinOrBust,Bitcoin,1,1,0,2016-07,2016-07-06 13:09:45,Bitcoin Coffee in Paralelni Polis Prague,bitcoin,coffee,transaction,unknown,transaction
0,Sounds like a great way to get kidnapped by a cartel and forced to hand over all your bitcoins (then your head removed),KellyMPD,Bitcoin,5,5,0,2016-06,2016-06-05 10:55:53,"localbitcoins in mexico, is the way to do it...",cryptocurrency,scam,bitcoin,localbitcoins,bitcoin
0,"I can't come up with a better name for mbtc (than litecoin), it's hard.",sumBTC,Bitcoin,1,1,0,2016-07,2016-07-23 19:47:46,"So does ""bitcoin"" if you think about it.",bitcoin,bitcoin,unknown,names,unknown
0,Just a flesh wound.... a deep life-threatening flesh wound.,IllusionDestroyer666,Bitcoin,5,5,0,2016-08,2016-08-02 23:20:30,119.756 BTC stollen in Bitfinex heist,heist,heist,unknown,unknown,unknown
0,Was new wallet a web wallet?,baronofbitcoin,Bitcoin,1,1,0,2016-06,2016-06-18 17:00:06,"n00b question, can't find my bitcoins A few years ago I bought a bitcoin and put it on blockchain. A bit later I transferred it to a different wallet. Problem is a few years later I can't find the new wallet and all I have is the to/from address on the transaction list on blockchain. Can I use this or any other method to find where I transferred my bitcoin?",lost,bitcoin,trace,unknown,trace
1,Obviously Amazon should only count as 1 node.,platinum_rhodium,Bitcoin,1,1,0,2016-03,2016-03-07 13:25:27,How does that make them fake? Are they still propagating blocks are they still seeding the blockchain for new nodes? ELI5 Many / most major internet businesses run on AWS these days why isn't AWS good enough for Bitcoin. Surely AWS is better than some shmucks Comcast connection.,aws,bitcoin,bitcoin,unknown,bitcoin
0,Now this is not the news you want.,Introshine,Bitcoin,1,1,0,2016-07,2016-07-10 10:03:43,Bitcoin: Beginner's Guide - Everything You Need To Know To Make Money With Bitcoins,bitcoin,bitcoin,unknown,bitcoin,unknown
1,Oh no what are we going to do.,Dnars,Bitcoin,1,1,0,2016-08,2016-08-03 09:58:35,BBC News - Bitcoin drops more than 10% after security breach,bitcoin,breach,unknown,unknown,unknown
1,because the economicpolicyjournal site design inspires confidence,Annapurna317,Bitcoin,0,0,0,2016-05,2016-05-06 03:12:52,The MIT-Central Bank Connection. The attack on bitcoin from MIT makes perfect sense.,bitcoin,cryptocurrency,unknown,regulation,unknown
1,I thought Bitcoin was supposed to be anonymous,mustyoshi,Bitcoin,4,4,0,2016-05,2016-05-30 23:11:54,Mystery Solved: $6.6 Million Bitcoin Theft That Brought Down Dark Web Site Tied To 2 Florida Men,bitcoin,bitcoin,unknown,bitcoin,unknown
0,Hookers and drug dealers really don't care about how it looks,SemicolonWhispers,Bitcoin,1,-1,-1,2016-10,2016-10-30 07:59:35,LocalBitcoins earns hundreds of millions of dollars worldwide. But they got no money for mobile application. Its almost 2017 and we are still trading on the ugliest possible web interface,bitcoin,bitcoins,unknown,unknown,unknown
0,Buy a Trezor.,Introshine,Bitcoin,2,2,0,2016-08,2016-08-24 19:36:02,"how to ensure my bitcoin doesn't get hacked? unlike paypal, i can't get my money back if someone hacks me. i'm using bitgo at the moment and i'm new to btc. i have 2fa enabled but how can i ensure my btc stays safe. is there anywhere i should transfer it? i heard online btc wallets are not safe.",bitcoin,bitcoin,security,unknown,security
0,"Either Bitcoin throws a huge wrench into the conspiracy to bring all nations under one currency, or Bitcoin is that currency.",45sbvad,Bitcoin,1,1,0,2016-07,2016-07-11 19:24:31,"I've heard people mention recently that we should return to the ""gold standard"". I believe that the ""digital standard"" is what will actually happen with Bitcoin paving the way",standard,currencies,currency,alternatives,currency
1,But...but...but... u/zanetackett said they spoke to everyone on the phone and it set wasn't an inside job,Feedthemcake,Bitcoin,5,5,0,2016-08,2016-08-09 12:43:46,"This Bitfinex fiasco stinks to high heaven. If I was a betting man, I'd say Raphael Nicolle has made off with the 120K Bitcoin.",bitfinex,bitfinex,bitfinex,theft,bitfinex
1,But I thought Coinbase only did bad things,sreaka,Bitcoin,12,12,0,2016-08,2016-08-20 20:45:52,Twitch has re-added Bitcoin payments! This time via Coinbase,bitcoin,bitcoin,coinbase,bitcoin,coinbase
1,"Yeah, there is nothing more unfair in the world than the small blocksize in bitcoin...",BitcoinReminder_com,Bitcoin,0,0,0,2016-05,2016-05-20 18:28:31,When will the poor people in the 3th world learn that bitcoin is not for them. Step up your game instead of working for 5$ a week.,bitcoin,bitcoin,poverty,bitcoin,poverty
1,It might double if they raid Craig's house!,notaek-bitcointalk,Bitcoin,1,1,0,2016-06,2016-06-01 19:48:40,Australia to auction $11.5 million confiscated bitcoins,bitcoin,bitcoin,bitcoin,unknown,bitcoin
0,"Somewhere Karpeles is laughing at you, you idealistic chump.",wqhbay1,Bitcoin,0,0,0,2016-05,2016-05-04 00:24:34,The more you question characters and integrity the further you are from what Bitcoin is. If you need to trust people instead of code then you've had that long before Bitcoin was created. Bitcoin wouldn't exist if people weren't corruptible or made mistakes. Maths is not trust based or require character references.,bitcoin,corruption,unknown,bitcoin,unknown
1,"Good thing they can't do this with cash, huh?",subcypher,Bitcoin,4,4,0,2016-06,2016-06-02 17:19:12,Paedophiles pay to watch abuse with bitcoins - how desperate is this? (Ignore Morgan Freeman fail ad placement lol),abuse,abuse,unknown,unknown,unknown
0,any freemarket buying and selling is not manipulation,MakeTotalDestr0i,Bitcoin,1,1,0,2016-06,2016-06-30 20:19:07,"not to be a tin foil hat kinda person, but you have to wonder if all the miners in china were actually one operation and at any time could join forces to do whatever they wanted at any time. Do we have any proof that the bitcoins mined in china are being put into the spending pool and not hoarded by any entity? If they own a large majority of coins wouldn't they also be in a position to manipulate value?",mining,chinabits,unknown,mining,unknown
0,Lighter network routing demo.,vbenes,Bitcoin,5,5,0,2016-07,2016-07-28 14:41:32,Hi Bitcoiners. Who can tell me wht is shown in the picture?,bitcoin,network,lighter,bitcoin,lighter
0,You should wait some hours.. i think there will come an even bigger drop..,BitcoinReminder_com,Bitcoin,1,1,0,2016-08,2016-08-02 21:45:12,"Can someone explain the pricedrop Sorry, im not familiar with what goes in the btc world. I just feel happier with it vs in a US Bank. Im also gonna make a purchase larger than 100$ for once and id hate to make the wrong call when i couldve just waited two days and made an extra few bucks. Also where is a better place to buy other than coinbase. I feel their prices arent all that great soemtimes.",btc,btc,unknown,bitcoin,unknown
0,I am.,chalbersma,Bitcoin,1,1,0,2016-08,2016-08-30 05:03:19,I do hope you're referring to Bitcoin,bitcoin,bitcoin,unknown,bitcoin,unknown
0,"yep, popcorn time indeed... they are nice people though, sometimes i go there to see what s going on...",Sherlockcoin,Bitcoin,0,0,0,2016-07,2016-07-27 20:45:05,popcorn on r/btc i guess. I wonder how they are going to make GreenAdress the first step of the bilderberg group to take over the world :D,popcorn,popcorn,pop,unknown,pop
0,ether is a pre-mined scam.,btcluvr,Bitcoin,1,1,0,2016-06,2016-06-23 17:15:15,Only thing that has changed is the DAO hack. DAO goes down = Ether goes down = Bitcoin goes down. I trust in Ether to pull through hence I am sticking out.,hacking,hacking,market,market,market
1,I cannot wait to buy fedcoin.,gonzobon,Bitcoin,1,1,0,2016-07,2016-07-09 22:10:07,The case for bitcoin (or something like it),bitcoin,cryptocurrency,crypto,unknown,crypto
0,Give your ID to whom?,mWo12,Bitcoin,1,1,0,2016-06,2016-06-15 17:21:53,Helpful Tips I just got interested in Bitcoin. Is it worth getting? What happens when I give them my ID? Will I lose money and how can I earn money?,bitcoin,bitcoin,bitcoin,bitcoin,bitcoin
1,The time it takes to get to the moon.. expected to be their in a little under 3 days... is taking a bit longer....,djangocoin,Bitcoin,1,1,0,2016-08,2016-08-14 09:54:19,May I ask what you dislike about Bitcoin?,bitcoin,bitcoin,speed,bitcoin,speed
1,Sound like it's time to short,Essexal,Bitcoin,0,0,0,2016-06,2016-06-02 21:09:56,Forbes: 4 Reasons Why Bitcoin Represents A New Asset Class,bitcoin,investing,assets,bitcoin,assets
0,let's hope the Bitcoins don't get cryptolocked or stolen too,Liongrass,Bitcoin,2,2,0,2016-06,2016-06-08 08:42:53,Companies Are Stockpiling Bitcoin to Pay Off Cybercriminals,bitcoin,bitcoin,bitcoin,unknown,bitcoin
1,can somebody please ban this guy?,yayalorde,Bitcoin,0,0,0,2016-04,2016-04-14 20:52:07,"I think it's wrong to compare Bitcoin with the Leicaster City Football Club. Yes, Bitcoin is the king of crypto currencies, but it's a really insignificant player in the global transaction processing space. A better analogy would be a very small football club with some 20 seats by their playing field. People would not be willing to pay a lot for the tickets, if the stadium is full they would shrug their shoulders and go to another match instead. If the seats are all sold out, it would be really stupid not to set up some more seats. If bitcoin transactions become too expensive, people will either stick to traditional banking or chose a different crypto currency. Another thing, full blocks and the fee event is not some theoretical future event, it is something that has already happened. Was it a disaster? No. Was it bad? Yes. Is the capacity limit holding back Bitcoin? Yes. Increased fees will be a problem, it will prevent Bitcoin from being used for coffee-sized transactions. I believe that if another cryptocurrency will become the go-to-currency for coffee-sized transactions, it will eventually take over for bigger-sized-transactions as well. Increased fees is not the only problem - ""stuck transactions"" is the other side of it. Bitcoin is designed to work well when there is free space in the blocks. Users that didn't get the memo that the blocks are full, or who are using the wrong software are suffering (a friend of me tried to send me bitcoins from a blockchain.info-wallet - 48 hours later he had to resend the transaction, it had timed out). One can no longer trust zero-confirmation transactions (some claim that they never could be trusted - but they do have a great business value and usability-value). Stuck transactions - it's like buying a ticket for the football match, coming to the match and be denied in the door: ""sorry, you didn't pay enough for the ticket; someone else paid more for the seat. Try coming back at the next match instead"".",bitcoin,football,unknown,scalability,unknown
1,Blockstream Corp is a company,We_are_all_satoshi,Bitcoin,3,3,0,2016-04,2016-04-20 21:39:19,"This is just going to confuse people further, making Bitcoin seem more like a company.",bitcoin,bitcoin,confusion,corporations,confusion
0,Never use the B word when talking to a bank.,ronohara,Bitcoin,5,5,0,2016-01,2016-01-10 12:26:37,"My UK Bank Account Got Suspended for Buying Bitcoin, What can i do? Tried to buy one bitcoin but my account got suspended. Why is this and what can i do?",bank,account,bank,unknown,bank
0,This is good for Bitcoin.^TM,gr8ful4,Bitcoin,32,32,0,2016-03,2016-03-12 10:39:08,Microsoft Store doesn't accept Bitcoin anymore,bitcoin,bitcoin,microsoft,unknown,microsoft
0,By decentralisation he means not to centralize development right?,sunshinerag,Bitcoin,3,3,0,2016-03,2016-03-13 11:47:53,"""From our perspective the most important and true superhuman power of Bitcoin is decentralizaton and that is it."" Cameron Winklevoss @SXSW",bitcoin,bitcoin,decentralization,unknown,decentralization
0,"How about that relay network... Is it true if that one guy goes to a party and his server crashes, bitcoin as we know it goes down...?",bitsko,Bitcoin,0,0,0,2016-01,2016-01-07 16:08:22,Did you miss that the bitcoin network is decentralized?,bitcoin,bitcoin,p2p,decentralization,p2p
1,Definitely not a shill,Floooge,Bitcoin,1,1,0,2016-04,2016-04-01 11:03:01,Its a great way to enhance your bitcoin experience!,bitcoin,bitcoin,bitcoin,bitcoin,bitcoin
0,"The good old 1.2k prediction, heard it was supossed to happen this year.",I_AM_A_GOLD_GIVER,Bitcoin,1,1,0,2016-01,2016-01-03 06:04:27,"7 Market Predictions for 2016: Gold, Energy, Stocks, Bitcoin",predictions,predictions,bitcoin,unknown,bitcoin
0,"RBF should not be deployed, do FSS-RBF .",samurai321,Bitcoin,-1,-1,0,2015-11,2015-11-29 20:47:19,Poll: What percentage of the Bitcoin community do you think is qualified to meaningfully contribute to the Replace by Fee debate?,bitcoin,replace,replace,unknown,replace
1,Why are posts about alt chains here?,Pawoot,Bitcoin,0,0,0,2015-11,2015-11-15 13:59:30,Vitalik Buterin Bitcoin Is A Transition Technology,bitcoin,bitcoin,unknown,comparison,unknown
1,Hell we should just rebrand bitcoin as Coinbase...,BlockchainMan,Bitcoin,3,3,0,2015-11,2015-11-20 15:07:13,"Coinbase is gonna be stinking rich! This can be a game changer. They are in position, as they are now with this, to be first in all Bitcoin innovations. If only they were more decentralized. That may be the only way another company can bypass them.",bitcoin,bitcoin,unknown,control,unknown
1,"AL, AZ, CA, DE, DC, GA, ID, IA, KS, ME, MS, NE, NV, NJ, NC, ND, OK, PA, PR, SD, TX, VT, WA, WV Don't see NY in the list, I wonder why.",opticbit,Bitcoin,1,1,0,2015-11,2015-11-21 07:38:46,Introducing the Shift Card. Bitcoin Can Now Be Used Anywhere VISA is Accepted,bitcoin,bitcoin,visa,shift,visa
1,"Right, because every single 2 cent micropayment should obviously be recorded for all eternity on an ever growing ledger",DaReminder,Bitcoin,2,2,0,2016-03,2016-03-08 18:56:40,"""You could have an option to not view advertising and instead pay a couple of pennies per page as you go...According to Schatsky, using the cryptocurrency bitcoin would make a micropayment system feasible due to its low transaction costs."" Who wants to deliver the bad news to CNBC?",bitcoin,bitcoin,unknown,micropayments,unknown
1,"Ping and tracert work, thus lightning network is the perfect solution...",Toxhax,Bitcoin,0,0,0,2016-03,2016-03-08 23:38:15,Understand the Bitcoin Lightning Network with a simple experiment you can try for yourself,bitcoin,network,lightning,latency,lightning
0,Why are we promoting HYIPs?,bitbybitbybitcoin,Bitcoin,1,1,0,2016-03,2016-03-21 15:26:05,"Bitcoin Earning Websites Directory - Submit &amp; Promote Your Faucets, Rotators, Casino, HYIP",hyip,hyips,directory,unknown,directory
1,"Yes, much better to centralize development of the decentralized currency.",Username96957364,Bitcoin,-2,-2,0,2016-04,2016-04-26 22:00:30,Gavin has no vision and having two or more Bitcoin repositories that hardfork one another by design habitually is stupid.,bitcoin,bitcoin,centralization,unknown,centralization
0,why is it that the people spreading this FUD with no evidence isn't some main stream media but actual bitcoin related websites?,specialenmity,Bitcoin,1,1,0,2015-11,2015-11-15 18:02:18,Bitcoin Opponents Use the Paris Massacre to Defame Cryptocurrency,bitcoin,bitcoin,unknown,bitcoin,unknown
1,Thank goodness we can put our trust in the hands of a few,coastermonger,Bitcoin,1,1,0,2016-02,2016-02-23 01:09:18,"Consensus has been made among a large enough group of miners/developers that the minority is effectively shut out at this point. So there isn't consensus among the whole Bitcoin community, just among a select group of people who get to make decisions for us about the future of Bitcoin.",bitcoin,mining,unknown,unknown,unknown
0,Why don't you email and ask?,BitcoinBostonian,Bitcoin,1,1,0,2016-02,2016-02-23 10:29:39,Why would Circle close my account? I've never done anything even remotely wrong with Bitcoin. Does anyone know why they would shut me down? And where I could purchase Bitcoin now? Thanks,bitcoin,bitcoin,account,account,account
1,sure ill take your stolen CC info and send you bitcoin; an irreversible payment method.,AnonymousRev,Bitcoin,2,2,0,2015-11,2015-11-14 04:50:24,How can i open an anonymous BTC wallet and how can i top up that with VISA / MasterCard card? I'm beginner in this.,bitcoin,bitcoin,bitcoin,bitcoin,bitcoin
1,Well if an anonymous group of hackers say so I don't see why you guys are skeptical... Why would anyone lie on the internet.there cant be a secret agenda behind a secret group of hackers that absurd,skapaneas,Bitcoin,1,1,0,2015-11,2015-11-20 10:36:20,"Are ISIS using bitcoin? (conspiracy theory) So we know an idiotic 'journalist' lied when posting an article about ISIS having $23million in bitcoin (see @postmoi twitter feed) Yet what about this $3million bitcoin account that GhostSec claims to have uncovered? (that Lewis Sanders IV stands by and also confirmed by @DigitaShadow (GhostSec) as reported by newsbtc) This is now widely being reported in the press as fact, yet no address has been released By announcing the 'find' they have already alerted ISIS to it being compromised, so why not release the address(es) so community can help monitor the bitcoins and hopefully eventually track down the terrorists?? Using the 'ongoing investigation' line does not add up- either someone is lying about the $3million or they shouldnt have made this public/ or they should release address(es)? The fact GhostSec has openly said it is working with the Feds 'to thwart attacks' makes me even more suspicious Timiing of this hitting the press just as emotions are running high over Paris and EU Commission meeting to potentially 'ban' bitcoin also seems 'convenient'?? If I disappear, everyone please keep asking questions!",conspiracy,conspiracy,isis,isis,isis
1,"Oh, right, financial markets are not intertwined.",finecon,Bitcoin,1,1,0,2016-01,2016-01-06 23:59:07,Not bitcoin related. Bitcoin isnt a stock. Bitcoin isnt under the control of the Chinese market policy,bitcoin,bitcoin,unknown,bitcoin,unknown
0,"Read this topic, withdrew my assets there just to be sure and had no problem at all.",Goldman-,Bitcoin,4,4,0,2016-02,2016-02-04 21:07:12,Kraken problem I have been unable to withdraw bitcoin from Kraken for 2 days now. Now their site is having problems as the withdraw page gives a 502 error. Support does not respond to ticket. Anyone know what's going on here?,kraken,kraken,unknown,unknown,unknown
1,"Naww lets keep bitcoin dialup compatible, that is way more important than usability!",jwBTC,Bitcoin,125,125,0,2015-11,2015-11-04 11:30:15,"Block limit needs to be increased to ensure better user experience. Nothing like having to explain to a bitcoin newbie how his transaction is now stuck, because the fee was too low.",block,bitcoin,unknown,unknown,unknown
0,"Ugh, bunch of statists in this thread.",bitcoin71186,Bitcoin,0,0,0,2015-12,2015-12-01 18:25:19,SEC Charges Bitcoin Mining Companies GAW Miners and ZenMiner,sec,politics,crypto,regulation,crypto
0,Global Reserve Currency,Essexal,Bitcoin,5,5,0,2015-11,2015-11-26 17:46:26,"What do you wish for Bitcoin in 2016? What is your wish for the Bitcoin protocol and ecosystem in 2016? Some starting thoughts: * 7MB+ blocks to handle new services and use cases coming on * $1K+ price so there is enough liquidity to handle larger transactions regularly * Few large companies offering salaries paid in Bitcoin * Few large new retailers accepting Bitcoin for payment * One small country adopting Bitcoin as official secondary currency (you can pay government fees with it) * Decentralized marketplaces * One major use case for colored coins, for example a country using it for land titles",bitcoin,bitcoin,bitcoin,unknown,bitcoin
0,Selling product they clearly did not have,alexgorale,Bitcoin,2,2,0,2016-02,2016-02-24 16:42:47,Suing for what - the BTC they don't have in a brainwallet or tucked away in a Trezor stashed under someone's brother's nephew's pillow? At least in the old wild west you could gather together a posse on have a lynching. Now the government protects those who screw people over and prosecute the ones who want personal freedoms.,parent,bitcoin,bitcoin,fraud,bitcoin
0,There is a whole movement called the degrowth movement that would benefit from the understand that it's monetary inflation that's stimulating unsuitable environmental degradation through economic growth.,Adrian-X,Bitcoin,2,2,0,2016-03,2016-03-12 19:21:31,"Environmentalists should fight for deflationary money The green movement is pretty powerful these days around the world. They claim the moral high ground and receive billions after billions from governments in order to fight for things like reducing carbon dioxide emissions. We as bitcoiners should utilize that movement to push for deflationary money, because there is a very simple argument that we can make by using their own keynesian rhetoric. Let me put in that I myself do not believe in the keynesian theory, but since the majority does, they should accept the following: Inflationary money encourages spending. More spending means more goods and services need to get produced, which is harmful for the environment in many different ways. Just think of the carbon footprints! Deflationary money on the other hand encourages saving. When people save money, they are deferring consumption. Because of less consuption, a smaller amount of the world's precious natural resources are used. The carbon footprint sinks! The world is saved! Next time you meet the leftist greenpeace activist in your circle, try and see how they respond to that logic. Don't they care about saving the world?",environment,environmental,deflation,environment,deflation
0,"It's wrong, 1B to date...not 2015.",bubbasparse,Bitcoin,13,13,0,2015-11,2015-11-02 16:51:56,Record $1 billion invested in Bitcoin firms so far in 2015,bitcoin,bitcoin,unknown,unknown,unknown
0,Contact Dave's Wallet recovery service.,baronofbitcoin,Bitcoin,2,2,0,2016-04,2016-04-12 13:50:39,"Cant send btc from my own wallets! I have several wallet.dat with bitcoins,one of them 30.28 btc,second 1 btc,third some btc.In all I forgot my passphrases to my wallets.I ask wallet recovery services no success.I use pywallet with web version,after I click change passphrase,bitcoin core was closed,nothing worked,and my passphrases dont changing.What I do wrong?What alternative methods for change passphrase?or send btc directly with bitcoin core on my coinbase account?",bitcoin,bitcoin,wallet,unknown,wallet
0,"I meant it protects against the car never being delivered, but it does not protect against someone selling you a stolen car.",cpgilliard78,Bitcoin,1,1,0,2015-11,2015-11-14 00:16:11,"Multisig doesn't guard against this. Remember, the bitcoin seller doesn't know that a scammer is selling a fictitious car. The escrow agent with the third key doesn't know there's a scammer selling a fictitious car. The scammer will say ""Money's been deposited! :)"" and the escrow agent will ask the seller ""Did you get the money?"" and the seller will say ""Yeah, everything looks good!"" and then the escrow agent and seller will simply release the coins. Maybe it'll be a week later when some other guy shows up asking for his car and threatening to sue you.",multisig,multisig,scam,scams,scam
1,"This is *exactly* the change we've been waiting for, Core!",Indy_Pendant,Bitcoin,4,4,0,2016-01,2016-01-21 15:33:08,"Great News, Bitcoin Core has made Opt-in RBF optional!",bitcoin,bitcoin,update,optin,update
1,"I already dumped all my coins, bitcoin is crashing",n1nj4_v5_p1r4t3,Bitcoin,1,1,0,2016-02,2016-02-05 15:38:14,Will you dump all your Bitcoin because of all the recent news? For me it is a tiny blackhead on a still very attractive and safe haven from 'you know who'.,bitcoin,bitcoin,dumping,bitcoin,dumping
0,"I want to save him from being robbed of his cut of the economic growth, and a life of slavery.",street_fight4r,Bitcoin,2,2,0,2015-11,2015-11-03 11:56:07,Most ppl are living paycheck to paycheck so once fiat collapses it wont really matter to them what the price of bitcoin is. As long as they're producing as much value as they're consuming they'll be fine.,economy,economy,barter,unknown,barter
0,"When you say ""having devs that believe in Satoshi's vision"", what do you mean by that?",PaulCapestany,Bitcoin,5,5,0,2016-01,2016-01-16 17:53:46,"1.75mb if everyone updates max. Besides its more about having devs that believe in satoshis vision and listens to community. Put the blockchain first then additional layers as a useful option, not necessity. Talented devs but that's not enough. Hopefully they will still work on Bitcoin tho",bitcoin,blockchain,development,bitcoin,development
0,The side with the longest chain?,PretzelPirate,Bitcoin,6,6,0,2016-01,2016-01-16 02:42:20,Bitcoin is not dead. But it is obviously headed for a contentious fork. I wonder what side the users are on.,bitcoin,bitcoin,unknown,forks,unknown
0,in before the first person to mention the block size debate,TheBTC-G,Bitcoin,0,0,0,2016-01,2016-01-30 04:42:22,Opportunity for bitcoin? FanDuel and Draft Kings' payment processor Vantiv has cut ties with the daily fantasy sites. x-post r/fantasyfootball,bitcoin,fantasy,bitcoin,unknown,bitcoin
1,But it doesn't exist yet!,grishnakhfin,Bitcoin,-2,-2,0,2016-02,2016-02-26 18:27:09,"Fred Ehrsam (Coinbase Co-Founder): ""The Lightning Network will go live and will be wildly successful. All these fair criticisms are surmountable. Will be cool to see - a lot of theoretical Bitcoin/crypto work may never work in production - but I'm pretty convinced LN will.""",bitcoin,bitcoin,anticipation,lightning,anticipation
0,"Could never figure out how to get fiat to them, oh well.",sqrt7744,Bitcoin,1,1,0,2016-03,2016-03-13 11:45:37,"""From our perspective the most important and true superhuman power of Bitcoin is decentralizaton and that is it."" Cameron Winklevoss @SXSW",bitcoin,bitcoin,money,unknown,money
0,I think the priority thing got removed in the latest Core version.,Tvgiafi,Bitcoin,1,1,0,2016-01,2016-01-30 01:46:20,Well.. doesn't the amount of BTC transacted impact miner priority for 0 fee transactions? So doing it with less coin wouldn't necessarily test what OP wanted.,mining,miner,unknown,priority,unknown
1,Such sage comments in that link,jimmykitten,Bitcoin,1,1,0,2015-11,2015-11-03 03:01:40,Is bitcoin a better investment than gold?,investments,bitcoin,unknown,investment,unknown
0,You must be new here...,SheikhOfBitcoin,Bitcoin,0,0,0,2015-11,2015-11-03 04:26:54,Bitcoin Is Suddenly Surging Again,bitcoin,market,unknown,surge,unknown
1,thank god that nobody stores large amounts of coins there!,Lite_Coin_Guy,Bitcoin,1,1,0,2016-03,2016-03-13 14:11:33,"BTC-E Withdrawals broken, trading suspended",exchange,exchanges,security,security,security
0,That's not a good analogy.,Xekyo,Bitcoin,1,1,0,2016-03,2016-03-30 16:56:03,"Bitcoins never leave the network. LN is like me printing the private keys, and exchange them with someone, and that someone exchange them with someone else. Those trades are off the bitcoin blockchain, but does this mean I'm not using bitcoin? Also is this a real bitcoin, or fake?",bitcoin,bitcoin,lightning,transactions,lightning
0,It's never too late.,felipelalli,Bitcoin,1,1,0,2016-04,2016-04-15 21:12:55,"That's very interesting, I've been in Bitcoin for a long time and never heard of this.",bitcoin,bitcoin,unknown,bitcoin,unknown
0,"FYI: default dust threshold is 546 for P2PKH transactions, not 543.",dexX7,Bitcoin,1,1,0,2016-04,2016-04-27 22:46:35,"Counterparty is a protocol built on top of the Bitcoin protocol. It allows you to issue, send, and trade ""assets"" on the blockchain. It does this by defining a set of message types (ex: issue, send) that can be encoded into bitcoin transactions. The Bitcoin blockchain is monitored for these messages and they are indexed and evaluated by federated nodes which come to consensus on which assets are issued, how many ""tokens"" they have, which addresses have what balances, etc. So, here's what a Counterparty transaction ""looks like"" (not really): ISSUE ASSET To: 1CounterpartyXXXXXXXXXXXXXXXUWLpVr Send: 0.00000543 BTC Fee: 0.0001 BTC Encoded: {""Create"": ASSET, ""Quantity"": 10000000} SEND ASSET FROM: 1CounterpartyXXXXXXXXXXXXXXXUWLpVr TO: Some bitcoin address Send: 0.00000543 BTC Fee: 0.0001 BTC Encoded: {""Send"": 10000 ASSET} In this example, I create an asset and then send some quantity of that asset. It's made possible by sending the minimum amount of bitcoin possible, paying the miner's fee, and encoding the Counterparty transaction data inside. Bitcoin is programmable money. This makes Bitcoin our data store, and bitcoin transactions our ""save"" function. Counterparty federated servers evaluate that data for validity and determine the current state of the network. To some people, it's controversial as it adds ""weight"" to the chain, it also bloats the UTXO pool, if you don't sweep the ""dust"" you create, but I see it as extending Bitcoin's functionality. Some cool features include: - Issuing dividends - Voting - Decentralized exchange",bitcoin,bitcoin,unknown,ext,unknown
1,You must be new here.,scammerwatch1,Bitcoin,49,49,0,2016-01,2016-01-03 11:29:56,Why would a mod delete such an excellent blog post about Bitcoin on the bitcoin subreddit? That would be really weird!,bitcoin,bitcoin,newcomer,deletion,newcomer
1,Dude no one buys illegal drugs with Fiat currency.. It's all done thru bitcoin.,Youwishh,Bitcoin,5,5,0,2016-01,2016-01-06 04:55:08,"I've never understood the ""bitcoin is used to buy illegal drugs! Get rid of it!"" argument. Oh, a currency was used to buy something illegal? Well that's never happened before...",bitcoin,bitcoins,illicittrade,bitcoin,illicittrade
1,you forgot to get the presidential cufflinks in that pic...,CanaryInTheMine,Bitcoin,1,1,0,2016-01,2016-01-21 20:45:42,Bitcoin Billboard in front of Wells Fargo at BTC Miami,bitcoin,bitcoin,bitcoin,bitcoin,bitcoin
1,More proof that Bitcoin is involved in crime!,BitcoinMD,Bitcoin,1,1,0,2016-02,2016-02-03 18:53:46,"Ex-secret service agent who stole $800,000 in bitcoin newly arrested",bitcoin,bitcoin,unknown,arrest,unknown
0,I'm having trouble believing there are over 300k *real* Bitcoin users.,Introshine,Bitcoin,5,5,0,2016-01,2016-01-01 21:51:51,Bitcoin's Big Challenge in 2016: Reaching 100 Million Users,bitcoin,bitcoin,unknown,doubt,unknown
0,Why not do both?,aelephant,Bitcoin,3,3,0,2016-02,2016-02-18 18:42:04,Why not just accept Bitcoin at your etsy store or main site? Problem solved.,bitcoin,bitcoin,proposal,unknown,proposal
0,Alipay (by themselves or when asked by CN gov't) would shut down anything like that quickly,bitcoinfinder,Bitcoin,1,1,0,2016-04,2016-04-11 08:03:45,"Someone should make an app that intercepts the QR codes and substitutes a Bitcoin proxy. You scan, send QR along with BTC to the proxy, it pays the QR, merchant gets fiat and you pay Bitcoin",qrcode,bitcoin,cryptocurrency,regulation,cryptocurrency
1,The breakout is due to anticipation of the 4th Classic block.,Lejitz,Bitcoin,0,0,0,2016-02,2016-02-20 18:56:31,Look what's breaking out... #Bitcoin $BTCUSD +5% and $438/coin. Nobody's talking about it.,bitcoin,bitcoin,bitcoin,bitcoin,bitcoin
1,Cant wait until Bitcoin becomes as useful as Snapchat,_gainz,Bitcoin,1,1,0,2015-11,2015-11-11 09:34:46,Banks could use bitcoin technology by next year: study,bitcoin,bitcoin,bitcoin,unknown,bitcoin
1,"No, no, no, all that money goes to drug rehab programs and building roads and schools!",paulmadore,Bitcoin,2,2,0,2015-11,2015-11-16 22:55:42,Whoah whoah whoah. The US Government only auctioned off those bitcoin. The majority of their funding comes from US Dollars - printing and taxing.,bitcoin,bitcoin,unknown,unknown,unknown
0,"With all the warnings in airports, I doubt anyone would actually take one.",kicktriple,Bitcoin,3,3,0,2016-02,2016-02-22 16:19:47,Evil thought. Hand out a bunch of empty physical bitcoins or paper wallets with $1 or $2 of bitcoins to travelers before they enter the TSA. Nothing generates hate of the TSA more than random Nazi like searches of people innocent of any crime.,tsa,tsa,unknown,unknown,unknown
1,Because it has 5 Chinese that control about 75% hashrate,sreaka,Bitcoin,4,4,0,2016-04,2016-04-03 15:09:32,What makes the Bitcoin blockchain more secure than other chains?,security,bitcoin,security,unknown,security
0,CES has essentially been dead for like 10 years already; who cares.,priidu_neemre,Bitcoin,1,1,0,2016-01,2016-01-08 03:40:10,Ledger Wallet: Pretty sure the only #bitcoin startup at #CES2016 #CES,bitcoin,bitcoin,bitcoin,unknown,bitcoin
0,Android?,Bitcoin_Acolyte,Bitcoin,2,2,0,2016-02,2016-02-20 01:28:26,Brave is now available on iOS. Finally a killer consumer product that uses bitcoin in the background!,bitcoin,technology,unknown,bitcoin,unknown
0,"Horse and buggy manufacturer say ""horseless carriage"" has no future.",jimmykitten,Bitcoin,2,2,0,2015-11,2015-11-11 17:11:19,"Bitcoin has no future, says UBS chairman Axel Weber at Bank of England's Open Forum",cryptocurrency,cars,bitcoin,bitcoin,bitcoin
0,Bitpay,--__--____--__--,Bitcoin,1,1,0,2016-03,2016-03-18 07:55:18,I want to take Bitcoin for my business. What do I need to do?,bitcoin,bitcoin,crypto,payment,crypto
1,"damn it, well its been a good run guys guess ill have to sell everything.",calaber24p,Bitcoin,2,2,0,2016-04,2016-04-25 22:34:02,'Bitcoin is Dead',bitcoin,bitcoin,sell,bitcoin,sell
1,So you're saying visa supports terrorism?,xr1s,Bitcoin,1,1,0,2015-11,2015-11-21 10:32:59,Introducing the Shift Card. Bitcoin Can Now Be Used Anywhere VISA is Accepted,visa,politics,unknown,bitcoin,unknown
0,"No not at all, Bitcoins can only move on the Blockchain, if the transaction is not on the Blockchain it means nothing ever happened If you wait 48 hours, you can try again and nodes will probably not block your transaction as a possible double spend attempt because they will have forgotten about it",pb1x,Bitcoin,1,1,0,2016-02,2016-02-29 14:03:00,"Jesus, will this mean I have lost my btc?",blockchain,bitcoin,loss,bitcoin,loss
0,Try running with -checklevel=2,falco_iii,Bitcoin,2,2,0,2016-03,2016-03-21 21:30:13,How can I speed up Bitcoin Core syncing? It's take about 2 hours to sync a week and it is still 26 weeks behind... it didn't take this long when I first got it so is there anyway to speed up this process?,bitcoin,bitcoin,unknown,synctime,unknown
0,"Lol, so sick of hearing ""KILLER APP!""",bitcoin71186,Bitcoin,2,2,0,2016-03,2016-03-23 03:20:57,Bitcoin's new killer app being developed in Australia by Code Valley,bitcoin,bitcoin,bobcat,bitcoin,bobcat
0,Goat on bitcoin talk bought a Lamborghini for 200k but I think it might have been around the price rise.,calaber24p,Bitcoin,5,5,0,2016-04,2016-04-20 12:30:52,"Biggest single bitcoin purchase ever? Do we know what the single most expensive purchase made in bitcoin so far has been? AFAIK there have been some purchases of houses or property in the hundreds of thousands of dollars, but is there anything even bigger?",bitcoin,bitcoin,unknown,unknown,unknown
1,I'm sure he'll send one full bitcoin to every American,Big_Brother_is_here,Bitcoin,1,1,0,2016-04,2016-04-20 17:51:59,Donald Trump sent me 1 Bitcoin...,politics,bitcoin,unknown,bitcoin,unknown
1,RBF and SegWit will make it simpler.,flamingboard,Bitcoin,-5,-5,0,2016-02,2016-02-07 00:19:05,"""Bitcoin has a lot of usability issues for non-tech people.""",bitcoin,bitcoin,improvement,unknown,improvement
0,I wonder why nobody sofar suggested coinbase.,chairoverflow,Bitcoin,0,0,0,2016-03,2016-03-11 23:59:44,Any bitcoin Wallets that allow instant and/or credit card purchases? I've been using Coinbase for my bitcoin wallet and the biggest pain is that the processing takes minimum 3-5 days to get your bitcoin to you AND they do not accept credit cards. I'm looking for an accredited site that allows me to purchase bitcoin via credit card and has instant transactions (or 1 day processing). Any suggestions? Thanks,bitcoin,bitcoin,instant,unknown,instant
0,"Because the wall street journal, and I quote, said: ""Europeans, go buy some bitcoins.""",aquentin,Bitcoin,1,1,0,2015-11,2015-11-03 16:36:12,ELI5: Why is btc prices all the sudden shooting up?,btc,cryptocurrency,unknown,bitcoin,unknown
0,"Does anything restrict that protocol to ""micro""payments or can it be used for big payments too?",umbawumpa,Bitcoin,5,5,0,2016-02,2016-02-13 12:53:19,True Micropayments with Bitcoin,bitcoin,bitcoin,unknown,unknown,unknown
1,"Sure, cash never went mainstream either, because people lost wallets with cash in them.",ivanraszl,Bitcoin,4,4,0,2016-02,2016-02-28 20:30:37,"Why bitcoin will likely not go mainstream, in one post.",bitcoin,bitcoin,unknown,cash,unknown
1,"too volatile, it will never last",luckdragon69,Bitcoin,2,2,0,2016-01,2016-01-08 07:11:52,"This is not a chart of Bitcoin, but of Berkshire Hathaway. Nevertheless, it shows exactly a $14 asset can climb to be worth $250,000 each over time. Bitcoin might just do the same.",bitcoin,bitcoin,unknown,unknown,unknown
1,Sounds almost as safe as cold storage.,giszmo,Bitcoin,1,1,0,2016-02,2016-02-27 14:20:25,Most of my bitcoin is earning interest on poloniex where people pay 0.1+% per day to use it for margin trading leverage. This works out to 40%+ interest per year. I think its quite safe as others upload millions $ worth on poloniex. And the loans are collateralized and they can't withdraw it off the exchange.,bitcoin,bitcoin,margin,lending,margin
0,How many of minutes of profit is $150 million for Barclays?,BitTheCoin,Bitcoin,0,0,0,2015-11,2015-11-19 02:33:05,"CNBC: ""Barclays fined $150M in forex case, terminates global head of fixed income trading."" #bitcoin",forex,barclays,unknown,unknown,unknown
0,"you absolutely can, in fractions of coin down to 8 decimal places, pretty much fractions of cents if you could find someone or someplace that would offer it.",frankenmint,Bitcoin,1,1,0,2015-12,2015-12-05 10:51:56,"Can you buy partial bitcoins? I'm a little new to Bitcoins and was wondering if you could buy fractions of a bitcoin, because 1 bitcoin is over $300 and I don't exactly have that lol.",bitcoin,bitcoins,fraction,fraction,fraction
1,"Maybe Bitcoin should be an open ledger, so no-one can hide",Introshine,Bitcoin,1,1,0,2016-01,2016-01-04 22:15:31,German Government Tracks Bitcoin Transactions To Prevent Terrorism Financing,terrorism,politics,tracking,unknown,tracking
1,"Yeah, bigger blocks are a dumb move.",Anen-o-me,Bitcoin,2,2,0,2016-01,2016-01-21 19:46:46,I don't think there's enough space on this page to list how stupid it would be to switch to classic. As you are a Classic Promoter then I rather doubt there is any point in us telling you what you already know. Sorry but I think that most of the people here have enough sense to not be fooled by posters pushing to destroy bitcoin.,bitcoin,bitcoin,classic,unknown,classic
1,"""its a bubble!""",umbawumpa,Bitcoin,9,9,0,2016-03,2016-03-14 10:07:55,Ledger is proudly hodling the Bitcoin balloon at CEBIT 2016,bitcoin,bitcoin,bitcoin,bubble,bitcoin
1,We better buy these RSK tokens asap to make the devs rich!,BitDeath,Bitcoin,0,0,0,2016-04,2016-04-17 16:06:53,Smart contracts are coming to Bitcoin via Rootstock and the private test-net is to be deployed THIS month!,bitcoin,contracts,unknown,smartcontracts,unknown
1,But you can't kill what's already dead.,effin_dead_again,Bitcoin,1,1,0,2016-01,2016-01-20 22:16:18,Dead again. Time to change the bitcoin logo !,bitcoin,bitcoin,unknown,dead,unknown
1,Great PR for Bitcoin to have this guy and Kanye using it,ivanraszl,Bitcoin,31,31,0,2016-02,2016-02-14 03:56:06,"Martin Shkreli just paid for Kanye's new album with ~38,000 BTC",bitcoin,bitcoin,bitcoin,bitcoin,bitcoin
0,If you want people to ridicule the field of economics for being regarded as a science then you should keep spewing that nonsense.,Yoghurt114,Bitcoin,3,3,0,2015-05,2015-05-13 01:28:17,"From the money velocity equation: P = V x T / N, where P is price (USD/BTC), V is volume of payments using the currency (USD/day), T is the aveage time between reuses of the same currency units (days),and N is the amount of currency in circulation (BTC). If bitcoin was used only as a currency, N woudl be 14 million. Plugging optimistic estimates into V and T gives less than 5 USD/BTC.",economics,economics,unknown,bitcoin,unknown
1,"* Area 178 m2 aka 1,916 ft2 * Population 4 (2007) TO THE MOON!",Introshine,Bitcoin,66,66,0,2015-12,2015-12-14 11:25:33,"A self-proclaimed micronation, a tiny island off the coast of Portugal, just made bitcoin it's national currency",monaco,monaco,currency,unknown,currency
1,blame hr...its always their fault,frankenmint,Bitcoin,1,1,0,2015-12,2015-12-17 01:45:47,"This whole ""blockchain-shhh-not-bitcoin"" language is tiring. FFS.",work,blockchain,unknown,languagecriticism,unknown
0,Important != interesting,statoshi,Bitcoin,-1,-1,0,2015-10,2015-10-16 17:50:08,"The exchange rate is one of the most important aspects of bitcoin since its utility is dependent on it. Bitcoin with the current market cap is not nearly as useful as one with 1000 times as much. Not to mention the credibility it gives Bitcoin, one of the hardest challenges to overcome at this point that is not simply fixable with a technical solution.",bitcoin,bitcoin,blockchain,bitcoin,blockchain
0,At least 1 mil of early coins is considered lost.,xbcsmith,Bitcoin,4,4,0,2015-08,2015-08-07 20:14:20,"Today I realized there are some 460-500 people alive per bitcoin right now, and by the time the mining has finished there will be 524+ people on earth per bitcoin. 7.5 billion people alive now, 11 billion by 2100. Everything is rough estimate.",bitcoin,bitcoin,population,unknown,population
0,I love that people consider this a legit scenario... IN A WORLD...where people are constantly kidnapping others for their Bitcoins....,savemarkkarp,Bitcoin,1,1,0,2015-10,2015-10-12 05:25:37,"I would like to see a consumer grade wallet designed to make it impossible to be held hostage for your bitcoins. If bitcoins explode in value I believe some people, and governments will be desperate to grab whatever coins they can. Tourists might become vulnerable to kidnapping and ransoms. So I think an important technology to develop would be a wallet where in balances are impossible for thieves extract even with the private key. Im thinking an advanced function of CHECKLOCKTIME_VERIFY could do the trick. Are there other ways we could build this?",bitcoin,cryptocurrency,unknown,unknown,unknown
0,This is true as long as blocksize limit remains small and fully validating node operation decentralized.,platonicgap,Bitcoin,-1,-1,0,2015-08,2015-08-04 03:08:54,"Same here, which is why it won't happen. The 21M BTC limit is etched in diamond. It's not going to change.",blocksize,blocksize,bitcoin,unknown,bitcoin
1,KYC/AML?,Lite_Coin_Guy,Bitcoin,0,0,0,2015-08,2015-08-10 16:38:09,"Has anyone used the decentralized Bitcoin market called, ""Axis Mundi"" ?",bitcoin,bitcoin,unknown,compliance,unknown
1,"Yes, because a centralized cryptocurrency touts so many benefits over incumbent financial networks...",thieflar,Bitcoin,3,3,0,2015-08,2015-08-17 19:40:22,"Pheesh, no dude. Really it's not going to do that. It will kill/obscure *Bitcoin* but give the status quo some time to make a crypto *they* control. And all the Bitcoin companies are bailing ship in NYC - exactly what *they* wanted: Monopoly.",bitcoin,monopoly,centralization,centralization,centralization
1,"Right, it's not like every new Bitcoin Core version has commits from hundreds of different people.",MeniRosenfeld,Bitcoin,3,3,0,2015-08,2015-08-25 23:33:31,"Me for instance. I'm not part of the bitcion-core power structure, so none of my commits will get merged in. Thats how it works with pretty much all open source projects. You have to hang out on IRC, so to conventions, have drinks with the current dev team, before anyone will take your changes seriously. Thats why I'm writing my own implementation of bitcoin in python called moneywagon.",bitcoin,bitcoin,bitcoin,unknown,bitcoin
1,"False everyone knows that good news in the btc world make the price crash and bad news also make the price crash, therefore the price will plummet.",LiThiuMElectro,Bitcoin,-1,-1,0,2015-05,2015-05-20 16:36:48,All These Blockchain Technology Investments Will Also Raise The Price Of Bitcoin.,blockchain,bitcoin,volatility,unknown,volatility
0,That Nathaniel Popper is so hot right now...,jmaller,Bitcoin,6,6,0,2015-05,2015-05-20 20:01:09,Silicon Valley banks on Bitcoin as a way to overtake Wall Street,bitcoin,bitcoin,banks,disruption,banks
0,a pending bitcoin ETF that's probably not gonna get approved,Chakra_Scientist,Bitcoin,3,3,0,2015-12,2015-12-25 17:09:26,"What is COIN ? One of the replies to a post I made said this ""COIN is going to make it easy for big institutions and average Joes to invest in bitcoin, even using retirement funds. Of course, GBTC already does this, but COIN is more direct and will get 1000 times the publicity."" Can someone tell me more about COIN. What is it? Who are they?",bitcoin,invest,bitcoin,unknown,bitcoin
1,I think we've already established the fact you can't promote a change until its consensus.,jwBTC,Bitcoin,-2,-2,0,2015-12,2015-12-01 00:34:09,This just shows you have no idea how Bitcoin works. Bitcoin does not establish consensus about mempool. It's not a fork.,bitcoin,bitcoin,unknown,consensus,unknown
0,"That made me chuckle, switching to iPhone instead of an Android based device ;)",MaxSan,Bitcoin,1,1,0,2015-05,2015-05-04 15:17:15,"Be warned, I was a windows phone user for years (I love the phone so no hate intended) but I switched to Iphone because of a serious lack in Bitcoin apps. (I heard with Window 10 coming this will be dealt with (universal apps)).",windows,mobile,switching,windows,switching
1,"Yeah, that's what I said.",Vibr8gKiwi,Bitcoin,2,2,0,2015-07,2015-07-23 00:41:13,And he doesn't have financial sense because he doesn't embrace bitcoin? Really?,bitcoin,bitcoin,financial,bitcoin,financial
1,It worked for the banks!,Essexal,Bitcoin,1,1,0,2015-05,2015-05-13 11:15:32,Regulating Bitcoin Legitimizes a Treacherous Business,bitcoin,banking,unknown,legitimacy,unknown
0,Entirely doable.,Anenome5,Bitcoin,1,1,0,2015-07,2015-07-27 01:05:29,"A very simple, but not ideal, solution is to simply have Bitcoin banks like Coinbase that handle the vast majority of transactions off chain. These banks would then settle between themselves with large batched bitcoin transactions.",bitcoin,bitcoin,permission,offchain,permission
0,So why fuck changetip?,tnethacker,Bitcoin,1,1,0,2015-12,2015-12-12 18:04:50,Woohoo! Go Bitcoin! To da moon. This is gentleman. Yay!,bitcoin,bitcoin,unknown,unknown,unknown
0,"Yes, Satoshi used ""bloody"" once in a forum post.",pdtmeiwn,Bitcoin,5,5,0,2015-12,2015-12-11 03:50:56,"And leaving aside the more complex theories, watch the bitcoin belle video in its entirety if you can stand it... Or jump to 31:55 for one example. Basically, he says ""Everyone continues to think too small"" about BTC in terms of viewing it as ""just"" a currency. The examples he then gives are basically document authentication by hashing onto the blockchain... Yeah, that is something no-one really thinks about, must be Satoshi! And the Turing complete thing that Szabo scoffs at but VaughPerling says could be achieved in a soft fork seems to just be parroting some recent posting by Jeff Garzik. And a minor point. The wired article has 5 quotes from Craig using the word ""bloody"" in emails. Has anyone ever seen that phrasing in any real SN emails? And PS, he calls bitcoin ""Bee Tee Cee""... FRAUD!",bitcoin,cryptocurrency,unknown,unknown,unknown
0,"Unless your a bitcoiner explicitly looking for it, then your chances of finding it are proportional to your determination.",MooneRumblebelly,Bitcoin,1,1,0,2015-07,2015-07-28 22:58:36,"They randomly decide which page to show. How the hell is that random decision going to correlate with the viewer? If you're a bitcoin user, you have the same exact chance of seeing either page. Think it through, please.",bitcoin,bitcoin,randomness,randomness,randomness
1,"Jesus is coming back, its been 2000 years, but he'll be here any day now.",opticbit,Bitcoin,1,1,0,2015-08,2015-08-20 08:16:09,"I hate to break it to those who live in hope, but you will never hear from the 'real' Satoshi again unless he is somehow revealed (which I also think is unlikely). It was never his MO to continue his work as Satoshi in the bitcoin project once it was unleashed and gained momentum. Once he was gone, he was gone for good.",bitcoin,bitcoin,cryptocurrency,bitcoin,cryptocurrency
0,oh to the moon then for sure,DatBuridansAss,Bitcoin,1,1,0,2015-10,2015-10-30 05:36:05,They are now allowing 2 kids. Maybe it's time for Bitcoin now ?,bitcoin,bitcoin,unknown,unknown,unknown
0,Competition has begun.,lacksfish,Bitcoin,2,2,0,2015-05,2015-05-05 13:30:26,callwithus accept bitcoin,bitcoin,bitcoin,unknown,bitcoin,unknown
0,It doesn't help that most contributors actually do not care at all about the interface.,MoDuReddit,Bitcoin,4,4,0,2015-12,2015-12-16 13:29:02,"Patches are welcome, these are things that we all know, we all complain but nobody sends patches. Less complaining and more coding. Most core coders are figuring out way more important problems to keep the system running and scaling so the whole Bitcoin experiment won't collapse, sadly they're not the best at UI design/experience and they require help. Most UI/UX coders nowadays are web developers and when they take a look at a C/C++ project with a Qt based user interface they shit their pants and forget about all these things.",patches,coding,unknown,unknown,unknown
0,"I don't know what onename is; what does this mean for name-coin, if anything?",electrodude102,Bitcoin,3,3,0,2015-09,2015-09-12 20:27:55,Onename moving from namecoin to bitcoin blockchian,transfer,transfer,onename,unknown,onename
0,This appears to be a US problem.,cipher_gnome,Bitcoin,1,1,0,2015-09,2015-09-21 12:41:30,"So when are you, the Bitcoin community, going to wake up to the fact that you are under attack? You are. Four kinds of classifications designed to extract the maximum amount of money from Bitcoin holders in the United States. Numerous taxes and that's just in the English-speaking world. Australian banks sabotaging Bitcoin businesses. Plenty people involved with Bitcoin in prison or paroled (prison without the bars). When will you understand that groveling to the establishment for acceptance and approval of your severely-anti-establishment (and highly liberating) software project is only going to encourage the establishment to further kick you in the teeth? Sorry to bother you with the question. It's just a question that I've been asking yearly in various forms, simply to gauge how many of you have finally understood why Bitcoin was invented, and when you decided to leave the shackles (of your mind) behind.",bitcoin,taxes,taxation,unknown,taxation
1,"Yeah, because telling a payment processor that you are a money transmitter makes things easier.",BitcoinBostonian,Bitcoin,1,1,0,2015-10,2015-10-03 19:01:52,They accept bitcoin as a payment method and it would seem odd for them to not want to deal with bitcoin companies. You might have written your company's description in a way that makes it seem like a money transmitter.,bitcoin,bitcoin,unknown,money,unknown
1,"Sure, send those coins directly to the iTunes store.",lacksfish,Bitcoin,1,1,0,2015-10,2015-10-04 23:15:40,That's not a bitcoin transaction. Use bitcoin to buy directly from vendors accepting bitcoin.,bitcoin,bitcoin,alternative,bitcoin,alternative
1,I guess there's *no such thing as black-hat anymore*...,luke-jr,Bitcoin,4,4,0,2015-10,2015-10-15 21:37:53,"The rules of bitcoin are what the protocol allows, he was only doing valid blockchain functions. If they weren't to be done they shouldn't have been allowed by the protocol.",bitcoin,bitcoin,unknown,unknown,unknown
0,Well then sign me up!,Bipolarruledout,Bitcoin,2,2,0,2015-07,2015-07-12 08:46:23,"Finally, there is a hotel on Danube accepting bitcoins, although you risk imprisonment when you try to check in.",hotel,travel,unknown,bitcoin,unknown
1,Let's all donate for a new design,YannisCH,Bitcoin,4,4,0,2015-07,2015-07-12 15:14:12,The design of r bitcoin is still the same... oh... we need a new design..,design,design,unknown,bitcoin,unknown
1,"Supporting those who peddle in conspiracy theories is good for bitcoin, just like all the darknet markets.",kenfagerdotcom,Bitcoin,1,1,0,2015-08,2015-08-31 20:54:05,"well all know that, but at least he's showing the Bitcoin logo to all his followers.",conspiracy,conspiracy,market,bitcoin,market
0,They're just pissed they've been scooped on the latest Satoshi doxxing.,fiat_sux4,Bitcoin,3,3,0,2015-12,2015-12-09 15:33:53,"Newsweek on Bitcoin: ""Did you mean bitch?""",bitcoin,bitcoin,unknown,confusion,unknown
0,They can always rause the spread or bank fees and make people pay for their bad luck,descartablet,Bitcoin,3,3,0,2015-05,2015-05-20 17:26:45,"These fines are big to the average Joe but when the money comes for free from the top, they amount to no fine at all or at worst a cost of doing business. The USD is a bit too easy to be used as a punitive measure. A fine in bitcoin however...",fines,fines,unknown,fines,unknown
0,"Shouldn't it be ""Transaction""",djangocoin,Bitcoin,2,2,0,2015-08,2015-08-09 10:46:34,Bitcoin as Layer 8 of the OSI Model -- Inspired by author and economist George Gilder,bitcoin,bitcoin,unknown,bitcoin,unknown
1,I heard Donald Trump will 'make Bitcoin great again'.,mkabatek,Bitcoin,1,1,0,2015-12,2015-12-17 11:50:04,There's a lot of great papers out there that would be absolutely amazing to have in code... but as long as it only exists as an idea it will not gain any traction. Whitepaper AND code is what made Bitcoin great. Both on their own are not very useful at all.,bitcoin,bitcoin,code,unknown,code
1,You must have stumbled across a drug deal!,statoshi,Bitcoin,9,9,0,2015-07,2015-07-17 01:59:45,I overheard someone describing Bitcoin's timestamping algorithm in a parking lot 30 minutes ago. That is all.,bitcoin,conversation,bitcoin,drug,bitcoin
0,"Whatever you want since to calculate it you have to completely make up T, V, and U.",chinnybob,Bitcoin,1,1,0,2015-07,2015-07-20 11:53:40,"What is the fair value of bitcoin now, according to your framework?",bitcoin,debate,valuation,subjectivity,valuation
1,...and then sell their data mining to the highest bidder.,targetpro,Bitcoin,1,1,0,2015-07,2015-07-24 07:34:07,Analytics Service Challenger Deep Aims to Be 'Gold Standard' of Bitcoin Data,bitcoin,bitcoin,unknown,unknown,unknown
1,Make sure to report it to IRS.,platinum_rhodium,Bitcoin,4,4,0,2015-07,2015-07-28 09:19:24,Offered a Craigslist Auto Seller a BTC deal...he accepted,tax,scams,unknown,unknown,unknown
1,Downvote for forgetting the,lf11,Bitcoin,2,2,0,2015-07,2015-07-28 10:36:59,I send via Western Union bank to bank for free across the world. Last time I did this I got an email 30 minutes later telling me the money had arrived already. Not sure how it was that fast but it was. Bitcoin would have taken twice as long and he'd still have an asset class that he needed to exchange.,western,western,transaction,unknown,transaction
1,Bitcoinist doing clickbait...that's unusual.,Spartan_174849,Bitcoin,1,1,0,2015-08,2015-08-30 04:59:38,American Teen Sentenced to 11 Years for Helping ISIS with Bitcoin,bitcoin,bitcoin,unknown,unknown,unknown
0,"Most centralized payment services are more convenient than anything Bitcoin has to offer, but the point of Bitcoin is that it gives you full control of your money, and the Swedish at some point will value that control over convenience.",sreaka,Bitcoin,2,2,0,2015-12,2015-12-26 21:56:35,"I live in Sweden. The latest thing here is Swish, a mobile payments app that really embodies a lot of the obvious benefits of Bitcoin. Unfortunately it's a centralized service provided by banks. But it's really taken off and makes monetary transactions as easy as sending a text message. Both for commerce and splitting bar tabs :) For the above reasons I believe Sweden will never adopt Bitcoin en masse, at least not before the ecosystem grows large enough to provide benefits uncovered by the legacy banking system and their more novel digital experiments.",bitcoin,sweden,unknown,unknown,unknown
0,"After all the shade thrown at private ledgers, here we are, with a de facto private ledger.",BlockchainOfFools,Bitcoin,2,2,0,2015-12,2015-12-06 18:48:05,Photo: On Scaling Bitcoin stage: People representing approximately 90% of the Bitcoin hashing power.,bitcoin,ledger,unknown,unknown,unknown
0,I still hate these shits.,Essexal,Bitcoin,2,2,0,2015-07,2015-07-02 08:40:34,"Barclays talks blockchain, bitcoin and distributed ledgers | International Business Times",banking,banking,barclays,unknown,barclays
1,Ya that volume is sure legit,doctorrecommendedmus,Bitcoin,1,1,0,2015-12,2015-12-12 03:08:20,Bitcoin Price Rockets To One-Year High on Record Volumes,bitcoin,bitcoin,unknown,unknown,unknown
1,"Yeah, that's why this sub keeps shrinking",Sovereign_Curtis,Bitcoin,0,0,0,2015-09,2015-09-01 12:54:58,Not many people left who actually want to use Bitcoin.,bitcoin,bitcoin,unknown,decline,unknown
1,12M wallets,djangocoin,Bitcoin,1,1,0,2015-09,2015-09-11 17:47:37,There might be 12 M bitcoin users according to Wences... How is it determined? I read this on the live blog of the Consensus2015 conference in NewYork...,bitcoin,bitcoin,wallets,wallet,wallets
0,Is this what the btc-e troll box looks like?,davotoula,Bitcoin,2,2,0,2015-10,2015-10-29 08:59:25,Bitcoin just hit 2000 yuan,troll,troll,unknown,troll,unknown
1,Mike Hearn must have gotten a job recently at Bitpay,Chakra_Scientist,Bitcoin,1,1,0,2015-09,2015-09-26 04:23:21,BitPay is blacklisting certain bitcoins &amp; rejecting customers. I'm certain others are doing it too. Fungibility is most pressing issue IMO,blacklisting,blacklisting,bitpay,unknown,bitpay
1,"On the bright side, this introduces people to bitcoin!",oxxxx,Bitcoin,0,0,0,2015-10,2015-10-07 20:38:37,Looks like Ashley Madison Bitcoin extortion efforts are working,bitcoin,bitcoin,extortion,unknown,extortion
1,Fraud would never happen,majorpaynei86,Bitcoin,1,1,0,2015-10,2015-10-28 21:10:50,DocuSign &amp; Visa's Smart Contracts &amp; Payments Prototype using the Bitcoin Blockchain,contract,contracts,unknown,security,unknown
1,"Lol, stop trolling this wonderful community",kashivretwo,Bitcoin,0,0,0,2015-07,2015-07-30 20:53:09,"But, Ethereum is Bitcoin 2.0?",trolling,trolling,analogy,unknown,analogy
1,"Yep, and I'm sure banks hold gold because they are interested in it's industrial uses.",cpgilliard78,Bitcoin,5,5,0,2015-07,2015-07-31 19:55:03,"Why would he talk about bitcoin? That's exactly the part of cryptocurrency the bank is uninterested in. It's all the rest, mainly blockchain technology the banks need to invest in (read: could try and corrupt) if they want to ride this cryptocurrency wave.",banking,bank,unknown,banks,unknown
0,"It's killer app is exactly what Satoshi said it was, ""Digital cash"".",btcdrak,Bitcoin,3,3,0,2015-12,2015-12-12 03:19:54,"Contrary to conventional wisdom, Bitcoin already has its killer application: store of value Bitcoin's censorship resistance offers up a usually overlooked advantage to all other currencies in existence: additional units cannot be arbitrarily created. 99% of everyone out there overlooks this benefit. Early in Bitcoin's history (first decade), its use case is not: * buying stuff * money transmission * smart contracts * remittance * tracking asset titles * programmability Rather, it's simple: it cannot be arbitrarily debased. Yes, it's volatile, but over the long term, it's volatile in the same direction--up. That's not to say that those other use cases won't exist. They will, sooner or later. But the *first* thing that needs to happen is a massive base of liquidity on the order of $100 billion to $1 trillion minimum. Only then can it become broad enough that transmitting $1 million of it from one place to another will barely move the price. I can't wait till the price is over $10,000/BTC and the pundits scream in puzzlement at how it's all a bubble since it lacks a killer app and ""you can't eat Bitcoin"".",bitcoin,bitcoin,unknown,unknown,unknown
0,I wonder how many in this sub who ARE invested in Bitcoin don't really understand the investment.,gulfbitcoin,Bitcoin,23,23,0,2015-10,2015-10-11 22:46:40,"I am sure every one in this thread is going to pretend this means he couldn't figure out wallet software or something and just brush this off as ""lol, computer dummy"". Instead of what a real investor would really mean: How does this INVESTMENT work. Where does the profit come from? Why invest in this thing instead of other things? What is the structure of the investment. Bitcoin in and of itself doesn't generate any revenue.",investor,investment,investment,investment,investment
0,Well congratulations mahfuckah,paulmadore,Bitcoin,12,12,0,2015-09,2015-09-20 06:22:21,It was me Approximately 6.5x365x265 bitcoin days destroyed,bitcoin,bitcoin,unknown,unknown,unknown
1,Because publicity is bad!,jcnike,Bitcoin,1,1,0,2015-12,2015-12-21 23:06:57,As much as I would like a rally... if FT starts pumping Bitcoin that might be the moment to sell..,bitcoin,stock,unknown,unknown,unknown
0,I don't think so.,zapdrive,Bitcoin,1,1,0,2015-05,2015-05-06 04:59:24,Any products we can buy with bitcoin? Saffron? Or IT services for bitcoin? Etc?,bitcoin,bitcoin,bitcoin,acceptability,bitcoin
1,They should make a contention policy asap,bitsko,Bitcoin,2,2,0,2015-09,2015-09-19 15:14:45,They should open it up to the bitcoin community to edit,bitcoin,bitcoin,policy,unknown,policy
1,"Until RT reports it, it can't be true.",AstarJoe,Bitcoin,3,3,0,2015-10,2015-10-26 16:01:36,Russian authorities propose 4 years jail time sentence for trading bitcoins,bitcoin,bitcoin,unknown,proposals,unknown
1,"Who the fuck needs bigger blocks, right?",BlockchainMan,Bitcoin,4,4,0,2015-12,2015-12-04 13:32:31,The One Chart that Tells the True Story of Bitcoin this Year,bitcoin,bitcoin,scalability,bitcoin,scalability
0,"the documentary was pretty good, they interviewed different people, some of them were actually not in favor of bitcoin and had reasonable arguments against them (although I don't agree with them).",zimmah,Bitcoin,1,1,0,2015-11,2015-11-01 21:45:39,"Looks a nice doc, i hope it's not to cirkle-jerky. The director's short interview is already online, looks like he did his research, but does own bitcoins. Maybe he should put a disclaimer on the docu.",bitcoin,circumstance,documentary,unknown,documentary
0,"So what, we stifle innovation to cater to ""investments""",sreaka,Bitcoin,1,1,0,2015-12,2015-12-28 00:26:10,Unfortunately China has a significant investment in Bitcoin and mining.,bitcoin,bitcoin,investment,unknown,investment
1,I thought exchanges didn't have to pay tax?,gulfbitcoin,Bitcoin,1,1,0,2015-07,2015-07-14 03:13:35,New Jersey Lawmakers Propose Tax Breaks for Bitcoin Exchanges,tax,tax,policy,unknown,policy
1,It never happened...,Sherlockcoin,Bitcoin,-3,-3,0,2015-08,2015-08-26 15:24:00,Wikimedia quietly removes Bitcoin donations from page as well as edit history.,bitcoin,bitcoin,denial,bitcoin,denial
0,Maybe you can find a really good RSS feed.,peeping_tim,Bitcoin,0,0,0,2015-12,2015-12-14 13:05:44,Is there a site with all the best bitcoin headlines in one place? I really liked the 'Trust Machine' article from the economist. Whats the best of the rest?,bitcoin,bitcoin,head,aggregation,head
1,"Yes, centralize all things!",xbcsmith,Bitcoin,1,1,0,2015-09,2015-09-26 09:17:11,"Bitcoin Price Stability Here are some thoughts on solving an issue with price stability which could in turn have benefits in getting more people interested in Bitcoin. The problem as I see it is that Bitcoins price is being controlled by a handful of exchanges that lack sufficient liquidity to provide price stability by themselves. What Bitcoins needs is a way to pool liquidity of all the exchanges so that Bitcoin is being traded on any given day within the same pool like the Forex market. The fact we can still have an episode where a rogue exchange like we saw with MtGox run Bitcoins price up or down on nothing but hot air is an issue that needs addressing. We have wash trading going on in China, we have spreads that go as wide as a full $10, think the Btc-e vs Bitfinex spreads we have margin cascades that run havoc with price we have thin liquidity to an extent that a person using very little funds and margin at their disposal can do as they please. Because liquidity is so thin on these independent exchanges the price is being moved around more like a penny stock pump and dump than a currency or commodity. I realize there will be episodes like in any currency or commodity where you see strong price movements but this will be done so in a way that is not exchange independent. There simply isn't enough liquidity at the moment for loosely regulated independent exchanges who offer margin products to dictate the price of Bitcoin. Trading Bitcoin day in day out can be a total snooze fest, I wouldn't see this as a problem if we pooled liquidity. Personally I can't believe the miners and the exchanges have not gotten together to address this problem which would not only benefit the Bitcoin ecosystem by attracting more users to Bitcoin by way of price stability and legitimacy. What I'm calling for is the centralized processing of orders so that price is being traded from the same page and not independently. I read a lot about the price of Bitcoin about how to get more people to use it and how to stabilize Bitcoins price which seems to be one of the biggest hindrances for people considering adopting Bitcoin. The price of Bitcoin is in the hands of fully independent thinly liquid exchanges offering margin products, well this for me is a serious issue that if solved will get a lot more people on board.",bitcoin,bitcoin,bitcoin,unknown,bitcoin
1,I hope he doesn't get two years in the gulag just for making that video.,Bitcoinopoly,Bitcoin,2,2,0,2015-09,2015-09-26 20:19:39,Famous Russian blogger Ruslan Usachev talks about Bitcoin English subtitles,bitcoin,bitcoin,unknown,censorship,unknown
1,forgot the,_Jorj_X_McKie_,Bitcoin,1,1,0,2015-10,2015-10-28 18:01:38,Did you see Western Unions new Bitcoin Campaign? :),bitcoin,bitcoin,bitcoin,bitcoin,bitcoin
1,Can't we all just agree that tonal bitcoins is the way forward?,tophernator,Bitcoin,4,4,0,2015-07,2015-07-12 19:54:34,"Actually, there are one million bits in one bitcoin, so one million dollars per would equal one dollar per bit. If you wanted satoshi/dollar parity a single bitcoin would have to be worth $100million.",bitcoin,bitcoin,unknown,unknown,unknown
0,ah :) Thank you for the explanation!,YannisCH,Bitcoin,1,1,0,2015-07,2015-07-17 04:40:17,"Merge mining already exists .... NameCoin is the prime example. The main difference to what you sort of suggest is that there is effectively a floating exchange rate rather than some tied mechanism. My own view is that NameCoin is a vastly underused resource. It is already: * very established on the various exchange systems * designed as a key/data storage system which is the basis of almost all Bitcoin 2.0 requirements. * protected by a good percentage of the Bitcoin hash power * very short of developer resources, so a interested player could have significant influence in extending it in ways required for Bitcoin 2.0 services To me, that is a opportunity gradually going to waste.",mining,mining,unknown,namecoin,unknown
1,"Hi, My name is Mark, an expert in everything, and I suggest you sell these 260 bitcoins on the open market as quickly as possible.",MyDixieWreck4BTC,Bitcoin,1,1,0,2015-08,2015-08-08 19:13:48,Suggestion needed ? I am Holding 260 Bitcoin Should i sell it ? as the price fall today 15$/Bitcoin or keep holding them ? Need Expert advice so i dont lose more money,bitcoin,bitcoin,bitcoin,investing,bitcoin
0,+1,YRuafraid,Bitcoin,-1,-1,0,2015-12,2015-12-26 19:29:48,Why Bitcoin will be even more popular in 2016,bitcoin,bitcoin,unknown,unknown,unknown
1,"That's great, since I didn't end up needing to use any currency in 2014.",Symphonic_Rainboom,Bitcoin,3,3,0,2015-12,2015-12-15 20:18:09,"Bitcoin has been the world's strongest currency in 2010, 2011, 2012, 2013 and 2015",bitcoin,bitcoin,bitcoin,volatility,bitcoin
0,I never said it wasn't important...,statoshi,Bitcoin,-10,-10,0,2015-10,2015-10-16 16:01:22,No the price is very important to the bootstrapping implementation of a bitcoin currency.,price,price,unknown,bitcoin,unknown
0,I've been a Bitcoin-only sales copywriter for over 18 months but unfortunately I don't have tits or red hair so I can't get on the front page.,filipmartinka,Bitcoin,19,19,0,2015-05,2015-05-17 10:22:30,Abby Scralet is London's first Bitcoin-only photographer: living for six months only on Crypto. Let's encourage her!,bitcoin,photography,the,bitcoin,the
1,Bitcoin Foundation,felipelalli,Bitcoin,2,2,0,2015-08,2015-08-03 15:54:19,What actually determines the Bitcoin price?,bitcoin,topics,volatility,unknown,volatility
1,On wowwwww so rebellious!,privethello,Bitcoin,1,1,0,2015-08,2015-08-05 19:51:53,"New Bitcoin mainstream media mention: ""perhaps"" a new safe haven",bitcoin,bitcoin,unknown,investment,unknown
1,Thanks Obama!,MooneRumblebelly,Bitcoin,7,7,0,2015-05,2015-05-01 04:12:37,The Most Popular Bitcoin Dice Site Just Shut Off Deposits from US Players Due to the US's Legal/Regulatory Climate,bitcoin,cryptocurrency,regulation,unknown,regulation
1,I guess this means that China unbanned bitcoin!,wretcheddawn,Bitcoin,4,4,0,2015-10,2015-10-17 13:30:46,Looks like the chinese wants to mop up all available bitcoins. 14usd spread between chinese exchanges and others. If it thightens up we will be seeing huge lift in price.,bitcoin,cryptocurrency,unknown,unknown,unknown
0,WTF is this shit.,sqrt7744,Bitcoin,-1,-1,0,2015-07,2015-07-18 20:06:07,"Without us noticing, we are entering the postcapitalist era. At the heart of further change to come is information technology, new ways of working and the sharing economy. IMHO Bitcoin will enable that change.",capitalism,capitalism,futureeconomy,transformation,futureeconomy
0,"""Is this guy nuts or is there about to be some kind of techno-revolution?""",Sugar_Daddy_Peter,Bitcoin,4,4,0,2015-07,2015-07-17 23:56:33,"Nails it. Really gets rolling at the mid-way point. Every time I finish watching one of his videos I get more pumped up about what really matters: moving power to the end points. Audience seemed a little stunned by the end. Seemed like they may have been expecting the standard mainstream pro-blockchain, bitcoin-apologist pitch, they didn't know quite what to do with this version of bitcoin. Which is good - gets people actually *thinking*",bitcoin,bitcoin,unknown,unknown,unknown
1,Blockchaindesk,AstarJoe,Bitcoin,1,1,0,2015-12,2015-12-14 13:44:03,Is there a site with all the best bitcoin headlines in one place? I really liked the 'Trust Machine' article from the economist. Whats the best of the rest?,bitcoin,bitcoin,unknown,bitcoin,unknown
1,I received over $9000 from BlockStream for signing the roadmap.,dexX7,Bitcoin,5,5,0,2015-12,2015-12-27 13:53:24,"This post only shows that the real ""roadmap"" here is for a group of people, mostly bitcoin core developers, force a ""consensus"", while they are being payd by a private company, Blockstream. That is a major case of conflict of interest, and nothing is being done or said about it. Coinbase is not alone going with XT. Bitpay, Xapo and many other important companies. Now It's their time to step up the game against this absurdity in the bitcoin world.",conflict,bitcoin,conflict,unknown,conflict
0,Quickly following G2A.,BaurusdB,Bitcoin,2,2,0,2015-10,2015-10-15 09:52:13,Gaming platform Kinguin now accepts bitcoin payments,gaming,gambling,bitcoin,bitcoin,bitcoin
1,You forgot to add the,Atyzze,Bitcoin,-3,-3,0,2015-07,2015-07-09 12:19:20,This is the type of reasoned argument we really need instead of technically literate people who are familiar with the technology and economics behind bitcoin discussing things on the mailing lists.,bitcoin,bitcoin,unknown,adoption,unknown
1,i was sarcastic,Sherlockcoin,Bitcoin,2,2,0,2015-07,2015-07-27 18:28:47,dogecoin does use bitcoin blockchain,bitcoin,satire,unknown,blockchain,unknown
1,Yeah because you would normally buy gift cards for yourself instead of paying them directly.,kraml,Bitcoin,5,5,0,2015-07,2015-07-31 17:30:44,Bitcoin isn't being accepted at Starbucks or Target or WholeFoods. *Giftcards* are being accepted at those places. Fold sells *giftcards* for bitcoin at a steep discount. You are buying a product directly from Fold and paying in bitcoin. No middlemen are involved.,bitcoin,bitcoin,unknown,unknown,unknown
1,This is freedom brought to you by the most free country in the world.,twfry,Bitcoin,10,10,0,2015-05,2015-05-01 03:28:59,The Most Popular Bitcoin Dice Site Just Shut Off Deposits from US Players Due to the US's Legal/Regulatory Climate,bitcoin,cryptocurrency,regulation,unknown,regulation
0,"Cus we could totally gank their shit, noe wat i mean",Riiume,Bitcoin,2,2,0,2015-05,2015-05-11 19:39:40,Won't we be able to attack/take-over their blockchain by pointing a chunk of the hashing power of the Bitcoin network at it? Or are they using a fundamentally different PoW algorithm?,blockchain,blockchain,unknown,unknown,unknown
1,"Just don't forget to input the amount of bitcoins you'd like to receive each day, and press enter.",targetpro,Bitcoin,0,0,0,2015-07,2015-07-28 22:36:49,I have a Raspberry Pi. Can I use it to mine Bitcoin?,bitcoin,bitcoin,bitcoin,unknown,bitcoin
1,"Yeah, a nation defaulting is not relevant for Bitcoin",Im_a_rocket_surgeon,Bitcoin,5,5,0,2015-08,2015-08-03 22:51:32,This post seems off topic. I don't see any mention of bitcoin in that article.,bitcoin,bitcoin,unknown,bitcoin,unknown
1,"2017: ""basically for 20% transactions costs because we use 1 MB blocks!""",Lite_Coin_Guy,Bitcoin,-7,-7,0,2015-08,2015-08-14 16:29:09,TEDx Talk - It's time to re-imagine money - bitcoin introduction (Youtube) - 10-Aug-2015,bitcoin,bitcoin,unknown,unknown,unknown
1,TIL bitcoins aren't a unit of account,cryptodude1,Bitcoin,2,2,0,2015-05,2015-05-20 02:58:29,Bitcoin index called 'stepping stone' for currency,bitcoin,cryptocurrency,currency,unknown,currency
1,Is it still illegal in Thailand too?,Pawoot,Bitcoin,1,1,0,2015-12,2015-12-19 03:13:57,Your information is inaccurate. Bitcoin is **NOT** illegal in Bangladesh. People just regurgitate misinformation.,bitcoin,cryptocurrency,legality,legality,legality
1,"I want a blockshare, this sounds like a great deal!",Lite_Coin_Guy,Bitcoin,1,1,0,2015-10,2015-10-30 05:57:23,"Head of FX at ADM Investor Services: ""Bitcoin is the 21st century equivalent of gold. It's a store of value."" BTC discussion a4:53 mark.",investing,share,unknown,storeofvalue,unknown
1,"But how could he be satoshi, his real last name isn't Nakamoto!",Sugar_Daddy_Peter,Bitcoin,3,3,0,2015-07,2015-07-21 21:39:07,Is Jim McCoy the real Satoshi Nakamoto? Bitcoin described in 2000.,bitcoin,bitcoin,nakamoto,identity,nakamoto
0,Stop thinking what you're thinking.,Yoghurt114,Bitcoin,10,10,0,2015-10,2015-10-13 06:54:57,What is the most powerful least power efficient Bitcoin miner. I know this sounds like a stupid question but I'm a college student and I live in a dorm and don't have to pay for electricity. Also I'm assuming they'd be a lot cheaper since no one wants inefficient Bitcoin miners due to them costing more to run than what they would make.,bitcoin,mining,thinking,mining,thinking
0,"You like your battery light, don't you?",bat-affleck,Bitcoin,5,5,0,2015-07,2015-07-24 10:03:58,How Telegram users buy Bitcoin through Coinbase,bitcoin,bitcoin,telegram,unknown,telegram
0,My bitcoin savings are paying off way better then any fiat i could have held.,BlockchainMan,Bitcoin,1,1,0,2015-12,2015-12-14 00:24:44,"Try Bits for saving Denominating my wallet in bits has been helpful for saving. I believe in bitcoins eventual rise to a million a coin. If that happens a bit will have parity with the dollar. So every time I skip spending $10 on lunch i buy Bitcoin with it, which is usually 20 or 30 thousand bits. It's easier to make the sacrifice when you begin to believe your chipotle burrito could eventually be a brand new mid sized car lol",investing,investing,unknown,saving,unknown
0,"Interesting, sounds pretty much like US sentiment.",sreaka,Bitcoin,1,1,0,2015-10,2015-10-02 21:01:30,"Yes. Today there was an newpaper ad on the train mentioning ""Bitcoin's arrested CEO"" (Karpeles) and whenever I mentioned Bitcoin people think it got shut down, went bankrupt and the CEO was arrested. But with this and Rakuten considering it, that could change quickly.",bitcoin,bitcoin,rumours,unknown,rumours
0,Everyone is free to obtain btc we are witnessing the begining of the distribution phase.,usrn,Bitcoin,2,2,0,2015-05,2015-05-18 06:46:03,What is the future consequences of the concentration of Bitcoin wealth in the hand of few?,bitcoin,bitcoin,unknown,inequality,unknown
0,Censored in 3...2...,apython88,Bitcoin,19,19,0,2015-08,2015-08-16 01:20:21,Why is Bitcoin forking?,bitcoin,bitcoin,unknown,unknown,unknown
1,...easy...,gabridome,Bitcoin,5,5,0,2015-09,2015-09-23 14:24:53,"Indeed, however BTC deposits can be transferred to a gambling site, the winnings can then be transferred back to Neteller and are withdrawal from ATM.",btc,btc,crypto,gambling,crypto
1,What a shitty store of value,duduqa,Bitcoin,-4,-4,0,2015-10,2015-10-13 17:02:46,"Bitcoin is up over the last: 1h, 3h, 12h, 24h, 3d, 7d, 30d, 6m and 2y",bitcoin,investors,unknown,price,unknown
1,Thanks based World Patent whateverthefuck.,BeastmodeBisky,Bitcoin,2,2,0,2015-10,2015-10-18 15:42:38,Bitcoin Prices Up 20% Over Past Month Since World Patent Marketing Starts Accepting Bitcoin Payments,bitcoin,bitcoin,unknown,unknown,unknown
0,"Well even if you had an employer who held bitcoin and paid you directly, he still got it from somewhere... Only way you can go ""pure"" in this scenario is if those coins were mined by your employer.",oxxxx,Bitcoin,1,1,0,2015-10,2015-10-20 20:00:36,That would be me buying bitcoin. Instead of buying it with change from a bank card purchase I would be buying it with a direct deposit to Bitwage's bank account.,bitcoin,bitcoin,unknown,unknown,unknown
1,"But it's not enough that bitcoin should succeed, all other blockchains should fail.",bubbasparse,Bitcoin,-5,-5,0,2015-10,2015-10-29 12:00:42,Bitcoin is just one use of blockchain. Super detailed article on the tech of blockchain and why it's bigger than Bitcoin,blockchain,blockchain,bitcoinblockchain,blockchain,bitcoinblockchain
1,Surely not a reason to increase block size..,portabello75,Bitcoin,0,0,0,2015-08,2015-08-05 14:04:58,good thing the average person is constantly checking the mempool so they know when bitcoin is usable,bitcoin,bitcoin,unknown,mempool,unknown
1,People should put their savings into short selling the S&amp;P 500 to protect themselves!,Zahoo,Bitcoin,3,3,0,2015-08,2015-08-14 19:01:55,"One big question: Will stocks lose $10 trillion in 2015 or in 2016? - Not related to bitcoin directly, but if 0.1% of those $ goes to btc we might see price escalation significantly.",stock,stock,unknown,unknown,unknown
1,"fuck you, asshole.",platinum_rhodium,Bitcoin,4,4,0,2015-08,2015-08-31 16:09:41,The Bitcoin Community on Reddit is cynical and jaded!,bitcoin,cynicism,bitcoin,hostility,bitcoin
0,Basic economics says it doesn't do me good to destroy my money so as to improve the value of money for others.,ChaosMotor,Bitcoin,1,1,0,2015-07,2015-07-26 23:24:12,"More lost coins means more value for the other coins. Two way pegs will probably happen at some point, maybe adding a disincentive to some coin-burners. If it got so bad as to mess up the currency flow of bitcoin, couldn't more decimal points be added to increase the granularity? So it really doesn't matter much. And maybe they don't want to have miners, considering network effect and the difficulty in just bootstrapping bitcoin itself to get beyond security weakness, maybe they don't want the attack vector?",bitcoin,economics,lostcoins,unknown,lostcoins
0,And at the same time considering/threatening/promising to ban encryption.,Lejitz,Bitcoin,1,1,0,2015-07,2015-07-31 18:31:51,UK Is Leading The Way To Become A Global Bitcoin Hub,bitcoin,bitcoin,crypto,unknown,crypto
1,I trust everything on newsbtc.,Cloakt,Bitcoin,4,4,0,2015-12,2015-12-29 13:18:46,VISA: Bitcoin is no Longer a Choice Anymore (newsbtc),visa,bitcoin,unknown,unknown,unknown
0,"Let's stop calling this a ""test"" and call it for what it really is: an attack.",caveden,Bitcoin,5,5,0,2015-09,2015-09-03 22:37:00,"CoinWallet Begins Pre-test of Bitcoin Network, Schedules Largest Stress Test to Begin on September 10",bitcoin,bitcoin,unknown,unknown,unknown
1,"It's the DRM you've always dreamed of, and more!",intellecks,Bitcoin,1,1,0,2015-05,2015-05-04 13:09:41,I have this game but i have no idea how to play it... eli5 anyone?,gaming,drma,gameplay,confusion,gameplay
1,"At least she is doing this to help bitcoin adoption, rather than using it as a publicity stunt.",alarm_test,Bitcoin,2,2,0,2015-05,2015-05-17 10:02:17,Abby Scralet is London's first Bitcoin-only photographer: living for six months only on Crypto. Let's encourage her!,bitcoin,bitcoin,bitcoin,first,bitcoin
0,Did you read the article?,Bagatell_,Bitcoin,-3,-3,0,2015-08,2015-08-15 15:11:36,"I really hope a US state passes favorable Bitcoin laws that produce noisy business immigration into that state (i.e., the opposite of NY). This would set the stage for better legislation across the US.",bitcoin,bitcoin,bitcoin,bitcoin,bitcoin
1,Bitcoin needs more felons.,Tsilent_Tsunami,Bitcoin,-2,-2,0,2015-08,2015-08-28 13:00:48,"This entire sub has turned to shit. These people can't even appreciate what Roger has done for Bitcoin. If he wants to waste $100K on his website, who cares? It's his money. Sounds like a bunch of haters crying like little girls.",bitcoin,bitcoin,cryptocurrency,unknown,cryptocurrency
0,It already is?,Onetallnerd,Bitcoin,4,4,0,2014-11,2014-11-17 21:11:37,Another step towards Bitcoin legalisation.,bitcoin,bitcoin,bitcoin,bitcoin,bitcoin
0,And yet btc-e still chugs along.,Bipolarruledout,Bitcoin,12,12,0,2015-01,2015-01-05 11:20:04,"With Bitstamp down, who will be the next bench mark? Who's idea was it to centralize a decentralized technology? Everybody and their neighbor's cousin uses Bitstamp for price reference, i.e. Coinbase, LocalBitcoins, etc. Who will be the new price reference? While I am on this post, as a community, we really screwed up big time by centralizing our non centralized currency.",centralization,centralization,decentralization,benchmark,decentralization
1,Sounds like freedom to me.,nostdal_org,Bitcoin,14,14,0,2015-06,2015-06-05 09:25:03,PSA: The new Bitlicense regulations would cover localbitcoins transactions. Any person who is buying or selling bitcoins through localbitcoins can now be charged with criminal activity if they did not register with the NYDFS and pay their GoonSquad Mafia Fee.,regulations,regulations,unknown,freedom,unknown
1,"Wow, that wan't racist.",platonicgap,Bitcoin,-4,-4,0,2015-06,2015-06-24 15:47:02,"So Bitcoin will choose 8 megabyte because archaic, superstitious Chinese believe this magic wonder number will bring them luck and wealth? So much for decentralization. I propose 4 megabyte just to make their superstitious minds bathe in fear and terror. If you wanted to fight against the centralization of Chinese mining now is your chance: 4 megabyte blocksize!",bitcoin,bitcoin,blockchain,bitcoin,blockchain
0,"40,000 before 2018",2radioactive4u,Bitcoin,1,1,0,2014-11,2014-11-27 03:40:19,"What is your ""I told you so"" price? When are you going to gloat uncontrollably about the success or failure of bitcoin? I know you're all waiting to message every noob who ever doubted your highly informed opinion and rub it in their face. What's that price point? When do you think you have ""won"" and the debate between the failure or success of bitcoin will be settled?",bitcoin,bitcoin,valuation,bitcoin,valuation
0,Yes but what's to stop that guy from sharing the decoded file later on bittorrent?,ncsakira,Bitcoin,3,3,0,2015-04,2015-04-20 01:41:03,"Is it possible to create a lockable media file that unlocks with a payment to an embedded crypto wallet? Let's say I made a low budget horror movie/porno, what have you. I would like to cut out any middle men by distributing it myself via bittorrent. Is it currently possible to create a media file that will play a trailer or a few seconds of the file, but will then unlock the full file with a payment to an embedded bitcoin wallet?",encryption,horror,unknown,medialock,unknown
1,"It's almost like they don't like to help destroy their own business model, mmmm.",Introshine,Bitcoin,1,1,0,2015-04,2015-04-29 13:44:11,Yep banks don't like bitcoin. What else is new?,banking,banking,opposition,opposition,opposition
0,Don't forget the blue balls.,Surfer433,Bitcoin,3,3,0,2015-01,2015-01-16 00:43:24,"Frappachino's in every scene, frappachino's in everyone's hands. I want serious people making serious faces, drinking frappachino's while millions of dollars go down. I want Mark sipping frapps while coding, I want Shrem sipping a frapp while waiting for wire transfers to go through, I want shady Russian BTC-E admins sipping frapps, I want DPR at a Starbucks running his drug empire with a laptop and a frapp, I want their FBI in the listening vans sipping Starbucks muthafuckin-frappachinos! With like Al Pacino as one of the FBI guys giving motivation (except maybe he is different and is sipping espresso or one of our new flavors)",frappachino,frappachino,unknown,frappachino,unknown
0,He didn't give a timeline he just said its going to happen,Azp1083,Bitcoin,2,2,0,2015-01,2015-01-22 06:03:00,He last tweeted Uber is definitely taking bitcoin. Never happened,twitter,twitter,unknown,claims,unknown
1,"Lol, good point.",Tectract,Bitcoin,-1,-1,0,2015-02,2015-02-12 09:16:19,"Bitcoin has no intrinsic value since the value is in the transaction, not the bitcoin. For gold, the value is in itself. No transactions required. It has intrinsic value.",bitcoin,cryptocurrency,unknown,unknown,unknown
1,Never seen *this exact thread* posted before,joe-murray,Bitcoin,-1,-1,0,2014-11,2014-11-03 18:39:01,"Bitcoin Elevator Pitch As a longtime bitcoin fan and advocate, I too often get asked the question ""Wait. What's this bitcoin thing again?""? As I think about it, I realize that it's a valid, and tough, question to answer. ""the next generation Peer to peer digital cryptocurrency"" works only with my nerdiest friends, and ""the future of money"" sounds generic. So, I ask the interwebs: Given roughly 30 seconds, how would you describe bitcoin to the uninitiated? An elevator pitch if you will...",bitcoin,bitcoin,unknown,bitcoin,unknown
0,BACK UP YOUR STUFF,gonzobon,Bitcoin,1,1,0,2014-11,2014-11-18 22:16:14,Cryptolocker Virus Hit my Buddies Business Like the title says locked his entire network up today with a $500 ransom that increases by $500 every 5 days. He's new to bitcoin so I'm helping him through the process. Will post updates here for anyone who is interested.,virus,virus,ransom,security,ransom
0,very interesting thanks!,goalkeeperr,Bitcoin,1,1,0,2014-12,2014-12-25 16:55:55,"Offline transaction transfers? I'm on vacation for the holidays and didn't want to buy expensive data roaming on my phone. I came across a couple of shops here in St. Petersburg, FL that accept bitcoin and was thinking to myself, why do I need an internet connection on my phone to pay? If my wallet app has the private keys and can create a transaction, the merchant pos system should be able to send the transaction to the network on my behalf. All that is needed is a way for me to transfer my transaction to the merchant's pos system, eg via QR code or NFC. Would this be feasible? I think NFC would probably not have enough bandwidth for a transaction so QR might be the better route. This also wouldn't work with multisig wallets but I still think it would be a neat feature to have.",bitcoin,bitcoin,bitcoin,offlinepay,bitcoin
0,"Someone who spends time on the Bitcoin subreddit desperately trying to create FUD with lies and hyperbole, and tries to pump a corporation-run, trust based e-banking platform - that will be as regulated and costly as traditional banking if it gets any sort of traction - as a replacement, has a horse in the game.",aminok,Bitcoin,4,4,0,2014-12,2014-12-17 11:46:33,"Looks like I was right last time, and I'm only getting more right every day. That being said I don't own any XRP and don't support it, I prefer bitshares. Ripples dominance shows that the age of altcoins is upon us. Bitcoiners need to start accepting the fact that bitcoin will not necessarily be the reserve currency, and unless you want it to be ripple, which is supposedly centralized, then all bitcoiners should start supporting different 2.0 altcoins.",cryptocurrency,cryptocurrency,altcoin,centralization,altcoin
1,Victoria Nuland will be chairing...,AstarJoe,Bitcoin,2,2,0,2015-06,2015-06-03 17:49:05,"In September, Kiev will host the second annual Bitcoin Conference",bitcoin,bitcoin,cryptocurrency,conference,cryptocurrency
0,"start a bitcoin company and make something awesome, which gets reported in the news.",platinum_rhodium,Bitcoin,26,26,0,2015-04,2015-04-19 00:52:39,"Hypothetically speaking, how would I crash the Bitcoin market? Say, if I wanted the price of Bitcoin to be like 2 cents so I could purchase a million of them and get rich when the price raises? Or is this not possible?",crashing,crashing,bitcoin,bitcoin,bitcoin
0,I like the idea of more lawyers being in the Bitcoin camp ;),acoindr,Bitcoin,2,2,0,2015-02,2015-02-16 14:54:04,Southwest Virginia law firm to accept Bitcoin for services,bitcoin,lawyer,cryptocurrency,unknown,cryptocurrency
1,Would you call that a proof of stake?,Bitcoinopoly,Bitcoin,3,3,0,2015-06,2015-06-23 13:52:55,"Proof of cash - I asked a Greek supplier to prove liquidity with a Bitcoin address... they agreed. Something so simple isn't really possible with traditional banking systems without a letter from a bank, and even then the bank would need to issue the same letter every day for the same level of security, here's the story: A major supplier to my company is based in Greece which is obviously a major concern with the current economic crisis there. It's important for me to know my pre-paid orders can and will be fulfilled. So I asked my supplier to put eu50,000 into bitcoin and provide the wallet address. They've agreed to do so (although it is yet to happen) and they recognise the value of doing this for all of their international customers. For me this allows me to monitor an address knowing that it contains enough cash for the supplier to continue operating for 2-3 months. If I see the balance in the wallet dwindle I can ask the right questions and potentially order from an alternate supplier. Until I needed my supplier to prove cash reserves I'd never thought of this as such a valuable use of bitcoin. TLDR; Greek supplier agreed to stick eu50,000 into a bitcoin wallet to prove liquidity.",bitcoin,bitcoin,unknown,unknown,unknown
0,"Sorry, I didn't mean to undermine what are clearly three very important relationships in your life x",lonelyinacrowd,Bitcoin,4,4,0,2015-01,2015-01-29 10:31:33,I buy my bitcoins for sentimental value. I'm a little offended that's how you think of them. There's 1EyyBYjepxN9jXHL1FhKS3RZUcudRuK2Gi and 1NRmBJHv7kJjaevd9Z3A1uNFutpSC5mpJr and little 1NRmBJHv7kJjaevd9Z3A1uNFutpSC5mpJr . She's my favorite and I would NEVER sell her.,sentimental,bitcoin,cryptocurrency,sentimentality,cryptocurrency
0,Bitcoin's price is not perpetually falling.,nelsonblaha,Bitcoin,1,1,0,2014-11,2014-11-21 14:59:30,"Except this is false isn't it? Because the cost of getting into and out of exchanges on either side, and the dropping price during that time, means they'd lose far more than $5. This has been repeated over and over again and no one on here has managed to properly refute that Bitcoin is fucking TERRIBLE for remittances.",remittances,remittances,bitcoin,remittances,bitcoin
1,wow this news should be on the front page!,BTCisGod,Bitcoin,1,1,0,2015-03,2015-03-31 04:26:21,Federal Agents Charged With Fraud And Bitcoin Theft,fraud,news,bitcoin,fraud,bitcoin
1,"Yes, I am a miner, I will spend ten of thousands out of my pocket to keep this currency by kindness from the my deep of my heart...",Sherlockcoin,Bitcoin,13,13,0,2015-04,2015-04-12 22:42:30,"Like someone in another thread said, the people saying things like ""maybe bitcoin the currency goes away but bitcoin the technology survives"" must be expecting miners to process transactions out of the kindness of their hearts. The technology NEEDS a currency and it's extremely unlikely that some other coin gets ahead of bitcoin at this point. How's this so hard to understand?",mining,mining,unknown,unknown,unknown
1,Yes - it is just a fad like the Internet.,canadiandev,Bitcoin,3,3,0,2015-04,2015-04-24 14:05:06,"Could bitcoin just be a fad? What makes you think bitcoin isnt just a fad, that say, its going to become more popular in the future and not continue its downtrend? What gives you confidence? Peter Schiff has argued that its just a fad. That people will become bored of it eventually, and abandon it.",bitcoin,bitcoin,fad,unknown,fad
1,Does this mean that the US Government now accept Bitcoin technically?,scottrobertson,Bitcoin,2,2,0,2015-04,2015-04-30 13:37:38,"Yes, great thing. Government is effectively subsidizing Bitcoin.",bitcoin,bitcoin,acceptance,unknown,acceptance
1,Let's open a thousand exchanges from moms basement.,usrn,Bitcoin,0,0,0,2015-02,2015-02-25 08:10:04,Free opensource Bitcoin exchange script RELEASED!,bitcoin,exchanges,cryptocurrency,bitcoin,cryptocurrency
0,"You may also consider creating a custom bet on [BetMoose](https://www.betmoose.com), I see weekly gold and silver predictions on there often",Gloomfrost,Bitcoin,1,1,0,2014-11,2014-11-07 15:59:14,"Trading options &amp; futures on stocks, commodities with Bitcoin? Are there any established players in the Bitcoin industry that allow one to speculate (with leverage) on the price of the S&amp;P500, or the price of Gold &amp; Silver?",bitcoin,investing,spot,unknown,spot
0,So how would I go about calling someone a liar who said they sent me money when I can't check the blockchain,beamerboy46350,Bitcoin,3,3,0,2014-12,2014-12-01 05:24:45,"TIL, a new cryptocurrency totally unrelated to Bitcoin offers Untraceability and Privacy beyond Bitcoin.",cryptocurrency,dispute,crypto,unknown,crypto
0,"He should just make it like any other promotion he might run, like if it was a holiday or something but exclusively for Bitcoin users.",nitiger,Bitcoin,1,1,0,2015-06,2015-06-07 13:21:45,"Bitcoin promotion ideas for local Computer Store? There is a Computer Store in my area. I go there time-by-time to print stuff, ect and also bought my headset there some time ago. It has a lot of IT stuff for sale. I've been talking with the owner 2 days ago, while waiting for my papers to print and casually asked him what he thinks of bitcoin. He told me that he has heard about it, but never really looked after it. I told him that maybe he could give it a try and accept bitcoin as payment in the store. He was very hestitant, but told me if i can provide him enough proof that bitcoin can be profitable and give him a good promotion idea, he could maybe adapt it. So i'm here, asking you nice people: What promotion could work best in this case? It's a small store in a relatively small city where there is no other store that focuses on IT, so it has a market. I thought about printing QR codes with some small amounts like 0.20$ - 0.50$ each and letting him give them out with each purchase above a specific limit, but i'm low on bits to do this, so that's out. Any other promotion ideas that could be done for free or a small cost?",bitcoin,bitcoin,unknown,bitcoin,unknown
0,"Debt in fiat, assets in BTC.",targetpro,Bitcoin,1,1,0,2015-04,2015-04-02 10:59:22,"If you are afraid that the value of bitcoins will go up, you can either hedge against that (buy call options) or you can borrow something else than bitcoins and then convert that to bitcoins (so your debt will not be measured in bitcoins but in e.g. gold/dollars/eggs or whatever).",investing,parent,unknown,diversification,unknown
1,"Yah, but atheists don't use money anyway, that in god we trust and all..",Biffingston,Bitcoin,2,2,0,2015-06,2015-06-27 01:11:11,The Bitcoin/Rationalist nexus.,religion,religion,bitcoin,unknown,bitcoin
0,"Well you are technically correct, which is the best form of correct.",_gainz,Bitcoin,3,3,0,2015-03,2015-03-07 21:08:52,"There is no ""long term"" in Bitcoin. 5 years is nothing.",bitcoin,bitcoin,bitcoin,unknown,bitcoin
1,"I'm sure the organization you select to force everyone to use this standard will be fair, free from bias, and efficent!",Zahoo,Bitcoin,4,4,0,2015-03,2015-03-16 22:30:02,"I dont know the specifics of this any BTC related license but I am all for implementing strict security standards. Though, this would be a global thing (with reps/experts from all over) and not limited to local governments.",security,security,standards,regulations,standards
1,"Instead of arguing for and against ""bits"" we should rename the whole thing to ""chain"" as in ""this burger is 6 chains """,descartablet,Bitcoin,1,1,0,2015-04,2015-04-28 19:00:51,Upvoted you. I think they already know that bitcoinn is the blockchain. They name it Blockchain Summit because the blockchain image not has been fucked up like the Bitcoin image. I guess you will hear the term blockchain more and more in the future. Blockchain...powered by Bitcoin,blockchain,bitcoin,redefine,unknown,redefine
1,"Lol, my head hurts ""real"" bad.",Logical007,Bitcoin,0,0,0,2015-01,2015-01-07 20:16:23,Spent bitcoins? Expect a tax headache,tax,taxes,spent,tax,spent
1,wait i thought XPY made it all possible?,niteowldood,Bitcoin,1,1,0,2015-01,2015-01-22 20:03:29,Bitcoin has made all of this possible. PexPeppers Garden is expanding.,bitcoin,cryptocurrency,unknown,bitcoin,unknown
1,But I thought bitcoin was anonymous,N0TaDoctor,Bitcoin,10,10,0,2015-01,2015-01-29 19:25:42,Prosecutors Trace $13.4 Million in Bitcoins From the Silk Road to Ulbricht's Laptop | WIRED,silkroad,anonymity,unknown,bitcoin,unknown
1,"To complete the cycle, we should ban technology from bitcoin",btcfun,Bitcoin,1,1,0,2015-02,2015-02-18 19:26:54,Keywords banned from r/technology; including bitcoin,bitcoin,techno,governance,regulation,governance
1,Carbon credits are illegal too!,Whooshless,Bitcoin,1,1,0,2014-11,2014-11-27 13:18:59,"There are plenty of local / community currencies in the US, and have been for a long time. Moreover, in places like the US that don't have insane laws against barter any good can be good used as money. Arguing that there is so legal problem with Bitcoin would be like arguing that there was a legal problem with coal or any other good that people may trade for other goods and services.",barter,currency,unknown,unknown,unknown
0,First!,Atlas_84,Bitcoin,1,1,0,2015-02,2015-02-09 18:29:57,Ninja tipping - first 100 comments get free bitcoin PASS IT ON!,bitcoin,bitcoin,tipping,member,tipping
0,"So much good news, I'm waiting for the price drop!",targetpro,Bitcoin,2,2,0,2015-03,2015-03-11 09:01:00,New firm headed by ex-JP Morgan superstar heading to take Bitcoin market cap to the trillions? SO.MUCH.GOOD.NEWS.EVERYWHERE.,bitcoin,bitcoin,bitcoin,unknown,bitcoin
0,"Keep talking, it's gaining traction.",XxionxX,Bitcoin,1,1,0,2015-06,2015-06-28 13:50:37,Which is why Gavin &amp; Mike are offering to allow users to decide for themselves by supporting larger block sizes with the Bitcoin XT fork. Anyone can write the block size logic and make it available for users to run; the hard part is convincing them to make the switch.,blocksize,block,debate,unknown,debate
0,It doesn't offer as much as others.,RenegadeMinds,Bitcoin,1,1,0,2015-02,2015-02-23 06:23:33,"So peace of mind in reference to few bugs/errors, if any? For my time I just find Armory to a better choice, because of multisig and offline transaction signing. Honestly I don't know if bitcoin core wallet offers the same functionality, I'll guess I'll look into it.",bugs,wallet,feature,reliability,feature
1,Yay for money laundering!,robots156,Bitcoin,1,1,0,2015-07,2015-07-05 19:28:33,"Huge bitcoin potential in India! India is very diverse country. Culturally, politically, religiously, and yes financially! More than 35% of India's people live below poverty line, earning less than $2 a day. Unfortunately, there is not much hope for these people on the horizon, and there isn't much Bitcoin can do for them. I am going to talk about the other two categories who can benefit a lot. These are the middle class, and the filthy rich who have undeclared income/assets. In India, the middle class which is huge and growing, is extremely limited with their budgets. Usually only one member earns for the whole family. These families are further divided into lower middle class, middle middle class and upper middle class, with an annual income between $10,000 to $100,000. As your income raises, so do your expenses because of your social status. People in India are very concerned about their status, and its not uncommon for people to show off by borrowing out of their means. Especially in northern India, people will take out huge loans to buy expensive cars and huge houses, just so that they are seen as rich. Point being, the middle class is very limited with their budgets and that extra money can help them a lot! Now comes the other class of the filthy rich. These are usually businessmen who hide their actual income from the authorities in order to evade taxes. This is very very common in India. Just google ""problem of tax evasion in india"". These people have a lot of money as cash, usually stacked up in bank lockers. They are always on the lookout to park their money somewhere safe. Traditionally, they would buy up real estate in cash, and declare only a fraction of the amount paid as the sale price. But the authorities have recently started cracking hard on this practice. Other alternative was to park the money offshore using ""hawala"" transactions. But there is a crackdown on these too, due to concerns of terrorism funding. Most of the people in middle class are salaried people, employed in govt or private companies and their income is almost always 100% white (fully declared and taxes deducted at source). And a lot of the business income is black (undeclared). How can Bitcoin be useful? People with white money can (not very easily, but legally) transfer their money to international exchanges and buy bitcoins. People with black money can buy those coins off of them with cash, at a premium. Both the groups will benefit. At the end, people with lower income but white money will have a little extra and the people with black money will have a very fungible asset that they can transfer anywhere in the world. So whats the problem? Unlike China, Bitcoin exposure is VERY limited in India. My guess would be only 1 in 1000 have ever heard about it. So there is a need for better marketing in India. There is also a potential business opportunity of entrepreneurs in India, as most of the people are not that tech savvy to handle all this themselves.",bitcoin,bitcoin,money,unknown,money
1,"Ask him if he needs anything .... and by anything, I mean *anything* !",majorpaynei86,Bitcoin,1,1,0,2014-11,2014-11-26 12:04:29,"What would u say if u come across Roger Ver? Just as i wrote in the headline, what should u say or do u have some question for him? The below ones are the Chinese people's answer 1. Do you have a plan to built a few Bitcoin churches in China? 2. Is there a competition relations between Apple Pay and btc? How to improve the usability of BTC? 3. It's said u have hundreds of thousands of COINS, is that true? 4. Have u ever had the most difficult days?Or what help u out? 5. Have u thought about the partnership with any company?",bitcoin,bitcoin,unknown,roger,unknown
1,I think you dropped this:,Poryhack,Bitcoin,2,2,0,2014-11,2014-11-26 23:38:14,That is exactly what a paid shill would say and want us to believe (you got to be one since you are going against r/bitcoin mainstream).,bitcoin,bitcoin,cryptocurrency,unknown,cryptocurrency
1,"Yeah, open source programming would never work.",rowdy_beaver,Bitcoin,1,1,0,2014-12,2014-12-08 23:17:43,"I think it does matter what people think that make their living working to make a product that people feel they are entitled to just because it is in a digital format. If someone takes Bitcoin from someone else is that OK with you? Bitcoin is digital and does that work into the ""nature of information"" model? I think some level of sharing is good but I know many professional musicians from bands I am sure you have heard of because they are all very famous that actually make less than a person that makes french fries at McDonalds because people feel entitled to steal their work and not pay for it. I am hoping that there will be a way for people to create creative works and set their own price and people will have to pay this price or not get to see or hear this content and people that find a way around this will be charged with petty theft because that is what they are ...thieves.",intellectual,intellectual,unknown,ownership,unknown
1,That would actually be good news too.,ihsw,Bitcoin,1,1,0,2014-12,2014-12-14 23:30:51,"Cue tomorrow's headline ""Corrected Translation from Government Official: China Bans Bitcoin""",bitcoin,bitcoin,crypto,ban,crypto
0,Great question!,targetpro,Bitcoin,0,0,0,2015-03,2015-03-20 08:32:42,"Where, I ask you, is the best list of Bitcoin resources (i.e websites, videos, articles) that one could copy and paste into a document for people new to magical internet money.",bitcoin,bitcoin,bitcoin,resources,bitcoin
0,That's some top kek,shah256,Bitcoin,0,0,0,2015-05,2015-05-28 17:00:22,"Bitcoin is dying, and here is why!",bitcoin,bitcoin,unknown,death,unknown
0,This is huge!,sebrandon1,Bitcoin,2,2,0,2015-02,2015-02-19 19:24:12,Stripe now supports Bitcoin for checkout,bitcoin,bitcoin,bitcoin,bitcoin,bitcoin
0,When is it available to buy on etrade?,NedRadnad,Bitcoin,9,9,0,2015-03,2015-03-02 02:03:01,Bitcoin Investment Trust is now the the first regulated investment vehicle that allows FIs and individual investors to get exposure to bitcoin... Huge Congrats to the BIT team and Barry for all their hard work!! This is a big deal people,bitcoin,bitcoin,cryptocurrency,bitcoin,cryptocurrency
1,I hear the people behind Evo market have some they might want to get rid off...,swedishdelight,Bitcoin,1,1,0,2015-03,2015-03-19 03:42:22,Buying BTC anonymously online I need a way to do this. I would prefer using a debit card or moneypak. I have cash but can't deposit it into a bank. Localbitcoins is not an option in my area. I live in the US of A. Ideas?,bitcoin,bitcoin,unknown,unknown,unknown
1,"Nah, it's just some people spamming the network by moving around their coins heaps to make it look like Bitcoin adoption is happening.",ferretinjapan,Bitcoin,31,31,0,2015-04,2015-04-01 04:01:48,You can't tell me Bitcoin does not have a huge Networking Effect! Look at the Transactional Volume and Price Stability. Every year the transaction volume grows while believe this or not the volatility goes down. Bitcoin is becoming more stable and therefore more useful as money. Does this mean a steady rise and pop past $1000 to $10000 a coin then once again another drop? The volatility chart suggest that this is likely. Every year the boom and bust get more and more smooth! To me its acting perfectly eventually be a store of value and currency. What do you guys think?,bitcoin,network,bitcoin,unknown,bitcoin
0,Peer to peer mortgages that are verifiable on the blockchain.,L7L7L7L7,Bitcoin,1,1,0,2015-02,2015-02-07 16:53:52,"My father is VP of a mortgage company, any ideas for his company to move into the blockchain space? So as i said hes VP of a mortgage company. Ive talked to him the past couple years about bitcoin and hes even bought some. Ive tried to think of ideas that his company could do to get into the space. Im just looking for a starting point to think on for his company. I'm not even sure if its possible for his company to survive as micro loans seem like there going to be the future. Anyways if anyone has hits of ideas i would love to hear them. Thanks.",blockchain,blockchain,unknown,unknown,unknown
1,It's amaaaaazing how much stuff you can do with ripples!,knight222,Bitcoin,1,1,0,2014-12,2014-12-19 20:22:07,"Ripple stole $600 million of bitcoins market cap in 2 weeks, is it a threat to bitcoin?",bitcoin,bitcoin,threats,bitcoin,threats
0,And he'd be branded a spammer likely not having those transactions confirm for a really really long time if at all.,rydan,Bitcoin,-1,-1,0,2015-06,2015-06-04 09:19:05,"the funny thing is he could share a piece of bitcoin with every single one and still have 90 million satoshis left,",bitcoin,bitcoin,survival,unknown,survival
0,Saw a good example - you're as anonymous using bitcoin as you are when you drive a car around and everyone can see the license plates.,walloon5,Bitcoin,1,1,0,2015-01,2015-01-31 22:48:11,A Friendly Reminder: Bitcoin Is Not Anonymous,bitcoin,bitcoin,unknown,visibility,unknown
0,Or it's an attack on scumbags who think it's a good idea to steal thousands of people's bitcoins.,usrn,Bitcoin,0,0,0,2015-03,2015-03-21 06:50:26,"This is an attack on the fungibility of Bitcoin. Authorities can create dark markets, bust them, send the coins to exchanges, and in short order take down the entire ecosystem with this 'fungibility attack'. They can threaten exchanges to lock coins. Encourage the building of dark markets that they really control. I know some refuse to believe these sorts of things would be done, but they have historic precedent, this is how our governments operate. They don't even have to do everything, they can encourage others at each point. Sadly I think the Bitcoin community though getting libertarian principle is a bit short on understanding the full scale of what we are up against.",bitcoin,attack,control,fungibility,control
0,"The comments section of the article shows that the public perception towards Bitcoin is starting to be more positive...especially when compared to the ""legacy banking/financial system"".",xcsler,Bitcoin,9,9,0,2015-01,2015-01-17 22:57:47,"Bitcoin is threat to sterling and may aid terrorists, warn banks - Telegraph",bitcoin,banking,sterling,unknown,sterling
0,Too much cake?,goodbtc,Bitcoin,2,2,0,2015-04,2015-04-03 13:28:36,5 Reasons Why Bitcoin Is Big 1. Bitcoin is a game changer 2. Bitcoin is a game changer 3. Bitcoin is a game changer 4. Bitcoin is a game changer 5. Bitcoin is a game changer,bitcoin,bitcoin,unknown,unknown,unknown
1,Wait a minute... There was financial technology before Bitcoin.,EyeWuzHear,Bitcoin,5,5,0,2015-06,2015-06-24 21:17:37,"""Bitcoin has brought a surge of new talent to the financial technology space.""",bitcoin,technology,attract,unknown,attract
1,Let me just explain that to my granny.,randy-lawnmole,Bitcoin,0,0,0,2015-06,2015-06-30 17:41:16,"PSA: Coinbase, Circle, et al. are convenient places to buy or sell bitcoins, not safe places to store them.",cryptocurrency,investors,crypto,unknown,crypto
0,Prove it.,sadshibe28,Bitcoin,3,3,0,2015-03,2015-03-09 00:03:28,I have 10 million of the 13 million bitcoin in existence.,bitcoin,proving,proof,bitcoin,proof
1,"Qualcomm is a bunch of dummies, should have bought some altcoins instead.",GibbsSamplePlatter,Bitcoin,5,5,0,2015-03,2015-03-14 18:53:01,"The VC who are investing in Bitcoin startups aren't idiots. They will have thoroughly vetted a business plan before dropping $20 mill, much less $116.",investors,bitcoin,unknown,unknown,unknown
1,...So they shouldn't have an issue accepting bitcoin then...,targetpro,Bitcoin,3,3,0,2015-02,2015-02-03 01:21:57,"""The way I view the Fed it's basically just like Bitcoin"" -David Andolfatto",bitcoin,bitcoin,bitcoin,monetary,bitcoin
1,Bitcoin's dead,Introshine,Bitcoin,2,2,0,2015-02,2015-02-16 12:10:21,'Cyber bank robbers' steal Money worth 4.3 Million Bitcoin!,bitcoin,cyber,hodl,unknown,hodl
1,There's no centrally planned campaign against BTC.,usrn,Bitcoin,0,0,0,2014-12,2014-12-16 08:53:31,"""The only asset, and I use that word lightly, that's done worse than the ruble's 50 percent fall is Bitcoin...""",cryptocurrency,invest,perform,unknown,perform
0,jlaw+btc=happy,djangocoin,Bitcoin,1,1,0,2014-11,2014-11-13 15:22:03,The bitcoin fappening :),bitcoin,bitcoin,unknown,bitcoin,unknown
0,"People often get puritanical about Bitcoin, but any wealth in cryptocurrency is money emancipated out of fiat.",omniVici,Bitcoin,4,4,0,2015-03,2015-03-08 03:08:38,"To be fair, Bitcoin had all that negativity from Gox, whereas Monacoin exposed 2ch users to cryptocurrencies. Short-sighted people need to stop bashing cultural, quirky coins because we all know how it turned out with Dogecoins (most ended up coming to Bitcoin).",bitcoin,bitcoin,bitcoin,unknown,bitcoin
1,Well this will certainly help with bitcoins shaky rep,MrSundance1498,Bitcoin,1,1,0,2015-01,2015-01-22 15:36:31,"Kidnappers in Costa Rica demand $500,000 ransom payment in Bitcoin.",kidnapping,kidnapping,adoption,kidnapping,adoption
1,"Oh yeah, I'm sure that precipitous drop 24h earlier was just coincidence.",drcode,Bitcoin,0,0,0,2015-01,2015-01-05 16:01:39,"The price doesn't look affected now, so it's unlikely it'll do anything when it comes back. The only thing that might cause a difference in price is whether people are going to cash out in dollars or bitcoin, because there will be a lot of people cashing out of bitstamp.",price,cryptocurrency,unknown,volatility,unknown
1,"You can keep your doctor and..... the bitcoins will be returned, soonish.",Surfer433,Bitcoin,2,2,0,2015-01,2015-01-16 06:53:23,"Theoretical question: If all of this craziness is true and Karpeles is found guilty of running Silk Road, is it possible that the Silk Road Bitcoin could be handed out to people who had coins on Mt. Gox?",silkroad,bitcoin,unknown,unknown,unknown
1,"If btc was the only currency, i'd fancy to guess that buying 1btc would probably cost you about 1btc.",Ratfist,Bitcoin,2,2,0,2015-01,2015-01-17 09:15:33,"So if no other currency than bitcoin exists, what is the value of bitcoin?",bitcoin,bitcoin,value,value,value
1,CLIMATE DENIER!,majorpaynei86,Bitcoin,0,0,0,2015-02,2015-02-12 11:14:52,"I don't know...I think this argument could go both ways. I see a bunch of irrational posts on here all the time that are pro-bitcoin. yes we wall want to be a groups we identify with. Some of use are in the pro-bitcoin group..some in the anti...and others just couldn't care less...they're not commenting at all I think we all have to be aware we have a little bit of this tendency in all of us, and try to have rational conversations when possible. A bit off topic, but i've also noticed espeically lately where folks will use ""science"" or ""scientist"" as one big group as if they all agree, and that if you disagree with someone, they'll point you to ""well x of y scientists disagree with you so you must be anti-science"" science should be about debating....challenging the common assumptions...yes challenging even the unanimous conscience of scientists who after all are also prone to the exact thing this video is addressing.",bitcoin,bitcoin,discourse,unknown,discourse
1,PM me the private keys and I'll grade them.,MyDixieWreck4BTC,Bitcoin,7,7,0,2015-02,2015-02-18 19:48:20,I'm going to need my bitcoins to be MS67 or better.,grading,grading,coins,unknown,coins
1,because correlation is causation,BTCisGod,Bitcoin,0,0,0,2014-12,2014-12-16 23:22:07,This is what's up to your currency if you block bitcoin in your country.,correlation,cryptocurrency,fallacy,data,fallacy
0,You cannot expect anything positive from someone who opposes encryption (privacy).,usrn,Bitcoin,2,2,0,2015-01,2015-01-23 18:23:08,Bitcoin does not use encryption in the protocol.,encryption,encryption,bitcoin,privacy,bitcoin
0,You're going to give your sister 1 fuck?,Sovereign_Curtis,Bitcoin,15,15,0,2014-12,2014-12-24 17:31:09,"Gift - Created Vanity On Accident Giving some BTC to my sister, mom, and dad for holidays. While creating paper wallets to put in their stockings, I got lucky and generated 1FUCK..... Giving that one to my sister.",bitcoin,coin,oneword,crypto,oneword
0,This is why you include an offer to exchange for usd for up to one year or one moon.,zombiecoiner,Bitcoin,2,2,0,2014-11,2014-11-30 22:58:19,"Sadly, that's not how my brothers took it when I gave them some bitcoins last Christmas. They were like ""whut is this?"", which led to me having to explain it, which led to them asking ""what is it good for? why should I care?"", which led to me sounding like I was preaching... :/",bitcoin,bitcoins,uncertainty,gifts,uncertainty
0,WARNING: Always do Bitcoin to cash trade(or vice versa) in a crowded place,warproxxx,Bitcoin,1,1,0,2015-06,2015-06-08 07:34:31,Gunmen rob NYC man 1100 dollars worth of Bitcoin,bitcoin,bitcoin,robbery,unknown,robbery
0,Oh THAT's the reason.,platonicgap,Bitcoin,41,41,0,2015-06,2015-06-17 05:02:20,Bitcoin spikes above $240 on Fed interest rate fears,bitcoin,economy,cryptocurrency,unknown,cryptocurrency
1,"Government doesn't need to regulate Bitcoin, the core devs are doing a great job at it.",statelessmancom,Bitcoin,5,5,0,2015-06,2015-06-20 06:35:09,"Don't Stifle Bitcoin With Regulations, Canada's Senate Urges",bitcoin,bitcoin,unknown,unknown,unknown
0,That escalated quickly.,supersatoshi,Bitcoin,-1,-1,0,2015-02,2015-02-04 05:31:44,Spotify is accepting Bitcoin right now !!,bitcoin,bitcoin,unknown,cryptocurrency,unknown
0,Why would there be negative fees?,bobabouey,Bitcoin,6,6,0,2015-03,2015-03-03 19:37:50,"Hey. Its Michael from the article. On average the fees are from as low as negative 3% to +12-15%, and we are talking about btc-e exchange price. The cheapest option is always the one without a bank in the middle (cash). The most expensive would be fully automated service at the ATM. Commission also depends on the currency that you trade in. Hryvna would be more expensive, cash USD the cheapest. But trading in cash is not exactly legal, so you have to be careful. In terms of liquidity - i can get you almost any amount. I personally know a few local bitcoin millioners (in usd terms of course). And forget AML/KYC crap :)",fees,bitcoin,unknown,fees,unknown
1,pretty sure there is an 18k BTC forum being built which is going to be *much* better,MaxSan,Bitcoin,9,9,0,2015-03,2015-03-19 22:45:53,So basically Bitcointalk. They have an army of developers that might be able to help.,bitcoin,bitcoin,alternative,forums,alternative
1,Paul Krugman,redditHi,Bitcoin,3,3,0,2015-03,2015-03-27 09:29:38,"Who writes the most intelligent, well-researched articles on Bitcoin regulation and legal topics?",bitcoin,regulation,regulation,bitcoin,regulation
0,Rub3x is a huge troll; killing two birds..,N0TaDoctor,Bitcoin,2,2,0,2015-01,2015-01-10 16:51:29,Paycoin is a big Scam. just search reddit or bitcointalk.,scam,scam,unknown,unknown,unknown
1,10 minute old account; sounds legit.,statoshi,Bitcoin,0,0,0,2015-01,2015-01-13 02:18:30,"I still feel so frustrated about the price, even though I believe that Bitcoin is Great. Each time I open app, I find that the price is lower than last time. It's so frustrating. It's clear that I should be far away from Bitcoin news so that I can keep spirit calm.",bitcoin,frustration,unknown,frustration,unknown
1,Major economists have recommended toilet paper as a hedge against inflation.,SheikhOfBitcoin,Bitcoin,3,3,0,2015-02,2015-02-06 12:12:42,Bitcoin outperformed by toilet paper shares,inflation,inflation,unknown,value,unknown
1,Showing Bitcoin store of wealth quality against FIAT is definitely a waste of time,Essexal,Bitcoin,4,4,0,2015-02,2015-02-06 19:49:45,This post is quite off-topic. Who really cares about the BTC price in that country? And it's a non-sense to compare volatility between BTC and a lost fiat currency. Is like comparing math with toilet paper.,bitcoin,offtopic,unknown,unknown,unknown
1,"Thank you for using all-caps, just in case someone missed the first post of this announcment!",targetpro,Bitcoin,1,1,0,2015-02,2015-02-25 00:22:39,PEACHDISH NATIONAL MEAL KIT DELIVERY SERVICE ANNOUNCES ACCEPTANCE OF BITCOIN,bitcoin,bitcoin,unknown,unknown,unknown
1,I'm sure both of them are unaffected,1BitcoinOrBust,Bitcoin,2,2,0,2014-11,2014-11-27 12:55:58,Wartime for Bitcoin,bitcoin,politics,bitcoin,unknown,bitcoin
0,Who will tax cash?,thomasbomb45,Bitcoin,6,6,0,2015-02,2015-02-08 21:52:49,Like asking who will tax bitcoin or tcp/ip. There is nothing to tax.,taxation,taxation,unknown,tax,unknown
1,"They don't, everything is working just fine.",Late_To_Parties,Bitcoin,2,2,0,2015-06,2015-06-20 17:27:06,"Why does Greece need Bitcoin? Hi, I'm not a buttcoiner. I'm (rather heavily) invested in Bitcoin. But I really don't get why a lot of people here seem to think bitcoin can help the people in Greece. I thougt the mantra here was ""Only invest what you can afford to lose"". Isn't it much better to withdraw cash, maybe even buy some other big currency as USD if you're afraid the euro wil crash, than to start gambling with crypto currencies? I seems obvious to me Bitcoin is a long way of being a stable store of value. So what am I missing?",bitcoin,greecesconomy,unknown,bitcoin,unknown
1,He's much better as a scifi writer.,cap2002,Bitcoin,11,11,0,2015-04,2015-04-05 01:23:48,Bitcoin Foundation's Corporate Counsel (Greg Egan) just resigned.,bitcoin,bitcoin,unknown,resignation,unknown
0,So you're saying bitcoin will never get larger than a paltry $4.7 billion dollar market?,BuffyButtcoinSlayer,Bitcoin,1,1,0,2014-12,2014-12-16 22:20:03,"If you're a fool, it is. The smart money bought bitcoin some time ago.",bitcoin,invest,unknown,unknown,unknown
1,Centralize all the things!,iwantathink,Bitcoin,-1,-1,0,2014-11,2014-11-20 00:58:25,"Coinbase, Bitpay, Circle, Silbert, a16z, and the Winklevii should all pool their dough for one badass Bitcoin Super Bowl ad. Forget the Bitcoin Bowl, bitcoin needs a badass Super Bowl ad featuring a futuristic self-driving car equipped with bitcoin zipping through lanes while paying other drivers to pull over. Then a drone air-drops groceries the driver just purchased with bitcoin into the car's sunroof. There should also be lasers in there somewhere. I'll work out the details, but this needs to happen. Someone get me Andreesen's phone number.",bitcoin,bitcoin,unknown,bitcoin,unknown
1,Are you a shill for some big water company or something?,i8e,Bitcoin,2,2,0,2014-12,2014-12-22 03:42:45,"You have to admit though, water has far bigger plusses than Bitcoin. As in, without it Earth would lose pretty much all life. Maybe all of it, I'm not sure.",water,water,unknown,comparison,unknown
0,Housing bubble!,timetraveller57,Bitcoin,6,6,0,2015-06,2015-06-08 09:43:56,Houses appreciate faster than bitcoins on average.,housing,investing,housing,housing,housing
0,Did they have insurance?,usrn,Bitcoin,5,5,0,2015-02,2015-02-14 16:54:19,Two bitcoin ATMs have been stolen in Amsterdam,theft,theft,loss,theft,loss
0,"Impressive, most 10 year predictions tend to be quite inaccurate..",djangocoin,Bitcoin,3,3,0,2015-01,2015-01-11 14:03:04,What will Bitcoin look like in 30 years?. In 1974 Arthur C Clarke describes what computers and the internet will be like in 2001. Except now we can use previous gen tech to leapfrog the speed of adoption.,bitcoin,bitcoin,unknown,unknown,unknown
1,This is actually good news!,majorpaynei86,Bitcoin,1,1,0,2015-06,2015-06-14 11:07:28,"This is good, the banks are paying to promote bitcoin, the article is only negative if you choose to see it that way. This kind of article would have been unimaginable only a year ago. To say that a currency needs to be stable is like saying the blockchain is good but not bitcoin. It's not bitcoin that is volatile; it's the legacy system that is crumbling. The only thing stable is debt, until it isn't. We're in a deflationary spiral, the banks, companies and governments are out of ammunition (negative interest rate); next will be collapse of the debt, then hyperinflation. Sweden has one of the highest debts in the world (private and corporate debt) and the consequences for SEB and other Swedish banks will be serious.",bitcoin,bitcoin,unknown,unknown,unknown
0,Maybe it's good they held their ground (being against the initial proposal)...and now we are getting a response proposal from Garzik which has the potential to make everyone happy.,jmaller,Bitcoin,1,1,0,2015-06,2015-06-16 13:38:37,"That post talks about everything except for the question up to debate: what is wrong with increasing the blocksize? He jumps instead to the risk of non-consensus hardfork, while completely ignoring the reason why there is such non-consensus. No one is bent on having a hardfork. Some core devs however are bent on not analysing the issues in question in a logical, maths based manner, but simply refuse and instead focus on authority... If we are to speak of authority, technical expertice, phds in comp science etc, as much respect as I have for Adam Backs for his huge contribution to bitcoin through hashcash, I must nonetheless say, with all due respect, that he did not have the vision to create bitcoin. That genius was Satoshi, who I am sure Adam would agree has both the authority and the technical expertise, and he suggested the exact proposal made by Gavin. Why not therefore clearly, in a concrete, detailed, computer science manner, with maths, logic and analysis state your reasons for creating this apparent lack of consensus, instead of arguing about risks that you yourself and other core devs are causing?",blocksize,blocksize,consensus,unknown,consensus
1,"Yeah man few hundred thousand, probably no more than 1 qualified moderator in that bunch.",graduallywinning,Bitcoin,7,7,0,2015-04,2015-04-08 15:59:24,The Bitcoin community is still only a few hundred thousand people. It's hard to get significant decentralization at those numbers.,bitcoin,bitcoin,unknown,community,unknown
1,"*I am color blind*, what are **black** people?",cbeast,Bitcoin,4,4,0,2015-01,2015-01-07 14:11:53,Why Are So Few Black People Using Bitcoin?,bitcoin,bitcoin,unknown,unknown,unknown
1,You mean freedom and liberty costs something in risk?,liberty4u2,Bitcoin,2,2,0,2015-01,2015-01-07 15:01:53,"Bitcoin is 100% fungible, every ""coin"" is equal. Track all you like, but it should be assumed the current address doesn't belong to the original ""hacker."" These coins won't be blacklisted, refused, or seized by another exchange; and anyone that attempts to do so should raise immediate red flags and be boycotted. Remove the fungibility by creating blacklists/whitelists and you break Bitcoin. It's better to learn from the mistakes and grow more robust with our exchanges and keys, than it is to risk the very principles of Bitcoin.",bitcoin,bitcoin,bitcoin,fungibility,bitcoin
1,Did he get approval from Lawsky first?,scotty321,Bitcoin,10,10,0,2015-02,2015-02-12 03:01:52,New York City Councilman Proposes Bitcoin Payments for Fines and Fees,bitcoin,bitcoin,unknown,bitcoin,unknown
1,"Yeah I agree 20% discount on Amazon is too low, we need at least 50% discount for Bitcoin to succeed.",heltok,Bitcoin,0,0,0,2014-12,2014-12-13 08:24:39,"The problem is not merchant acceptance. It's consumer incentive. Merchants accepting Bitcoin does not give your average joe a reason to buy bitcoins and then spend them. Most of the time, it's cheaper for the consumer to pay in fiat. This situation is preventing main stream adoption and leading to slowly declining price. There need to be incentives to pay w Bitcoin - and strongest is when you want something and Bitcoin is only payment option available. This is where the focus should be right now- not big merchants adding Bitcoin as 10th payment option.",bitcoin,bitcoin,unknown,necessity,unknown
1,OH CRAP THE NSA'S HERE reddit what do I do?,m3rrickj2k,Bitcoin,2,2,0,2015-06,2015-06-16 18:05:07,"At this point, you're already in too deep. The best thing you can do is turn yourself into the authorities, and beg the courts for mercy. Did your mom not forcibly remove and extinguish the bitcoin from your possession? If not, she may be liable as well. You two seem to have a very fishy, terrorist inclination about you. I just don't feel safe on this subreddit with people like you posting here.",bitcoin,crypto,unknown,authorities,unknown
0,"this is easily bypassed by simply donating more than once, $100 each time.",SatoshisGhost,Bitcoin,2,2,0,2015-04,2015-04-08 14:08:19,"Not quite. The FEC has not explicitly limited Bitcoin donations to $100. The FEC issued an advisory opinion AO 2014-02 in response to a proposal from Make Your Own Laws Inc (MYL). MYL proposed accepting up to $100 in bitcoins, the current limit for cash contributions, following a certain procedure. The FEC approved their proposal, but has not given any sort of guidance explicitly limiting Bitcoin contributions to $100. They could approve of Bitcoin donations greater than $100 or they could disapprove. But they've definitely green-lighted donations of $100 and less. If you're running a campaign and don't want to waste the time and resources seeking another advisory opinion or accepting more than $100 and potentially running into hot water down the line, you play it safe and limit contributions to $100. Ultimately the FECs decision to accept $2700 Bitcoin contributions will hinge on whether Bitcoin is seen more like cash ($100) or a ""check, money order or other written instrument""($2700). I think the distinction boils down to the traceability and proof of ownership of funds. I think Bitcoin's kind of in the middle of these two categories- yes it comes from an address and is traceable in the Blockchain, but addresses aren't easy to connect to anyone the way you'd connect someone to their bank account.",bitcoin,politics,limits,unknown,limits
0,"lol, makes be want to trademark ""mug"" and sue everyone who drinks coffee.",Lawsky,Bitcoin,1,1,0,2015-02,2015-02-05 22:57:58,"And someone is trying to trademark ""Bitcoin"" for bar wares like glasses, mugs etc.",trademark,trademark,trademarking,trademarks,trademarking
0,Wait until they're done amending it.,fnordfnordfnordfnord,Bitcoin,5,5,0,2014-12,2014-12-03 04:00:40,"Given Steven's support for bitcoin so far, I'm inclined to believe it does what it says it will do.",bitcoin,cryptocurrency,bitcoin,bitcoin,bitcoin
1,DopeCoin will be accepted also.,dopecoindude,Bitcoin,1,1,0,2015-06,2015-06-15 18:23:56,Indie teen comedy Dope to become first film to accept Bitcoin payments,bitcoin,bitcoin,bitcoin,unknown,bitcoin
1,Surprised murica would allow a terrorist drug peddling criminal in office,paavokoya,Bitcoin,1,1,0,2015-06,2015-06-18 05:18:17,"Senator Capriglione: ""I have bitcoins ... """,politics,corruption,unknown,unknown,unknown
0,"So it begins, the great bubble of our time.",MooneRumblebelly,Bitcoin,7,7,0,2015-04,2015-04-21 22:40:57,Fractal bitcoin price,bubble,bubble,cryptobubble,bubble,cryptobubble
1,Ponzi Scam Tulip Esperanto amirite?,Introshine,Bitcoin,4,4,0,2015-03,2015-03-05 21:38:34,James Angel from Georgetown University thinks Bitcoin will end up like the Esperanto Language that never took off. Let's prove him wrong!,bitcoin,bitcoin,bitcoin,unknown,bitcoin
1,I'm so excited to see galaxy coin on spot 28 on coinmarketcap.,libertariandictator,Bitcoin,11,11,0,2015-04,2015-04-10 04:06:12,Samsung and IBM Team Up on Bitcoin,bitcoin,bitcoin,bitcoin,bitcoin,bitcoin
1,You just don't realize yet.,nitiger,Bitcoin,4,4,0,2015-04,2015-04-21 11:19:59,"""Bitcoin wins, because bitcoin is the most profound mathematical object humanity has ever created."" loooooooooooooooooooooooooooooooooooooooooooooooooooooooooooooooooooooooooooooooooooooooooooooooooooooooooooooooooooooooooooooooooooooool",bitcoin,bitcoin,bitcoin,bitcoin,bitcoin
1,Why would you want to sell your Bitcoin anyways?,skilliard4,Bitcoin,-1,-1,0,2015-01,2015-01-23 02:48:22,"EXCLUSIVE: Bitcoin's ""Dark Wallet"" adds anonymous cash withdrawals",bitcoin,bitcoin,cash,unknown,cash
1,I'm hoping this is,liquoranwhores,Bitcoin,3,3,0,2015-02,2015-02-15 22:29:17,"Well crap. I only had 1.5 BTC on it, gaining interest, but I was counting on that to buy my son's college textbooks next semester. Ugh. Back to looking for *more* work to cover the loss.",loss,loss,unknown,unknown,unknown
0,"Now this is a thread with meat in it, direct sources are sweet!",XxionxX,Bitcoin,1,1,0,2014-12,2014-12-15 16:28:04,"Btc Drak is his boss and is an altcoin scammer, not a Bitcoin developer. Obvious conflict of interest there.",scammer,conflict,scam,altcoin,scam
0,":) Kind of true, but getting better everyday!",targetpro,Bitcoin,1,1,0,2015-02,2015-02-12 22:36:12,These two comments represent every conversation on /Bitcoin.,bitcoin,bitcoin,unknown,unknown,unknown
1,MSM: proof that bitcoin causes car accidents.,itisike,Bitcoin,4,4,0,2015-03,2015-03-13 19:38:00,Bitcoin Billboard siting. _____ Says Shut up and take my Bitcoin Billboard. I was traveling south of on I 95 just south of Richmond VA and saw a Billboard that said (Name here) Says Shut up and take my Bitcoin. It showed a picture of a young dark haired bearded guy. Any one else see this billboard? I got so excited I almost turned around to reread it.,bitcoin,bitcoin,unknown,billboard,unknown
0,CTRL+C CTRL+V .,wrongel,Bitcoin,1,1,0,2014-12,2014-12-26 11:42:02,"Understood. But it does seem that a successful Ethereum makes Bitcoin redundant... if Bitcoin can't implement Ethereum's features before dying out first. Ethereum in principle seems to be able to do everything Bitcoin can do and more. It may not happen overnight, or at all, but it seems like if Ethereum reaches stability and critical mass there is no reason to have Bitcoin anymore.",ethereum,cryptocurrency,unknown,redundancy,unknown
1,"Yes, because all banks around the world are free and every single Trezor produced is objectively unreliable.",kinoshitajona,Bitcoin,7,7,0,2015-03,2015-03-21 04:54:17,"Yeah, if Bitcoin's best counter to a free bank account is a $120 product considered ""unreliable"" well I've got some news for you guys...",bitcoin,bitcoin,alternative,reliability,alternative
1,We should tweak the algorithm to make the price going to the moon.,knight222,Bitcoin,29,29,0,2014-11,2014-11-21 19:38:01,"""The algorithm used to help determine the value of #bitcoin may prove problematic"" - Bernanke. That algorithm, of course, is called the market.",bitcoin,bitcoin,market,market,market
0,"Not everyone can use Bitcoin directly because of transaction fees and limited bandwidth, but that's not a big deal.",Throwahoymatie,Bitcoin,-1,-1,0,2015-06,2015-06-17 03:30:32,Once everyone uses bitcoin this feature will be pointless. Just don't be the first guy in or the last guy out.,bitcoin,bitcoin,barrier,accessibility,barrier
0,TIL Cody Wilson was right.,RenegadeMinds,Bitcoin,-1,-1,0,2015-04,2015-04-05 08:17:08,Bitcoin Foundation's Corporate Counsel (Greg Egan) just resigned.,bitcoin,bitcoin,unknown,unknown,unknown
0,It sounds like the reason he didn't want to use it earlier was that it didn't have a bitcoin wallet.,itisike,Bitcoin,1,1,0,2015-02,2015-02-25 15:13:03,"What does ease of use have to do with anything? He said now that it comes with a bitcoin wallet, he's going to download it.",bitcoin,bitcoin,bitcoinease,unknown,bitcoinease
0,"I see, thanks for the clarification, misread your post, and being surrounded by the echo chamber doesn't help, either.",sciencehatesyou,Bitcoin,1,1,0,2015-03,2015-03-02 16:59:38,"You seem to miss my point. I am agreeing with you that no sane person would say that ads would be banned. I am saying that the Bitcoin cultists making all kinds of predictions (such as Roger Ver, Erik Vorhees, Theymos and the other agenda-pushers and nut jobs) will also turn out to be wrong but that the Bitcoin technology will continue. Andreas does a little agenda-pushing here and there but for the most part his comments are rational and correct. Roger Ver and Eric Vorhees, on the other hand, are more like the Al Sharptons of Bitcoin.",bitcoin,bitcoin,unknown,unknown,unknown
1,Nice pump bro!,davotoula,Bitcoin,-1,-1,0,2015-03,2015-03-30 05:32:03,"PhD in finance Samir Saadi to Senate of Canada ""It's actually not a bad idea to buy bitcoins now. Buy bitcoin now! If you look at the long run, it looks like it will be going to the roof in terms of value ... it's actually better than gold""",bitcoin,politics,unknown,bitcoin,unknown
0,"Dunno how legit they are now, bought my gametimecards in the past there without problems.",Chynus,Bitcoin,1,1,0,2015-04,2015-04-25 06:26:13,MMOGA - GTA V &amp; Mortal Kombat X released! The Witcher 3 Pre-order! 3% discount on Bitcoin,gaming,preorder,purchase,unknown,purchase
1,nice try mr hacker.,neofatalist,Bitcoin,-1,-1,0,2015-01,2015-01-07 15:28:53,"Bitcoin is 100% fungible, every ""coin"" is equal. Track all you like, but it should be assumed the current address doesn't belong to the original ""hacker."" These coins won't be blacklisted, refused, or seized by another exchange; and anyone that attempts to do so should raise immediate red flags and be boycotted. Remove the fungibility by creating blacklists/whitelists and you break Bitcoin. It's better to learn from the mistakes and grow more robust with our exchanges and keys, than it is to risk the very principles of Bitcoin.",bitcoin,bitcoin,fungibility,bitcoin,fungibility
1,He said it with conviction so it *must* be true,7x5x3x2x2,Bitcoin,1,1,0,2015-01,2015-01-14 16:04:26,Bitcoin is now the WORST performing currency in the last couple months.,investors,bitcoin,unknown,bitcoin,unknown
1,"Yeah, an open, public transactional ledger - great idea to hide your terrorfantastic transactions.",Introshine,Bitcoin,20,20,0,2015-01,2015-01-17 22:23:46,"Bitcoin is threat to sterling and may aid terrorists, warn banks - Telegraph",bitcoin,bitcoin,currency,unknown,currency
0,Lol love that the dude is giving out Oprahs.,TheBTC-G,Bitcoin,3,3,0,2014-11,2014-11-06 02:47:12,Bitcoin BALLER in action,bitcoin,bitcoin,unknown,unknown,unknown
1,Gambling?,RaptorXP,Bitcoin,1,1,0,2014-11,2014-11-15 16:32:31,"How can I earn money without mining? I really want to start earning bitcoin, although mining isn't a possibility for me. Is there any resources online that allow me to do this?",bitcoin,bitcoin,gambling,unknown,gambling
0,You sure you don't want to re-think that question?,targetpro,Bitcoin,1,1,0,2015-05,2015-05-24 20:34:28,How is it different from Jon Matonis' case. He messed up the Bitcoin Foundation and then joined some Bitcoin consultancy firm.,bitcoin,bitcoin,unknown,career,unknown
1,Its just the manager doing his rounds visiting the guests,MoreTeaPleaseVicar,Bitcoin,1,1,0,2015-05,2015-05-27 12:21:51,"Wow, this is awesome: Photo of Richard Branson on stage with Matthew Roszak (Bitcoin VC / investor) at the Necker Island blockchain summit!",bitcoin,crypto,event,unknown,event
0,Test it with fake notes.,usrn,Bitcoin,3,3,0,2015-04,2015-04-21 20:17:37,Botswana's First Bitcoin ATM Has Arrived,bitcoin,bitcoin,arrival,unknown,arrival
0,"It will be a battle similar to the one waged between the music dinosaurs and the internet itself, inevitably to be futile for them unless they adapt",DaSpawn,Bitcoin,2,2,0,2015-01,2015-01-18 14:20:30,That's why I worry for the future of Bitcoin because those outdated and corrupt systems usually go to heavy measures to ensure their survival.,bitcoin,bitcoin,future,competition,future
0,They dont want to get ripped off and if they are not making over $40 off the transaction its probably not worth their time either.,losermcfail,Bitcoin,3,3,0,2014-12,2014-12-07 20:44:13,"Localbitcoin Sellers - Dicks Just tried to buy off 3 different people, my bank card for ID wasn't good enough for the first, second - I'm a new account (Been on there for over a year), 3rd was the same as the first. Do these people not want to sell me their coins with a 10% mark up??? Most infuriating!!!!!",banking,bitcoin,verification,failed,verification
0,Only if by invested deeply you refer to him being paid by people from viacoin (iirc he doesn't even own any viacoin) to work on solutions that are directly beneficial to bitcoin.,hahanee,Bitcoin,10,10,0,2015-06,2015-06-19 16:54:30,He's invested deeply in another coin called viacoin. If bitcoin fails his coin benefits......,investments,viacoin,bitcoin,investment,bitcoin
0,More atoms exist in one apple than the supply of Bitcoins.,MyDixieWreck4BTC,Bitcoin,2,2,0,2015-01,2015-01-08 21:02:49,Because 1 troy ounce equals one Bitcoin or something?,bitcoin,money,bitcoin,bitcoin,bitcoin
1,"Same survey: users unable to distinguish differences between Bitcoin and ""Michelin"" brand automobile tires.",targetpro,Bitcoin,1,1,0,2015-04,2015-04-20 18:27:37,Survey: users don't believe in Bitcoin value advance and hardly trust crypto-exchanges,bitcoin,bitcoin,bitcoindistrust,bitcoin,bitcoindistrust
1,*shocker,BigBlackHungGuy,Bitcoin,1,1,0,2015-01,2015-01-18 16:23:36,BTC Miami: Looks like Josh Garza bailed on the mining panel as well,mining,bitcoin,bitcoin,abandonment,bitcoin
1,Trusting a third party: what bitcoin is all about.,thouliha,Bitcoin,0,0,0,2015-02,2015-02-21 23:25:04,"You know what: I trust Coinbase. There's far too much pitchfork shaking at a company that's been responsible for a lot of *good* in Bitcoin. A little bit of paranoia is fine, but you're essentially damning Bitcoin when you start to remove valid options for people to get into the market. Realize: yes, a lot of Bitcoin folks are nerds, but the people who will help it move from nerd money/protocol into the mainstream will be people who rely on services like Coinbase. Anything that lowers the barrier to entry is a good thing. As an alternative, start to identify what you don't like about Coinbase and start a conversation with them. Work with them to improve the product. Maybe from your perspective they should offer more resources on the difference between storing BTC with them vs. on your own.",bitcoin,trust,unknown,mainstream,unknown
1,"No man, BTC is flawless!",RsubG,Bitcoin,-2,-2,0,2015-02,2015-02-25 19:57:45,"So bitcoin doesn't experience volatility when use adoption is increasing? Of course it does. It's just volatile in a way that rewards holders. The flaw they are referring to is the inability to modulate supply in response to variable demand. Demand for a currency is always going to vary in response to a number of outside forces, this will happen even if the bitcoin economy becomes huge. Varied demand + fixed supply = volatility and volatility is not a desirable feature for a currency.",volatility,bitcoin,bitcoin,unknown,bitcoin
0,Great article!,cryptodude1,Bitcoin,2,2,0,2014-12,2014-12-05 09:55:00,10 Reasons Why Bitcoin is Inevitable,bitcoin,bitcoin,crypto,inevitability,crypto
0,A godly post.,granatheus,Bitcoin,3,3,0,2014-12,2014-12-13 18:35:27,"What does bitcoin take now? What bitcoin needs now. A videotutorial. Buaffff. Explained by a humorist. Ahaaaa. I believe that we are tired of so many seriousness. If or not? We need that they explain the things to us with humor. If or not? And what we have to do is a casting to find to ours or our communicators bitcoin already. If or not? Only one speaks about companies bitcoin, about businessmen bitcoin, about the price of the currency. That gives adoption of bitcoin stagnant this one. the trade with the bitcoin to come down. But that we do? We use the media to talk about us, and not to teach. We use the media to talk about us, and not to teach the population is bitcoin. When one turns envelopes itself not going anywhere. as a user I would like that every day we were more and promote the currency to my around. I hope that the great lords of the bitcoin is godly also in bicoiners. I hope that they understand well the concept of the history.Greetings to all bitcoiners.",bitcoin,bitcoin,unknown,unknown,unknown
1,Always and forever right now.,Missioncode,Bitcoin,0,0,0,2014-12,2014-12-18 02:45:58,"When is the best time to buy Bitcoin? Should I wait for a little bit or buy them right now? The value keeps coming down and I'm not sure how much of an issue this is... Yes, I'm relatively new to Bitcoin.",bitcoin,invest,unknown,buying,unknown
0,"Man, you should have seen the FUD about the internet when it was still new to most.",Richy_T,Bitcoin,1,1,0,2015-06,2015-06-11 14:55:01,"""It comes from the shady anarchic world of Bitcoin"" Still getting labeled as shady..",bitcoin,bitcoin,unknown,unknown,unknown
0,"Actually I don't think he mentions bitcoin in the entire thing--he just talks about various legal advantages, and this may be of interest to bitcoin companies generally.",Anen-o-me,Bitcoin,2,2,0,2014-12,2014-12-01 20:21:49,"Yeah, he should not really give advice abt Bitcoin, since he obviously thinks the entire thing is a scam.",bitcoin,bitcoin,scam,unknown,scam
0,Switch to Circle.,crazyflashpie,Bitcoin,2,2,0,2015-02,2015-02-06 22:47:15,"Coinbase has stopped blocked me too I'm a new member to Reddit (1st post) but have been reading r/bitcoin for a while. I recently received an email from Coinbase, stating that they can no longer provide me with their service because they have determined that I have violated one of more of their terms of service. I've emailed them 3 times for clarification with no response and even provided ""receipts"" of the transactions for those that I could. I tried to talk with the online chat person, who told me that they could not help and that I would still need to work things with the non-responsive support group. Ironically, I received a customer satisfaction survey email from them yesterday. I've had 3 total external transactions with coinbase, and have bought coins from my linked account 4 times. My most recent transaction was for $110 to my friend's son's wallet at Circle. After my notice from Coinbase, he told me that he purchased a ""novelty"" ID from China (he's a 20 year old college student). I'm sure some will say that ID's fall into some grey area, and that Coinbase is just being cautious since they are regulated and trying to be squeaky clean. I do understand that, especially if the transaction was coming directly from their own service. But this has opened my eyes a bit, wondering how many transactions deep will they snoop? How are we to protect ourselves from being implicated if coins that I previously owned were now being used for something illicit? Will we all be expected to tumble all our coins just to be a bit less worried that our accounts will be frozen? To me, this is very unfortunate. I will continue to tell anyone interested in bitcoin to avoid Coinbase, primarily due to their lack of communication with me, but partially due to their snooping. More importantly, as a bitcoin enthusiast, how can I, in good faith, recommend bitcoin as something legitimate, if there is a good chance that anyone can run into an inconvenience like this? Looking at this from a different angle, such as the six degrees of separation theory, any of your transactions are potentially are only a few transactions aways from being involved in something illicit, which are totally out of your control. Until there is enough velocity of BTC where you can easily come across BTC without purchasing them from places like Coinbase, we will be under this scrutiny. In the end, Coinbase has lost me as a customer and advocate. I've already moved to another service with no issues so this hasn't impacted me at all, other than losing some hope in the future of bitcoin.",coinbase,coinbase,unknown,unknown,unknown
1,What would we do without them!,paulmadore,Bitcoin,1,1,0,2015-06,2015-06-12 16:27:05,"Bitcoin gets second wind as world's first hair wholesaler, airyhair, ditches wire transfers for cryptocurrency",bitcoin,bitcoin,bitcoin,cryptocurrency,bitcoin
1,"yeah but dogecoin is too fast, paycoin is the future",goalkeeperr,Bitcoin,4,4,0,2015-03,2015-03-10 21:25:12,Folks probably didn't like when bitcoiners were annoying reddit to accept it either. The Doge folks are good people. They don't bother me.,bitcoin,bitcoin,unknown,crypto,unknown
1,....seems legit.,scatoclysm,Bitcoin,0,0,0,2015-03,2015-03-17 16:56:42,BTC-e phishing attemp,phishing,phishing,btce,unknown,btce
1,But BTC is anonymous,CodeNameTheOnlyOne,Bitcoin,2,2,0,2015-04,2015-04-03 11:09:13,but Stringer wouldn't be so stupid to steal BTC and think it wouldn't be traced,bitcoin,cryptocurrency,anonymity,anonymity,anonymity
1,OMG bitcoin is dead.,Introshine,Bitcoin,3,3,0,2015-02,2015-02-03 00:01:17,Researcher discovers major DoS vulnerability in official Bitcoin client,vulnerability,vulnerability,scripto,security,scripto
1,You just confirmed that part.,_EuroTrash_,Bitcoin,1,1,0,2015-05,2015-05-19 17:21:54,"Yes, Varoufakis is an attention whore and a hypocrite. I think he believes and enjoys Bitcoin, but turns around and jokes about it to mainstream. He was basically saying that Bitcoiners are a proud and happy bunch, but they live in their own world, their own small communities. I honestly stopped listening to him after that.",bitcoin,bitcoin,bitcoin,unknown,bitcoin
0,compared to what,Introshine,Bitcoin,0,0,0,2014-12,2014-12-12 21:43:09,"because bitcoin has gone up AND down 25% in one month, that's why",investors,market,volatility,volatility,volatility
1,"Nah man, he was just roll playing.",VivaLaPandaReddit,Bitcoin,5,5,0,2015-05,2015-05-31 21:37:49,"Not really, because they had to dump everything in memory from his laptop on the spot. And you know, the fact that he sent a six figure dollar amount in BTC to the guy for the murders.",murder,crime,data,murders,data
0,I'll offer 1 casacius 2011 coin,opticbit,Bitcoin,4,4,0,2015-04,2015-04-29 05:55:44,House seller will negotiate for Bitcoin,bitcoin,house,bitcoin,bitcoin,bitcoin
1,"Yes because the whole world will be able to transfer value using Bitcoin, even if the market cap is $500Million.",Logical007,Bitcoin,1,1,0,2015-01,2015-01-14 18:57:34,The Rainbow After The Bitcoin Storm,bitcoin,bitcoin,bitcoin,bitcoin,bitcoin
1,not 10k?,baller_11,Bitcoin,0,0,0,2015-01,2015-01-26 06:06:27,"I agree, put all your money in bitcoin right now, price is about to reach 1k+",bitcoin,invest,unknown,bitcoin,unknown
0,Is it edible?,baller_11,Bitcoin,1,1,0,2015-01,2015-01-27 21:53:38,"Bitcoin &amp; Banksy Some days ago someone came up with the idea to ask Banksy for a Bitcoin only print release. He didn't release a print for 5 years now, and i don't see any releases soon, so i thought i could help. Got a signed lemon Choose your weapon out of an Edition of 25. CoA from Pest Control is included. I wish to do a Bitcoin only action, maybe you can push me in the right direction. Bitcoin &amp; Banksy fit together.",bitcoin,bitcoin,unknown,unknown,unknown
1,Ehrmergherd stolen credit cards,carloschimbo,Bitcoin,0,0,0,2014-12,2014-12-24 17:27:53,Review: Brawker Let's You Buy 'Almost Anything' with Bitcoin,bitcoin,bitcoin,unknown,spending,unknown
0,Store PGP encrypted copies in the cloud(s).,foxevv,Bitcoin,1,1,0,2014-09,2014-09-03 10:59:27,"Worst night of my life (a/o what's in the safe?) Last night my dads house was broken into and his safe was stolen. The thieves simply threw a rock through his back sliding glass window, rummaged around in the house until they found the safe and dom hemingway'd it right off of the foundation it was bolted onto. Inside of his safe was an uncommonly large number of bitcoins (he is an early adopter) on a non password protected paper wallet. I am his technical prowess on how to save and secure his bitcoins and I felt like a complete failure for not setting him up with bip38 when i had the chance. I figured that setting him up with a wallet in his safe in house and a safety deposit box was enough. **wrong.** I got a panicked call at midnight last night saying his house was broken into and his safe was gone with all of the bitcoins in it. I have never felt so helpless in my life as the only other copy was locked away and the bank wouldn't open up for another 9 hours. The robbers had 9 hours to crack into it, figure out what the hell they were looking at( assuming he wasnt explicitly targeted)... and then transfer the bitcoins off into their own address. We were both sweating bullets and did not sleep at all (unsurprisingly). Luckily for my dad and I, they were either not successful cracking into the safe, didnt know what they were looking at or blew up the paper wallets inside trying to break into it. Either way this morning shortly after the bank opened i had the paper wallet in hand and was able to safely transfer the coins off into a fresh bip38. Moral of the story: Safes, however secure they may seem are not guaranteed to stay put. Please be extra careful if you store your coins at home.",theft,heist,safe,security,safe
0,You lose your money everyday due to inflation.,Tester24834,Bitcoin,8,8,0,2014-08,2014-08-11 23:49:33,When consumers are provided similar protections as they currently have with banking and credit cards. Just my opinion. Why would anyone who doesn't ideologically support Bitcoin want to risk losing their money?,bitcoin,banking,unknown,finance,unknown
1,What is USD?,bluelightzero,Bitcoin,1,1,0,2014-09,2014-09-18 21:52:14,"r/Bitcoin tiny poll. no bs. guess the price of 1BTC in USD on Dec. 31, 2014:",bitcoin,bitcoin,money,currency,money
1,Now they will reverse engineer it and make thousands of cheap copies.,KingOfRye,Bitcoin,6,6,0,2014-05,2014-05-25 18:51:45,The First Two-Way Bitcoin ATM in China Made a Formal Debut Today at A Bitcoin Party at Satoshi Square in 798 Art Zone of Beijing,bitcoin,bitcoin,unknown,unknown,unknown
1,Silk Road *totally* could happened with gold or USD.,Godd2,Bitcoin,1,1,0,2014-09,2014-09-19 00:19:06,Do you think the Silk Road would have happened without bitcoin?,trading,trafficking,unknown,bitcoin,unknown
1,I'll take your coins for $100 each since they will sure to be worthless,osheabutter,Bitcoin,7,7,0,2014-02,2014-02-19 22:08:29,"It IS anomalous data. There is no other 12 hour window on ANY exchange where we see these volumes and a flat-price-volatility. GOX IS SELF DEALING TO MAINTAIN THE FLOOR. Its soooooo fucking over for them, as well as bitcoin when this news breaks and all anyone hears is ""BITCOIN = PONZI"". Its all over for general adoption post-gox. The experiment was fun, and now its almost done.",market,market,unknown,unknown,unknown
1,I'm proud to be an American,Illesac,Bitcoin,2,2,0,2014-12,2014-12-20 12:13:16,"American justice: HSBC launders billions, no jail time. Charlie sells bitcoin to a SR launderer, 2 years. Words cannot express the sadness and outrage I'm feeling right now. Banks such as HSBC are found guilty of laundering billions of dollars not just for drug users but for violent crime cartels. Billions. Violent crime. And yet not a single exec faces a day of jail time. Charlie Shrem, who sold Bitcoins to someone who helped people buy drugs on Silk Road, has now been sentenced to two years in jail. If there was any doubt that we are struggling against an immoral system in dire need of replacement, let this end that doubt. Charlie, our hearts and minds are with you, friend. The work continues.",justice,justice,unknown,justice,unknown
0,Because that's maybe the fastest method to get BTC atm.,usrn,Bitcoin,1,1,0,2013-11,2013-11-04 05:18:17,"First time buyer, using local Bitcoin vs. coinbase, bitstamp, etc. Finally decided to stop speculating and plunge into the wonderful world of bitcoins. However, as most of us know, it takes time to get verified/deposit/etc to get bitcoins on websites like coinbase and bitstamp. I decided to go a quicker route (purely out of impatience) with Localbitcoins. Picked some up today for around $217 USD (near the medium of todays high/low via mt.gox). Easy, fun, and had an interested conversation with the seller. Anyway, my question to you all is, why are most people selling on Localbitcoin (from my experience) charging more than websites like coinbase, bitstamp, etc? Is it just the area I live in (not many sellers, only about 7) or is there another reason? Sorry if this is an easy answered question, like I said I just bought today and this question came to mind. Thank you for your time.",bitcoin,bitcoin,localbitcoins,unknown,localbitcoins
0,"I actually got hung-up on this, expecting the stock shiny gold coin photo.",sebrandon1,Bitcoin,2,2,0,2014-10,2014-10-27 18:10:04,not using shiny bitcoin tokens as the story photo?? what is this madness??,confusion,confusion,unknown,unknown,unknown
0,"So, sell and get out while you still can?",The_Time_Master,Bitcoin,1,1,0,2014-06,2014-06-08 16:27:32,"Bitcoin's fundamental security cannot be based on ""incentives"" to do the right thing. It is designed to be an untrusted model. It is fundamentally broken.",bitcoin,bitcoin,unknown,unknown,unknown
0,Bitcoin is better without a face behind it in my opinion.,StonerChef,Bitcoin,4,4,0,2014-03,2014-03-06 09:28:26,"Ask r/bitcoin: Should Bitcoin be abandoned because of Satoshi's anonymity? Quoting here, but ""The more people use bitcoin, the more the price rises - but for every dollar the bitcoin ""market cap"" increases by, 25 cents or more of that value goes to its original inventor (""Satoshi"")..."" Couldn't this amassed wealth be an incredibly negative force, when you consider Bitcoin's founder is a total X factor? throwaway.",bitcoin,cryptocurrency,unknown,future,unknown
0,would be hilarious if they opened an exchange and gox us,chairoverflow,Bitcoin,24,24,0,2014-06,2014-06-04 07:43:11,"I just gave a Bitcoin talk @ Goldman Sachs to 3 Managing Directors and 10 Executive Directors This is the 3rd talk at Goldman I've given in a month. There were about 20 attendees and all were incredibly open, interested, and asking good questions. Change happens one conversation at a time.",bitcoin,bitcoin,unknown,education,unknown
1,"Yep, there's no way to provably link public keys with identities.",Matticus_Rex,Bitcoin,-1,-1,0,2014-09,2014-09-25 22:48:09,"Marriages are agreements between two people, not between two private keys. A bitcoin note in the blockchain proves nothing about who signed or agreed to the document. This is why in real life we have notaries and witnesses to contracts.",blockchain,cryptocurrency,unknown,identity,unknown
0,Isn't him the one in the tv program Shark's Tank or whatever it is called?,rdymac,Bitcoin,2,2,0,2014-02,2014-02-05 01:01:45,"Mark Cuban, tech entrepreneur and owner of the Dallas Mavs, tweets about Bitcoin again",bitcoin,bitcoin,unknown,sharktank,unknown
0,Isn't the founder in jail?,cap2002,Bitcoin,2,2,0,2014-06,2014-06-18 07:06:36,A year ago flattr added bitcoin funding option after i tweeted with the ceo and send him some coins. It seems to be removed again. I wonder why. Is flattr usage declining?,bitcoin,bitcoins,bitcoin,bitcoin,bitcoin
0,"yes, let's confuse the public even more.",n1ce_hat,Bitcoin,2,2,0,2014-10,2014-10-22 15:57:56,imagine the headlines when the media sees the new bitcoin prices,bitcoin,bitcoin,unknown,bitcoin,unknown
1,Dell should make their own proprietary bitcoin client too!,PartySunday,Bitcoin,1,1,0,2014-07,2014-07-19 21:31:43,"Dell Should pre-install Bitcoin Wallets in all its laptops Now that Dell has started accepting bitcoin in the most bitcoin concious nation - US, it should try to promote bitcoin through its laptops. This could be done by installing interactive guides and bitcoin wallets in all the laptops.",bitcoin,bitcoin,preinstallation,bitcoin,preinstallation
0,I'll make it and post it tonight (busy right now).,genpub,Bitcoin,3,3,0,2014-07,2014-07-30 18:04:33,"Hi Genpub, thanks for the suggestion. I'm using Woocommerce, so I'll probably have to find a small bitcoin image to add to the current footer image. Anyone know where I can find one that matches?",bitcoin,woocommerce,woocommercbitcoinplanning,unknown,woocommercbitcoinplanning
0,The community has answered yes - if they threaten to gain too much hashing power.,poolbath1,Bitcoin,1,1,0,2014-01,2014-01-09 19:13:16,So... should we start a witch hunt against every single company/person in the Bitcoin community?,bitcoin,bitcoin,witchhunt,witch,witchhunt
1,And the community is doing a great job to show that it cares about allowing companies to innovate and succeed unhindered within the Bitcoin ecosystem.,L_Cranston_Shadow,Bitcoin,1,1,0,2014-06,2014-06-17 13:28:23,"Who said anything about whining? Several concrete measures were taken to reduce GHash's mining dominance without any changes being made to the Bitcoin code (and there are plenty of risks associated with changing the code). There was a DDOS attack against GHash recently which took them down to 6% of the mining rate temporarily. There was also at least one miner claiming to be conducting block withholding attacks against GHash. Both of these measures have the potential to directly remove GHash's ability to dominate the mining market, if they have not already done so. Maybe someday the core developers will come up with a remedy for this problem (though I'm not holding my breath). In the meantime, I'm pleased that the community itself has beat GHash back on its own. Hopefully this will put them on notice that anytime they rise above 40% of the hash rate they can expect more of the same. Hell, if they try it again, I'd expect the punishment to be even more severe.",bitcoin,bitcoin,mining,unknown,mining
1,b-b-b-but it's not backed by anything.,Thorbinator,Bitcoin,1,1,0,2013-11,2013-11-09 06:47:20,"People were wondering how Bitcoin could continue to grow exponentially. Many possible applications don't even open up to Bitcoin until it's at $1000 or $10,000.",bitcoin,bitcoin,bitcoin,growth,bitcoin
1,Bitcoin will never be a real currency if you keep comparing it to the value of [insert other thing here] :-p,RedPill_S,Bitcoin,1,1,0,2014-03,2014-03-04 14:10:14,See the Bitcoin price visualized as delicious food!,bitcoin,cryptocurrency,food,unknown,food
1,Those self-serving a-holes just want to see Bitcoin grow and prosper.,bubbasparse,Bitcoin,16,16,0,2014-03,2014-03-26 14:06:58,"Bitpay team does awesome work for the general Bitcoin population, thank you.",bitcoin,bitcoin,team,unknown,team
1,Clearly this plea for funding is a clever ruse cooked up by his defense attorneys to suggest innocence....,allenahansen,Bitcoin,0,0,0,2014-04,2014-04-20 15:29:23,"he only has those bitcoins if he's guilty. if he didn't do it, why would he have a bunch of btc?",guilt,guilt,unknown,deception,unknown
1,"""If I was the real creator, I would never use my real name"" Hmm, that's a very good alibi, exactly what someone who wasn't *not* the creator of bitcoin would have thought of!",fuZZe,Bitcoin,12,12,0,2014-04,2014-04-23 03:47:29,Dorian S. Nakamoto accepts BTC donations from Andreas Antonopoulos,bitcoin,btc,unknown,unknown,unknown
1,"Yeah, because smashing up an Apple Store isn't fanaticism at all...",long-lostfriend,Bitcoin,0,0,0,2014-02,2014-02-13 15:36:26,"I am talking about that. Here. And I'm letting people do what they want. Dissent is not oppression, nor a command. I think it's a goddamn shame to waste technology and resources like that. I also like to enable effective protest, and I don't think this was it. It would have made more sense if someone went into an Apple store with a hammer and smashed as much as they could before getting arrested. At least that would have hurt Apple. But getting arrested is actually sacrifice and risk. It would have made more of a splash on the media, too. But these are my opinions. I'm pretty sure this sub is pro free speech, so maybe you shouldn't tell me to ""go talk about that"" ostensibly somewhere else. I'm not telling people what to do, just that I disagree with what they did, and that it wasn't a very effective protest. I like bitcoin. I do not like mystery Kool-Aid, nor being told to drink it.",protest,protest,protest,unknown,protest
1,"Why should it bother me that the government can see every single transaction I make, and can with the touch of a button erase all of my personal wealth?",moral_agent,Bitcoin,1,1,0,2013-11,2013-11-14 20:05:19,We can either be monitored by many governments and corporations around the world OR have the right to privacy. Do you want all your finances monitored? We must avoid the concept whitelisting/blacklisting bitcoins. It will destroy bitcoin's fungibility. The main way to fight this bad idea is to raise awareness of the dangers and as a community REFUSE to do business with anyone who adopts such silly practices!,monitoring,bitcoin,privacy,privacy,privacy
0,I found a paid troll!,pardax,Bitcoin,3,3,0,2014-12,2014-12-29 19:16:18,"Bitcoin literally solves none of these problems. Countries don't default because of hyper-inflation, hyper-inflation is a last ditch effort to save an economy. Bitcoin isn't stable, there is no currency God that holds Bitcoins value, in fact Bitcoins value is even more volatile than any state dependent currency because there is no rhyme or reason for its value. Bitcoin is a fantasy. A fantasy that somehow value can be assumed for no reason. It has successfully fooled many people but is an unintended ponzi.",bitcoin,bitcoin,debunking,volatility,debunking
0,"**They see me trollin', they hatin'... they downvotin' cuz they try to catch shillin' dirty**",kinoshitajona,Bitcoin,6,6,0,2014-10,2014-10-20 12:21:53,What's with the extreme paranoia on this sub? The only other places that are this bad are conspiracy sites. Especially with the paid shills part. There is no evidence whatsoever that there is even one paid shill here yet every day a dozen people are accused of being one. Basically anyone who isn't 100% a Bitcoin supporter is called a paid shill. Any explanation for this quite insane behavior?,paranoia,paranoia,unknown,unknown,unknown
0,"And then everyone will be forced to use the central Operating System known as ctOS, and a group of rogue hackers will kill the niece of a 1337 hacker who gains backdoor access to the whole system and then he will plot revenge while hacking street lights to thrawrt police from catching him while he delves deep into the underbelly of Chicago... I need to stop playing Watch Dogs.",kinoshitajona,Bitcoin,2,2,0,2014-06,2014-06-01 08:24:44,"See what happens when I'm high. This is Bitcoins end game. The only people who trade in fiat currencies are State employees. Everyone else will work for a specific companies currency or Bitcoin. You will work for Overstock dollars, Google dollars, Sam's Glass Shop dollars, etc, all made possible by Colored Coins. You will either hold those dollars or trade them on an open exchange to a prefered currency. Imagine a system where your money is company stock. Of course Bitcoin will be THE independant currency. The global reserve currency. It's perfect because it IS based on nothing... nothing except our faith in a system that is better than the one that exists. All other currencies will float on an open P2P liquid market, exchanging between each other based on supply and demand of their company fundamentals. Companies will have to compete in every manner to make sure their currency is competivitve and likable in the market. It doesn't just mean good profits and dividends, but in popularity, doing what's right, not being evil. In a moments notice, you could swap their currency for something else. CEO says something you don't like? Sell! We will hold currencies that WE see as being beneficial to our world view. Don't like nuclear energy? Short them! Like self driving cars? Buy stock/currency in those companies. The entire stock market and currency markets will become one. Fiat = States, Stocks = Companies. All will be openly traded by everyone in the world. Everyone who has a phone will be able to actively trade stocks and currencies 24/7. All based on likes/dislikes of their activity. The stock market is currently for the upper middle class. The folks with 401ks and IRAs. There is a huge percentage of the people in the world that do not have a bank account, but have opinions of these multinational companies. Everyone will be able to vote financially. Reduce the barriers and we will have a global market that doesn't discriminate financially. Financial Equality.",bitcoin,bitcoin,cryptocurrency,decentralized,cryptocurrency
0,I don't leave DNA on my Bitcoin when I spend them.,jackmaninov,Bitcoin,0,0,0,2014-09,2014-09-14 22:38:10,"Bloomberg, cash is darker than bitcoin",cryptography,bitcoin,finance,unknown,finance
0,Here a warning for the central banks : Your institutions might be obsolete in a near future.,knight222,Bitcoin,2,2,0,2014-01,2014-01-17 15:00:49,Indonesia Central Bank Warns Against Bitcoin Use,bitcoin,bitcoin,unknown,obsolescence,unknown
0,It's technically a metal,neofatalist,Bitcoin,4,4,0,2014-01,2014-01-28 22:48:02,"Gold is definitely more useful than Bitcoin! Oh wait, no. It's not. It's a rock.",gold,cryptocurrency,unknown,unknown,unknown
1,Don't you mean new bits users,keonne,Bitcoin,1,1,0,2014-07,2014-07-21 09:30:55,Yeah not confusing at all to new BTC users.,confusion,confusion,bitcoin,bitcoin,bitcoin
0,Its like watching children discuss adult things that they have an extremely vague idea about.,Bitcoin-CEO,Bitcoin,16,16,0,2014-06,2014-06-14 17:00:47,Looks like the far-right in America has decided Bitcoin is evil,bitcoin,bitcoin,unknown,bitcoin,unknown
1,"Long-time Redditor, first time Bitcoiner here... TIPS PLEASE!",Atlas_84,Bitcoin,1,1,0,2014-06,2014-06-03 13:01:42,"Not a bad thing in itself, but it raises a flag. There have been many post like yours recently. So, either you are a real new Bitcoin user and new to Reddit, which is perfectly possible, and in which care you are most welcome here, OR you are part of a campaign to manipulate the market, which has been known to happen and is also perfectly possible. Users with older accounts are significantly less likely to be part of a manipulative effort, than users with a new account. So, it would help if you could prove somehow that you and your story are real.",bitcoin,bitcoin,unknown,beginner,unknown
0,"With bitcoin, both of those things can be reasonably aproximated without a bank.",pubus,Bitcoin,5,5,0,2014-06,2014-06-16 21:19:06,"But Satan Inc. can guarantee your money back in the event of theft, and can refund you if a vendor defrauds you. Bitcoin pushes all of those to the consumer. How is that a gain?",bitcoin,bitcoin,unknown,bitcoin,unknown
1,Great live reporting... wow,kinoshitajona,Bitcoin,2,2,0,2014-06,2014-06-27 19:26:30,Live right now - Bloomberg TV covers Bitcoin Auction,bitcoin,bitcoin,unknown,unknown,unknown
1,Spoiler alert: Bread is also $20 a loaf when that happens.,Bipolarruledout,Bitcoin,2,2,0,2014-01,2014-01-07 22:15:21,"""I actually had to adjust this number upwards. But then you come up with a number of about $2-5m per bitcoin."" - Rick Falkvinge when asked about a potential realistic market cap for Bitcoin",bitcoin,bitcoin,bitcoin,bitcoin,bitcoin
1,You forgot: Comes with a DNA sequencer so you can comply with AML laws.,luffintlimme,Bitcoin,6,6,0,2014-02,2014-02-12 20:02:43,"An interesting idea, but I think if I was going to make an ATM I'd want a machine that: * Is a thin client for a server (allowing monitoring, setting exchange rates, rotating wallets, etc) * Has a touchscreen interface * Handled Canadian and American money * Could accept Bitcoin and dispense cash * Has a secure shell design that would make theft difficult * Comes with the option to handle multiple altcoins * Diverts a transaction fee to a third address Obviously, that'd be well beyond what this machine is meant to do, which is play with the basics. Maybe such a project should be funded by the Bitcoin community... it would certainly speed adoption if every corner store and coffee shop could have a small box made for a few thousand that would sit on their counter, handling small Bitcoin transactions and collecting 1% in each direction...",bitcoin,bitcoin,atm,unknown,atm
1,"Everyone knows the best emergency fund is a fake passport, a fake mustache, a dumb phone, and a hoopty.",MysticX,Bitcoin,1,1,0,2014-02,2014-02-21 15:52:16,Good on you for spending all your food money on bitcoins. Most of us would do the same. Who the fuck needs an emergency fund.,finance,finance,sarcasm,unknown,sarcasm
1,I love gawker's reasoned and non-hysterical approach to this.,qwints,Bitcoin,1,1,0,2014-02,2014-02-28 16:10:12,Bitcoin Kingpin Admits Everyone's Money Is Gone,bitcoin,politics,unknown,unknown,unknown
0,Ultimate Fighting Coin :],djangocoin,Bitcoin,1,1,0,2014-06,2014-06-12 07:22:33,UFC fighter Rory Macdonald wanting to cash in on the bitcoin gravy train,bitcoin,bitcoin,bitcoin,unknown,bitcoin
1,"Answer the questions, you fucking money launderer!",republitard,Bitcoin,7,7,0,2014-09,2014-09-06 02:01:12,"Moved my bitcoins off coinbase and got the following email We noticed your account has conducted a high volume of transactions with Coinbase. We appreciate you being an active customer! We are required to periodically review high volume accounts as part of being a Money Service Business. To assist in this process, can you please provide us with the following information at your convenience: - Please describe the primary use case for your Coinbase account - Please describe the source of the bitcoin being deposited into your account - Please tell us the source of funds for your bitcoin purchases - Please elaborate on the nature of your outgoing transfers and what, if any, services they are related to Respectfully, Coinbase Compliance Team",money,bitcoin,financial,compliance,financial
0,check out open transactions - the need for traditional banking institutions is evaporating,asherp,Bitcoin,5,5,0,2014-05,2014-05-08 02:28:43,I cannot envision a world where the finance sector is replaced by block chains... but can definitely see bitcoin and banks co existing as long as the consumer has the final choice,blockchain,blockchain,decentralization,disruption,decentralization
0,Way to go on security..... wow.,Introshine,Bitcoin,8,8,0,2014-06,2014-06-18 19:25:34,List of Possible Silk Road Bitcoin Bidders Allegedly Leaked by US Marshals,security,security,silk,unknown,silk
0,"""The Great Train Robbery"" Someone stole my smartphone with the unencrypted wallet!",rowdy_beaver,Bitcoin,1,1,0,2014-02,2014-02-19 15:10:16,"Just for fun: Movie plots that would have been ruined by bitcoin I thought it would be fun to list movies that the plots would be ruined if they had used bitcoin instead of fiat. Especially bank heists, cons, etc.",heist,theft,unknown,unknown,unknown
0,"Can't we stop using ""Bits"" for this purpose now?",Arcas0,Bitcoin,1,1,0,2014-07,2014-07-29 17:44:23,"PSA: Don't change the new Blockchain iOS wallet denomination to ""Bits"". When you click Bitpay/Coinbase payment links it will send the wrong amount of BTC to the payment address. I just discovered this 'bug' today. I installed the new iOS Blockchain wallet. Changed denomination to Bits. Opened Gyft app, wanted to buy a Target Giftcard. Clicked Bitpay's ""Pay with Bitcoin"" link. Blockchain immediately opened, however the app sent .0843 BITS instead of .0843 BTC. I was really confused for a long time why the gift card was not appearing for me, it's because I barely sent them a few pennies worth of Bitcoin and I didn't even realize it for a long time. So long story short, keep the Blockchain wallet denominated in BTC for now.",blockchain,bitcoin,payment,unknown,payment
0,I can just imagine a cattle auction in Australia being done in bitcoin - it would take forever.,floodle,Bitcoin,0,0,0,2014-03,2014-03-20 14:15:15,Western Australian farmers adopting btc for meat exports to foreign countries Btc is about to go through the roof Buy buy buy !,btc,btc,agriculture,speculation,agriculture
1,Bearish as fcuk,davotoula,Bitcoin,1,1,0,2014-09,2014-09-22 21:03:55,Jack Dorsey says Square will accept bitcoin,bitcoin,btc,unknown,bitcoin,unknown
1,"""They're not paid to research, they're paid to write!""",targetpro,Bitcoin,3,3,0,2014-09,2014-09-27 15:44:54,It's not a company -_- how can people make this mistake in 2014. Did the writer of this article really not google Bitcoin before pulling some shit out of ass??,bitcoin,mistake,bitcoin,unknown,bitcoin
0,No problem xD,KrLoSk8,Bitcoin,1,1,0,2014-03,2014-03-17 06:05:48,Oh yeah! Honestly I totally forgot tiger direct was accepting btc. Ty! Haha,btc,buying,unknown,bitcoin,unknown
0,Except that legitimate businesses may no longer accept bitcoin which decreases it's value as a currency.,FunkTrooper,Bitcoin,3,3,0,2014-08,2014-08-23 18:55:48,"As the governments push BTC away, they will actually strengthen the network.",bitcoin,currency,regulation,unknown,regulation
1,BJS4BTC,djangocoin,Bitcoin,1,1,0,2014-10,2014-10-27 10:50:12,A 20 year old female human trafficking victim... I doubt there's many stock photos of that kind of a person holding up a Bitcoin logo and their reddit username.,humantrafficking,humantrafficking,unknown,unknown,unknown
1,"Impulsive bitcoin hodlers should spend their bitcoins to 1BitcoinEaterAddressDontSendf59kuE as it will take quite a long time to recover the private keys for spending, thus saving you from yourself.",AgentZeroM,Bitcoin,2,2,0,2014-07,2014-07-03 14:36:19,"Finding it hard to hodl Hey guys, 21 year old male here. I'm thinking of just putting away a few BTC as a ""long-shot"" retirement investment, but right now, 10BTC seems like a lot of money. One of my issues is being able to set aside the coins. I'm an active trader and very impulsive. In the long run, 5 years isn't a long time for a possibly huge payoff. Anyone else have similar issues? And don't worry... I do my fair share of spending as well. Especially with Newegg now accepting BTC.",bitcoin,h,hodling,unknown,hodling
0,I think his prediction is a little low.,Daurgothoth,Bitcoin,5,5,0,2014-07,2014-07-10 19:34:40,"Bitcoin price 'to hit $2000' by end of the year | A venture capitalist, Geoff Lewis has predicted Speaking at CoinSummit in London",bitcoin,bitcoin,unknown,unknown,unknown
1,Yeah... Amazon has never taken a risk on anything,blackmarble,Bitcoin,2,2,0,2014-06,2014-06-07 19:46:19,"No, that's super risky. No company will hold bitcoin unless they plan to speculate.",bitcoin,risk,parent,unknown,parent
1,"Dont worry, someone ELSE will figure it out for us",spadmin,Bitcoin,0,0,0,2014-06,2014-06-12 20:14:36,"What is your proposed solution for the ""right incentives""? Or at least your first stab at a proposed solution. Where is the discussion on that topic happening? Bitcointalk? Somewhere else? Here??",incentives,incentives,incentives,incentives,incentives
1,"Sure is, I once knew a prostitute with QR codes tattooed near all her orifices for easy upgrade payments.",Big_Man_On_Campus,Bitcoin,1,1,0,2014-06,2014-06-26 04:02:55,Is Bitcoin Welcoming to Women?,bitcoin,bitcoin,prostitution,unknown,prostitution
1,Seems legit.,NedRadnad,Bitcoin,1,1,0,2014-03,2014-03-23 18:06:24,Bitcoin Faucet Earner (Earn Bitcoins with your pc without mining),bitcoin,scam,unknown,unknown,unknown
0,"""official""",PotatoBadger,Bitcoin,34,34,0,2014-03,2014-03-18 23:02:14,Pay for your tickets for the official Bitcoin conference 2014 in Amsterdam with ...,bitcoin,bitcoin,tickets,unknown,tickets
0,Why don't you explain to me how it's broken then?,PoliticalDissidents,Bitcoin,2,2,0,2014-07,2014-07-12 23:00:48,"PoS is broken in its design, so it doesn't matter that you implement it from the ground up. I don't know who you are so why would I care that you ""haven't heard"" of PoS being broken? If you want to stay up to date on things like these join the experts at #bitcoin-wizards.",pos,broken,bitcoin,unknown,bitcoin
0,Thanks for the new goal!,Sovereign_Curtis,Bitcoin,2,2,0,2013-11,2013-11-09 19:19:30,"No because 21m is the maximal bitcoins. so 21 xbt get you a ""millionth"" of the total. Imagine having $1 for every $1,000,000 printed, in the history of the USA. that's why 21 is a fun number.",bitcoin,bitcoins,unknown,unknown,unknown
0,"Sadly, their computers are shit.",Prahasaurus,Bitcoin,-2,-2,0,2014-07,2014-07-19 13:42:34,DELL is now the world's largest ecommerce business to accept Bitcoin!,bitcoin,computers,unknown,unknown,unknown
0,Climate change is more due to cow farts,majorpaynei86,Bitcoin,0,0,0,2014-08,2014-08-13 11:18:02,"Oh great, someone who believes human-induced climate change is a myth. THAT's who we want promoting Bitcoin...",climate,climate,unknown,bitcoin,unknown
0,What questions do you have?,rowdy_beaver,Bitcoin,1,1,0,2014-05,2014-05-27 20:12:15,Bitcoin coaches Is there anyone that can coach me step by step?,bitcoin,coaching,coach,coach,coach
0,"The Bitcoin CEO would never pay his ""Stoodent Athaleetes"".",Big_Man_On_Campus,Bitcoin,1,1,0,2014-08,2014-08-11 20:06:53,My friend is running a Bitcoin based American football bowl -- I don't know anything about football but thought someone might find the Bitcoin part of interest to some,football,football,unknown,unknown,unknown
1,"LoL, yeah that is the best you can do for a noob that prefers bits instead of BTC xD",rdymac,Bitcoin,2,2,0,2014-10,2014-10-22 19:25:19,Solution: fee is paid in Bitcoin... Sent 56.4 bits with a fee of 0.0001 BTC,bitcoin,fee,unknown,unknown,unknown
1,No.,mohland,Bitcoin,0,0,0,2014-10,2014-10-24 07:26:00,Will UTOKENS be bigger than Bitcoins?,cryptocurrency,crypto,comparison,comparison,comparison
1,What you mean the whole world isn't a libertarian?,PoliticalDissidents,Bitcoin,1,1,0,2014-07,2014-07-19 06:46:08,Whats not to understand? This sub is riddled with subservient statists who only care about bitcoin because moon money.,politics,politics,ideology,statists,ideology
1,Bitcoins are too expensive,Sugar_Daddy_Peter,Bitcoin,1,1,0,2014-08,2014-08-08 12:44:48,"What's interesting about this graph, which begins at 1995, is that the adoption rate at its start is over 10% of all adults. Bitcoin isn't *anywhere near* that amount yet.",bitcoin,adoption,adoption,adoption,adoption
1,Herp bitcoin isn't a company Apples to oranges derp,Tester24834,Bitcoin,1,1,0,2014-08,2014-08-27 18:07:33,For those hoping for sanity in the BTC valuation someday: Jessica Alba's Diaper Delivery service just got a $1Billion Valuation. (It blows my mind that BTC is still less than $7Bil :),btc,btc,bitcoin,unknown,bitcoin
1,"ok, now ELI-FIVE!",BeCoingInABit,Bitcoin,1,1,0,2014-04,2014-04-11 21:58:13,9 Year Old Explains Bitcoin,bitcoin,explaining,bitcoin,simplex,bitcoin
1,You mean all that China news was real?,flamingboard,Bitcoin,0,0,0,2014-01,2014-01-04 13:29:05,"PSA - The USA is not the only country using Bitcoin Posts about legislation, taxation and government organisations are frequent here, which is totally fine. What's not fine is when you assume that America is the default and talk about region specific concepts as though they are universal. If you are making posts that relate to government specific concepts, spend two seconds to add something that indicates what country you are talking about. You're clever enough to tag posts about China and India, so do the same for the USA.",bitcoin,bitcoin,unknown,american,unknown
1,"Yeah, a centralized service will solve this.",SexWithAGoat,Bitcoin,9,9,0,2014-01,2014-01-23 22:16:55,People on the ground need to develop a BTC banking system there as an alternative to the current fiat systems. Show it works there and it's game over.,bitcoin,bitcoin,decentralization,unknown,decentralization
1,"Remember guys, Bitcoin is a bubble.",shervin2,Bitcoin,1,1,0,2014-02,2014-02-20 00:24:43,Whatsapp worth $19bn. Bitcoins worth $8bn. Time to buy.,invest,trading,investments,valuation,investments
0,I guess it was worthless in '09.,tormented-atoms,Bitcoin,4,4,0,2014-10,2014-10-29 13:50:13,"How would you get Bitcoin if every exchange, bitcoin meetup site and circle/coinbase closed? How would you *spend* bitcoin if they all closed? It'd become worthless. Trying to argue otherwise is just attempting to ignore and uncomfortable fact.",bitcoin,bitcoin,worthlessness,worthless,worthlessness
0,This problem has been fixed in current versions of wallets.,chinawat,Bitcoin,3,3,0,2014-02,2014-02-21 17:00:32,"Using an Android wallet for bit coins is considered unsafe sooo,",safety,safety,security,unknown,security
0,"But the form was filled out stating ""I will not use this account to perform X, Y, Z actions"" and after the guidance was passed that what he was doing was X, Y, and Z he did not work to bring his operations back into compliance prior to the investigation, many months following.",jesset77,Bitcoin,1,1,0,2014-02,2014-02-07 22:43:23,"Karpeles wasn't using his account for money transmission at the time he filled in that form -- at the time, remember, bitcoin was toy money, and fincen had not issued that guidance.",compliance,money,regulation,unknown,regulation
0,"Subscribed to the list, can't wait to play with this!",i_can_get_you_a_toe,Bitcoin,3,3,0,2014-04,2014-04-05 08:58:57,Bitcoin App Store for iOS &amp; Android (No Jailbreak),bitcoin,application,unknown,availability,unknown
1,I have never heard this before.,usrn,Bitcoin,2,2,0,2014-10,2014-10-04 09:41:29,Bitcoin Collapse,bitcoin,collapse,unknown,bitcoin,unknown
1,yeah cause bitcoin isn't political,7trXMk6Z,Bitcoin,1,1,0,2014-10,2014-10-31 10:43:32,"No. This is about Bitcoin. Take your extremist libertarianism elsewhere. Great post, really in the interest of you and you only.",bitcoin,bitcoin,libertarianism,bitcoin,libertarianism
1,Crowdfunding,Essexal,Bitcoin,1,1,0,2014-08,2014-08-21 12:55:12,"how do we get bitcoin into more movies? i mean; wouldn't it be awesome, if someone like for instance brad pitt was in a movie purchasing something(for example coffee). i think that could start the fad needed for bitcoin to get a mainstream push. any thoughts?",bitcoin,bitcoin,mainstream,movies,mainstream
0,Where did all these recent trolls come from?,DarkShadowGirl,Bitcoin,1,1,0,2014-03,2014-03-23 02:27:57,100 percent certain that this will happen. Companies that invested in bitcoin already lost billions of dollars,bitcoin,bitcoin,losses,loss,losses
1,That would require the auditor having a deep understanding of the protocol.,Dratsic,Bitcoin,1,1,0,2014-03,2014-03-11 00:38:03,"I don't understand why actually performing a transaction is necessary for an audit to prove solvency. The auditor could issue a challenge string, and the exchange could sign it using the private keys for a number of bitcoin addresses. The auditor could then simply check the sum of the balances of all those addresses with valid signatures. No panic created.",auditing,solvency,auditing,transaction,auditing
1,"This is actually bad news, because it means bitcoin is mainstream.",TheSelfGoverned,Bitcoin,15,15,0,2014-03,2014-03-24 02:43:02,"The way things are going these days, this should cause the BTC price to drop by at least 5%.",bitcoin,market,unknown,mainstreaming,unknown
1,"Because an electronic currency has anything to do with ""paperwork"".",digitalh3rmit,Bitcoin,1,1,0,2014-03,2014-03-28 18:34:19,"The Taxman Meets Bitcoin... ""A currency that is unstable, with a tax liability, and paperwork has no chance of going mainstream.""",taxation,tax,regulation,unknown,regulation
1,I'm shocked,macro312,Bitcoin,1,1,0,2014-01,2014-01-15 12:09:41,Wells Fargo organizes meet to discuss Bitcoin rules. Spoiler: they don't like it.,bitcoin,bitcoin,unknown,bitcoin,unknown
1,"Everyone knows the best emergency fund is a fake passport, a fake mustache, a dumb phone, and a hoopty.",MysticX,Bitcoin,2,2,0,2014-02,2014-02-21 15:52:09,Good on you for spending all your food money on bitcoins. Most of us would do the same. Who the fuck needs an emergency fund.,finance,bitcoin,unknown,unknown,unknown
1,"With thrill and exuberance, of course!",rowdy_beaver,Bitcoin,1,1,0,2014-02,2014-02-01 14:13:12,How Should Society React to the Growth of Bitcoin?,bitcoin,bitcoin,bitcoin,reaction,bitcoin
0,FTFY porn/bitcoin go lube in hand.,djangocoin,Bitcoin,-1,-1,0,2014-12,2014-12-30 10:18:26,porn/bitcoin go hand in hand.,porn,relationships,crypto,unknown,crypto
1,Yeah that's why nobody is using Bitcoin in other countries.,AnalWithAGoat,Bitcoin,3,3,0,2014-09,2014-09-01 16:23:44,Lol well so much for Bitcoin in Nigeria...this seems way more convenient and feasible,bitcoin,bitcoin,disfeasibility,unknown,disfeasibility
0,Point 5 highly improbable.,ebaley,Bitcoin,0,0,0,2014-06,2014-06-05 01:13:15,"Someone needs to break the circle-jerk here. 1. You're going to pay a fat penalty on early withdrawl 2. You should never be ""all-in"" with any investment 3. You say you've been in this 401k for 5 years and made 6 grand. If you invested in the S&amp;P 500 in 2009 you'd be up +100% by now so it sounds like your problem is you have a shitty money manager, not that a 401k is a poor investment vehicle. 4. This post leads me to believe you're not very familiar with investing in general 5. We could go to 0 tomorrow. My $.02 - Get more involved with the management of your 401k and start putting a small piece of your paycheck moving forward in bitcoin. Don't play the lottery with your savings.",investing,investments,unknown,unknown,unknown
0,moon,BigMoneyGuy,Bitcoin,1,1,0,2014-06,2014-06-17 18:07:09,"How are wall street investors looking at crypto currencies? So any smart wall street investor with money will want to know a few things about bitcoin. 1.) what does it offer that differentiates it from A. normal fiat and B. other crypto currencies. 2.) What/who are it's competitors (LTC) and what are they doing and how are they doing it. 3.) What is the future of this, how long can it last, and how does it hold up to it's heralded claims? - Any input or comments appreciated",investors,cryptocurrency,unknown,cryptocurrency,unknown
1,That's it folks...the ride's over,majorpaynei86,Bitcoin,2,2,0,2014-09,2014-09-13 18:11:42,DEA seizes Bitcoins without needing wallet.dat file,seizure,seizure,reaction,unknown,reaction
1,"Oh wow, he predicted wearable computing and delivery drones a whole year ago!",halibuthero,Bitcoin,2,2,0,2014-09,2014-09-24 13:27:06,"Venture capitalist Tim Draper predicts $10,000 per Bitcoin in three years | Fox Business News Online Video",bitcoin,bitcoin,bitcoinprediction,unknown,bitcoinprediction
0,If.. Such a tiny little word with so much consequence!,davotoula,Bitcoin,2,2,0,2014-10,2014-10-16 12:23:11,"Marc Andreessen: If bitcoin works, it can be profound! Dreamforce 2014",bitcoin,bitcoin,bitcoin,unknown,bitcoin
1,Like when Apple's stock split everyone reported the company was being diluted.,foxevv,Bitcoin,2,2,0,2014-10,2014-10-09 17:49:55,"I can also see a humorous adverse effect taking place, like widespread reporting of bitcoins value tanking to fractions of a cent due to a lack of recognizing the unit change.",bitcoin,bitcoin,stock,fragmentation,stock
1,Great article- really explains how this would happen.,ngngboone,Bitcoin,1,1,0,2014-07,2014-07-06 04:49:14,Bitcoin can help less-prosperous nations build stronger economies: Tim Draper,bitcoin,bitcoin,unknown,unknown,unknown
1,This is great news for everyone running a restaurant in your area!,gerikson,Bitcoin,-5,-5,0,2014-07,2014-07-11 14:06:58,"It is amazing how difficult spending money becomes when I think that ""this dinner out that is only $10 today could potentially cost me $100 or $1000 if Bitcoin takes off."" So I too have saved way more than I dreamed I could. ;) The hard part is spending anything now!",spending,spending,unknown,worry,unknown
1,"Do you mean, you are stealing public transportation from the hordes of oppressed anarchists who can't stand the thought of having to pay taxes.",throwawash,Bitcoin,1,1,0,2014-08,2014-08-14 21:23:27,"Bitcoin aside, I currently live without a car and it is awesome. Some people think it is strange especially since I don't really live in the city, but you save a ton of money. I also get free public transportation so there's that too.",transportation,transportation,cars,carfree,cars
1,Check your white male priviledge!,TheSelfGoverned,Bitcoin,1,1,0,2014-08,2014-08-21 21:40:42,First rule for getting rich with Bitcoin: be single.,bitcoin,bitcoin,priviledge,bitcoin,priviledge
1,"I have discovered from reading the comments on that article that the user ""Chas Caldwell"" is one of the great minds of our time.",Justtryme90,Bitcoin,1,1,0,2014-03,2014-03-12 23:25:10,Bitcoin exchange for high-frequency traders is launched - The Wall Street Journal,bitcoin,bitcoin,unknown,unknown,unknown
1,Bbbb bbbuuttt I was told macs can't get viruses Q.Q,kingcolex,Bitcoin,2,2,0,2014-02,2014-02-27 21:08:24,Bitcoin-Stealing OS X Trojan Now Masquerading as 'Angry Birds' and Other Popular Mac Apps,virus,malware,unknown,malware,unknown
1,Aahahahaha that idea is brilliant!,brokedown,Bitcoin,1,1,0,2014-12,2014-12-24 12:46:21,"Where can I buy Bitcoins with a credit card without having to give up my ID? So I've got a credit card with 0% interest for a year. I'd like to buy some bitcoins to hold on the possibility they increase in value so I can sell them later, pay off the card, and pocket the difference before the interest kicks in. I know it's a risk and I'm willing to bet on it. The problem is the few sites I've found that let you purchase with credit cards want you to send them a copy of your driver's license or other ID. I really don't feel comfortable sending my info out like that. I don't understand why buying bitcoins with a card has to be any more difficult than buying anything else online.",bitcoin,invest,unknown,bitcoin,unknown
1,This is the kind of quality content I come to this sub for.,gonzobon,Bitcoin,2,2,0,2014-12,2014-12-26 01:00:49,I just realized that my obsession with Bitcoin is actually a distraction from my horrible marriage.,bitcoin,marriage,unknown,marriage,unknown
0,"True, it's a pity it just looks like the bears are starting to claw this one back-",Right_In-The-Pussy,Bitcoin,1,1,0,2014-10,2014-10-10 13:51:07,"The only thing missing from that ELI5 is that for each short position, if the price reaches a certain level, Bitfinex will automatically panic-buy the owed coins back on the short trader's behalf, relentlessly driving the price upwards.",trading,bitfinex,short,unknown,short
0,"The US Dollar isn't scarce, and it has worked for about 100 years.",skilliard4,Bitcoin,-2,-2,0,2014-05,2014-05-09 18:05:09,"And another thing, it can't just ""be decided"" that miners will be compensated by DOGES that are not scarce. The fact that Bitcoin has value is because it's scarce. You're telling me that a LOT of doge will always reward the miners, which will make them happier. Doge isn't scarce, it won't work.",mining,mining,scarcity,scarcity,scarcity
0,Bitstamp/mtgox/btcchina You cant get USD from mtgox or btcchina though.,TheSelfGoverned,Bitcoin,1,1,0,2013-11,2013-11-26 12:16:57,so where should i go to trade BTC?,trading,trading,unknown,btc,unknown
0,Do you think they are really that simple?,Subduction,Bitcoin,3,3,0,2014-01,2014-01-08 03:41:54,They might not understand what Bitcoin is and think they're just being scammed out of tips but forced to wear those shirts.,bitcoin,bitcoin,bitcoin,tips,bitcoin
1,But who would ever have enough to buy an entire Bitcoin?,luffintlimme,Bitcoin,28,28,0,2014-10,2014-10-18 00:02:51,Holy shit! It teaches that bitcoins are divisible!,bitcoin,bitcoin,unknown,divisibility,unknown
1,I like Bitcoin because it's a really efficient payment mechanism.,xcsler,Bitcoin,-1,-1,0,2014-07,2014-07-08 02:21:49,There are a lot of reasons people are drawn to bitcoin. No need to criticize them if they are just now realizing the wider implications.,bitcoin,efficient,unknown,attraction,unknown
1,Sounds Turkish to me :],djangocoin,Bitcoin,1,1,0,2014-08,2014-08-05 08:51:30,"""Bitcoin has proven it can scale to a level that no one imagines,"" said Mike Antonopoulos, who is regarded as one of the most publicly recognized security experts in the field of crypto currency. .... who the f*ck is Mike Antonopoulos :D",bitcoin,cryptocurrency,unknown,turkish,unknown
1,Just like satoshi envisioned,Pretagonist,Bitcoin,0,0,0,2014-08,2014-08-27 21:47:03,Pictures from another Chinese bitcoin mine,bitcoin,bitcoin,unknown,chinese,unknown
1,"Sure, because what's best about bitcoin it's that it's so evenly distributed trough it's users.",BTCoverlord,Bitcoin,4,4,0,2014-05,2014-05-10 14:39:56,Pope Francis Calls For 'Legitimate Redistribution' Of Wealth To The Poor - Let's contact Vatican to accept Bitcoin!,bitcoin,bitcoin,god,unknown,god
1,"Nah he knows about that, all he means is that you can't steal any *real* money using this method.",e4xit,Bitcoin,4,4,0,2014-06,2014-06-14 10:00:17,"Worse, he claims double spending is traceable because you'd need to sell into USD. Gavin obviously knows an attacker would buy into an altcoin and perform the double spend that way. 1. send BTC to exchange 2. buy altcoin and xfer out immediately 3. cancel 1 with a double spend. You now have your original BTC and the altcoin.",double,cryptocurrency,unknown,double,unknown
1,Because economics has nothing to do with currencies......,AIchemyst,Bitcoin,4,4,0,2014-03,2014-03-03 18:02:05,None of this offers a substantive argument against Bitcoin's fundamentals. Sorry.,bitcoin,bitcoin,economics,unknown,economics
1,Preferably as a torrent?,SmellsLikeUpfoo,Bitcoin,1,1,0,2014-04,2014-04-03 20:10:02,Nice! Does anyone have a collection of the bitcoin articles they have published?,bitcoin,torrent,unknown,collection,unknown
1,Nice try person with own wallet as QR code,BloodyIron,Bitcoin,-1,-1,0,2014-04,2014-04-16 20:55:11,Just downloaded Notepad++ and noticed they accept Bitcoin donations. Donated a small amount and thought you guys might be interested as well.,donations,bitcoin,bitcoin,qr,bitcoin
1,Now you can buy fake medicine with fake money!,seahorses,Bitcoin,0,0,0,2014-01,2014-01-14 22:09:07,"Brazil is starting to catch up with crypto. My bother is now accepting Bitcoin at his sports supplement food store. If you need weight gainers, vitamins, etc, check his website out or come in person to the store in Sao Paulo. He can't wait for the first customer paying in BTC.",crypto,cryptocurrency,brazil,unknown,brazil
1,We should just institute age restrictions to posting.,davvblack,Bitcoin,3,3,0,2014-02,2014-02-04 18:47:03,"Even though the dogecoin post isn't about Bitcoin, users here are seeking to get it banned from the subreddit.",dogecoin,ban,unknown,ban,unknown
1,This is actually good news: just think of how much more new money this means there is yet to come.,noggin-scratcher,Bitcoin,1,1,0,2014-02,2014-02-05 16:59:13,Three in Four People Have Never Heard of Bitcoin!,bitcoin,bitcoin,unknown,bitcoin,unknown
0,"Sure,any altcoin will do.",midoman111,Bitcoin,0,0,0,2014-10,2014-10-26 15:39:54,I thought they all dried up? I'm not sure about BTC faucets these days. Altcoins maybe.,cryptocurrency,btc,unknown,faucets,unknown
0,I could see this being useful in the diamond industry... Certified non-blood diamonds.,hotoatmeal,Bitcoin,9,9,0,2014-10,2014-10-11 18:29:05,"How the block chain can help the wine industry: ""The Future of Wine Provenance Is Bitcoin""",blockchain,blockchain,transparency,unknown,transparency
0,Namecoin?,Natanael_L,Bitcoin,6,6,0,2014-01,2014-01-22 21:44:44,That could be one way. Bitcoin really needs a DNS-like system whereby one could type in AmericanRedCross.bitcoin or AmericanRedcross.litecoin and it would give you their public address(es). I'm not smart enough to know from a technical standpoint how such a DNS-for-bitcoin system would be securely implemented though.,bitcoin,bitcoin,dns,unknown,dns
0,"ITT: People who has realized value is subjective, thanks to Bitcoin.",pardax,Bitcoin,2,2,0,2013-11,2013-11-22 00:32:12,"ITT: People who have been blinded by their vested interest in Bitcoin, unable to acknowledge the fact that Schiff is right about the lack of intrinsic value.",bitcoin,bitcoin,bitcoin,unknown,bitcoin
0,"He had me at ""Top Gear Special.""",crimdelacrim,Bitcoin,2,2,0,2014-01,2014-01-12 02:26:06,Bitcoin is poised to shake the world: are you paying attention?,car,television,bitcoin,bitcoin,bitcoin
0,We just went full circle,pablothe,Bitcoin,18,18,0,2014-02,2014-02-07 04:06:18,Washington Dispensary Now Takes Bitcoin for Cannabis,cannabis,bitcoin,history,bitcoin,history
0,Bitcoin debit cards?,vbenes,Bitcoin,1,1,0,2014-06,2014-06-27 12:45:29,"Wait, what? Bitcoin is the solution for how to pay for payphones if your cell phone is dead? Are you envisioning a world where payphones scan paper wallets and then you wait 10 minutes for confirmation and you can make a call? Or are you going to like, scan your pay phone with a cell phone or what?",bitcoin,payphones,unknown,bitcoin,unknown
1,There's always just-dice :],djangocoin,Bitcoin,1,1,0,2014-05,2014-05-27 17:24:21,"Best way to buy 50 more Bitcoins? I'd like to buy another 50 Bitcoins next time it dips below $500. I realise that might never happen, but if it does I want to be ready. I can't meet the ridiculous requirements from Bitstamp as I'm a Brit living abroad and simply can't comply with the document requests (my bills are in electric form etc). I could continue to buy through localbitcoins but I'm paying an unnecessary extra tax when doing this. For 1-2 coins thats fine... but 50 is a significant purchase so I don't want to spend 5-10% over the 'real' price to do this. Any suggestions as to a marketplace I can use that would be competitively priced? I'll be paying by international transfer from a corporate account. I'm willing to supply a scan of my drivers license and a redacted copy of the bank card, but thats it. thanks",bitcoin,bitcoin,crypto,bitcoin,crypto
0,The CEO is also super libertarian,mcr55,Bitcoin,-1,-1,0,2014-02,2014-02-01 22:37:39,"Papa John's should embrace Bitcoin, since it was the first ever pizza delivered in exchange for Bitcoin!",bitcoin,cryptocurrency,bitcoin,unknown,bitcoin
0,"Account is 10 minutes old and has something stupid to say, not hard to figure out.",Ilsensine,Bitcoin,4,4,0,2014-03,2014-03-23 04:32:32,Not sure if trolling... or just very new to Bitcoin price fluctuations.,trolling,bitcoin,trolling,unknown,trolling
0,"sounds like a canadian version of coinbase or bitpay (hell, they should just open up a branch/franchise) would do quite well",cryptonaut420,Bitcoin,1,1,0,2014-07,2014-07-23 23:50:43,Bring bitcoin to dell.ca! C'mooooon get 'er done!,bitcoin,bitcoin,bitcoin,unknown,bitcoin
1,Glad to see the board appointed a new Bitcoin CEO so swiftly.,TheBTC-G,Bitcoin,-1,-1,0,2014-10,2014-10-30 20:13:37,Patrick Murck appointed Executive Director of Bitcoin Foundation,bitcoin,bitcoin,unknown,unknown,unknown
0,"There are still ways of storing your coins just as securely as the trezor does, its just slightly more complicated.",elan96,Bitcoin,1,1,0,2014-03,2014-03-09 20:42:59,Tell that to everyone who has lost their btc recently,loss,btc,btc,unknown,btc
1,I'm sure Paypal will benefit the decentralization movement...,ProGamerGov,Bitcoin,1,1,0,2014-08,2014-08-04 08:44:36,"PayPal will buy Coinbase in the next 6 months to a year. As soon as they are done analyzing Bitcoin, they will determine their best strategy is to buy Coinbase.",acquisition,cryptocurrency,bitcoin,unknown,bitcoin
1,Good to see some objective reporting with no agenda driving the narrative.,beaker38,Bitcoin,5,5,0,2014-08,2014-08-06 18:06:51,Bitcoin - good for who?,bitcoin,bitcoin,unknown,bitcoin,unknown
1,As long as transaction malleability doesn't get you.,Apatomoose,Bitcoin,4,4,0,2014-08,2014-08-25 11:12:31,"You should definitely take bitcoins , they are the currency of the future and allow you the merchant to pay lower fees.",cryptocurrency,cryptocurrency,bitcoin,unknown,bitcoin
1,Use an email address with the word dogecoin in it.,Introshine,Bitcoin,1,1,0,2014-06,2014-06-20 07:18:18,"Wanted to post a simple ad in this FB group but it got deleted since my email had the word ""bitcoin"" in it. The admin found it offensive and said it was considered branding. (repost)",facebook,facebook,dogecoin,facebook,dogecoin
1,"The title says ""[Confirmed]"", so it must be.",lifeboatz,Bitcoin,1,1,0,2014-03,2014-03-11 13:02:17,"He didn't say that at all. He said the BTC market is still essentially zero and adding more complexity to the donation landing page carries a risk of detracting overall donations. He also said he didn't know if it was wise for wikimedia to promote BTC. He remains cautiously pessimistic and in reality a single spurt of donations isn't likely to do much convincing because he needs proof of long term sustainable donations. Where did you get that he was donated $200,000? His BTC account is showing more around ~$11,000.",donations,donations,donations,unknown,donations
0,imagine X that's awesome ......,bleahbloh,Bitcoin,2,2,0,2014-06,2014-06-17 08:00:59,"Marc Andreesen: ""Imagine a Bitcoin Valley where some country fully legalizes cryptocurrencies for all financial functions.""",bitcoin,cryptocurrency,crypto,unknown,crypto
0,Wtf is bit4me?,flamingboard,Bitcoin,1,1,0,2014-02,2014-02-16 15:30:56,Bit 4 me - clearing all bitcoins - buy now!,investing,cryptocurrency,crypto,unknown,crypto
0,Do you not have online banking in the US?,lisa_lionheart,Bitcoin,1,1,0,2013-11,2013-11-16 01:37:44,Can someone who has bought btc through localbitcoin or similar using bank deposit walk me through it? The info given by localbitcoin is quite vague. I have to confirm via sms about 30 minutes before I go to the bank. But what the heck do I say when I get to up to the teller? What actually happens? Do I just tell them I want to deposit to so and so's account... Do I need certain forms of ID? I have already decided to pay the premium to go with someone who has a high rating / is verified. I have bitcoin from being a merchant but this will be my first actual purchase. I love bitcoin and know a lot about it in some aspects but in this case I am a total noob. Because of tax shit with my business I would rather buy in cash at a bank than the slow process of hooking up my bank account. Thanks!,bitcoin,bitcoin,unknown,unknown,unknown
0,"I love how so many people call Ron Paul crazy, I feel its only because people are scared of what he says.",killzon32,Bitcoin,8,8,0,2014-01,2014-01-16 04:37:29,"Ron Paul comments on Bitcoin, RonPaulCoin, and Crypto in general on CNBC - Completely owns the anchor and runs the interview",bitcoin,bitcoin,unknown,unknown,unknown
0,Last Week in Bitcoin?,luffintlimme,Bitcoin,2,2,0,2014-07,2014-07-25 16:26:22,This Week in Bitcoin,bitcoin,bitcoin,unknown,bitcoin,unknown
1,"Holy shit, no way",BTCisGod,Bitcoin,2,2,0,2014-09,2014-09-24 15:50:29,"paypal vendors can now accept Bitcoin. The company struck deals with bitpay, coinbase, and gocoin to process bitcoin payments.",bitcoin,bitcoin,unknown,integration,unknown
0,"The WSJ headline: ""Bitcoin CEO Silent on Puppycide Allegations""",backofthefridge,Bitcoin,27,27,0,2014-03,2014-03-03 01:53:00,Headline: Bitcoin Kills Puppies. Nice Ones.,bitcoin,bitcoin,unknown,puppies,unknown
0,"I would argue for once every 3 hours, but I suppose that's not the point.",Gappleto97,Bitcoin,1,1,0,2014-07,2014-07-13 06:19:13,"Not millions per block yet, but it can process thousands per block with current infrastructure, which is enough for intra-bank settlements. So it could scale globally, but most people wouldn't be using Bitcoin directly. Instead, they'd be using tokens ""backed"" by Bitcoins, and banks would be incentivized via the market to prove they have full reserves at all times. (Notice: this is **a lot** easier than proving full reserves of gold or cash.) Settlements between banks could occur frequently, like once a day.",bitcoin,bitcoin,tokens,bitcoin,tokens
1,Don't have any oil,Natanael_L,Bitcoin,1,1,0,2014-05,2014-05-14 11:00:13,I think a more interesting question is what percentage of your liquid assets is in bitcoin?,investors,bitcoin,unknown,unknown,unknown
1,"Well now you know, duh.",mcippolito,Bitcoin,5,5,0,2014-05,2014-05-17 22:27:13,"""Bitcoin is the most prominent of a group of so-called virtual currencies created by computers and governed by the Bitcoin Foundation"" I didn't know the Bitcoin Foundation governed alt-coins.",bitcoin,bitcoin,cryptocurrency,control,cryptocurrency
1,Al Gore likes it and he *invented* the internet!,Bipolarruledout,Bitcoin,1,1,0,2014-01,2014-01-23 02:25:41,"Creator Of Netscape Praises Bitcoin, Compares It To The Invention Of PCs And The Internet",bitcoin,bitcoin,unknown,unknown,unknown
1,Just remember in 10 years it will only be 1 btc.,Bipolarruledout,Bitcoin,1,1,0,2014-01,2014-01-29 07:44:25,Luxury 32 Acre Estate for sale in Bitcoin (Oregon),realestate,property,bitcoin,unknown,bitcoin
1,"Yes, let's spam up retailers and annoy them with copy pasta that lacks any real effort, that will certainly get them to do what we want!",skilliard4,Bitcoin,4,4,0,2014-03,2014-03-12 14:16:52,"""Please accept Bitcoin"" - Let's generate a copy &amp; paste script to send to retailers! I think one of the best things we can do for Bitcoin is to help gain acceptance among retailers worldwide. If we each emailed a few businesses that we shop at, I'm sure 5-10% would consider or actually implement BTC for purchases. Ready? Go!",bitcoin,bitcoin,bitcoin,bitcoin,bitcoin
1,Gold will go down to nothing also,evian11,Bitcoin,2,2,0,2014-04,2014-04-23 21:38:33,understood. but if the 'reserve currency' inflates and takes prices of goods with it then bitcoin will simply be as worthless as the fiat currency only harder to bring into existence.,inflation,economy,value,value,value
1,"yeah, but has bitcoin ever been associated with shady marketing schemes?",BeCoingInABit,Bitcoin,1,1,0,2014-04,2014-04-30 00:29:44,All Bitcoin acceptance is good :),bitcoin,bitcoin,bitcoin,bitcoin,bitcoin
1,With Bitcoin's market cap we just buy them out and incorporate their ideas.,_omega,Bitcoin,1,1,0,2014-01,2014-01-12 14:43:52,"Indeed, and considering Bitcoin is open source, anything that you could consider a ""marginal improvement"" is likely just an engineering dispute. Anything truly ground breaking would have to be impossible to implement in Bitcoin for the altcoin to have the same advantage over Bitcoin, as Bitcoin has over traditional banking. I personally believe Bitcoin will be the last major currency humans use before we solve our energy problems and eliminate even the need for a currency ala Star Trek. But thats just me...",bitcoin,bitcoin,bitcoin,unknown,bitcoin
1,"Exactly, so we should do nothing to correct this!",Thorbinator,Bitcoin,3,3,0,2014-12,2014-12-14 23:20:28,"At this point I don't think anybody cares. There have been so many bitcoin thefts, scams, security leaks, that most people in the media simply assume that Bitcoin leaks like a sieve.",bitcoin,scams,unknown,security,unknown
0,Plausible deniability is everywhere.,TheSelfGoverned,Bitcoin,1,1,0,2014-07,2014-07-17 22:17:57,"No, I get it. You can't stop any transactions from happening. They're just going to try to watch bitcoin NSA style in order to protect our freedom.",politics,banking,privacy,surveillance,privacy
0,with you brother.,ellis1884uk,Bitcoin,6,6,0,2014-04,2014-04-21 18:39:30,"Jeez! We downvote people who don't mindlessly kneel at the altar of Bitcoin for their prescribed dick-sucking session? We aren't allowed to talk about the mere *possibility* that another cryptocurrency will take over? I like Bitcoin as much as the next nerd, but I'm not so infatuated that I can't acknowledge it's weaknesses/potential falibility. I apologize on behalf of the downvoters here, and if this kind of post is truly unwanted, I'll find another cryptocurrency-related subreddit to frequent.",bitcoin,bitcoin,bitcoin,bitcoin,bitcoin
0,Two weeks ^tm,Essexal,Bitcoin,2,2,0,2014-06,2014-06-04 22:10:39,"Is ""The Rise and Rise of Bitcoin"" downloadable today?",bitcoin,bitcoin,bittorrent,unknown,bittorrent
0,I thought you donated those.,digiorno,Bitcoin,2,2,0,2014-02,2014-02-23 08:54:05,When a sign made me 22 bitcoins.,donation,donation,donation,donation,donation
1,"Yeah, that's what bitcoin needs.",nextgeneric,Bitcoin,2,2,0,2014-10,2014-10-22 16:07:35,"Bitcoin needs fiction to spread like wildfire. Who wants to film a Paper Wallet Heist movie? Oceans Bitcoin :D Let's make an open-sourced movie script and hope one day a film producer picks it up? Or maybe if we have a producer here we can talk you into making one? **Why a heist/fiction movie**, and not a documentary: * 1 we can educate the public about bitcoin basics, not in depth but just enough to enjoy the heist movie without being in the dark. If you start the movie with a guy fresh out of a 20 year jail sentence, then it's easy to explain the 'why are you explaining this to me' trope because bitcoin is only 5 years old. Bitcoin is the brand new tech, so learning about ways to steal it is an interesting premise (in reality, we're showing how hard it is so steal bitcoins) * 2 we can convey the message that bitcoin has many other security that beats credit cards and cash, etc. during small-talk, without alienating credit cards and cash. * 3 even though it's a heist, it's not a realistic scenario, but it will generate discussion on how to hack a paper wallet (because you can't!) and hopefully get people on board the bitcoin discussion * 4 A tonne of people don't watch documentaries because it's not entertainment value for them. A heist? (bonus if it's a comedy?) hell yeah * 5 at the end of the heist I sorta wanna see some dynamics changing in the bitcoin space - right now we have single addresses with tonnes of bitcoins. After the heist it would be AWESOME to see a paradigm shift, live (well, as live as fiction can be) - and watch those big ones split into tonnes of addresses in smaller units so a future heist won't occur. Great end for a heist movie, great message about Bitcoin, even if it doesn't happen in RL. Thoughts? I have a basic premise in my head I wouldn't mind sharing if we can lock in a producer :)",heist,bitcoin,movie,movie,movie
0,Probably but at that point they would probably be past servicing bit coins and switch to direct competition with PayPal.,redditjerkbestjerk,Bitcoin,-2,-2,0,2014-05,2014-05-09 01:48:32,"Far from insulated. $1 would basically mean there's very little bitcoin activity going on anymore, and it wouldn't add up to much revenue at all.",bitcoin,bitcoin,unknown,revenue,unknown
1,I sure this gives bitcoin a very good reputation.,Aalewis__,Bitcoin,-6,-6,0,2014-07,2014-07-29 08:08:27,NeverGetBusted is teaching drug dealers to ditch their cash stash for bitcoin,bitcoin,bitcoin,unknown,unknown,unknown
1,It's their fault for not making their customers love them.,abolish_karma,Bitcoin,1,1,0,2014-07,2014-07-29 09:06:22,"Difference is, if PayPal did this then that would be a corporate action. With Bitcoin, this is grass roots. It is the people who are making their views known.",paypal,paypal,contrast,customer,contrast
1,"Can't be true, no one spends bitcoin.",aristander,Bitcoin,29,29,0,2014-08,2014-08-09 20:09:56,"Dell computer receives order for Poweredge server for 85 bitcoins today ~ $50,000",bitcoin,bits,bitcoin,doubt,bitcoin
1,I'm sure reddit will solve this cryptographic problem,BigMoneyGuy,Bitcoin,1,1,0,2014-06,2014-06-15 19:26:15,"We absolutely need a change in the protocol. When the next reward will be changed to 12,5 btc per block the hole network could in trouble. Mining as a private person will never pay off or even make so much profit that it would worth mining. Only companies with big and efficient mining farms and cheap electricity costs will farm. So this would essentially destroy the hole bitcoin magic. So what are the solutions? -Fees will most likely not get high enough so it would worth. -proof of stake? What are the best solutions currently that are looking reachable and promising?",bitcoin,bitcoin,protocol,bitcoin,protocol
1,What a mature response.,DillyG101,Bitcoin,9,9,0,2014-04,2014-04-06 19:26:59,If you're 5 you need to go back to playing SuperMario. Bitcoin is for grown-ups.,super,bitcoin,bitcoin,unknown,bitcoin
1,This isn't sketchy at all.,chinawat,Bitcoin,2,2,0,2014-02,2014-02-25 12:40:30,Scavenge 100+ bitcoin faucets automatically with this bot. it is virus free feel free to check it with your antivirus before running it.,scam,scam,unknown,bitcoin,unknown
1,"fact: no one has ever been burned by currency speculation, especially not amateurs.",bushwhack227,Bitcoin,1,1,0,2013-11,2013-11-05 21:46:33,"22mil usd on the books for buys, 44k btc on the sell side..... Next stop... Up.",speculation,speculation,unknown,market,unknown
0,The source of every stereotype - except the prevailing trait must be negative.,TheSelfGoverned,Bitcoin,0,0,0,2014-07,2014-07-31 22:52:58,Ask one person - assume he represents 99% of r/bitcoin visitors?,bitcoin,bitcoin,bitcoin,bitcoin,bitcoin
0,"If Bitcoin even takes 10% of our economy, that's $14k/btc!",luffintlimme,Bitcoin,2,2,0,2013-11,2013-11-08 23:23:40,"Calculating how much 1 BTC is worth by pulling numbers out of ... (bad science!) 1) What if the whole bitcoin network was Skype? Microsoft bought Skype for 8100000000 USD. The number of bitcoins in existence will be 21000000. 8100000000 USD / 21000000 gives us 385 USD for 1 BTC. 2) What if bitcoin was gold? 193000 metric tons of gold has been discovered to date. 1t = 35274oz. 193000 * 35274 = 6807882000 ounces of gold total. 6807882000 oz / 21000000 gives us 324oz gold for 1 BTC. 3) What if bitcoin was USD? As of 2013, there are 3000000000000 USD total (monetary base). 3000000000000 USD / 21000000 = 142857 USD for 1 BTC.",bitcoin,bitcoin,bitcoinvalue,unknown,bitcoinvalue
1,"""Freedom ain't free"" and you're just not rich enough to afford ""freedom"".",ChaosMotor,Bitcoin,26,26,0,2014-09,2014-09-24 19:28:51,As an American - How it feels to see all these Bitcoin debit card companies avoiding the US due to our regulations,regulations,bitcoin,regulation,restriction,regulation
1,"Ya, went unnoticed forever.",dillpicklechips,Bitcoin,1,1,0,2014-09,2014-09-29 20:26:29,Except that time that guy had 184 billion Bitcoin,bitcoin,bitcoin,bitcoin,bitcoin,bitcoin
1,Except Ethereum,foxevv,Bitcoin,1,1,0,2014-10,2014-10-03 01:38:58,"There's no other crypto that competes with bitcoin, not even close.",crypto,cryptocurrency,unknown,bitcoin,unknown
1,But... but... David Seaman said in his latest podcast bitcoin was dead!,StarCitizenNumber9,Bitcoin,1,1,0,2014-10,2014-10-07 01:08:05,Uh.. guys this is HUGE: The largest European payment processor is going into Bitcoin. They are the Klarna Group,bitcoin,bitcoin,klarna,klarna,klarna
1,Soon to be announced the most revolutionary things since bitcoin itself.,anon1235111,Bitcoin,1,1,0,2014-05,2014-05-20 01:35:52,"So what is Circle? I've seen the hype about getting the $10 in Bitcoin but other than that, what is it?",bitcoin,bitcoin,circle,unknown,circle
1,'In order to retain Freedom for our great nation',Essexal,Bitcoin,1,1,0,2014-06,2014-06-06 10:15:23,Fed's response to bitcoin,politics,politics,unknown,unknown,unknown
1,But BTC-E takes muh credit cards!,Muhbuttcoin,Bitcoin,0,0,0,2014-03,2014-03-11 06:41:01,Exchanges said they will be transparent and audited quarterly. The rest that dont that I hope they will be marginalized. We will see how it evolves. It is pretty straightforward to prove bitcoin reserves without a third party. For fiat an auditing firm can do that.,auditing,bitcoin,unknown,unknown,unknown
1,"Yeah, Bitcoin companies should never hedge against exchange volatility.",rc111,Bitcoin,7,7,0,2014-03,2014-03-27 20:19:17,"Bitpay has taken $2.5M in funding. They took it in fiat, not Bitcoin, so they must not love Bitcoin that much.",bitcoin,bitcoin,unknown,unknown,unknown
1,THAT'S IMPOSSIBLE!,duduqa,Bitcoin,1,1,0,2014-03,2014-03-30 16:41:47,Here's my financial strategy regarding Bitcoin 1. Take all your coins 2. Place in cold storage 3. Wait a few years 4. ???? 5. No coins lost or stolen + Profit on value increase!,bitcoin,bitcoin,believability,coldstorage,believability
1,"Memes, the sign of a high quality subreddit.",imahotdoglol,Bitcoin,2,2,0,2014-04,2014-04-23 21:46:04,Bored at work = bitcoin meme!,meme,memes,quality,bitcoin,quality
1,"Yeah, I mean, it isn't like the financial system is different depending on where in the world you are.",Naviers_Stoked,Bitcoin,0,0,0,2014-04,2014-04-28 10:11:49,"All of those have benefits. Bitcoin only gives you more responsibility and headaches. It doesn't solve an existing problem for consumers, because for most people the banking system is just fine.",bitcoin,bitcoin,unknown,unknown,unknown
0,They still won't be fully international without restrictions,Natanael_L,Bitcoin,4,4,0,2014-04,2014-04-21 19:36:27,"Yes it's entirely possible. I'm scared that BTC might be a 'pioneer' as it's referred to, but a pioneer that ends up staying a niche and doesn't get the adoption it deserves. I'm worried other platforms might take ideas and tidbits of bitcoin features and make payment platforms that actually succeed, even if it's not decentralized",bitcoin,cryptocurrency,unknown,adoption,unknown
0,Moon bound,Essexal,Bitcoin,1,1,0,2014-07,2014-07-27 16:11:19,"Also, let me know what phrase the Bitcoin community would like along side their image flair rather than just *Bitcoin fan*. If you like *Bitcoin fan*, it will stay the same.",bitcoin,bitcoin,unknown,unknown,unknown
0,Hold educational conferences.,Sugar_Daddy_Peter,Bitcoin,4,4,0,2014-09,2014-09-07 19:08:24,Detroit gets a Bitcoin Center! What do we do now?,bitcoin,conferences,conferences,unknown,conferences
0,"If no one ever made that first pizza purchase for tens of thousands of bitcoins, we wouldn't be here today.",DirtyPolecat,Bitcoin,2,2,0,2014-03,2014-03-23 02:46:11,you're going to regret it when that btc is worth $10 M,btc,btc,bitcoin,unknown,bitcoin
1,Oh yeah it only takes a few hours to redesign a website,mvg210,Bitcoin,0,0,0,2014-10,2014-10-01 23:17:35,Coinbase Unveils New Layout In Response To Circle Bitcoin Bank Launch,bitcoin,bitcoin,unknown,unknown,unknown
1,"The price crashed, therefore bitcoin is dead.",AstarJoe,Bitcoin,2,2,0,2014-10,2014-10-07 16:23:15,"Krugman: more proof that Bitcoin is dead, eh?",bitcoin,bitcoin,price,unknown,price
0,I'll give you $5 in BTC for it.,PirateKitteh,Bitcoin,1,1,0,2014-07,2014-07-12 01:54:08,"very possible, How much you think in BTC?",trading,trades,bitcoin,bitcoin,bitcoin
0,I'm so excited for lighthouse!,PrimeStunna,Bitcoin,3,3,0,2014-07,2014-07-09 22:12:58,"Andreas stepping down from Bitcoin Foundation due to ""complete lack of transparency""",bitcoin,bitcoin,unknown,bitcoin,unknown
1,"Yes, lets confuse the masses so they don't even think about using it",djangocoin,Bitcoin,1,1,0,2014-08,2014-08-06 10:55:58,"Bitcoins are not held on the wallet file. That is not true. Bitcoins only exist as balances associated with a bitcoin address. To be more precise they exist in the blockchain (the public ledger) purely in terms of the chains of transactions that take place and become registered. What you hold in the wallet file is the private key of each address you own. That allows you to spend from the balance associated with the address. You see, bitcoins don't exist. They only exist as balances associated with public addresses.",cryptocurrency,bitcoin,bitcoin,unknown,bitcoin
1,"Online petitions are super effective, and the government always listens to what people want, even when it's directly opposed to their best interests.",trifith,Bitcoin,8,8,0,2014-08,2014-08-13 00:13:07,"Petition to white house to grant bitcoin legal tender status in the USA..........need 100,000 signatures in 30 days to be considered. Help!",bitcoin,bitcoin,unknown,unknown,unknown
1,"Man, the money is not one of the fundamental aspects for bitcoin's success.",RedditTooAddictive,Bitcoin,2,2,0,2014-06,2014-06-04 15:00:19,How is more money going into bitcoin bad?,bitcoin,bitcoin,bitcoin,unknown,bitcoin
1,I thought macs didnt get viruses...,pointychimp,Bitcoin,5,5,0,2014-03,2014-03-05 17:41:52,Use Bitcoin Ticker (TTM) for OSX? Scan Your Computer!,virus,virus,unknown,viruses,unknown
1,Like there's no examples of anyone doing that before...,deltagear,Bitcoin,1,1,0,2014-03,2014-03-09 21:05:31,"This looks barely related to Bitcoin. It seems to be the a mechanism for selling digital keys, which could be used for bitcoin, but can also be for coupons, video games and software products.",bitcoin,bitcoin,keys,relevance,keys
1,"Because taxes are theft, duh",ExcelSar,Bitcoin,1,1,0,2014-03,2014-03-12 18:21:15,lol this is a funny article. what is wrong with paying taxes when you are only doing so because you MADE MONEY FROM BITCOIN!? how is paying 30% on money you otherwise wouldn't have made a bad thing?,taxation,taxation,bitcoin,unknown,bitcoin
1,"yes i want facebook to know everything i buy, ill sell all my btc today",b44rt,Bitcoin,2,2,0,2014-04,2014-04-15 19:43:36,Could Facebook's new universal money transfer system be Bitcoin's biggest competition? Since so many people already use facebook and trust it. And it would be dumbed down for the public and make them feel safer sending/receiving funds. I think it's a stupid idea personally...,facebook,facebook,competition,unknown,competition
1,Uh... I do the same thing but charge only 1 BTC.,Not-ThrowingAway,Bitcoin,2,2,0,2014-01,2014-01-19 19:45:29,"COINBASE/BLOCKCHAIN WALLET HACK ANONYMOUSLY 10 BTC. Hello everyone, i can hack anonymously bitcoin wallets. 10 btc and i hack everything for you.",hacking,hacking,hacking,unknown,hacking
1,"Oh sure, look at bitstamp prices plummeting.",xenodata,Bitcoin,2,2,0,2014-02,2014-02-19 21:31:48,Bitcoin Exchange Prices Plummet as Investors Brace for Bankruptcy,bitcoin,bitcoin,bitcoin,bitcoin,bitcoin
0,I didnt infringe anything.,gonzobon,Bitcoin,1,1,0,2014-03,2014-03-25 03:05:08,"Then don't use exchanges you think are at risk of doing that. By infringing on BTC-e, you put them in jeopardy and you take away my right to choose, let alone their right to offer their service *to those willing to take on that risk*.",bitcoin,risk,trading,unknown,trading
0,"It isn't constrained to fiat currencies, people just have no other metric upon which to base bitcoin's value on.",Naviers_Stoked,Bitcoin,2,2,0,2014-05,2014-05-02 22:18:40,"I very well understand and agree on what you are saying. As bot my post and your analogy imply: currently for the average user, bitcoin is not really acceptable as a payment method due to it's constraints to fiat currencies. This will most likely change but time needs to pass.",bitcoin,bitcoin,unknown,unknown,unknown
0,Because you left for PayPal?,BTCisGod,Bitcoin,1,1,0,2014-08,2014-08-18 15:13:18,Right. That's why worldwide bitcoin fell from 490-ish to 450-ish.,bitcoin,bitcoin,paypal,unknown,paypal
0,"Don't be week hands, be a man.",Forlarren,Bitcoin,6,6,0,2013-11,2013-11-09 03:49:15,"It seems like it. I'm scared....If it keeps going down I'm definitely going to buy some more. It's not terrible news really. I plan on keeping my 0.59223858 BTC in for at least a month. Still scared though...someone hold me... Edit to add: My *uneducated* guess is that people in China are waking up and seeing the price and thinking ""sell sell sell!"" Which will only make people say ""$300?? BUY BUY BUY!""",bitcoin,btc,unknown,bitcoin,unknown
1,100%?,djangocoin,Bitcoin,1,1,0,2014-06,2014-06-27 08:44:24,If someone wants to commit fraud there is no discount big enough to convince then to use bitcoin.,fraud,fraud,unknown,unknown,unknown
0,Let's do v2.0!,modus,Bitcoin,2,2,0,2014-07,2014-07-24 02:37:28,I miss the Bitcoin show.,bitcoin,bitcoin,unknown,bitcoin,unknown
0,"""Love you like a bitcoin""",AgentZeroM,Bitcoin,2,2,0,2014-06,2014-06-13 00:23:52,"I created a YouTube playlist of the best Bitcoin songs. If any are missing, please submit them as a comment.",bitcoin,music,music,playlist,music
1,"We just need to get all the missionaries on board with bitcoin, so that after they try and spread their religious views, they can educate the public about bitcoin.",1Bitcoinco,Bitcoin,11,11,0,2014-09,2014-09-10 23:45:09,Next time a missionary comes to the door we're going to talk about Bitcoin and The Federal Reserve. Let the down votes begin.,bitcoin,bitcoin,missionary,bitcoin,missionary
1,"Ah, the wonders of fractional reserve.",minorman,Bitcoin,-3,-3,0,2014-09,2014-09-24 07:56:52,"true that, the Bitcoins don't belong to you, you have a ""promise to pay"" based on a number of conditions",banking,bitcoin,crypto,unknown,crypto
1,Hang the hoarders!,duduqa,Bitcoin,1,1,0,2014-09,2014-09-30 20:00:08,Chomping at the Bitcoin: An Expert's Take on Bitcoin in China,bitcoin,bitcoin,unknown,unknown,unknown
0,"Or ""Dark Wallet: Just give us a reason to ban Bitcoin.""",KingOfRye,Bitcoin,3,3,0,2014-05,2014-05-29 14:43:56,"Article title should be: ""Dark Wallet: Taking the anonymity of Bitcoin one step too far"" but I guess the author wanted to appear neutral.",bitcoin,bitcoin,regulation,unknown,regulation
0,That and the lack of physical bitcoins.,PastaArt,Bitcoin,0,0,0,2014-04,2014-04-30 11:42:35,"Does anyone else think that until Hardware wallets reach the masses, bitcoin won't go mainstream? I just think we need easier to use security features around bitcoin and I think hardware wallets can really help empower that. Paper wallets aren't good for those looking to invest since there's such a learning curve and chance to mess up. Anyone else think the same?",mainstream,mainstream,accessibility,unknown,accessibility
0,Exactly this sort of unjustified panic went on when Ubuntu started hiring Debian developers.,kingofthejaffacakes,Bitcoin,12,12,0,2014-10,2014-10-23 13:47:06,"Austin Hill, CEO of Blockstream, will soon have a monopoly on Bitcoin development.",bitcoin,bitcoin,centralization,monopoly,centralization
0,"Don't forget to tell charities about bitpay, which offers no-fee processing for registered non-profits.",crazyfingers,Bitcoin,11,11,0,2014-06,2014-06-26 15:45:33,I made the mistake of asking a local charity to accept bitcoin. I pledged $100 if they would just give me an adress. It took them less than 24h to make the decision and i had to part with some bitcoin :(,charity,bitcoin,unknown,donation,unknown
0,This isn't craigslist.,platinum_rhodium,Bitcoin,8,8,0,2014-07,2014-07-03 14:34:56,First Tesla Model S purchased with BTC is now for sale - 200 BTC,tesla,tesla,bitcoin,unknown,bitcoin
1,"Yeah, that's why I pay with pennies everywhere I go.",intrepod,Bitcoin,1,1,0,2014-08,2014-08-07 20:23:53,"never. using bits is a waste of time. either use full bitcoin, or use satoshis. anything in between is simply confusing.",bitcoin,bitcoin,unknown,bitcoin,unknown
1,"It's because they like to use it to buy weed, the only thing Bitcoin is good for",skilliard4,Bitcoin,0,0,0,2014-08,2014-08-11 21:59:41,Hispanics love bitcoin more than anyone else: Poll,bitcoin,bitcoin,bitcoin,unknown,bitcoin
1,"Yes, all us Bitcoiners will need an attorney for hire with all of the money laundering and illegal activity that takes place with Bitcoin Kappa",skilliard4,Bitcoin,1,1,0,2014-02,2014-02-18 03:13:35,"Criminal Attorney now takes bitcoin, says he doesn't believe in the term virtual currency",bitcoin,bitcoin,unknown,controversy,unknown
1,"To be fair, I'd say it's too early to say how early we are in the growth life-cycle.",Terrierpike,Bitcoin,3,3,0,2014-04,2014-04-23 17:59:37,"I love how a few months ago bitcoin was like the internet in the late 90s, then it was like the internet at the dawn of WWW, then it was the internet before mosaic, now it's internet in the 1980s? I guess we should expect bitcoin to be like eniac or a jacquard loom soon as it continues to be ""a thing that has existed for half a decade but we have to pretend this is early because it's not doing the explosive exponential growth we were counting on""",bitcoin,tecnology,bitcoin,unknown,bitcoin
1,Bitcoin...its soooo easy to use.,dudeynudey,Bitcoin,-5,-5,0,2014-02,2014-02-12 17:41:15,"Just had a terrible experience with a localbitcoins transaction. I have 7 bitcoins to my name and decided to sell them this week because I needed money for rent and food and I just don't see bitcoin go up in price any time soon. I figured I'd dump them all on localbitcoins and I'd be financially ok for half a year or so. Anyway, I got in touch via skype with a guy that wanted to buy all 7 of my bitcoins for $700/each. It was a little lower than I wanted but I desperately needed the money so I agreed. We met in the local walmart parking lot late last night and I asked him to show me the money first. He did, he had all $4900. Actually he had $5000 and was ""tipping"" me the extra $100. I transferred the 7 bitcoins to his wallet and once the transaction was confirmed he suddenly pulled a huge knife on me. It was like 7 inches long. I couldn't run anywhere because I was half in my car with the door open and he was standing in the door way. He ordered me to hand back over the $5000. I hesitated but he started getting a bit aggressive so I had to hand it over as I was afraid for my life. He ran to his car and took off and as I tried to get his plate, noticed he didn't actually have any plates on his car. I should have fucking noticed this before I did the transaction but I didn't. Maybe it was because it was dark out. I quickly drove to the police station and filed a report but I'm doubting they'll get my money back now. Sometimes I wish bitcoin did support chargebacks because I wouldn't be out $5000 right now. I'm so angry with myself and my wife is mad at me because we're out the $5000. I don't know what I'm going to do. Such a shitty experience.",bitcoin,scam,bitcoin,unknown,bitcoin
1,Yeah let's all withdraw our fiat and coins!,NachoNaanbread,Bitcoin,27,27,0,2014-02,2014-02-20 20:40:34,"I just wish people would stop using Gox. They are directly responsible for at one of the few major crashes of bitcoin, more likely, responsible for the three of the major crashes. Yet people always go back. It is frustrating.",bitcoin,crash,unknown,unknown,unknown
0,What would the PoW be to enforce this?,GibbsSamplePlatter,Bitcoin,3,3,0,2014-06,2014-06-08 13:07:43,"ELI5: why can't the mining protocol be changed such that all mining is done in a p2pool fashion to eliminate the risk of a 51% attack? It is my understanding that even if p2pool has over 51% of the hashing power, there is still no risk of a 51% attack.",mining,mining,unknown,unknown,unknown
0,I use Electrum's 12 words seed and laught at all of you for trying to secure one single private key that you'll probably import to a client that will send the change to another address and everything will be lost.,rdymac,Bitcoin,11,11,0,2014-05,2014-05-25 11:04:55,How I Store My Bitcoin Backups,bitcoin,bitcoin,unknown,storage,unknown
0,"You can buy $10billion with the ledger, and when you trade you do trade with the ledger.",TheSelfGoverned,Bitcoin,1,1,0,2014-01,2014-01-31 20:08:55,How much can you buy with the public ledger? And if that was the case - why do people trade Bitcoins - versus ledger? And lastly - if it wasn't based on trust why does the market fluctuate based upon mood?,ledger,ledger,currency,unknown,currency
0,"matt, any link to a replay?",lifeboatz,Bitcoin,7,7,0,2014-02,2014-02-25 20:12:30,"Erik Voorhees on Bloomberg TV I'm about to interview Erik Voorhees, the guy who wrote that awesome letter (and lost 550 btc on gox, at least for the time being). Anyone got any Q's for him?",interview,bloomberg,bitcoin,unknown,bitcoin
0,Satoshi Nakamoto is Albus Dumbledore.,TheBTC-G,Bitcoin,1,1,0,2014-10,2014-10-07 13:50:01,"Bitcoin isn't here to make the old ways better, it is here to make those old ways obsolete. It isn't a fancy new train on old tracks- It does not need those tracks, because it can fly.",bitcoin,disruption,technology,unknown,technology
0,"Step #1 &amp; #2 can't be avoided, but step 3 can be solved via Zero-knowledge proofs (Zerocoin style) and/or Secure Multiparty Computation.",Natanael_L,Bitcoin,1,1,0,2014-02,2014-02-12 16:03:20,"Meh. The problems are: - Someone has to hand out the voting rights (unless you want people to vote proportionally to their bitcoin holdings). - That someone needs to make sure they hand out one voting key per person - Therefore they know who you voted for. There are cryptographic techniques for voting that don't have traceability issues: Google for ""multiparty computation voting""",voting,voting,anonymity,unknown,anonymity
1,"Yea, no one ever talks about how retailers need to start paying employees and suppliers with bitcoin.",Sovereign_Curtis,Bitcoin,0,0,0,2014-09,2014-09-11 15:52:10,"Why is there such a focus on B2C transactions, and not B2B? It seems like bitcoin would be much more useful to the average business to business transaction than a business to consumer transaction?",bitcoin,b2b,unknown,unknown,unknown
0,"*""Spare a satoshi for weed to a poor soul""*",BTCoverlord,Bitcoin,10,10,0,2014-09,2014-09-19 14:04:45,Snoop Dog now accepts Bitcoin via ChangeTip!,bitcoin,bitcoin,unknown,unknown,unknown
0,I could move thousands of these in the US.,imjgaltstill,Bitcoin,4,4,0,2014-05,2014-05-09 11:15:11,A new pre-loaded bitcoin card launched in Singapore,bitcoin,bitcoin,business,unknown,business
1,"Wow, I can't believe they're letting you discuss the currency of terrorists and criminals to a bunch of children",skilliard4,Bitcoin,1,1,0,2014-10,2014-10-17 07:37:24,"I emailed my school's politics segment of their news program about Bitcoin. They'll be discussing it to 1,600+ kids next Friday. :)",bitcoin,bitcoin,bitcoin,unknown,bitcoin
1,Just in the nick of time...,djangocoin,Bitcoin,2,2,0,2014-10,2014-10-01 09:58:13,The Rise and Rise of Bitcoin - Movie Review,bitcoin,bitcoin,bitcoin,unknown,bitcoin
0,lol GTFO troller mc trolly.,AgentZeroM,Bitcoin,1,1,0,2014-04,2014-04-13 22:04:56,"Gavin stepping down is too little and too late. Gavin has contributed immensely to the core implementation. However under his watch we've had a major fork, heart bleed, stalled development etc. Gavin despite admitting to possessing millions in bitcoin, continued to accept money from the shady bitcoin foundation while staying silent on its misdeeds. Gavin stepping down is simply too little too late. He should have relinquished his leadership position after the first fork event. Incompetence continues on in bitcoin..",bitcoin,gavin,unknown,unknown,unknown
1,Factories worldwide will shut down operations because a bunch of nerds made a very good investment.,TheSelfGoverned,Bitcoin,0,0,0,2014-07,2014-07-10 18:07:27,"Why would the economy be diverted to make people rich? That makes absolutely no sense. The free market will decide if bitcoin is valuable. If it is, the people that hold them will get rich.",economy,economy,bitcoin,bitcoin,bitcoin
1,Then we should've banned cash ages ago!,TheSelfGoverned,Bitcoin,2,2,0,2013-11,2013-11-15 18:26:35,C. Chance they will be using bitcoin after the hearings/advertisement: 1 in 1,bitcoin,money,probability,bitcoin,probability
0,Well that sounds vaguely familiar!,dreamin_in_space,Bitcoin,2,2,0,2014-04,2014-04-15 01:20:15,Not easily. Accidental one clicks on a credit card can be instantly reversed with a quick call to customer service. Not gonna happen with a bitcoin transaction. They'd have to setup some kind of complex escrow intermediary just to support that.,bitcoin,bitcoin,unknown,reversibility,unknown
0,Caveat Emptor!,doctorrecommendedmus,Bitcoin,1,1,0,2014-03,2014-03-28 00:20:08,A Reloadable Visa Debit Card That You Fund With BTC,bitcoin,payment,unknown,debit,unknown
1,"I for one feel bad for all the earlier investors, those that bought Bitcoin in early 2013, 2012, 2011, etc.. those poor people must be reeling from their losses right now...",diametric,Bitcoin,4,4,0,2014-04,2014-04-01 21:40:10,"Bitcoin failed, but digital currency itself?",investors,investors,bitcoin,unknown,bitcoin
1,"Yeah I know, its really hard for these non techies to understand",elan96,Bitcoin,1,1,0,2014-04,2014-04-21 19:07:38,"Yeah, cause it'll just be impractical for the OpenSSL guys to have to understand and hold Bitcoin.",bitcoin,tech,unknown,bitcoin,unknown
1,Right.. seems like a great strategy... the USA shoots itself in the head to avoid paying its debts to China.,btchombre,Bitcoin,0,0,0,2014-01,2014-01-16 21:53:18,"USA encouraging bitcoin to get out of China debt? Does anyone see the flaw in this theory? If this USA adopts bitcoin would this be a way for us to escape the china debt, making dollars almost worthless?",debt,debt,debt,debt,debt
0,"If anyone asks you for a thorough, layman's terms explanation of Bitcoin, point them in the direction of any video with Andreas Antonopolous doing the talking.",shervin2,Bitcoin,1,1,0,2014-02,2014-02-15 04:58:33,"How Do You Demonstrate The Technological Power Of Bitcoin Without Making It Seem Overwhelming? This is one of the most frustrating problems I've had with convincing people to get involved with crytpocurrencies. Bitcoin's technology and the infrastructure behind it is extremely complex, but the application itself is very easy to use. The problem is that people will not put their money into something they don't trust, so you need to go in depth explaining why it is secure. The problem becomes worse when you spend more than 1 minute explaining the exact technology; you overwhelm them and all they think is ""this is much too complicated for me to use"", and they forget about it. If I simply explain the perks of Bitcoin, they seem generally interested; however, almost everyone seems to question its security. Some common questions: ""What if someone hacks the network and prints tons of Bitcoins?"" ""What if the creator runs away with everyone's Bitcoins?"" ""What makes Bitcoins more ""secure"" than credit cards?"" I can answer all of these questions, but the problem is that if I do, it makes the currency seem way too difficult to use. I try to emphasize that while there's tons of math and computer code behind it, using it is extremely easy. I compare it to how their cellphone may have complex circuitry and code inside of it, but texting their friends and using apps is easy for them. The US dollar may have complicated economics behind it with federal reserve banking and control of money supply, but in the end to you it's as simple as exchanging a paper note with a designated value. Even with all of this, they just seem overwhelmed and forget about it. I feel as though many people also cannot appreciate it's technical features as well. Decentralization, low fees, open source, and security means nothing to them-they just want to keep using what they've grown accustomed to. Is there any effective way to prove that the Bitcoin network itself is secure, without scaring people away out of how nerdy and complicated it sounds?",bitcoin,bitcoin,security,security,security
0,Let's let the people of 2140 figure out what to do.,shervin2,Bitcoin,0,0,0,2014-02,2014-02-23 22:06:01,When all coins are mined won't transaction fees get out of hand and make btc an expensive option?,btc,bitcoin,obsolescence,fees,obsolescence
0,Good luck with that lol.,jakenichols,Bitcoin,2,2,0,2013-11,2013-11-20 08:57:45,But maybe we can hope for this scenario: The Gov't created bitcoin as a means of taking power away from the Banksters in order to release its people from their grips. I gots hope.,banking,politics,gold,unknown,gold
1,They're on sale!,bitbybitbybitcoin,Bitcoin,1,1,0,2014-12,2014-12-16 22:29:26,"Dear Russians, Capital controls are coming. Your dollar-denominated accounts will be seized. Get your bitcoins now! Don't let yourselves be Cyprused.",capital,parent,unknown,confiscation,unknown
1,BJs 4 BTC,djangocoin,Bitcoin,3,3,0,2014-09,2014-09-04 14:44:56,What's the best way to buy BTC in thailand? Anyone in thailand have any experience? I would ideally like to buy in baht if possible,bitcoin,btc,buying,buying,buying
0,"Until NewEgg does, keep using Tigerdirect :)",ironicalballs,Bitcoin,6,6,0,2014-01,2014-01-24 19:44:14,Newegg Contemplating Bitcoin Acceptance,bitcoin,bitcoin,bitcoin,alternative,bitcoin
0,"Bitcoin good, Starbucks ebil.",Essexal,Bitcoin,1,1,0,2014-08,2014-08-02 02:03:27,20% off at Starbucks when paying with bitcoin.,bitcoin,bitcoin,unknown,unknown,unknown
1,With such an attitude I'm sure their economy will thrive,usrn,Bitcoin,1,1,0,2014-09,2014-09-15 11:26:49,"All in one month, Outlaw Bitcoin, counter with an 'archaic Electronic Currency, and make it a crime to oppose their current banking system. A political Trifecta coup to stop Bitcoin.",bitcoin,bitcoin,antibtc,regulation,antibtc
0,Partially HD wallets doing and not just usage.,dillpicklechips,Bitcoin,7,7,0,2014-10,2014-10-20 06:25:47,"Meanwhile, Number of Unique Bitcoin Addresses Used is at all time high...",bitcoin,bitcoin,uniqueness,hd,uniqueness
0,"That zerohedge article is 'eerily' similar to something you see at least once a week, but having said that, if we have a GFC scale event the btc price will crash hard.",101111,Bitcoin,2,2,0,2014-04,2014-04-25 09:07:27,2014 Is Turning Out To Be Eerily Similar To 2007 (zerohedge)- another economic crisis could be incoming - what effects on the Bitcoin price would this have?,crisis,economy,similarity,unknown,similarity
1,"Shitty memes, just what we need.",imahotdoglol,Bitcoin,31,31,0,2014-08,2014-08-11 00:41:11,"Bitcoin planted a seed in me, now there's no going back!",bitcoin,bitcoin,unknown,unknown,unknown
1,TIL that a 20%+ swing in the last 3 days is a sign of stability.,Terrierpike,Bitcoin,9,9,0,2014-05,2014-05-23 12:00:17,Bitcoin shows signs of stability as it reaches $500,bitcoin,cryptocurrency,unknown,stability,unknown
1,Bitcoin is terrible because its not already fully mature and I cant already do absolutely everything with it like I can with the dollar,cryptonaut420,Bitcoin,1,1,0,2014-03,2014-03-02 16:05:04,"What is your argument, exactly? That volatility makes btc not a good store of value, or currency? It is volatile. Sure. No one is arguing with that. It is a nascent technology. How can you expect it to be stable before it even has widespread adoption? Look, I can understand you not liking the idea of bitcoin, and I can even understand wanting to tell people that it has problems. It seems to me, however, that you think we are delusional lunatics holding onto digital tulips and who will suffer the consequences. Why go out of your way? Are you attempting to save us from financial hardship, or something? I somehow get the sense that you just want it to burn to hell so you can laugh at all of us.",bitcoin,volatility,adoption,bitcoinvsdollar,adoption
1,"Yeah you're right, it's only considered a payment if you buy drugs with BTC",toddgak,Bitcoin,1,1,0,2014-02,2014-02-04 04:45:15,"This brings a post that I made in 2012 back into attention. A Bitcoin payment is not a legally binding contract. If your carpenter decides to take payment in Bitcoin, and you pay him, you still did not legally ""pay him"". He can say right after ""Where is my payment? You only gave me this useless BTC"". The problem is that Bitcoin cannot be recognized as having a value in court, it is worthless in the eyes of a judge. When you pay in cash yo get a recept or he would at least acknowledged that he received the payment. With Bitcoin you have . . . The Blockchain? Good luck getting a judge to look at that.",bitcoin,bitcoins,legality,unknown,legality
1,"What horrible waste, he could have donated it to a homeless person",popeyepaul,Bitcoin,-4,-4,0,2014-02,2014-02-06 21:43:49,"In light of Apple's decision to remove ALL bitcoin apps, please take a moment to enjoy this.",bitcoin,cryptocurrency,unknown,irony,unknown
1,THIS IS GOOD NEWS!,slapded,Bitcoin,1,1,0,2014-02,2014-02-18 17:11:50,"Fuck You Karpeles, still blaming Bitcoin and not his company's incompetence! Seriously, what a fucking ass hat! As I'm sure most of you know in that WSJ interview today, he still blames Bitcoin. He's the dumb fuck who allowed policies which permitted the processing of forged BTC Withdrawal requests! To top it off, he KNEW he was doing this! I really despise these type of people.",bitcoin,bitcoin,bitcoin,unknown,bitcoin
0,They claim it is their jurisdiction because someone is using dollars to purchase the coins.,TheSelfGoverned,Bitcoin,1,1,0,2013-06,2013-06-18 20:20:19,Isn't the point of bitcoins to not have regulations by those kind of agencies?,regulation,regulation,regulation,regulation,regulation
0,"Yeah, the Ripple thing is the only thing that really bothers me about that theory, everything else seems to fit quite well.",btchombre,Bitcoin,1,1,0,2013-12,2013-12-02 23:19:46,"Interesting - met Jed once; connection never occurred to me. Creating Mt Gox is the logical next step after bitcoin, but then Ripple? Not as sure about that.",bitcoin,bitcoin,crypto,unknown,crypto
0,Yeah but you know how it goes; there are plenty of dodge people willing to steal if the opportunity presented itself.,fluffyponyza,Bitcoin,1,1,0,2013-04,2013-04-11 11:31:41,"I saw this too... I don't think anyone could bring themselves to even try these emails.... If it were true that these were legit, than bitcoins name would be forever tarnished..... Luckily they're fake.",scams,fraud,crypto,scams,crypto
0,My bank account shows a tangible balance when I check it online.,zeusa1mighty,Bitcoin,1,1,0,2013-09,2013-09-24 19:26:44,"The ""Tangible"" category is an invention. There is no reason why a currency *has* to be ""tangible"", it's just that *in the past* intangibility has implied that the *finite* nature of the currency can be tampered with. So, tangibility is only valuable to the extent that it insures that the supply of the currency remains definite. The nature of the Bitcoin network makes tangibility a negligible and even costly alternative.",cryptocurrency,monetary,unknown,digital,unknown
1,"Wow, so insightful.",PotatoBadger,Bitcoin,4,4,0,2013-10,2013-10-21 08:36:19,Value of bitcoin should increase faster than it has historically Why? Because the amount of people who get interested in bitcoin and start using bitcoin will increase exponentially. Confidence will breed confidence,bitcoin,bitcoin,exponential,bitcoin,exponential
1,Politicians are too honest to do such a thing.,PotatoBadger,Bitcoin,3,3,0,2013-08,2013-08-27 20:06:14,What to tell congressmen to do... - Buy a bunch of BTC - Make very Bitcoin friendly laws - Profit Is it really that simple?,politics,politics,unknown,hypocrisy,unknown
1,Real professional looking business you've got going there.,Dolewhip,Bitcoin,-8,-8,0,2013-07,2013-07-13 16:22:58,How I do my little bit for Bitcoin,bitcoin,bitcoin,bitcoin,bitcoin,bitcoin
1,Censorship is at the core of being a true Libertarian.,JustinKSU,Bitcoin,3,3,0,2013-03,2013-03-11 03:43:28,"This my main problem with him. He deleted my comments on his videos. He's not interested in a debate on the merits of bitcoin, he's simply creating lots of anti-bitcoin propaganda. It's probably to get attention, so he can sell more of his Silver Bullet Silver Shield medallions.",bitcoin,bitcoin,censorship,unknown,censorship
1,"I agree, 3-day low is terrible.",vbenes,Bitcoin,7,7,0,2013-12,2013-12-15 06:50:07,Bad news about bitcoin is ignored here.,bitcoin,bitcoin,bitcoin,price,bitcoin
1,"Yes, we know that once the price of any asset goes down, it continues to until it is completely worthless.",TheSelfGoverned,Bitcoin,1,1,0,2013-12,2013-12-17 09:59:38,Well after today's big drop. I doubt that banks and big money investors would like to invest in bitcoins. We had a test to keep the price high. We failed.,bank,cryptocurrency,unknown,bitcoin,unknown
0,"People overstate the dark side of Bitcoin (used to buy drugs) without ever discussing the really dark side of Bitcoin... Bitcoin makes it far easier to channel money to *anyone*, including politicians.... When politicians (either legitimately or questionably) become vested in Bitcoin themselves, and once the rich become vested in Bitcoin themselves, it will become very hard to pass laws against Bitcoin.",alanX,Bitcoin,2,2,0,2013-04,2013-04-16 12:28:21,"Yes, we need to use bitcoins to bribe and influence politicians :)",corruption,corruption,corruption,unknown,corruption
0,Subscribe via Google wallet.. Why not BitCoin payment?,opticbit,Bitcoin,1,1,0,2013-06,2013-06-05 08:03:42,Bitcoin Alert - new Android app with push notifications,bitcoin,payment,wallets,subscription,wallets
1,"Yeah, who needs roads..?",durand101,Bitcoin,2,2,0,2013-12,2013-12-27 18:33:07,Bitcoin will end the disease of taxation and theft by governments. Bitcoin will slowly over time deny these thieves of the only thing they want - your money. As soon as humanity wake up to the idea that we don't need bankers or governments in our life the better we will all be. Wake up humans - the solution is Bitcoin.,taxation,taxation,debate,unknown,debate
1,"but wait lol we don't need corporate money, everything is fine without it!",JustSomeBadAdvice,Bitcoin,1,1,0,2013-05,2013-05-20 20:18:25,"for me, it's people like Jon Matonis and Nick Colas who make perhaps the best bitcoin advocates. they steadily introduce it to the world of corporate money, and that's the hardest part.",bitcoin,bitcoin,unknown,bitcoin,unknown
1,"If there's one thing I learned from Hollywood, is that hackers don't have that impeccable amount of grammar.",TheJanks,Bitcoin,6,6,0,2013-04,2013-04-10 20:34:33,"------------------------ OPERATION APRIL FOOLSCOIN ------------------------ Targets: MtGox, BTCE, Bitcoin24, Bitstamp Mission statement: The recent sell-off was only partially successful for several reasons: - Fresh blood looking to buy - Overly bullish market - Only one exchange targeted April 1st occurs at the end of a bank holiday, fiat will be running low on the exchanges and it is the perfect time for a secondary strike. A triple bluff will be used to trick the market into collapse. - Stage 1: Slowly buy BTC, use accounts to spread bullish propaganda on all major channels; bitcointalk, reddit, twitter, etc. - Stage 2: Dump 10k on Gox, and 1K on all other exchanges. - Stage 3: Put buy orders in below the final sale price to profit from the panic sellers. - Stage 4: When price rebounds to within 5% of the original price dump all remaining coins. - Stage 5: DDoS all exchanges and spread negative propaganda on forums. - Stage 6: Send the pre-made press releases to selected news outlets. We got it this time. Meet on IRC at the designated time and be prepared for a late night.",hackers,manipulation,april,hacking,april
1,"Because muslims are terrorists, amirite?",pardax,Bitcoin,4,4,0,2013-12,2013-12-14 04:35:41,"""Bitcoin used to fund Hamas bombing killing 38 civillians.""",terrorism,terrorism,palestinian,bitcoin,palestinian
0,What does that have anything to do with an app on Apple devices?,UltraSPARC,Bitcoin,1,1,0,2013-04,2013-04-27 01:56:11,Then apple can at any point of time spend your bitcoins and you have no recourse.,bitcoin,bitcoin,legal,unknown,legal
1,FAP FAP FAP FAP,cqm,Bitcoin,2,2,0,2013-08,2013-08-08 22:50:02,One of the top posts on reddit right now! LET PEOPLE KNOW about bitcoin!,bitcoin,bitcoin,unknown,unknown,unknown
1,Oh yeah I'm sure,noflag,Bitcoin,1,1,0,2013-01,2013-01-23 18:50:01,Can the deposited credits be withdrawn to bitcoins again?,withdrawal,withdrawing,unknown,conversion,unknown
1,Lithuania...sounds awesome,usrn,Bitcoin,1,1,0,2013-11,2013-11-17 17:33:19,BTCINVE.COM btc investment exchange,invest,investing,unknown,unknown,unknown
1,"""Bitcoin needs to give up...and focus..."" Come on people FOCUS!",barfor,Bitcoin,1,1,0,2013-11,2013-11-21 19:22:39,"How Bitcoin Can Mainstream, in One Easy Step -- Daily Intelligencer",bitcoin,bitcoin,bitcoin,regulation,bitcoin
0,The language barrier.,TheSelfGoverned,Bitcoin,1,1,0,2013-10,2013-10-14 09:26:07,"Bitcoin reaches new highs for the month It's really interesting to see Bitcoin reach new heights even when there are so many pressures at work against it, ie SR being shut down, Dropbox denying, that Chase thing, and a few others. I'm putting this increase on China. I'm wondering what took them so long to get in the game.",bitcoin,bitcoin,unknown,bitcoin,unknown
0,"Yes, yes, yes, yes, yes, yes.",Bipolarruledout,Bitcoin,1,1,0,2013-11,2013-11-29 04:33:30,So is anybody interested in building an alternative site to ebay that accepts bitcoins?,ebay,ebay,unknown,alternative,unknown
1,Do you know if they are going to accept Litecoin?,iflyplanes,Bitcoin,3,3,0,2013-11,2013-11-29 08:13:55,China Telecom Accepts Bitcoin.,bitcoin,bitcoin,cryptocurrency,bitcoin,cryptocurrency
1,Morgan Freeman - I prefer to be educated by him.,usrn,Bitcoin,1,1,0,2013-12,2013-12-02 19:06:20,Which celebrity would you most want to hear explaining Bitcoin to a layperson? My vote would definitely be Christopher Walken. I wish something like this existed!,bitcoin,bitcoin,bitcoin,bitcoin,bitcoin
0,Do people really fall for this shit,inariko,Bitcoin,1,1,0,2013-12,2013-12-09 03:47:29,now i own 0.9999 bitcoin .free 0.5 for all what vote up for me,scam,scam,bitcoin,unknown,bitcoin
1,could you send me .01 bitcoin?,paxton125,Bitcoin,2,2,0,2013-09,2013-09-29 22:34:58,"A test of Brainwallet passphrases. This was not an exhaustive test, just a little impromptu experiment. The idea was to see what works and what doesn't. Specifically the idea was to make the minimum, or below minimum passphrase and see how quickly it gets snatched. First off the addresses that were swiped were swiped between 4 and 33 seconds after sending bitcoin to them. So it doesn't take long. The ones that didn't get snatched, well, they lasted a week or so before I was satisfied and I moved the bitcoin back to my own, secure wallet. Here's the list: perfume invisible --- taken within seconds. bugjest --- also taken within seconds threaded claRity --- never taken \*\*\*!!!\*\*\* --- also quickly swiped it was the best of times --- gone in 4 seconds completionacknowledged --- gone in 30 seconds shuffles39 --- never taken bg98R3wS --- never taken And last but not least: You stay classy San Diego --- never taken I actually thought the last one would get stolen, but apparently there aren't any big Anchorman fans among bitcoin thieves. The one thing this points out to me is how strong a few numbers or random capitalizations make a passphrase. Had I done ""it was the bEst of times"" the bitcoin would probably still be there. FYI the amount I sent to each address was only about 0.01 in case you're wondering.",bitcoin,bitcoin,unknown,test,unknown
0,If that's an email you can copy and paste the address but I agree a qrcode is probably better.,donotwastetime,Bitcoin,1,1,0,2013-07,2013-07-13 20:07:24,How I do my little bit for Bitcoin,bitcoin,bitcoin,bitcoin,sharing,bitcoin
1,"Well, like a bitcoin, sometimes there is only one side to the story.",sunthas,Bitcoin,1,1,0,2013-05,2013-05-01 22:23:00,So tech writer Patrick O'Rourke who wrote a hit piece on the dangers of bitcoin mining isn't concerned with balanced journalism.,bitcoin,bitcoin,discussion,unknown,discussion
0,Stop spamming!,Murica-WeThePeople,Bitcoin,3,3,0,2013-12,2013-12-12 20:43:16,"FREE BITCOINS EVERY HOUR, WORKS FOR ME",spam,spam,stop,promise,stop
0,I love my new currency.,awetard,Bitcoin,2,2,0,2013-09,2013-09-12 03:09:38,So what you're saying is... bitcoin user not affected.,bitcoin,bitcoin,unknown,cryptocurrency,unknown
1,That is absolutely unbelievable.,poolbath1,Bitcoin,5,5,0,2013-09,2013-09-26 19:14:12,"Atlantis bitcoin marketplace was a scam, according to employee",scam,scam,scam,scam,scam
1,"Yeah she's a conspiracy nut because the Jesuits and the church have never done anything evil, and/or don't have any influence in the world anyway.",throwaway-so3,Bitcoin,1,1,0,2013-10,2013-10-21 16:02:32,She also thinks the banking system is a conspiracy orchestrated by Jesuits and the catholic church. Maybe Bitcoin don't need endorsement from her...,conspiracy,conspiracy,conspiracy,conspiracy,conspiracy
1,Burn the place to the ground.,staiano,Bitcoin,1,1,0,2013-07,2013-07-09 03:05:50,"Sold 3 bitcoins on friday, got this lovely letter from my bank today",bank,cryptocurrency,bank,unknown,bank
1,"Awesome, I'm sure US government intervention in the Bitcoin economy will turn out well for a healthy alternative to traditional banks.",qemqemqem,Bitcoin,3,3,0,2013-07,2013-07-23 22:16:50,SEC Charges Texas Man With Running Bitcoin-Denominated Ponzi Scheme (Pirate),bitcoin,bitcoin,fraud,regulation,fraud
1,"With a name like ""Coeptis"" it's going to be a HUGE success!",stormsbrewing,Bitcoin,2,2,0,2013-11,2013-11-28 15:39:37,E-gold founder backs new Bitcoin rival,bitcoin,gold,crypto,bitcoin,crypto
0,I thought we are past the denial stage..,Final_J,Bitcoin,2,2,0,2013-12,2013-12-18 09:04:00,What if the real purpose behind all these regulations from China is that the Chinese government itself could then buy in bitcoins at low price? Just a (probably stupid) thought. What do you guys think? Is this even a posibility?,regulation,regulation,regulations,unknown,regulations
1,"This obviously means that I should buy from BFL, as everyone is trying to keep their products to themselves!",tzimisce,Bitcoin,1,1,0,2013-10,2013-10-07 04:05:13,"PSA: Don't buy anything from Butterflylabs As obvious as this sounds to most of you that have been around the BTC space, there are many new people that are completely unaware. I just had someone ask me what GPU setup they should make, and after i explained that wasn't a good choice they asked what was the best option at BFL. So if you're unaware the answer is nothing - that's the best option you have for Butterflylabs. Ask the people that have been around the space for awhile, and they tell you.",butterflylabs,btc,unknown,psa,unknown
1,Nice referral link.,randombtc-er,Bitcoin,2,2,0,2013-06,2013-06-27 01:04:35,"I'm sure some of you already know about this, but for those of you who don't, BitcoinGet is a way for people with out money or processing power to get their hands on some Bitcoins.",bitcoin,bitcoin,bitcoinget,bitcoinget,bitcoinget
1,That's great for Bitcoin PR...,pat_o,Bitcoin,-6,-6,0,2013-03,2013-03-06 18:40:46,Gavin: Only invest time/money into Bitcoin you can afford to lose.,bitcoin,bitcoin,unknown,unknown,unknown
0,Horrible idea.,TheSelfGoverned,Bitcoin,7,7,0,2013-08,2013-08-20 22:23:48,"Horrible/Great idea - Lobby congress to favor Bitcoin, by paying them with Bitcoin.. As much as I despise lobbying, this has got to be THE best way to assure Bitcoins future. Greed can always be trusted.",bitcoin,bitcoin,regulation,lobbying,regulation
0,"**Looks just like malware**, somebody has been posting fake versions of this project over and over on sourceforge, only uploading the executable.",Natanael_L,Bitcoin,1,1,0,2013-07,2013-07-11 23:43:13,"Open Source Advanced BTC trader (Mtgox and BTC-e supported, other cryptocoins are supported also)",trader,warning,unknown,unknown,unknown
0,how has FTC treated you if you don't mind disclosing that publicly?,frankenmint,Bitcoin,1,1,0,2013-12,2013-12-09 08:28:32,"15 here. Currently holding 1 BTC in BTC and alternate currencies, mostly FTC. I have my account available for my boss and other employees to sell BTC to customers at our game store. Sold 0.2 BTC for some USD to pay off some equipment costs today. So... you're wrong.",investors,investing,money,unknown,money
1,"Wow, that's truly shocking!",tikoop,Bitcoin,0,0,0,2013-12,2013-12-23 21:02:22,Banks mostly avoid providing bitcoin services,bitcoin,bitcoin,unknown,banks,unknown
1,It'll be out as soon as the price stabilizes.,16rjg4,Bitcoin,16,16,0,2013-10,2013-10-28 20:52:05,"Whats going on with the ""Rise of Bitcoin"" documentary? Wasn't it supposed to be done in September?",bitcoin,bitcoin,film,bitcoin,film
1,So you are telling us to buy our gold from the BitcoinStore...,XxionxX,Bitcoin,2,2,0,2013-03,2013-03-23 00:37:37,"Announcing my resignation from Coinabul - Jon Holmquist Hello, I've officially resigned from my position at Coinabul. I put in my two weeks notice about two weeks ago on Wednesday March 6th. I've thought long and hard about my decision and I decided that my time was better served helping other Bitcoin companies. I was recently brought onto the team for [BitcoinStore](http://bitcoinstore.com) and will continue spending more of my time working on that project. I'd like to thank all the customers I had the pleasure of meeting and talking with! You guys rock, seriously. All the troubles and delays Coinabul went through and yet most of you were patient and kind. As for the recent kerfuffle, I guess that is partly why I am leaving Coinabul. Jay has now resolved both issues that gained notoriety on the forums and this subreddit, but I felt pretty much helpless to solve the issues because ""Jay's in charge"". We've recently been disagreeing on which directions to head and well, I now know which way I'm heading. This does not imply that the direction he wants to take Coinabul is not a valid one. This is not me saying that the company is bad, it isn't. I'm still amazed at how quickly we amassed orders and how much we've grown in less than two years. It was great working with you guys to build a new site and company and hopefully you'll continue to support me on my new venture with Roger Ver at BitcoinStore! Thank you, Jon Holmquist",resignation,resignation,resignation,unknown,resignation
1,Contact Bruce Wagner,dylan78,Bitcoin,2,2,0,2013-01,2013-01-28 18:47:43,Having a live debate on my YouTube channel on Thursday on whether or not we can use digital technology to govern ourselves I think it would be really great to have some bitcoin evangelist on to describe how a distributed p2p currency like Bitcoin might work? I can't actually find someone who could play that role... am I missing something?,bitcoin,bitcoin,expert,unknown,expert
1,you dropped this:,salikabbasi,Bitcoin,5,5,0,2012-11,2012-11-30 14:30:34,"No, you shouldn't use Bitcoin, you should be constrained by the sanctions imposed on you by other states while also enjoying the limits on your freedoms imposed by your own state. That's what you deserve anyway. Meanwhile, anyone advocating Bitcoin to you is also a criminal.",bitcoin,cryptocurrency,opposition,bitcoin,opposition
0,"The problem there is the USD, not the BTC.",Krackor,Bitcoin,2,2,0,2013-12,2013-12-18 19:55:01,Now try converting USD to BTC or BTC to USD and tell me it's easy.,cryptocurrency,disagreement,usd,usd,usd
0,Obvious Ponzi scheme is obvious.,kleer001,Bitcoin,2,2,0,2013-12,2013-12-07 17:19:47,The Bitcoin Gem revival!,invest,scheme,investment,scam,investment
0,This is exactly the kind of thing that bitcoin needs more of!,minorman,Bitcoin,1,1,0,2013-04,2013-04-03 21:41:03,How the Internet Archive is having Great Time with Bitcoin | Internet Archive Blogs,bitcoin,bitcoin,support,internetarchive,support
0,Sorry.. just to clarify; you're going to keep cash in a vault on your premesis equal to 100% of customer fiat deposits?,gsgf523532423,Bitcoin,2,2,0,2013-07,2013-07-19 12:53:52,We will be holding all of our own cash reserves (for what we keep in cash) and the funds held in Bitcoin will be held by us on our own systems and offline storage methods. No reserves are being held by any other third party.,bitcoin,rewards,control,reserves,control
1,"also note how effective their laws against piracy have been, or against drugs, prostitution, gambling, sodomy, the color blue...",Eric578,Bitcoin,3,3,0,2013-04,2013-04-14 16:09:16,"Movies are only numbers on your hard drive, and yet it's illegal to share them online. What's stopping them from declaring bitcoin illegal (and litecoins etc.)? If they stop business from accepting them, the would be no more bitcoin exchanges and no more bitcoins trades.",cryptocurrency,censorship,piracy,piracy,piracy
1,Gee I hope so can't imagine what life would be like without checks!,youcangotohellgoto,Bitcoin,1,1,0,2013-11,2013-11-28 05:32:01,Are bitcoin checks and credit cards possible? Is it possible to make?,bitcoin,check,unknown,unknown,unknown
0,I'm honored to give this comment its first upvote.,Sovereign_Curtis,Bitcoin,1,1,0,2013-12,2013-12-04 04:00:38,"""In those days, mBTCs had pictures of bumble bees on 'em. 'Give me 1000 embees for a BitCoin', you'd say.""",bitcoin,btc,unknown,unknown,unknown
0,Dog hammock?,webwidejosh,Bitcoin,3,3,0,2013-12,2013-12-12 16:16:59,Still no sales w/Bitcoin. Suggestions? Cat hammock.,hammock,hammock,hammock,unknown,hammock
0,so did you sell?,munchee,Bitcoin,1,1,0,2013-03,2013-03-22 21:27:10,Should I pull my BTC out now? I know the price is going to go down and I have plenty of BTC in there. I'm also very new to bitcoin and investing. Any advice?,investing,bitcoin,selling,unknown,selling
1,"I don't think you get it, if target accepted bitcoins, why would anybody use any other form of payment?",StaticPrevails,Bitcoin,5,5,0,2013-12,2013-12-21 00:57:50,If Target accepted Bitcoin then 40 million people would have still been swiped. A handful of bitcoiners would have been ok.,bitcoin,bitcoin,bitcoin,payment,bitcoin
0,maybe use a bitcoin escrow service?,Eric578,Bitcoin,2,2,0,2013-04,2013-04-02 16:19:35,"I want to buy coins for people who prefer not to use an exchange. What issues might I run into? Like the title asks, what issues would one run into if one were to accept cash money from someone to buy bitcoin on their behalf? Im thinking about accepting email money transfers, then transferring the cash into my exchange, buying BTC and sending the BTC to the 'customer' for a small fee. Aside from the issue of trust on behalf of the folks wishing to purchase BTC, what issues would someone need to overcome to be sucessful at being a BTC middleman? Thanks!",bitcoin,bitcoin,bitcoin,cash,bitcoin
1,"lol, yeah MtGox is singlehandedly going to cause the collapse of bitcoin",drcross,Bitcoin,1,1,0,2013-09,2013-09-24 13:31:57,I wouldn't. Gox is having problems so people want out. Bitstamp is the #1 market right now and just look at that buy support...and then compare it to the sell walls. People want out and no one wants to catch the falling knife and be a bitcoin bag holder.,bitcoin,bitcoin,unknown,unknown,unknown
1,Everyone of course because they're so scared of defying the all-powerful FinCEN.,mungojelly,Bitcoin,2,2,0,2013-06,2013-06-05 22:15:43,"""Even if a fix to the bitcoin protocol were devised to allow for reversible transactions, the loss of irrevocability could be fatal for bitcoin as it would result in increased transaction costs and slower remittances."" lolwut? Who exactly is going to apply this ""fix""?",bitcoin,bitcoin,drawbacks,unknown,drawbacks
1,seems legit,losermcfail,Bitcoin,0,0,0,2013-04,2013-04-02 02:54:40,Freebitcoins...,bitcoin,bitcoin,unknown,legitimacy,unknown
1,"Don't worry, if it's bad, you can just chargeback!",SprayingVomit,Bitcoin,1,1,0,2013-04,2013-04-11 20:55:50,Wanting to buy bitcoins. Cash!,bitcoin,bitcoins,chargeback,transaction,chargeback
0,LOL,TheSelfGoverned,Bitcoin,10,10,0,2013-05,2013-05-17 02:20:27,Obama will be impeached for telling homeland security to shutdown bitcoin,politics,politics,conspiracy,unknown,conspiracy
0,Thanks.,throwaway-o,Bitcoin,1,1,0,2012-12,2012-12-14 10:42:16,+tip 0.01 btc Mighty words.,tip,tip,unknown,unknown,unknown
1,Yeah a $50 EeePc off eBay is way too much of an investment to protect $10000+ of bitcoins.,veroxii,Bitcoin,1,1,0,2013-12,2013-12-01 06:23:06,"In order to use Armory cold storage, you need a separate offline computer, ideally dedicated to Bitcoin transaction signing. Not everyone has that.",bitcoin,armory,cold,hardware,cold
1,Of course not!,luffintlimme,Bitcoin,0,0,0,2014-01,2014-01-01 07:40:43,"Poll: Will the Bitcoin Price Hit $10,000 in 2014?",bitcoin,bitcoin,price,bitcoin,price
1,Yea... normative gender roles ftw!,jedunnigan,Bitcoin,2,2,0,2013-10,2013-10-24 00:46:01,"I am pretty confident we are the new wealthy elite, gentlemen. It's just so hard to believe. We are only in the beginning storms with these significant rallies from $100 to $230 dollars. I will not be surprised to see prices from hundreds to thousands in the coming months. The world just isn't going to be the same and we have been blessed as the pioneers. What are you going to do with your Bitcoin wealth once your coins hit upwards of $10,000 a pop?",invest,invest,unknown,bitcoin,unknown
1,"In otherwords, I had btc before it was cool.",Grizmoblust,Bitcoin,1,1,0,2013-04,2013-04-10 15:14:48,"Bitcoin Is `Gold for Nerds,' Convergex's Colas Says: Video",bitcoin,bitcoin,unknown,unknown,unknown
1,"Yes, because beanie babies and tulips can also be sent across the internet in seconds and are fungible and divisible into 100,000,000 units each.",digitalh3rmit,Bitcoin,2,2,0,2013-04,2013-04-15 17:51:53,There are a lot of parallels between Bitcoin and the beanie baby bubble in this old WSJ article.,bitcoin,bitcoin,unknown,unknown,unknown
0,"Piper, trezor, Nio (although the degree of security in that one is unknown) and then there's just paper wallets.",Natanael_L,Bitcoin,1,1,0,2013-12,2013-12-07 14:10:02,Physical Bitcoin Wallets Is there such thing as a physical bitcoin wallet? I did a quick google but all I found were a few prototypes. Pros over phone - No worry about malware like you can have with phones (Think about the average consumer) - Cheap (Meaning if someone steals it not much of a problem as your phone) - Could easily be innovated for easy payments (think NFC over QR code) Cons Over phone - Less convieniant (An extra thing to carry) Feel free to add to these lists.,bitcoin,bitcoin,unknown,unknown,unknown
0,You could base it off of your estimated productivity or rent or food or a host of important assets.,TheSelfGoverned,Bitcoin,1,1,0,2013-04,2013-04-27 10:13:16,"Most money has a starting point. This is usually this is a precious metal, or some other commodity (having an inherent value). Inflation and deflation then depends on the amount of available commodity. Over time people get tired of lugging around, gold, sheep, bails of barley, etc. and decide that a representative system would be better suited to commerce. They sit down and agree that for the sake of simplicity, this card will represent 1, 5 oz., portion of gold. The card can be turned in at any time for that gold. These are Promissory notes, or a ""backed"" currency. In this case Gold. This was the case with the US dollar until Nixon. With the mechanisms of high finance, banking has moved to fiat money. This has no inherent value on its own. Money is now thought of commonly as a promissory note from the treasury, but is actually only backed by the citizens' confidence in that unit of money, much like the stock market. Bitcoin does not have this kind of lineage to trace value to. So my question still stands how do you base value for a service with a system whose value has no implied or inherent meaning or value? Absolute Fiat.",monetary,money,unknown,fiat,unknown
0,Count me in mate!,stuffthatmattered,Bitcoin,0,0,0,2013-02,2013-02-15 00:49:44,I pledged to buy 125 reddit gold months if Reddit decided to accept bitcoin as a mean of payment. Get your free reddit gold month here!,bitcoin,bitcoin,unknown,unknown,unknown
1,"People don't kill people, drugs do.",doctorrecommendedmus,Bitcoin,1,1,0,2013-12,2013-12-03 00:43:16,"Who are the ""crooks"" here? Are they the people who stole this enormous amount of money? Or are they the drug dealers who buy their stashes from Mexico, where gangs hire children to kill rivals in turf wars? People who support ""libertarian"" ideals and the ability to buy drugs over the Internet seem to forget where these drugs come from. Please forgive my lack of pity for anyone involved in this situation. On the bright side, it is likely that the value of bitcoins just increased by 1%. Either the thief is never going to spend his bitcoins, which means they are lost; or he will be killed, which means the private keys will be lost. Either way, we all just got richer.",crime,crime,bitcoin,unknown,bitcoin
1,HEY BRO I NEVER GOT A TIP BEFORE WANNA PUT THE WHOLE THING IN?,gonzobon,Bitcoin,1,1,0,2013-12,2013-12-03 17:23:44,"You have a large amount of bitcoins in your bitcointip account! Got that warning today, I apparently have over $50 in my account so they gave me this warning. I only ever deposited $10 in my account, and have given out more then $10 in tips I would imagine in the last month or so. Bitcoin, the gift that keeps on giving!",bitcoin,bitcoin,cryptocurrency,unknown,cryptocurrency
0,"""I need more monopolies in my life.""",flamingboard,Bitcoin,5,5,0,2013-08,2013-08-01 02:10:11,"Coinbase has been very good for Bitcoin in general. One thing I wish is that they would just go the whole way, and replace Mt.Gox, Bitstamp, and also run the securities game. Also become the place for best charts. Might as well start selling ASIC's too. We need one big professional company, something strong enough to destroy Paypal/Ebay/The Federal Reserve/The average dumbass. Long live Bitcoin. Fuck politics, fuck Obummer, fuck America, give the world freedom and everything else will fall into it's place.",bitcoin,monopoly,unknown,unknown,unknown
1,"Yeah, I'm going to believe the ramblings of someone who thinks that the ""c"" in Bitcoin is supposed to be capitalized.",c0ldfusi0nz,Bitcoin,1,1,0,2013-12,2013-12-04 02:14:37,"Why buying Bitcoin in 2013 is a no brainer, (at least 10x market cap growth unstoppable very soon)",bitcoin,bitcoin,unknown,bitcoin,unknown
1,Thanks for the tip Mr Redditor for 30 minutes with no connection to OP.,murbul,Bitcoin,3,3,0,2013-12,2013-12-21 20:35:51,Nice! This is awesome I'm going to transfer some btc over now!,transfer,trading,btc,bitcoin,btc
1,"Right, because most developed nations consider the US to be their political and economic enemy.",Vycid,Bitcoin,3,3,0,2013-09,2013-09-11 22:37:04,"If the US bans Bitcoin or heavily regulates it, it'll only make other nations jump on board faster.",regulation,politics,unknown,unknown,unknown
1,Contact your bank to reverse the transaction.,yyhhggt,Bitcoin,7,7,0,2013-07,2013-07-05 18:12:31,"What happens if Bitcoins are lost? Let's say hypothetically some bitcoins are sent to the wrong address by way of a typo. Would those bitcoins ever be recoverable? What happens if, over the course of time, hundreds/thousands of people 'misplace' their bitcoins?",bitcoin,cryptocurrency,unknown,bitcoin,unknown
1,Yeah but when bitcoin reaches $100000 per coin we'll have donated the most of all!,halfprice06,Bitcoin,2,2,0,2013-09,2013-09-17 05:52:08,"This is funny. I doubt anyone would spend bitcoins on dropbox storage. They only vote for it because they think that it would be cool. But only a minority - those with actual bitcoin income - are ready to spend them. In all actuality if dropbox decides to accept bitcoin only to realise no-one really pays with bitcoin, it could be a giant flop. Notice how the humble indie bundle accepts bitcoin, but bitcoin donations are the lowest of all. Average donation is around 5 dollars, but average bitcoin donation was almost less than 1 dollar average",bitcoin,bitcoin,bitcoin,bitcoin,bitcoin
1,"This will work, just like how it worked with Dropbox",imahotdoglol,Bitcoin,-1,-1,0,2013-07,2013-07-10 06:41:18,We need votes to get Sublime Text to accept Bitcoin,bitcoin,bitcoin,bitcoin,unknown,bitcoin
1,"Yes, because the Bitcoin 2013 conference in San Jose is a good reference for your average usage rates of a Bitcoin ATM.",PotatoBadger,Bitcoin,2,2,0,2013-08,2013-08-13 03:18:55,"Depends on how they set the commission. If they set it to 10%, then yes, they'll need to sell $50,000 worth of bitcoins to recoup the cost. For reference, the prototype exchanged over $20,000 into bitcoins at the Bitcoin 2013 conference in San Jose. Currency trades aren't like typical sales: people do hundreds of dollars at a time. It won't be that hard to hit $50k in exchanges. Could easily do it in less than a year at most venues. Less than a year to break even on a piece of specialty hardware is not bad at all.",bitcoin,bitcoin,hardware,bitcoin,hardware
1,According to Wikipedia.,johnetec,Bitcoin,1,1,0,2013-08,2013-08-20 01:56:19,"Gox still hosts about 75% of all BTC market exchangers, so not even all ""fanboys"" are talking.",bitcoin,bitcoin,bitcoin,bitcoin,bitcoin
1,Yeah...this doesn't look like a scam,redforeva,Bitcoin,2,2,0,2013-11,2013-11-25 10:41:33,Invest in bitcoin (I had profit ;)),invest,bitcoin,unknown,unknown,unknown
0,Game on.,EwoutDVP,Bitcoin,3,3,0,2013-11,2013-11-30 08:55:11,"Here's the thing. Bitcoin is money in the same way bank money is money. One is a public ledger kept by users of the bitcoin program, whereas the other is a system of interconnected, privately controlled ledgers. You have as much money as the ledger says, simply because the ledger says it. They want you to keep using their ledger because it's how they make their money (literally and figuratively). They are not going to allow you to take money from their ledger to start using a ledger that they do not control. Bitcoin is still small potatoes to the banks, and as soon as they decide to put a stop to it, they will. Th will make it so that the only way to buy bitcoin is cash. And that will keep it from growing any bigger. Just like they made it impossible to donate money to wikileaks, they'll make it impossible to buy bitcoin. Because it's THEIR money system. They decide who gets to have any.",bitcoin,bitcoin,control,power,control
0,"totally well, maybe not totally, i mean, i can't use it to pay debts legally (like buying a house), so there's that",Terrierpike,Bitcoin,1,1,0,2013-12,2013-12-04 13:43:11,Bitcoin is not a commodity. It's money.,bitcoin,cryptocurrency,legality,unknown,legality
0,I'm into Bitcoin because it is a radical technology with the capability to significantly alter the status quo.,digitalh3rmit,Bitcoin,3,3,0,2013-04,2013-04-08 03:35:53,"A Serious Question: Why are you into Bitcoin? I have noticed a lot of people here talking about how they have made a lot of money due to the appreciation of Bitcoin. That's fine... I guess. What's really disturbing me is the resulting TAX discussion. I thought the whole point of Bitcoin was to be anonymous and out of sovereign control. Am I wrong? When we engage in these conversations about what every little transaction or appreciation costs us in government taxation, aren't we running counter to the whole point? I want to see more discussion about how to remain anonymous and make and keep as much wealth as possible WITHOUT government knowledge or intervention. I'm late to the party. Are these discussions just cropping up because of the relative fame and appreciation Bitcoin has been seeing? Or has anarchy NOT been a founding principle of the coin? TLDR: We hate governance. We have the technology to ignore the government. Why are we not ignoring the government?",bitcoin,bitcoin,value,technology,value
1,"Wow, did NOT see that last part about the whiskey coming.",okayfineyeah,Bitcoin,1,1,0,2013-12,2013-12-19 04:17:04,"""I AM HODLING"" - hilarious bitcointalk post",bitcointalk,bitcointalk,hodling,hodling,hodling
1,"If your definition of an asset is something that never depreciates on an any arbitrary time frame, then yep I see you sarcasm.",avemo,Bitcoin,1,1,0,2013-12,2013-12-22 15:42:33,Im saying that BTC is a liability I think you missed the sarcasm. It dropped 50% BTC IS a liability.,cryptocurrency,investments,btc,bitcoin,btc
1,Like this: 1n588NGtvDkB6GsqVxwMHKtSxpvmpeh (that's One - november - Five - Eight - Eight - NOVEMBER - GOLF - tango - victor - DELTA - kilo - BRAVO - Six - GOLF - sierra - quebec - VICTOR - x-ray - whisky - MIKE - HOTEL - KILO - tango - SIERRA - x-ray - papa - victor - mike - papa - echo - hotel),lifeboatz,Bitcoin,19,19,0,2013-12,2013-12-24 21:20:57,Is there any method for presenting a bitcoin address over audio? QR codes are great for images and video. Has anyone thought about working out a method for audio?,bitcoin,audio,audio,audio,audio
0,But what if the reanimation system reads your brainwallet and sweeps your coins?,trifith,Bitcoin,1,1,0,2013-12,2013-12-30 18:04:25,"But if I don't spend my bitcoins with them, i won't be reanimated at all!",reanimation,reanimation,bitcoin,resurrection,bitcoin
0,"They drained it to a government controlled address, its in section four.",Zahoo,Bitcoin,2,2,0,2013-10,2013-10-04 02:02:51,"Yeah, exactly. They can't say they seized them just because they have the private keys; they have to be sure they have **the only copy** of the private keys, which is impossible for seized bitcoins since they weren't the ones that generated the keys to them. The only way to properly seize bitcoins is to transfer them to an address you control. What would be hilarious is if they were forbidden from doing so because that woud be considered ""tampering with evidence,"" on the analogy of draining a bank account rather than freezing it. You can't ""freeze"" someone's Bitcoin account, since there's no way to know whether or not they still have a copy of the private key. They have to drain it to be sure.",seizure,seizure,unknown,seizure,unknown
0,How is your employer going to get bitcoins?,supernatendo,Bitcoin,1,1,0,2013-03,2013-03-08 22:16:48,"Cheaper to have your employer just pay some of your wage in bitcoin, so you can skip the exchange fees. :Q_",bitcoin,employer,unknown,fees,unknown
0,Confiscation = Theft,Ashlir,Bitcoin,1,1,0,2013-10,2013-10-25 20:53:58,"FBI vs. Bitcoin Here is another test for bitcoin. Does encryption work? Although the FBI seizure was the second most valuable act of bitcoin confiscation ever, the Feds were actually unable to get their greedy hands on the vast majority of bitcoins associated with the Silk Road",bitcoin,bitcoin,unknown,encryption,unknown
0,"You're going to have to bookmark a LOT of comments/threads/videos, etc.",TheSelfGoverned,Bitcoin,2,2,0,2013-06,2013-06-06 19:10:51,"Bookmarking this comment to reply when BTC is over $100,000 :)",classification,classification,unknown,bitcoin,unknown
0,Welcome to Sparta.,Forlarren,Bitcoin,1,1,0,2013-10,2013-10-19 17:02:58,"I believe that Bitcoin will continue in a bubble cycle, iterating through periods of stability, rapid appreciation, and crash. As a commodity, Bitcoin's supply is perfectly inelastic. (No other commodity has that property.) And I conjecture that this ""bubble cycle"" is the *only* way we could expect such a commodity's price to behave during the commodity's adoption phase. I assert that market dynamics and game theory lead inexorably to the cyclic behavior we are seeing. Takeaway: buy during the flat periods, and hold during the ramp-up and crash-down periods.",bitcoin,bubble,unknown,unknown,unknown
1,"of course its the evil foreigners, surely no chinese bitcoin investors were upset by the recent news.",Jack_Perth,Bitcoin,5,5,0,2013-12,2013-12-18 13:49:38,PBOC DDOS'd - media blames 'foreign bitcoin investors',bitcoin,bitcoin,unknown,foreigners,unknown
1,"Yeah, your wallet should be safe even if you give it to a complete stranger!",pardax,Bitcoin,3,3,0,2013-09,2013-09-20 01:13:51,Bitcoin user not affected.,bitcoin,wallet,unknown,security,unknown
1,"i heard it grows on directory trees, maybe you can harvest them",munchee,Bitcoin,1,1,0,2013-03,2013-03-31 22:52:58,"Ways of earning BTC without mining / buying ? Hey guys, I was wondering if there's any way of earning BTC without having to be a miner or a buyer.",bitcoin,btc,unknown,harvesting,unknown
1,Seems totally professional to have personal grievances like that embedded in my money,gigitrix,Bitcoin,2,2,0,2012-01,2012-01-19 02:27:02,"CoinHunter (SC lead dev) deliberately removed the licensing information from every source code file that had it. It wasn't just a case of a single licensing information text file missing. It also makes one of the text pieces used in the hashing algorithm in Solidcoin look very ironic. static unsigned char SomeArrogantText3[]=""What's up with kids like artforz that think it's good to attack other's work? He spent a year in the bitcoin scene riding on the fact he took some other guys SHA256 opencl code and made a miner out of it. Bravo artforz, meanwhile all the false praise goes to his head and he thinks he actually is a programmer. Real programmers innovate and create new work, they win through being better coders with better ideas. You're not real artforz, and I hear you like furries? What's up with that? You shouldn't go on IRC when you're drunk, people remember the weird stuff."";",licensing,license,copyright,ethics,copyright
1,"""Bitcoin opened at..."" - yeah this guy definitely knows what he's talking about.",J-MRP,Bitcoin,1,1,0,2013-11,2013-11-22 09:30:47,Bitcoin is a Ponzi scheme libertarians use to make money off each other- The atlantic,bitcoin,bitcoin,unknown,unknown,unknown
1,I know _I_ sure feel manipulated.,AveSharia,Bitcoin,2,2,0,2013-08,2013-08-27 15:26:08,"thats one of those awkward insider trading events that we really don't want to see. I mean if the meeting was something along the lines of...""hey bitcoin is good, we don't really need any extra regulation"" and then one of the attendees who had privileged information goes and buys half a million worth of bitcoin and pockets a cool $50k over night, that won't make us look good. that will just piss people off and bring down more regulation.... Unless it was a member of congress.. in which case its totally cool.",regulation,insider,information,insider,information
1,Yeah omg how can u not even have 8 houses and a 500 000 usd income gah poor people are somstupid!,FableFabio,Bitcoin,2,2,0,2013-05,2013-05-12 23:04:16,"not to mention *localbitcoins*, how do you not have a bank account? I had one in elementary school.",banking,banking,bitcoin,banking,bitcoin
0,Yes.,hahahafr,Bitcoin,1,1,0,2013-02,2013-02-25 20:18:20,I'm in the USA. Very relevant. You would meet up with someone for one bitcoin?,bitcoin,cryptocurrency,relevant,bitcoin,relevant
1,Yeah we'd rather have the hackers and scammers like we do now.,TheSelfGoverned,Bitcoin,1,1,0,2013-11,2013-11-30 06:06:09,Hopefully nowhere to be found until btc hits $10000.,btc,politics,crypto,bitcoin,crypto
0,Very very behind,allthefoxes,Bitcoin,1,1,0,2013-04,2013-04-10 23:18:15,Is there no verification yet because tipbot doesnt know what 2$ of btc are right now?,verification,verification,verification,unknown,verification
0,"If bitcoin wasn't volatile when you bought it, you buy it and end up poking it with a stick and say ""do something interesting, bitcoin""",AgentZeroM,Bitcoin,1,1,0,2013-12,2013-12-10 00:13:32,"Can't the volatility of bitcoin right now be good for a new investor? Like a lot of people, I screwed up and didn't listen to my buddy 2 years ago. Now that I am interested, and own a few bitcoin, I like the volatility. Even though I own some, I like to see it go down, so I can buy more. I do believe in the long term viability of bitcoin, so why not let it drop several hundred dollars from time to time? Am I wrong in this mind set?",investor,volatility,unknown,volatility,unknown
1,"Yeah, that would REALLY make everyone want to get on board with bitcoin.",inariko,Bitcoin,0,0,0,2013-12,2013-12-18 06:57:59,"What if hackers attacked all financial institutions except Bitcoin, forcing global markets to adopt Bitcoin? This is on the assumption hackers gain some new skills/technology and can massively infiltrate global banking systems. The concept is quite intriguing no?",,,survival,unknown,survival
1,seems legit.,pointychimp,Bitcoin,2,2,0,2013-03,2013-03-20 17:01:19,BITCOIN HACK????,,,legit,unknown,legit
1,But how are you going to wreck the bitcoin economy if you don't keep hoarding?,mythril,Bitcoin,1,1,0,2013-04,2013-04-07 22:08:54,Today I'm a millionaire with today's rise in bitcoin I'm officially a millionaire. I'm gonna cash out over the next 30 days. I'll keep 50 % in bitcoin gold and silver for long-term and the remaining 50 % for a house and vanguard. Thank you bitcoin! You changed my life,,,bitcoin,bitcoin,bitcoin
1,"You greedy, greedy bastard!",HighBeamHater,Bitcoin,0,0,0,2011-06,2011-06-13 06:15:04,So if you are the one who found the block you still receive the same amount of BTC?,,,unknown,bitcoin,unknown
0,never attribute to evil robots what you can attribute to stupid meatwads,FuckYouGotMine,Bitcoin,3,3,0,2011-10,2011-10-06 05:33:53,Did RoBoTs take down bitcoin7 exchange?,,,unknown,unknown,unknown
0,"I have been following that page for a few weeks now, and this is the first time I have noticed a decrease.",HighBeamHater,Bitcoin,1,1,0,2011-06,2011-06-20 22:14:57,"""Instant Mining Difficulty"" is dropping like a rock for both Bitcoin and Namecoin mining.",,,unknown,unknown,unknown
