label,comment,subreddit,score,ups,downs,parent_comment,exp2_label
0,Reactionary decisions rarely create tranquility.,investing,1,1,0,"In 2008, I always wondered why my sister lost her job at Kodak because some bankers were selling bad mortgages. Everyone panics and loses their shit, and real people lose real things because of it. It's all ridiculous.",0
0,These will have to be replaced with software to have any sort of desirable future.,Bitcoin,1,1,0,...what?,1
0,Or a money cow,investing,2,2,0,Nobody wants to be Dad.,0
0,"Google ""filetype:ppt"" and a keyword or two.",finance,1,1,0,Anybody have a ppt deck they could share?,0
0,"Well, more like 2ch lol.",Bitcoin,2,2,0,Lol and reddit I'm sure he's reading this stuff. There wouldn't be any reason not to,1
0,Do you leave pedantic coaching notes to remind staff who's in charge?,Accounting,8,-1,-1,I was a big 4 audit manager. Ask me anything and I will give you the real shit.,1
0,I'll give you $5 in BTC for it.,Bitcoin,1,1,0,"very possible, How much you think in BTC?",0
1,mad brooklyn kids live at home with they moms,Bitcoin,1,1,0,He's up all over Brooklyn. Nice enough dude. Met him once at my art gallery in Bushwick.,1
1,he missed the,stocks,1,1,0,Smart comment. Don't know why the down votes!,0
1,But scary sounding things that fit within the borders of my confirmation bias are always true!,Bitcoin,1,1,0,"Ok, when you think it can not get anymore retarded here someone posts an Infowars link. Fuck me.",1
1,I wonder if we have any similar past examples of such a thing happening?,stocks,0,0,0,AIRASIA went missing today. Will this have a major effect on airline stocks? What are your thoughts?,1
0,"If I hadn't read Watchmen, I'd assume OP is a sociopath.",Accounting,31,31,0,"As a comic book geek and fellow CPA, I love this.",1
1,That guy was right,investing,0,0,0,"China's stock market falls again, closes down -5.3%",1
0,"RBF should not be deployed, do FSS-RBF .",Bitcoin,-1,-1,0,Poll: What percentage of the Bitcoin community do you think is qualified to meaningfully contribute to the Replace by Fee debate?,1
1,Why can't we have a lock as strong as the TSA approved luggage locks on our phones?,investing,1,1,0,"While public opinion may be divided on whether Apple should unlock one of the San Bernardino shooter's iPhone, Tech CEOs have come out in support of CEO Tim Cook's strong stance against the FBI. In an open letter Wednesday, Cook wrote, ""the government's demands are chilling... We are challenging the FBI's demands with the deepest respect for American democracy and a love of our country."" Google boss Sundar Pichai as well as Jan Koum, CEO of messaging service Whatsapp , are among those who have backed Apple's decision.",0
1,Definitely not a shill,Bitcoin,1,1,0,Its a great way to enhance your bitcoin experience!,1
0,Don't EVER sleep on Barry O!,Bitcoin,1,1,0,Don't sleep on Barry O!,0
0,We may be getting into some central limit theorem here.,stocks,1,1,0,"But on average that wouldn't tend to happen, right?",1
0,"dude 40% isn't correction, thats a crash, correction is like 10%-15%",investing,3,3,0,"All these people claiming ""minimum 40% correction"" have me worried. Half my mind says ""IT'S LOW BUY MORE NOW"" and the other half says ""IT'S GONNA DROP SELL IT ALL NOW"". I invested almost a year ago and at one point was up around 5%, now I'm down 4.05%.",0
1,I hear the people behind Evo market have some they might want to get rid off...,Bitcoin,1,1,0,Buying BTC anonymously online I need a way to do this. I would prefer using a debit card or moneypak. I have cash but can't deposit it into a bank. Localbitcoins is not an option in my area. I live in the US of A. Ideas?,1
0,It *is* very pretty...,Bitcoin,12,12,0,The article points out that there are cheaper wallets... Why is this one so special?,0
0,Don't ya hate when you have a typo in the headline of a Reddit post?,Bitcoin,3,3,0,Great article about why we need Bitoin.,1
1,what do jeans have to do with anything?,Accounting,2,2,0,Is gap irrelevant here?,1
1,"Ad block user reporting in, what ad you talking about",stocks,2,2,0,"Google Finance Technical Indicators Removed Hey Reddit, I'm pretty new to investing but have been pretty successful over this last year. It's not the most reliable information and was filled with a lot of junk, but sometimes you could get some pretty good company info and see why a stock shifted and what event caused that shift. Does anyone have a recommendation for an alternative or something similar, I'm disappointed that its been replaced with a google ad... shame on you google.",1
1,As long as transaction malleability doesn't get you.,Bitcoin,4,4,0,"You should definitely take bitcoins , they are the currency of the future and allow you the merchant to pay lower fees.",1
0,Has he submitted his timesheet tho,Accounting,1,-1,-1,"Yes his ""engagement"" coming to a close supersedes ours.......",1
0,Thanks appreciate the response!,Accounting,1,1,0,"It was worth it as the Big 4 name on my resume made me much more desirable to recruiters outside of public accounting. Also I was exposed to much more complex businesses and accounting, SOX, and more than doubled my network. Hours sucked more with multiple busy seasons and the focus was much more on auditing than accounting, which I found more boring, but overall it was worth it. I transferred in as a Senior 2. I was a Senior 3 before, so I technically lost a year, but I did get a $5k raise with the Big 4 compared to my national firm.",0
0,I'm confused about this as well,stocks,1,1,0,Are you speaking about a specific stock or the compound that can be extracted from the plant?,0
0,"I don't think he was disagreeing with you, just F.Y.I.",Bitcoin,2,2,0,They can do what they want. Doesn't make my statement not true.,0
1,That's what our trust funds are for,Accounting,1,-1,-1,Cost of Living should be adjusted accordingly - but this looks like typical for west/east coast bigger markets.,1
1,I knew watching those Tai Lopez videos would pay off,investing,1,1,0,He must know the one secret of investing that none of us don't,1
0,Oh THAT's the reason.,Bitcoin,41,41,0,Bitcoin spikes above $240 on Fed interest rate fears,1
0,Never.Fuck.With.Em,stocks,1,1,0,"Thoughts on Airlines I own shares of JetBlue (JBLU), Alaska Airlines (ALK), and Southwest Airlines (LUV). They have done pretty well for me thus far. I'm thinking of investing more money into companies like Hawaiian Air (Hawaiian Holdings HA) or Allegiant (ALGT). I'm looking for your thoughts and advice on Airlines, which ones to invest in or if investing in more airlines is perhaps not a good idea.",1
0,Who said anything about taxes?,Bitcoin,2,2,0,"Taxes are after the fact. It's the same thing as a cash based system, you still owe taxes.",0
0,Excel demands you sacrifice marketing students to please him.,Accounting,14,14,0,"Excel is love, Excel is life",1
0,I'm sorry but I don't follow what you are trying to explain here...,finance,2,2,0,"Should build out with another line in excel. Makes it much easier to audit, if you have a line for gross, then have a row below adding one each year (using mid year convention) below the corresponding years out for the cash flow above it. Then have each discount rate in a column down on the left, typically show 5, spread at 0.5. Using 7-9 or 8-10% will be safe usually. Then anchor to that, and lock the row (E$54 for example). Calc once, right and bottom drag and all should calc. Then sum the rows. Learning how it works is more important than pressing IRR in a calculator. If you are ever calcing an IRR and are pulling that outside of a healthcare or Tech VC model-esque model it's not likely wrong...",0
0,jlaw+btc=happy,Bitcoin,1,1,0,The bitcoin fappening :),1
1,Downvote for forgetting the,Bitcoin,2,2,0,I send via Western Union bank to bank for free across the world. Last time I did this I got an email 30 minutes later telling me the money had arrived already. Not sure how it was that fast but it was. Bitcoin would have taken twice as long and he'd still have an asset class that he needed to exchange.,0
0,Ok apparently lucky charms is the new Apple,investing,1,1,0,"Strong brand, kids love them. Yup, checks out.",1
1,Well then it's set in stone,stocks,1,1,0,up 13% today even with a bad market day.,0
0,"Now this is a thread with meat in it, direct sources are sweet!",Bitcoin,1,1,0,"Btc Drak is his boss and is an altcoin scammer, not a Bitcoin developer. Obvious conflict of interest there.",1
0,that string could encode the deck somehow,Bitcoin,1,1,0,How do you know the string was used to randomly generate the deck and it's not just a string which wasn't used for anything?,0
1,Always and forever right now.,Bitcoin,0,0,0,"When is the best time to buy Bitcoin? Should I wait for a little bit or buy them right now? The value keeps coming down and I'm not sure how much of an issue this is... Yes, I'm relatively new to Bitcoin.",1
1,"""But isn't it linked in Excel""",Accounting,1,1,0,my reaction vs new associate's reaction when the client sends all new TBs on 9-14,1
1,"well polished professional replies you provide, full of helpful counter-points.",investing,0,0,0,Why do you spam multiple links?,1
0,It's still like that.,investing,2,-1,-1,"You could also look at Bakkafrost, which almost have monopoly on export to Russia because of Russia's restriction on import from Norway (it used to be a couple years ago, and I am not sure if it still like that).",0
1,"Thank you, armchair doctor!",Accounting,0,0,0,"I think saying ""Hey, this has symptoms in common with ADD"" is perfectly valid.",1
0,I will pick up 400 ish shares on Monday.,investing,1,1,0,Did you pull out of NBG this morning? Saw it at 1.29 this morning and couldn't resist. How bout you?,0
1,"I can't make any off the top of my head, must not exist very many",investing,3,3,0,With 20/20 hindsight this is a great idea. But what about all the trendy new companies that flopped?,0
0,"I think the image is enough, unless they actually did a skit.",Bitcoin,2,2,0,no. link?,1
1,"Yes, much better to have our money continually depreciating so people are forced to spend it.",Bitcoin,7,7,0,"It doesn't mean that people won't spend it at all, it means there is a tendency to restrict spending on the expectation it will be worth more in the future. Certainly that's why so many people treat it like an investment, and in part explains the bubble- tulipomania.",1
1,"Because, as we all know, historical prices are indicative of the future...",stocks,-1,-1,0,It used to be at ~1500 during 2000 then dropped t basically 0 for quite some time. I'm sticking with it through next year.,1
0,You're quickly REGressing,Accounting,1,1,0,I AUD to know,1
0,Care to explain why?,investing,3,3,0,That's precious.,1
0,Baby steps.,Bitcoin,1,1,0,That's what I'm waiting for. But how will we know when it's happening?,0
1,"Yeah, because markets shouldn't drop 1% on the notion that the executive branch was just bombed.",investing,44,44,0,Shows how fragile everything is....,0
1,You just don't realize yet.,Bitcoin,4,4,0,"""Bitcoin wins, because bitcoin is the most profound mathematical object humanity has ever created."" loooooooooooooooooooooooooooooooooooooooooooooooooooooooooooooooooooooooooooooooooooooooooooooooooooooooooooooooooooooooooooooooooooooool",0
0,You are making a big mistake thinking that accountants know anything about public policy.,Accounting,3,3,0,"Anyone else think Bernie should be proposing a living wage through a bigger EITC program rather than a $15 minimum wage? Would this just be too complicated for the american public to understand or is it just not sexy enough to platform off of? Also, seems like so many more jobs would go offshore with a $15 minimum wage versus an expanded EITC program.",0
1,Nahhh eBay was different man that was a P2P and B2P horizontally structured bring and buy sale,investing,1,1,0,A garage sale company... Hmm... Wonder how eBay got started.,1
1,"Cool, that'll be 1% of the principal balance for the advice",finance,1,-1,-1,"This seems like the safest bet, thanks!",1
0,More like Blowing Green State right?,Accounting,1,1,0,Accountant was business dean at BGSU - An example of where a career in accounting can take you,1
0,Make money.,investing,3,3,0,What do BBY and JCP have to do to get you to buy long? What changes would you like to see from these two that would regain your confidence in them?,1
0,more like less overpriced,investing,1,1,0,Do you think they are cheap compared to 2055 prices??,1
1,":) I mean he did only get a lib arts degree, right?",Accounting,25,25,0,The median to mean thing is pretty funny actually given the content of the column.,0
0,You might as well burn all those exam fees.,Accounting,2,2,0,Brute force method of passing the exam: take each section each quarter until passed? Has anyone done this? Schedule each maybe 2-3 weeks apart and just take all 4 of them each quarter? And then keep doing this every quarter until you pass? Or would this end horribly?,1
1,I feel safer already,Bitcoin,91,91,0,Charlie Shrem sentenced to two years in prison,1
1,But... But... He works at gamestop and recommends them to customers..,investing,4,4,0,Weird decision IMO. No signs that it will ever be profitable.,1
1,Clearly the fact it's high!,investing,1,1,0,Why would you be fearful? What are the indications of fear in this stock market?,1
0,Which only highlights that he doesn't know enough to be messing around in the stock market...,stocks,3,3,0,He probably wants to buy a lot of shares with a little money,0
1,I need my safe space man,Accounting,-1,-1,0,You sound triggered,1
1,Lotus Notes,investing,7,7,0,"Where does IBM make money? and what's their plan for the future? Anyone know? When you look at Oracle you know where they make money what their core business is, same for Cisco or SAP for example. But IBM is a mystery to me, it can just be my ignorance ;)",1
0,I can just imagine a cattle auction in Australia being done in bitcoin - it would take forever.,Bitcoin,0,0,0,Western Australian farmers adopting btc for meat exports to foreign countries Btc is about to go through the roof Buy buy buy !,1
1,But Call of Duty is DAED GAME and World of Warcraft subscriptions are collapsing!1!,stocks,1,1,0,"Maybe you should wait it should go up to $38 within a month. Black Ops 3 breaking records, also World of Warcraft revenues continue to stream.",1
0,Don't forget to bring more flowers,Accounting,3,3,0,Give her a week to understand the meaning of the flowers - then ask her out again and be prepared to smash.,1
1,"It's just a ""paper loss"", guys, it's not real",investing,-1,-1,0,Yes you have.,1
0,sunk cost fallacy,investing,-1,-1,0,"That's actually something I don't really understand. People say ""keep it!"" But if it is planned to go down (and at this stage we can safely say there isn't anything in sight capable of reverting the trend) what's the point? Isn't it better to just sell, wait a few months and the buy back - at lower prices? I don't understand the concept of holding onto a shitty market.",0
0,SUIT UP YOUNG MAN Good luck!,Accounting,8,8,0,Started a new job today!,1
0,"Burn their building down, that'll teach em to not tell you by Friday",Accounting,8,8,0,Whats The Best Way To Follow Up For PwC I was told I would hear a decision by Friday and it's Saturday now and I have heard nothing. I know I more then likely didn't get the offer because its been a week with no communication HOWEVER they were having another Superday on Friday and I was going for a tax position which not that many go for so maybe they were waiting to see more candidates before making a decision? Regardless they said by Friday and it's Saturday how do I sent a nice email asking what gives?,1
0,Let's let the people of 2140 figure out what to do.,Bitcoin,0,0,0,When all coins are mined won't transaction fees get out of hand and make btc an expensive option?,1
0,nobody believes you,Bitcoin,-2,-2,0,"I've been posting here for the last two years. The angry mobs have demanded ""trolls"" be banned, price talk be banned, bubble talk be banned, dogecoin be banned, totes_meta_bot be banned, ethereum be banned, litecoin be banned, and on and on and on and on. It is mildly amusing to watch people get upset now that something they like got banned. I can't say I didn't warn you. Reap the whirlwind.",1
0,"Well, when inflation is 1-2%, then yea, it is adequate.",Bitcoin,8,8,0,"Yes, 1-2%. Totally adequate.",1
1,"Ahhh, all those Indian terrorists out there make it hard to tell who is and isn't a terrorist",Accounting,1,1,0,I'm Indian-Canadian and will be suspected as a Terrorist. :(,1
0,Ok but if I want a movie it's between *Clueless* and *Boa vs Python 3*?,stocks,1,1,0,And award-winning shows made very recently.,1
0,"""It seems you need to study a bit more""",Accounting,27,-1,-1,"Bro, that little black lady that pops up after answering one answer wrong in the learnsmarts is in my nightmares for life....and omg quizlet and course hero are bookmarked",0
1,Guess that means I might as well my future kids college money into this!,investing,-2,-2,0,Correct me if I'm wrong but don't you still pay about 8 bucks commission to buy and then another 8 to sell a penny stock. So doesn't that make playing with 10 or 20 dollars ridiculous?,1
0,The model 3 won't be out until 2017,stocks,1,1,0,They also have a cheaper model (~40k$ IIRC) coming out in 2015 sooo you don't have to drop $98k+ to get one,1
0,"Suit be ready to talk, be enthusiastic.",Accounting,1,1,0,Big 4 office hours preparation I just registered for a Deloitte and KPMG open office hours at my school. The firms come to my school and students are open to sign up for a time slot to meet with the firms individually. What should I expect? How should I prepare? Should I wear business causal or suit?,0
0,This also means gold then right?,investing,2,2,0,Just a while ago this Hedge Fund manager predicted a huge decline in oil prices,0
1,I think u missed a couple of zeros out - too short :),Bitcoin,2,-1,-1,Bitcoin hits 1000000000000000000000000 zimbabwe dollars,0
0,It can be frozen if miners decide not to put your transactions in the block.,Bitcoin,-4,-4,0,"If only there was some sort of account you could store your money in that would be impossible for anyone to freeze...... That being said, I hope it all works out for ya!",1
1,It's worked so good in the past...what could possibly go wrong?,Bitcoin,5,5,0,Insanity... but I won't complain I booked tickets on the lifeboat a while ago,1
1,"Yeah, silly you for asking someone to teach you something.",stocks,-1,-1,0,"Right cause that's not what I thought of when I was in high school investments class, silly me. Thanks snarky redditor!",1
1,Yeah coz the euro zone is totally out of the crisis it's in...,investing,1,1,0,"Buy 69,306 shares of SAN (A bank in Spain) and live off the dividend. $55,445 a year",1
0,Tell him I'll buy his coin for $13.,Bitcoin,2,2,0,"yeah not sure what he was talking about. If his balance dropped from $100 USD to $12 USD worth of bitcoin, or if he thinks the exchange rate dropped to $12. I asked him to clarify but could not get more information out of him because he did not have his smartphone on him to show me.",1
1,"But dude, if it wasn't illegal, then everyone would literally murder everyone else.",Bitcoin,12,12,0,"I wish they made murder illegal, then nobody would get killed",1
0,False advertising (since they often promise or strongly imply greater returns than buying directly).,Bitcoin,3,3,0,It's not a scam because they do exactly what they advertise.,0
1,I'd love one of those!,Bitcoin,-1,-1,0,Give someone a $100 wallet and they'll be forced to figure it out to get that hundred bucks?,1
1,because correlation is causation,Bitcoin,0,0,0,This is what's up to your currency if you block bitcoin in your country.,1
1,"On here, someone will probably say AMD",stocks,1,1,0,2 months,0
1,"Yeah, 3+ years at EY and over a year at a smaller firm, I have no idea what an audit is...",Accounting,0,0,0,Maybe where you work. Not true in the rest of the world. Working with areas and coming up with solutions to control deficiencies and poor strategies is perhaps the most important part of auditing. have you never heard of an operational audit?,1
1,seems legit...,Bitcoin,2,2,0,RAREPEPE blockchain trading on Counterparty is not taking over the internet.(IT IS).,1
1,Found the yacht owner!,investing,0,0,0,you mean headwind. Tailwind makes you go faster.,1
0,Smartest guys in the room- fascinating documentary about the rise and fall of Enron,investing,44,44,0,Best Investing Documentaries on Netflix? Title. Please specify if UK or US specific etc! Thanks.,1
0,price dropped 1.2% Panic sell!,Bitcoin,1,-1,-1,"Before someone posts a ""why bitcoin price is dropping"" , may I suggest this likely buy the rumor sell the news type of situation related to the Italian vote.",1
0,China Rising,stocks,-1,-1,0,What is it called?,0
1,"Yes, history is useless.",investing,-2,-2,0,This has to be the most ludicrously worthless article.,1
0,its a great way to improve... But I sure don't love it by any means,Accounting,1,1,0,Love rejection - it's a great way to improve. All the best.,1
1,He probably felt bad about trying to have people killed too.,Bitcoin,1,1,0,"Actually he had a lot of trouble lying to the people around him and felt bad about it, and it led in some ways to his downfall.",0
0,"""Man who jizz in bank vault, cum into lota money""",Bitcoin,0,0,0,I think the idea is that the gov would have plenty of money if it hadn't spunked it on bailing out the banks.,1
0,For how closely you watch them you've fucked up the symbol twice.,investing,9,9,0,"I dunno but one thing is for sure, I ain't a guy. I bought AMZ at $35, GOOG at $200 and watch them carefully.",1
1,Just look at the TSX listings,investing,0,0,0,"Is there an easy list of penny stocks available in Canada? I've been wanting to look through Canadian penny stocks, but I can't find an easy way to view all the penny stock listings. Should I just use a stock screener or something?",1
1,"Nah we need more group think, its served this sub so well in the past",investing,3,3,0,I doubt that you could understand how perfectly you just proved my point.,1
1,Bitcoin is the currency of criminals.,Bitcoin,1,-1,-1,How is this anything to do with Bitcoin?,1
1,AAPL is up a whole percent today so there's gotta be some truth in this right?,stocks,3,3,0,The greatest indicator ever? A farmer asks his goats and chickens for stock picks,1
1,"If you have to choose between an Apple or Microsoft smart phone, just compare their stocks charts",Bitcoin,5,5,0,"The key is ""looking solely at the charts"". You don't assess the value of things in the future by solely looking in the rear-view mirror.",1
1,Obviously the way to win is to buy stocks that only go up!,investing,4,4,0,"Exactly. You are very correct when asking yourself question: ""if it's a way to never have losses, why wouldn't everyone do this?"" And a general rule is that there is no instrument or strategy that allows you to never have losses anyway, unfortunately...",1
1,You should add the,investing,10,10,0,I'd absolutely recommend an unsophisticated investor to daytrade instead. Moving in and out of positions within hours at a time is surely the path to riches if someone doesn't know what the fuck they're doing.,1
0,Is that a rhetorical question and the answer is assholes?,finance,1,1,0,"Out of curiosity - who do you think the limited partners of your standard elite, super-performing hedge fund are?",1
1,great logic there,Bitcoin,3,3,0,The replies in this thread are proving OP's point. If he wasn't onto something then this thread would be dead.,1
1,"Man, hopefully nothing *that* harsh",Bitcoin,5,5,0,Probably 2 week suspension with pay.,1
0,You shouldn't have high school on your resume still.,Accounting,5,5,0,Posting this because of multiple requests to see my resume,0
0,Haha that would definitely be nice.,investing,2,-1,-1,Go listen to some of the bigger pockets podcasts. Hopefully in 10 years you can ask me too... Well hopefully you will be doing the AMA in 10 years,1
0,thank you for your advice :) I'll take it serious!,Bitcoin,1,-1,-1,"Used them in past to trade in/out, they are fine. Just don't leave coins there of value too long I'd say. Transfer in, trade, transfer out, etc.",0
1,"Markets are sinus curve, buy low sell high",investing,1,1,0,"why the fuck do people who know nothing about this think this is the place to put their money? I'd love to see an analysis of this. Its like moths to the flame, over and over again.",0
1,"Wow, that wan't racist.",Bitcoin,-4,-4,0,"So Bitcoin will choose 8 megabyte because archaic, superstitious Chinese believe this magic wonder number will bring them luck and wealth? So much for decentralization. I propose 4 megabyte just to make their superstitious minds bathe in fear and terror. If you wanted to fight against the centralization of Chinese mining now is your chance: 4 megabyte blocksize!",1
1,"Ask him if he needs anything .... and by anything, I mean *anything* !",Bitcoin,1,1,0,"What would u say if u come across Roger Ver? Just as i wrote in the headline, what should u say or do u have some question for him? The below ones are the Chinese people's answer 1. Do you have a plan to built a few Bitcoin churches in China? 2. Is there a competition relations between Apple Pay and btc? How to improve the usability of BTC? 3. It's said u have hundreds of thousands of COINS, is that true? 4. Have u ever had the most difficult days?Or what help u out? 5. Have u thought about the partnership with any company?",1
1,But who is going to build roads?,Bitcoin,18,18,0,How long will it take for humans to realise that bankers and government are the biggest disease in their lives.,0
1,Sell and put it all in bitcoin!,investing,-5,-5,0,"Advice: I was given Tim Hortons Stock a while back, I'm up 120%, what do I do now? Like the title says, a few years ago as a gift I was given Tim Hortons stock. After doing some basic research online, I put the stock in a TFSA, so the gains are tax free. Problem is, I don't know much about what to do now that the company is being merged with Burger King. Is the new company going to be Canadian/ Canadian traded? I've heard it's a terrible idea to keep American stocks in a TFSA for tax reasons. Should I cash out, or go for the cash + stock option? I tried doing a google search, but couldn't find much/ anything on this specific situation.",1
0,Copy and insert,Accounting,-1,-1,0,"What if you need blank rows in between 1,000 rows of existing data rows.. In that case, 1,000 times right-click will be time consuming.",0
0,"Seems like a lot of fucking, hope everything works out for you!",Accounting,2,2,0,"YEP! We both said peace the fuck out. His family business books were fucked, and my boss fucked me over. So we moved :-)",1
0,So people can only buy from coinbase if they want to HODL not if they want to buy things?,Bitcoin,3,3,0,"Interesting. I transferred a few small amounts and a large amount to my own wallet on my own computer, and Coinbase asked me if I was transferring to another online marketplace on the last transaction. I answered honestly (NO) and haven't been shut down.",1
0,"See you there, bro.",Accounting,3,3,0,Yeah to the 31st,0
1,"Ya, well enjoy your depression, lack of hair and no friends to talk to... [Cries a little]",Accounting,7,7,0,"Yeah but by retirement her boat will be slightly bigger than yours. Who's winning then? Enjoy your friends and memories, sucker.",1
0,You'd be surprised what some of us have seen.,investing,1,1,0,"Well, why did you say ""50k + bank of America **checking**"" lol. I thought the same thing he did. All I could think of was: who the hell puts 50k in a checking account....",1
0,"FYI: default dust threshold is 546 for P2PKH transactions, not 543.",Bitcoin,1,1,0,"Counterparty is a protocol built on top of the Bitcoin protocol. It allows you to issue, send, and trade ""assets"" on the blockchain. It does this by defining a set of message types (ex: issue, send) that can be encoded into bitcoin transactions. The Bitcoin blockchain is monitored for these messages and they are indexed and evaluated by federated nodes which come to consensus on which assets are issued, how many ""tokens"" they have, which addresses have what balances, etc. So, here's what a Counterparty transaction ""looks like"" (not really): ISSUE ASSET To: 1CounterpartyXXXXXXXXXXXXXXXUWLpVr Send: 0.00000543 BTC Fee: 0.0001 BTC Encoded: {""Create"": ASSET, ""Quantity"": 10000000} SEND ASSET FROM: 1CounterpartyXXXXXXXXXXXXXXXUWLpVr TO: Some bitcoin address Send: 0.00000543 BTC Fee: 0.0001 BTC Encoded: {""Send"": 10000 ASSET} In this example, I create an asset and then send some quantity of that asset. It's made possible by sending the minimum amount of bitcoin possible, paying the miner's fee, and encoding the Counterparty transaction data inside. Bitcoin is programmable money. This makes Bitcoin our data store, and bitcoin transactions our ""save"" function. Counterparty federated servers evaluate that data for validity and determine the current state of the network. To some people, it's controversial as it adds ""weight"" to the chain, it also bloats the UTXO pool, if you don't sweep the ""dust"" you create, but I see it as extending Bitcoin's functionality. Some cool features include: - Issuing dividends - Voting - Decentralized exchange",0
0,I have a hobby of sculpture and painting.,Accounting,3,3,0,"How many of you have a creative outlet of some sort? I was watching Season 3 of Maron on Netflix and this quote came up: ""I do know what's great about being a creative person or an artist, as opposed to an accountant. I mean if you're an artistic person, whether that's a painter or a standup comic, or a writer, a musician, a poet, whatever that is, that the worst shit you go through is just fodder, it's material, or it's fuel for your creativity. It's some weird gift. If you're an accountant it just makes you blow your brains out.""",0
0,It's written by someone who has a third grade reading level at best.,investing,2,2,0,"this article is awesome for beginners, what your problem with it?",1
1,Cant wait until Bitcoin becomes as useful as Snapchat,Bitcoin,1,1,0,Banks could use bitcoin technology by next year: study,1
1,Lmao you forgot the,investing,15,15,0,Enough of a dip!?! We're fucked man. Dip? Say hello to the next leg down to 16300. That's a long way,0
1,"Right, I'm sure he wouldn't raise taxes.",investing,48,48,0,Bernie Sanders 2016!,1
1,"Makes you wonder what she sees in him, right?",Accounting,2,2,0,A 6 digit ring? Damn dude,1
1,They definitely don't see us as just a signature on an opinion page!,Accounting,6,6,0,"Ahhh auditing.... so much value-added in this profession. And, oh how welcoming are the clients when we arrive!!",0
0,that seems to be the only option I could see it as,stocks,1,1,0,Short covering? Only a mere 61% of the float short lol. Who knows. No news.,0
0,When is it available to buy on etrade?,Bitcoin,9,9,0,Bitcoin Investment Trust is now the the first regulated investment vehicle that allows FIs and individual investors to get exposure to bitcoin... Huge Congrats to the BIT team and Barry for all their hard work!! This is a big deal people,0
1,Rebalance bro.,investing,34,34,0,"OH NO, MY BONDS ARE PROBABLY OVERWEIGHT IN MY PORTFOLIO NOW BY 3%. WHAT EVER WILL I DO?",1
1,"If rhymes work for sailors, why not investors?",investing,3,3,0,"Sell in May and Go Away. So last year if you followed this you would have saved some money, will you this year?",1
1,AMEX black,finance,-1,-1,0,What are some of the best credit cards you can get?,1
0,"Bitcoin good, Starbucks ebil.",Bitcoin,1,1,0,20% off at Starbucks when paying with bitcoin.,1
1,Don't you know how easy it is to become a CPA?,Accounting,27,27,0,Give someone a Reddit account and they become tax experts,1
1,Your personal anecdote must really accurately sum up the entire worldwide mobile phone market!,stocks,2,2,0,Apple is probably done. How many I phone 6 do you see? I see mostly people with 5 and 4.,1
1,Great PR for Bitcoin to have this guy and Kanye using it,Bitcoin,31,31,0,"Martin Shkreli just paid for Kanye's new album with ~38,000 BTC",1
0,"Well looks like I'm going to be looking for a new auditor, if this continues.",Accounting,2,2,0,We're just writing it off.,0
0,is he talking about SegWit?,Bitcoin,32,-1,-1,"Szabo: ""Best way to destroy your investment in Bitcoin: gather an Internet mob to go redesign Bitcoin.""",1
0,Don't jinx it!,investing,1,1,0,"Not looking like a double-dip to me, sirs and madams.",1
1,I bet they aren't as flexible we are!,Accounting,14,14,0,"Don't forget no matter how much your recruiters brag, all four of us lost to an outdoor equipment seller, two supermarkets, and a place that sells boxes.",1
1,With such an attitude I'm sure their economy will thrive,Bitcoin,1,1,0,"All in one month, Outlaw Bitcoin, counter with an 'archaic Electronic Currency, and make it a crime to oppose their current banking system. A political Trifecta coup to stop Bitcoin.",1
1,Yeah fucking Evil-corp amirite?,finance,6,6,0,Break up the banks and burn all the money. How was the US response any different than telling the American people in no uncertain terms that they are all debt slaves? Where do you work that you don't see or feel frustration and desperation? Are you hiring? I have fin and econ degrees.,1
1,That's pat on the head,Bitcoin,1,1,0,I always thought of it as a gesture of understanding.,1
0,how long are you planning to stay on Mars?,Bitcoin,1,-1,-1,2 weeks.,1
0,"Not only scandals, but also the complete lack of prosecution for their blatant law breaking",Bitcoin,2,2,0,same here. Banks says they are compliant to regulations but just google the news and you'll see the scandals involving them.,1
0,SELL SELL SELL SELL!,investing,2,2,0,Gold Hits Our $1350 Target; Now What?,0
1,"Totally a fad, everyones going to back to tacobell once the fad is over.",investing,19,19,0,Chipotle's business model is asinine and the only reason they've succeeded is that they arrived right in the middle of one of the most asinine dieting fads in history.,1
1,That explains the 2% uptick today...,investing,26,26,0,JP Morgan reveals data breach affected 76 million households,1
0,"lol i'm holding nflx,aapl,amzn,fb,dis :)",investing,1,1,0,"At 100x earnings I wouldn't hold it for five seconds. The stock price, as with Tesla, Facebook, Twitter and others, is completely detached from reality.",1
0,Give me the TLDR,stocks,2,2,0,You should listen to the Freakonomics podcast about mattress stores.,0
1,"Hey, he saved on commission!",investing,1,1,0,You would be more at home in Vegas.,0
0,Cummerbund instead?,Accounting,2,2,0,Suit and no tie I would say. Absolutely don't go 3 piece suit,1
0,Fees &amp; Inflation.,investing,4,4,0,Could you please elaborate? Why would pulling your money out hurt your overall capital?,1
1,Because tax people can't interview.,Accounting,-4,-4,0,"Why is there less turnover in tax at a firm compared to audit? Not disagreeing with you, just a question I've had lately.",1
0,"same, I would go with the dr asset, cr rev, dr asset, cr asset to keep it simple and be safe.",Accounting,3,3,0,"In practice, but this looks like a first year question so let's not muddy the waters",0
1,Zerohedge.,investing,1,1,0,What do YOU listen or read for financial news? I am looking for new podcasts or email subscriptions for daily news. Thanks for the suggestions. Currently I listen or read to the following: Listen: 1. Masters in Business with Barry Rhitoltz 2. Knowledge at Wharton 3. Planet Money 4. Business Insider Read (Email Subscriptions): 1. Quartz Daily Brief 2. Morning Brew 3. The Daily Distiller 4. National Mortgage News,0
1,is that an endorsement?,Bitcoin,1,1,0,"Confirmation bias, same reason I downvote Trump related submissions.",1
0,2 call of poopy 4 me,finance,0,-1,-1,"I don't know what weapons world war 3 will be fought with, but world war 4 will be fought with sticks and stones.",1
0,"Let me guess, you watched the big short recently huh.",stocks,1,1,0,Looking to diversify my portfolio a bit... Water stocks?!,1
0,Im not going to set up and fund an account for one trade,investing,0,0,0,With trades like that you need a robinhood account.,0
1,Just shut the market down for a few weeks... that should fix it all.,investing,1,1,0,Shit just got serious : US stock market authorities have been forced to suspend the futures market on the Nasdaq index.,1
1,"No, hard copies.",finance,6,6,0,PDF copies?,0
1,Before or after the split?,investing,1,1,0,When I told myself AAPL wouldn't go too much higher and those arrogant bastards would never pay a dividend and sold it at ~$120 to pay off a tax debt...,0
0,Or they are scared by the recent drop and want to see if BTC stabilizes.,Bitcoin,-1,-1,0,If it is that easy and they still have not done it maybe it's not happening.,0
1,Not as much as the 500 trillion Jacob Rothschild has,investing,1,-1,-1,Warren Buffett will probably end the year with $100 BILLION in cash. And that will be an all time high for him. I guess it's getting harder and harder to find deals out there (I suppose - he's buying airlines for Pete sakes).,0
0,"took Crimea, sent troops to Eastern border",Bitcoin,1,1,0,What did they do to ukraine?,0
0,I want to try whatever he's been smoking...,investing,2,2,0,"It's simple. Communism is the stadium. The economy is just the team on the field. A nuclear war could break out tomorrow. Every single major city on planet earth could be destroyed. Our little blue spec could be plunged into 100,000 years of nuclear winter. Species could be decimated with less than 0.00001% of life remaining. And *none of this would do anything to halt the communist agenda*.",1
0,It's good for what I am going to do with it.,Accounting,1,1,0,I hope it's top tier,0
0,Ya but the job security,investing,2,-1,-1,"Well, you've got to move beyond custodian I believe.",1
0,What it means is he doesn't want his supporters to shell out money they need to his campaign.,investing,-3,-3,0,"Then why does he have a ""Donate"" button on his website?",0
0,Read again.,Bitcoin,1,1,0,"So how the hell do publishers get paid??? Could not find any of this info on the site nor on google. As a site owner, i dont see any good in this ""brave"" if they cant even easly disclose how sites get paid. Brave browser blocks adds regardles on what site you are, even the small one's that dont have a bitcoin adre's or even a subscription mode.",1
1,"You didn't hear, we're all criminals",Bitcoin,3,3,0,Is this going to become a thing? I like it but are there legality issues (Reddit Terms of Service / local jurisdiction law)?,1
1,You are obviously,Bitcoin,1,1,0,I honestly can't tell when people saying this are serious any more.,0
0,Give your ID to whom?,Bitcoin,1,1,0,Helpful Tips I just got interested in Bitcoin. Is it worth getting? What happens when I give them my ID? Will I lose money and how can I earn money?,0
1,"It's because they like to use it to buy weed, the only thing Bitcoin is good for",Bitcoin,0,0,0,Hispanics love bitcoin more than anyone else: Poll,1
1,This is the kind of quality content I come to this sub for.,Bitcoin,2,2,0,I just realized that my obsession with Bitcoin is actually a distraction from my horrible marriage.,1
1,He's clearly trying to insult the character in the movie here.,investing,2,2,0,"Going to med school and you use the word ""retard"" as an insult? Come on man.",0
0,He knows EXACTLY what he's doing.,investing,4,4,0,Are you trying to insinuate that he knows what he's doing?,0
1,"Shitty memes, just what we need.",Bitcoin,31,31,0,"Bitcoin planted a seed in me, now there's no going back!",1
1,But it is a perfect market timing indicator!,investing,3,3,0,Isn't it kind of obvious that every crash is under the 200 day average.....?,0
1,"You keep forgetting Tesla is not a car company, it's an energy company.",investing,3,3,0,From a value investor's viewpoint the shorts are correct. From a trader's perspective they are not correct for now.,0
0,The slogan is childish anyway so I'd say just give it to the doge kids.,investing,-7,-7,0,Uh no. It was a bitcoin thing and then doge took it and made it their slogan.,1
0,"7 (logged in, search history off, private results off)",Bitcoin,2,2,0,Which one of you fine people is the genius SEO aficionado?,1
0,"Yay people paid for their work, this is great!",Bitcoin,2,2,0,"Yay paywalls, this is good!",1
0,Shouldn't you have asked before the markets closed?,investing,1,1,0,"So, Greece.. Say I believe somewhere this weekend Greece and Europe reach another agreement, Greece stays in the Eurozone and they get back on their feet, for now. What would I invest in before the decision and is there a lot of money to make?",1
1,Ye fuck the queen of Europe.,investing,1,1,0,"Europe is too unstable. Fuck the queen, invest in murica, usa #1",1
1,r/WallStreetBets,stocks,1,-1,-1,"New to stocks, have a few grand to invest I'm 21 years old, I work full time and have some money saved up, I want to invest a few grand (probably $2,000ish) into stocks, I was given a few hundred for Christmas in a Fidelity Account and want to start there, I you have any tips or steps in where to start i'd be interested in hearing them.",1
0,Because FICA is not federal income tax and is not meant to pay off any treasuries at all.,investing,1,1,0,Why?,0
1,Spoiler alert: Bread is also $20 a loaf when that happens.,Bitcoin,2,2,0,"""I actually had to adjust this number upwards. But then you come up with a number of about $2-5m per bitcoin."" - Rick Falkvinge when asked about a potential realistic market cap for Bitcoin",1
0,This problem has been fixed in current versions of wallets.,Bitcoin,3,3,0,"Using an Android wallet for bit coins is considered unsafe sooo,",1
1,They must know you're a big blocker,Bitcoin,5,5,0,Works fine for me. As usual.,1
0,He will probably start his own fund.,finance,14,14,0,I think you're right but it can blow up in his face. You can look at it from the opposite point of view: would a company want to hire someone who bad mouths their previous employer? I'm sure their are plenty of firms that will view it either way.,0
1,I guess he forgot to put an,Accounting,1,1,0,wait what lol,1
0,What tickers and what dates?,investing,1,-1,-1,"Is there any websites that track shorts on a regular basis and provide charts? Hey - so I was wondering, is there any websites or trading sites that provide charts tracking shorts over time on a symbol? I am interested in knowing a few dates in particular on a symbol but have been unsuccessful in goolging this. I'm not sure if I know what to search for.",0
1,that and Mexican food,Accounting,2,2,0,I always say I tend to set higher expectations for myself and I put a lot of pressure on myself when it's not really needed.,1
1,Yes - it is just a fad like the Internet.,Bitcoin,3,3,0,"Could bitcoin just be a fad? What makes you think bitcoin isnt just a fad, that say, its going to become more popular in the future and not continue its downtrend? What gives you confidence? Peter Schiff has argued that its just a fad. That people will become bored of it eventually, and abandon it.",1
0,Except companies on stock markets do add value.,investing,3,3,0,A friend of mine once told me that gambling in vegas was risky. But I went there and played roulette and made like $200 bucks! My friend is such an idiot! Right guys???,0
0,"Thank you, will do that!",Accounting,1,1,0,"For your sales rep description, use action verbs like you did below. Not just ""Customer Service.""",0
0,Metals are up against stocks every year for over a decade now.,investing,-2,-2,0,Is this a reason to stop laughing?,0
0,Appreciate the advice; now to make capital gains!,investing,1,1,0,"Your broker withholds 30% on the dividend payments unless your country has a tax treaty with USA, there is no tax on capital gains.",1
0,So you made a killing shorting real estate and mortgage socks then?,investing,1,1,0,Yes I did.,1
0,"No, because if the stock market goes into recession you get fucked.",stocks,2,2,0,Would options not be a good investment considering the leverage it gives me?,0
1,Buy buy buy!,finance,2,2,0,"Or, the bankers really did value LinkedIn correctly, but speculators are driving it up because of pent up demand for a public offering of this kind. The market capitalization of 3.92B and *revenue* of 243.10M don't align. Their profit is apparently 15m, giving a **P/E of 261**, or the equivalent of a 0.38% bond!",1
1,Poor reviews.,Accounting,2,2,0,why are you switching firms if you don't mind me asking.,0
0,I'm pretty sure they just realized that making cars is insanely difficult.,investing,2,-1,-1,Thanks god they understood their car was far from its rivals.,1
1,Do all the CPA's here even know what a collection call is?,Accounting,14,-1,-1,Trying to make A/R Collections a little more fun and creative could help get those past-dues in a little faster! Thought I'd help inspire my fellow receivers in this sub!,1
1,#sickburnBro,investing,-16,-16,0,See how they like it when you're making their fuckin lexus payments.,1
0,"**They see me trollin', they hatin'... they downvotin' cuz they try to catch shillin' dirty**",Bitcoin,6,6,0,What's with the extreme paranoia on this sub? The only other places that are this bad are conspiracy sites. Especially with the paid shills part. There is no evidence whatsoever that there is even one paid shill here yet every day a dozen people are accused of being one. Basically anyone who isn't 100% a Bitcoin supporter is called a paid shill. Any explanation for this quite insane behavior?,1
1,But Warren Buffett says diversification is stupid!,investing,9,9,0,"Why in the world would you put 80% of your portfolio into a single stock? I hope the lesson you learned here is about risk mitigation. You just gambled, not invested.",1
1,Yeah because we're totally worried about inflation right now.,investing,2,2,0,Bit coins are actually a us government strategy for making annoying technology people counteract inflation by making their money disappear! Brilliant.,1
1,So kind of like regular insurance?,Accounting,1,1,0,"Most firms have it but if you look into it, it's actually a waste of money and borderline scam.",0
1,Yeah covered call option is really fancy stuff,investing,0,0,0,It really doesn't make sense to suggest derivatives to a novice investor.,1
0,I don't know enough about the company to make a high stake decision..sorry,stocks,-1,-1,0,Looking to enter NQ for the first time. Anyone else looking at it now? Just a small position but having a hard time picking options because of the high premium. Any suggestions?,1
1,He's unlocked lots of value for $FCX shareholders,investing,2,2,0,"LOL, Icahn's been 'great' for $AAPL, sorry Xerox, tag, you're it. ... Just realized this is probably why $AAPL recovered a bit today: Icahn will be less involved with Apple and more with Xerox. Yay! (said me and 100 million other $AAPL shareholders).",0
0,"No, not with Google's 2fa method.",Bitcoin,3,-1,-1,Holy shit. Would a Yubikey protect against a phishing attack like that?,1
1,I thought we just had to follow Tim Sykes advice and we would all be millionaires?,investing,2,2,0,"Have you ever met a successful day trader? To what degree are they successful? FI/ER? I am curious because the majority of my customers that actively trade, are complete morons who rack up commissions and would be better off holding long.",1
1,Like Jeff Bezos,investing,1,-1,-1,So. Basically Elon Musk is a con artist and doesn't actually generate profit,1
1,That would require the auditor having a deep understanding of the protocol.,Bitcoin,1,1,0,"I don't understand why actually performing a transaction is necessary for an audit to prove solvency. The auditor could issue a challenge string, and the exchange could sign it using the private keys for a number of bitcoin addresses. The auditor could then simply check the sum of the balances of all those addresses with valid signatures. No panic created.",0
1,"""Freedom ain't free"" and you're just not rich enough to afford ""freedom"".",Bitcoin,26,26,0,As an American - How it feels to see all these Bitcoin debit card companies avoiding the US due to our regulations,1
1,"Get outside, talk to people, man.",finance,3,3,0,When you come in from outside maybe you could provide some evidence for that statement.,1
0,Most of the CPAs I knew who were in investment management did an MBA first.,finance,3,-1,-1,CPA wanting to breaking into Finance World,0
1,Bitcoins will be the backbone of the new world order.,investing,1,1,0,"If putting your money in an insured EU bank counts as ""risky"" in your book, I'd like to know what you consider safe. Whiskey and ammunition?",0
1,Sure would be nice if there was some way to make this comment stand out,Bitcoin,0,0,0,One of our main communty volunteers kerneloops quit for personal reasons recently and decided to delete all his related accounts. We were able to recover stuff on ltb but the youtube stuff was all him. :/,0
1,What about without the hard r?,Accounting,7,7,0,Don't call anyone a fag or nigger,1
1,NFC = NoFuckingChance?,Bitcoin,1,1,0,Is this because of NFC?,1
1,But aren't you afraid of the drug testing?,Accounting,6,6,0,I was planning on maybe Colorado to see the mountains and enjoy their legal weed.,1
1,I forgot the,Bitcoin,2,2,0,but then where did sweepme.exe come from?,0
1,"But you could get an iMac in different colors, so your argument is invalid.",investing,1,1,0,You know apple was a horrible investment most of the 90's and would have went bankrupt if not for Gates ego investment.,1
1,Another sign of the top!,investing,1,1,0,UK economy grows strongly in second quarter,1
0,"Thanks, that's what I figured.",Accounting,1,1,0,No,1
1,"Well, you have to keep your payables and receivables separated, right?",finance,7,7,0,"They do this most on small business accounts. ""So we will set you up with a savings, and two checking accounts. One will be incoming payments and one accounts payable"" bam.",0
0,You sure you don't want to re-think that question?,Bitcoin,1,1,0,How is it different from Jon Matonis' case. He messed up the Bitcoin Foundation and then joined some Bitcoin consultancy firm.,1
1,"Yes...but since it's down so far right now, it's a good time to buy in.",investing,2,2,0,SDRL has been one of those stocks that redditors love to lose money on. People have been talking it up all the way down.,1
1,Soon to be going concern.,Accounting,1,1,0,Are there two people that are shadowbanned here?,1
1,You're damn right it does ya shitlord,Accounting,2,2,0,Geez...You act like he asked her to get him a sandwich. No need to be overly sensitive. My wife has a career that helps people and I help companies (so people indirectly). Does that make me a sexist?,1
0,Wouldn't miners leave the pool if shit their pool was doing was hurting the price of bitcoin?,Bitcoin,1,-1,-1,The 12 people who control the top 12 mining networks.,0
0,It only works every time 60% of the time,Accounting,3,3,0,"Darn, I thought this sex panther was fool proof",1
0,"well.. in some exchanges, yes.",Bitcoin,18,-1,-1,All time high.,0
0,"Thanks, Obama.",stocks,3,-1,-1,This damn election. I just choose to blame it.,1
0,Banks are not hard money lenders.,finance,5,5,0,"No, it wont effect your personal credit, but thats mostly because no bank will lend to your LLC anyway.",0
0,"No, it does not do any blacklisting, nor is the code useful for blacklisting.",Bitcoin,-3,-3,0,So it's an extraordinary blacklisting patch.,0
0,Yahoo Finance is a great app.,stocks,2,2,0,What apps do you guys use to monitor your shares? As the title asks...,0
1,You mean all that China news was real?,Bitcoin,0,0,0,"PSA - The USA is not the only country using Bitcoin Posts about legislation, taxation and government organisations are frequent here, which is totally fine. What's not fine is when you assume that America is the default and talk about region specific concepts as though they are universal. If you are making posts that relate to government specific concepts, spend two seconds to add something that indicates what country you are talking about. You're clever enough to tag posts about China and India, so do the same for the USA.",1
1,"Yes, just like they (of course meaning Obama) stayed silent on 9/11",finance,1,1,0,What does that even mean? Obama personally profiting? Why would he do that when he's going to make $100+ million on the private speaking tour after his presidency? Does he really want to sacrifice his legacy for this?,1
0,"What would be the argument *against* sharing, provided that you have already opened a position?",investing,8,8,0,I'm not sure I understand. Why would hedge funds share their ideas with their competition? Are they just trying to pump up stocks they already own?,0
0,I don't think you quite understand how this works...,Bitcoin,11,11,0,"If there is anything the USA needs, it's more guns.",1
0,Not on the Firm side but I assume a client who doesn't provide enough support would be a tough case.,Accounting,2,2,0,"Corporate tax people, what were some of your toughest cases? Technically and also due to clients and staff, natural disasters etc..",0
1,"Wow, he's so smart.",Bitcoin,4,4,0,Roger Ver: Paypal 2.0 Is An Acceptable Risk For Bitcoin Scaling,1
0,Short with an ETF like TZA.,finance,1,1,0,"Reddit, let's talk portfolio strategy if the markets continue to plunge Would love to hear some opinions about what people have planned if we dip into another recession.",0
0,"Not meaning to divert off topic, but what do equity research analysts think about Damodaran's work?",finance,2,2,0,"Is there a lot of overlap between Penman's ""Financial Statement Analysis and Security Valuation"" and Damodoran's valuation books? I've read Penman's book, but I've never touched any of Damodoran's stuff. I do want to start reading some Damodoran. Can someone comment on: -which author is more ""relevant"" for today? -will i be wasting time reading Damodoran's valuation, having read Penman already? -I don't know where to start with Damodoran. I would prefer a more textbook styled book rather than a novel/narrative styled book. Is ""Damodaran on Valuation: Security Analysis for Investment and Corporate Finance"" a good place to start?'",0
1,I bet you would like Alabama.,finance,2,2,0,"Cambridge university BA/MA economics, MIT HEcert international studies (basically awarded for a semester abroad, I mostly took sociology and econ classes), Cambridge University MPhil innovation strategy and organisation, Oxford University PhD Business. Recently unemployed... Fuck my life. Previously I worked for a start up, a year in academia and a couple of years as a consultant to a very small VC outfit.",1
1,It's a tough one,Accounting,1,1,0,"So on the one hand you could work and try to find time to study for the CPA, and stack a bunch of paper in case you need to move in order to get your first public job, or you could not work, maybe pass the CPA quickly or maybe struggle and have to explain in every future interview what the hell you have been doing the past year or 18 months, have nothing saved, and then hopefully get a job making 56k or quite possibly less. Hmm...I have no idea what you should do.",0
1,But how much of their equity is financed by debt?,Accounting,8,-1,-1,"""OMG they are going to have 3 billion in debt. They have a 90% Debt to equity that means most of their assets are financed by debt"" ""... No that's not how that works. 50% of their assets are financed by debt.""",0
1,"I always thought it was Charlie's,",investing,2,-1,-1,You do know it's his investors money and not his right?,1
1,I assume he turned your whole town into ISIS,investing,-4,-4,0,"Nope. The Saudi prince is actually well aware the oil will not last forever, so he is diversifying the kingdom's portfolio. Source: I live in a town that was revitalized by his investment in a semiconductor foundry.",1
1,They're going to ruin Oculus like they ruined Instagram,investing,0,0,0,"These acquisitions always have an air of ""I'm just buying you cuz I like your style, you still do what you want. I won't sell you out before you have a stable product."" Anyone else getting that?",0
1,Someone didn't get an offer...,Accounting,42,42,0,"The obsession over B4 that students seem to have is ridiculous You see people flairing up with ""B4 intership"" or ""B4 offer accepted"". You see kids who haven't even graduated asking whether not getting B4 internship will ruin their lives forever. When local/regional firms are brought up, its always in the context of ""Can I still feed my family even if I don't work for a B4?"" I really do feel that B4 turned their firms into some sort of fraternity where you work your ass off to join only to do stupid shit (such as working 70+ billables for no OT) for non-monetary value (such as pride that you work for an internationally recognized company).",1
1,"I notice full time mom isn't on the list, probably because it's the hardest job in the world!",Accounting,8,8,0,"Tax Manager #2, Audit Manager #10 in Glassdoor's list of 25 Best Jobs in America for 2016",1
0,$AWK is one of the bigger ones,stocks,1,-1,-1,Investing in water? I am interested in investing in water as a commodity. Where do I look? Are there any water stocks?,1
0,"so what's going on there right now, a bar fight?",investing,1,1,0,If there was a war in the middle east oil would skyrocket.,1
1,"that is why i love tax, i never have to use financial accounting, fuck credits and debits!",Accounting,3,3,0,"Debit, credit, what's the difference? Meh.",1
0,the hard assets backing it are the hardware and power necessary to generate a bitcoin.,investing,1,1,0,"Bitcoin is effectively a foreign exchange instrument for a country who's economy consists entirely of drug dealers, prostitutes, and speculators. This country creates nothing of value whatsoever. Furthermore, there's no hard assets backing it... nor even a country. That and the fact that it's going through a massive bubble keeps me away.",0
0,Serious question: how's their research into autonomous vehicles coming along?,investing,1,1,0,VW isn't going anywhere. Looking forward to a brief dip I can buy in on.,0
0,No it isn't... Starbucks killed it in 2015.,investing,0,0,0,The whole market is down since January.,0
0,Now that HBoS is part of Lloyds are they still morally suspect?,Bitcoin,3,3,0,Found in 'Private Eye' - it just goes to show that not all media representations are negative.,0
1,Because Silicon Valley really gives a dam about net income,Accounting,-1,-1,0,There is a mini backlash to open spaces now too . Really you need a combo of collaborative spaces and the quite rooms for concentration and rooms for calls and meetings. Of course accounting is slow so now they're all with open spaces to mimic silicon valley...,1
0,still sucking as usual,Bitcoin,0,0,0,Anyone know what's going on with Gemini? Trading seems to have been suspended there for days.,1
0,"Learn to discipline yourself, not to motivate yourself.",Accounting,10,10,0,It is very hard to develop work ethics when you were lazy during childhood. Any tips for someone that is in their mid twenties to develop strong work ethics in school and personal/working life?,0
0,I've never heard of btc38.,Bitcoin,3,3,0,BTC38 sent me a .scr file via Skype Upon questioning they tried to claim it was a PDF. I'm guessing it is likely to contain a keylogger or some other malware. Absolutely disgraceful behaviour from a supposedly reputable exchange.,1
1,Nice try IT.,Accounting,1,-1,-1,IRS Requiring Verification for e-Services Users-Verification Requires Financial Data-Looks Like Potential Phishing but Isn't,1
1,I'm proud to be an American,Bitcoin,2,2,0,"American justice: HSBC launders billions, no jail time. Charlie sells bitcoin to a SR launderer, 2 years. Words cannot express the sadness and outrage I'm feeling right now. Banks such as HSBC are found guilty of laundering billions of dollars not just for drug users but for violent crime cartels. Billions. Violent crime. And yet not a single exec faces a day of jail time. Charlie Shrem, who sold Bitcoins to someone who helped people buy drugs on Silk Road, has now been sentenced to two years in jail. If there was any doubt that we are struggling against an immoral system in dire need of replacement, let this end that doubt. Charlie, our hearts and minds are with you, friend. The work continues.",1
0,"No one knows, just buy.",Bitcoin,1,1,0,"Yep I was there too and im kicking myself for it. That's why I'm not gonna miss this for anything. I just don't know if this is the lowest as it ever going to be in the next few months, you never know I guess",1
0,You are 100% incorrect.,stocks,-8,-8,0,Totally useful for people holding securities long term or expecting volatility.,0
1,"You can keep your doctor and..... the bitcoins will be returned, soonish.",Bitcoin,2,2,0,"Theoretical question: If all of this craziness is true and Karpeles is found guilty of running Silk Road, is it possible that the Silk Road Bitcoin could be handed out to people who had coins on Mt. Gox?",1
1,totally....,stocks,1,1,0,"You don't buy on the way down, you buy at the bottom.",1
1,"But, but, but-- you're going to miss it going to the moon any day now.",investing,2,2,0,"Looking to tax harvest on AMD, any downsides? Going to be exiting a few positions that I have done decent on, and would like to offset that by exiting AMD for the required 31 days. This should offset the gains I have in the other funds. I have not done this before -- is it as simple as leaving and re-entering the position 31 days later? As long as the fund doesn't jump in the 31 days, are there any downsides to this strategy?",1
1,Guess that's the end of the USD/Euro and several other Forex markets,Bitcoin,13,13,0,Forex Investors May Face $1 Billion Loss as Trade Site Vanishes,1
0,just an idea... but maybe a third phone charger would be more cost effective :),investing,7,7,0,Haha ... doesn't everybody need 2 wives,0
0,Do you just want to invest some of your own money or do you want to play with other people's money?,stocks,0,0,0,"How do I become a stock broker or hedge fund manager on Wall Street? I live in Manhattan, am 46 years old, Electrical Engineer by Education and tired of the steel industry. What steps and education/licenses do I need to get into stock trading or hedge fund management on Wall Street? Any help would be appreciated.",1
0,How about we compare in 3 years and see who is ahead?,investing,1,1,0,"Compare your own portfolio over the last 3 years, tell me which had a bigger return.",0
0,"It got deleted, Anyone know what it said?",Accounting,2,2,0,Thoughts on the top comment in this thread that bashes the Accounting profession?,1
1,Thanks for answering the question.,finance,-2,-2,0,"My friend, you have a lot to learn about portfolio diversification and risk-adjusted returns. Believing in strong market efficiency does not at all mean that there are not extra returns to be gained via risk analysis.",1
1,Ehrmergherd stolen credit cards,Bitcoin,0,0,0,Review: Brawker Let's You Buy 'Almost Anything' with Bitcoin,1
1,any stock under $100,stocks,1,1,0,What other ones are cheaper?,1
0,Lead in the water,investing,1,1,0,Water Utilities What hurts water utility companies?,0
1,But who would ever have enough to buy an entire Bitcoin?,Bitcoin,28,28,0,Holy shit! It teaches that bitcoins are divisible!,1
1,Just like gold,Bitcoin,1,1,0,You are deluding yourself. The store of value depend on the liquidity. And the liquidity depend on the cost of using it.,0
0,"It doesn't, except it helps with liquidity when the investor wants so buy or sell.",finance,10,10,0,"How does HFT affect the long term, buy and hold investor?",0
0,Speculation- Its added to the discount rate along with the other types of risk.,finance,0,0,0,"How is Liquidity Risk measured and how is it factored into calculations of Present Value? It seems like liquidity risk is multidimensional, and so is hard to express as a single number, without a lot of assumptions. For example, for a single illiquid bond, *given that you need to sell the bond within a specific time frame*, it is likely that you will end up selling it for less than it's current market valuation. It's *probably* possible to calculate an expected value based on that, because of the assumption of the time window. Are there some standard measures of liquidity risk, and if so, how are they used?",0
1,"Yeah, a bailout is a sure thing.",stocks,0,0,0,BTU is a very old company from 1889 and to be honest is a downright steal at the moment with the current low prices. Right now it is setting up perfectly for a bounce and should return to 5+ dollars within a few months. Same with NBG stock very old company from 1841 it dropped as a result of the troubles in Greece. But a bailout is due to be announced today/tomorrow and it is assumed that the bailout will save Greece and its banks. Now I am looking for one more stock to buy tomorrow.,0
1,He will make it greater,investing,6,6,0,But the wall is already great...,1
1,"Well, at least they didn't keep it all",Bitcoin,4,4,0,Coinbase ups their transactions fees pretty dramatically across the board,1
1,I thought fundamentals were completely irrelevant for growth stocks?,stocks,3,3,0,"Check their fundamentals. What valuation would you place on them? Their revenue has been growing but not their net income. They are drawing more business, but not becoming more profitable.",1
0,First step is to get the name right...its RSM,Accounting,9,9,0,"Just got offered a tax internship at the fifth largest accounting firm, McGladrey! Any advice on what to expect with having an internship at a midsize-large firm? The internship I got offered is a pretty decent gig. It is $26/hourly + overtime, full time. The internship takes place next summer. I'm trying to get some advice and to see if anyone has had tax experience....if you have any suggestions, let me know!",0
1,That was completely clear from your original comment.,investing,1,1,0,"oh no that question was rude, I was being completely sarcastic. I really like the question about how they handle their personal finances.",0
0,Either your income was too low or you didn't answer with enough experience.,stocks,1,1,0,"Problem Trading options with Ameritrade Some background: I have had an account with ameritrade for about 6 months, and have been primarily trading stocks and ETFs. Recently I applied for options trading but was only approved for tier 1 (which allows writing of covered calls and cash secured puts), but not tier 2. Tier 2 includes purchasing of calls and puts which is what I was planning on doing. I called ameritrade and they told me they don't have access to why I got denied, and said that the application I resubmitted is under review, but since nothing was different im expecting to get declined again. Has anyone had any experience with this happening? I don't understand why I would be denied access to buying calls and puts with cash in the account, as I did not apply for margin trading. (There is about $4000 in the account) If I get denied again I may end up switching brokers, but I really like the ameritrade customer service and access to the Thinkorswim software. If anybody has any suggestions or experience with this, help would be greatly appreciated.",0
1,"Yea, once he clears 95% of the black vote it will be no problem.",Bitcoin,1,1,0,"Yep, I have a feeling Trump is going to win.",1
1,oh yeah computer science == Python,investing,2,2,0,"I agree computer science is useful and this avenue should be pursued but I don't think it's the best degree for finance. No reputable finance firm will hire someone that doesn't know what an interest rate is and how it's movements affect investment decisions; instead tack it on to a more traditional finance degree as a second major or minor. Ps. It's easier for me to teach myself how to use Python than it is to derive the Black-Scholes formula, set up a binary tree for bond valuation, or create a recursive portfolio that takes advantage of arbitrage opportunities.",1
0,I would love your feedback on Altria group,investing,1,-1,-1,"stockAday: any requests for week 7th Nov? In the last 2 weeks, we've covered: * Berkshire Hathaway * DaVita * Dow Chemicals (and DuPont) * Kimberley Clark * McKesson (revisiting it after 10 months) * Priceline * SPDR Gold ETF * Vista Outdoor * Wiley Many thanks for suggestions for this week. e.g. any election themes?",0
0,This so much.,investing,3,3,0,I passed up so many times at $3 :( Congrats to those who made out like bandits.,0
0,Who does that?,Bitcoin,0,0,0,Does anyone else see the irony of using MacBooks with OS X to develop on the blockchain in light of this statement?,0
0,Why would this help push bond yields higher?,investing,3,3,0,The rise in hourly earnings and participation rate was especially nice to see. Maybe this will finally help push bond yields higher in a sustained fashion.,1
1,Should've added the,stocks,4,4,0,"It's called ""beta"".",0
0,Pm me your email and I'll send it out to you.,finance,1,1,0,"post your resume so I can look at it. I think the issue here is you acquired a regional degree (read: unknown institution outside of that area) and moved to a large financial hub. You also have zero experience and based on what you are looking to do, the large recruiting season is over now. You may need to re-bran yourself. Get an MSF or try and get an internship.",1
0,Pulled right out of your ass.,stocks,2,2,0,You're going to have to wait about 30 to 50 years to see $100 again. Caveat emptor.,1
0,"Well I plan to holding it long term, so I'll just enjoy the dividends in the mean time.",investing,3,3,0,ur brave.,1
1,"Google map their address, and check the website .. definately legit company",stocks,1,-1,-1,cannabix technologies (blozf) is getting a lot of hype with their marijuana breathalyzer haven't looked much into yet but imagine this could potentially be standard among all law enforcement. thoughts?,0
1,Don't make fun of children's dreams!,Accounting,3,3,0,"I don't want to work, but I want to make a lot of money while not doing that work. Anyone know of a part-time position that has a starting salary of $250k+? Not being required to show up to work is preferable.",1
1,Thank god there are regulators to help the market from grinding to a halt..,Bitcoin,1,1,0,"China Trade Halts Locks Up $2.2 Trillion of Shares, Freezing Market",1
0,Why don't you email and ask?,Bitcoin,1,1,0,Why would Circle close my account? I've never done anything even remotely wrong with Bitcoin. Does anyone know why they would shut me down? And where I could purchase Bitcoin now? Thanks,1
1,"thanks for your inspired and intuitive statement, it has been noted in the people of high regard....",finance,1,1,0,LOL MD INVESTMENT BANKING,1
0,You must live in a niiiice neighborhood,investing,38,38,0,Just realized this motherfucker lives in my neighborhood -- one block down.,1
0,"None, it's the type of people the firm hires that does it.",Accounting,9,9,0,"You have to log your fucking bathroom breaks? What kinda shitty, micromanaging firm do you work for Jesus.",1
1,"Yeah guys, lets downvote people working on decentralised exchange technology.",Bitcoin,0,0,0,"What we are ATOMIC are doing (we are only in testing right now) is charging a small fee in the source coin if you are performing an exchange, and then that fee is distributed automatically to our asset holders based on their percentage. We are part of the superNET which allows us to use features of other coins such as the anonymous transaction features of coins like BTCD, such transactions would pay an additional premium for access to such features. The assets are completely open to the public and have been available on bter for some time now. I imagine blockstream will be operating at a loss based on the amount of money they are needing, until they find a way to profit without stepping on the toes of their users.",1
1,ya i hope we run on steam.,investing,1,1,0,I hope in 25 years our cars a running on something a little more efficient than electricity.,1
0,"HCP, I believe it is damn near 8%",investing,5,5,0,Your favorite dividend stock? I'm looking for some stable large cap dividend stocks. I already have Ford and I think apple is a good hold and a safe bet for future dividend increases.,1
0,I'm in Canada and it doesn't work for me.,Bitcoin,1,1,0,what country is allowed to view it? nevermind .. canada works,1
0,"I like JNJ, add it to the list of good choices",investing,2,2,0,JNJ shits on all of those for a 30 year time span... except maybe GE.,1
0,"He's also banned terrorism, but enforcement is proving difficult.",Bitcoin,79,79,0,We will ban encryption!,1
1,It should definitely be easy for innocent people to get their money back.,Bitcoin,4,4,0,"IRS Can Now Seize Accounts on Suspicion, No Crime Required",0
0,Welcome to Sparta.,Bitcoin,1,1,0,"I believe that Bitcoin will continue in a bubble cycle, iterating through periods of stability, rapid appreciation, and crash. As a commodity, Bitcoin's supply is perfectly inelastic. (No other commodity has that property.) And I conjecture that this ""bubble cycle"" is the *only* way we could expect such a commodity's price to behave during the commodity's adoption phase. I assert that market dynamics and game theory lead inexorably to the cyclic behavior we are seeing. Takeaway: buy during the flat periods, and hold during the ramp-up and crash-down periods.",1
0,"Yeah, I just got in the other day but with earnings coming, I'm hoping there'll be a small breakout.",investing,1,1,0,I've had WEN for a few weeks now. It's been doing very well for me.,0
0,Sorta like how entry-level positions require 2-years experience.,investing,-9,-9,0,What jobs? It doesn't even make sense. You can't continue to be Series 7 certified unless it's actively being sponsored by your current employer. Source: Was Series 7 certified.,1
1,"Don't worry, it will be a great opportunity for you to further development your career.",Accounting,1,1,0,How I felt after my boss assigned me a new project.,0
0,It would be a really big callout to the market if they couldn't.,investing,3,-1,-1,The only reason to own the stock is the dividend. million dollar question is will they be able to keep it steady.,1
1,"What would Bernanke know about buying bonds, anyways?",finance,7,7,0,Former federal reserve chairman Ben Bernanke joins PIMCO as a senior advisor,1
1,what kinda idiot would believe in this conspiracy theory,Bitcoin,0,0,0,1988 Economist cover predicting a world currency by 2018,1
0,You can buy a house in parts of Queens for $400k give or take.,investing,5,5,0,"$180k saved at 26. Still cant afford a house. How would I go about finding an investor to manage the money for me make it grow while i sit on it and wait. Houses in my area go for $1 million for a modest house in a modest neighborhood. While I'd be able to afford the down payment on a place, I cannot afford the monthly.",0
1,It's their fault for not making their customers love them.,Bitcoin,1,1,0,"Difference is, if PayPal did this then that would be a corporate action. With Bitcoin, this is grass roots. It is the people who are making their views known.",0
0,FTSE was up 3.6%.,investing,0,0,0,"Up by 2% today is not soaring. Buying UK stocks at the moment is a complete gamble, nobody has any idea what is going to happen, the UK government has no plan so far. I personally wouldn't touch UK stocks right now with 10ft pole",0
1,Only criminals and terrorists use cash - ban it and live free!,Bitcoin,79,79,0,"Germany to make cash payments of more than 5,000 Euro illegal",1
1,Yeah it's right up there with investing in beanie babies.,investing,1,1,0,That would probably be a bad use of the money.,1
0,50c coins.,finance,6,6,0,by what measure ?,1
1,Too bad you wont be alive to see it!,investing,1,1,0,"RemindMe! 3 Months ""Has Ebola infected 1 million people yet?""",0
1,Well then... you've surely convinced me.,Bitcoin,5,5,0,Lots.,1
0,Noob question: why is this bad for a taxable portfolio?,investing,2,2,0,"actively managed + dividend funds, definitely not ideal for a taxable portfolio",0
0,"Cool thanks for the input, mine was about the same, I was getting sad :(",Accounting,1,1,0,The RH salary guide is a joke - they want you to believe you're underpaid so you quit and find a job through them. I just tried the calculator for my current position and its inflated by ~15k.,0
1,"Yeah I know, its really hard for these non techies to understand",Bitcoin,1,1,0,"Yeah, cause it'll just be impractical for the OpenSSL guys to have to understand and hold Bitcoin.",0
0,It's likely a California branch.,Bitcoin,2,2,0,Why is the receptionist expressing these kind of opinions?,0
1,"Yep, been long Nikkei since the 80s, all that growth....",investing,7,-1,-1,Time in the market beats timing the market,1
0,I thought he stole that off of Louis ck?,Accounting,2,2,0,You mean Bill Hicks. The entire album you're referring to was a blatant rip off of Bill Hick's material. Leary is a thief and gained his fame through stabbing his so-called friend Bill Hicks in the back by lifting Bill's jokes and even his stage persona back when Hicks was not well known.,0
0,What do you reckon is the amount where you can turn a profit?,finance,1,1,0,"Yes. Although, with $100 you probably wouldn't after fees.",0
0,Never-ever-hold-your-money-on-hot-wallets!,Bitcoin,1,-1,-1,Exclusive: BTC38 hot wallet got hacked and lost 1.5 million !!,0
0,You shouldn't.,Bitcoin,1,1,0,"Even if you were correct, I'm very uncomfortable with the ""one size fits all"" policies handed down by government. Just consider the wide variety of birth control forms -- even for a relatively simple, straightforward problem no single solution pleases everyone. Why then should I believe that for the complex, difficult problems like poverty, environmental protection, or infrastructure building, that the ""one size fits all"" solution is better?",0
0,"Nope, you have a better chance with star wars figurines",investing,3,3,0,"Are gems (emeralds, rubies, diamonds, etc.) a good long term investment?",1
1,I forgot the,Bitcoin,2,2,0,3: off-exchange sale to a new major player.,0
1,I just saved 15% on car insurance by switching to Geico!,Bitcoin,1,1,0,"I do not care if you have received your Circle invite, Shift invite, or invite to your cat's slumber party. This is the reddit equivalent of people posting what they had to eat on facebook. Just stop this nonsense, you are being used as marketing puppets via the old trick of 'exclusivity' by invites.",0
0,Maybe they got a lil old Reddit hug and ran outta money or hit a limit or something,Bitcoin,2,-1,-1,I am no longer able to generate instant cards with the Chrome extension,0
0,"yeah, but he's still locked in Eminem's basement",finance,7,7,0,So what does this make Dre? A billionaire?,1
0,"Whatever you want since to calculate it you have to completely make up T, V, and U.",Bitcoin,1,1,0,"What is the fair value of bitcoin now, according to your framework?",1
1,Just giving you a hard time Forgot the,investing,3,3,0,Wut?,0
1,Because Jack Dorsey is a visionary.,investing,2,2,0,"ELI5: Why Twitter has a 12B market cap, but has never made any profit.",1
0,I'd be very appreciative if you could give us a quick run down or how you would go about this.,investing,0,0,0,Or skip the browser altogether.,0
1,Like when you have should have started shorting Facebook when mothers were starting to use it?,investing,8,8,0,"Its only begun IMO. When my Mom downloads it, then its time to short it.",1
0,This is wrong,investing,-11,-11,0,Idk why this is even a comparison. A chromebook and Mac are two different products shooting for two different markets. The overlap between people looking to buy $300 laptops and people looking to buy $1500 laptops is quite small.,0
1,I think he forgot his,investing,2,2,0,So how is Jim Cramer's bear stearns advice working for you?,1
1,Isn't that Freicoin?,Bitcoin,1,1,0,Isn't that the coin created to placate the banksters/fraudsters? Making them feel secure that there is a centrally controlled currency that can be controlled ie: manipulated.,0
0,Do you need to own an iPhone/iPad to use the app?,investing,2,2,0,Was a user of Scottrade for years. Ditched it for Robinhood.,1
0,Oh good to know.,Bitcoin,2,2,0,"The double space thing is pretty common for anyone that learned to type on a typewriter. It was enforced on me by teachers as the ""correct"" way and single spaces as wrong. FYI, I'm ~~only~~ 38, used computers for years and still sometimes do it. I'm sure both Dorian and Satoshi would have been taught this, and it's probably standard boilerplate for a lawyers PA.",0
1,I would say sell ASAP and buy a vanguard fun.,investing,0,0,0,"FCC's Net Neutrality vote (tomorrow) and Netflix I currently own 15 shares of NFLX, which I purchased near the 52w low. But tomorrow's vote has me worried. I've been having trouble finding any indication that the FCC is going to protect net neutrality. With several hours left in the day, would it be wise to sell off my shares to avoid a possible 5-10% drop that may come as a result of the vote? Is there any indication that net neutrality will be ensured and that NFLX might take a jump up? Thanks",0
0,You are correct.,Accounting,1,1,0,It actually means either twice per week or once every 2 weeks.,0
0,True but I'm not seeing the relevance of this comment?,Bitcoin,1,1,0,SSL requires a trusted third party. The blockchain doesn't.,1
1,An immutable ledger of transactions is clearly a better option than cash for terrorists,Bitcoin,2,2,0,A power grab by the Australian gov to regulate bitcoin and help stop terror financing. Why? Because Mtgox and silk road. Epic face palm.,1
0,holy crap have you even read chapter one of Stocks 101?,investing,2,2,0,i'm actually going to wait 30 days and then buy back in only if it is at or below 100 dollars a share.,1
1,"No no no, he should definitely use it to buy more lottery tickets!",investing,1,1,0,*Won 10k in lottery ticket. Have no savings. What should I do?* Save it you fucking idiot.,1
1,"Put it all in penny stocks, hope for the best.",investing,1,1,0,"What would you do with 2 million bucks? Just out of curiosity, how many stocks would you buy? What would be your investment strategy? Personally I would try to spread it across about 30 companies, 10 of which are in tech, 10 in natural resources related investments, and 10 random. What would you do?",1
0,It has the forbidden fruit aspect.,investing,7,7,0,"Canadians and Brits already visit Cuba en masse, for what it's worth. If American tourists are allowed in, it will definitely impact the Cuban economy. Whether it impacts American companies is another matter. There is really no shortage of tropical destinations for Americans. Opening Cuba won't suddenly mean a massive boost to the hoteliers, tour operators, etc.",0
0,You know that's sunk capital you could have better used in a non speculative play.,stocks,1,1,0,what if they post how much they gain in a year or two when it hits $100 again? *daytraders....*,0
0,They also make the Nexus product line.,investing,0,0,0,Ah yes... Android. Exactly how much money does Google actually make from their free operating system?,0
1,"People are definitely born with knowledge these days, learning facts is for retards",investing,3,-1,-1,Is *everyone* in this subreddit retarded?,1
0,"Buy low, sell high",stocks,1,1,0,What are some strategies that have worked for you when buying and selling penny stocks?,0
0,Only on the markets everyone else can spam the blockchain all they want.,Bitcoin,2,2,0,Oh that will be rich. An infinity divisiable currency with minimums....,1
0,fiduciary financial professional must be fiduciary,investing,1,1,0,"He needs to get a financial professional, but he needs to be wary because while some are great, others will soak him for maximum fees and 'loads'; don't be quick to sign anything giving control of accounts to anybody. If he's stuck in bed for now, this might be a good time for him to start reading up on investing, start with any book by Jack Bogle, or look at the sidebar.",0
0,Casinos have better odds than penny stocks.,investing,7,7,0,"New to investing. Are penny stocks good? I am hoping to make some money over a short amount of time, like under 3 years. I understand long term is the best. What are some recommendations? Thank you.",1
1,Lisa needs bracelets.,investing,6,6,0,DELTA PLAN!,0
1,Does this mean that the US Government now accept Bitcoin technically?,Bitcoin,2,2,0,"Yes, great thing. Government is effectively subsidizing Bitcoin.",0
1,They are one of our current overlords,Bitcoin,1,1,0,So Microsoft will be our new overlords.,1
1,Excellent analysis; thanks for your insight.,investing,-1,-1,0,Don't,1
0,Your troll game is lacking,investing,1,1,0,No counterargument? Got it.,1
0,Im almost certain all this is a lie.,investing,-4,-4,0,"AAPL seems like a pretty good bet. As you said, you're young so you can afford to take risks. Just make sure you're always honest with yourself, and come up with consistent strategies. I was personally a very emotional trader, and made several good bets that payed off initially. It was easy to keep that way during a bull market, but during the bear market of 08, I got absolutely slaughtered. Actually to this day I have to be very disciplined in my investments to protect my assets from...well, myself.",1
1,But I need more consumer discretionary!,investing,1,1,0,Fitbit IPO 6/18 anyone planning to purchase?,0
1,"_Because these ""e-mail"" clients ""cause"" you to do it._",finance,1,1,0,Correlation does not prove causation.,1
1,blame hr...its always their fault,Bitcoin,1,1,0,"This whole ""blockchain-shhh-not-bitcoin"" language is tiring. FFS.",1
0,Damn Brazillionaires are gonna ruin the world!,investing,1,1,0,A Brazilian sounds like a fuck ton,1
0,Was new wallet a web wallet?,Bitcoin,1,1,0,"n00b question, can't find my bitcoins A few years ago I bought a bitcoin and put it on blockchain. A bit later I transferred it to a different wallet. Problem is a few years later I can't find the new wallet and all I have is the to/from address on the transaction list on blockchain. Can I use this or any other method to find where I transferred my bitcoin?",0
1,WaMu was such a great consumer bank.,finance,1,1,0,Chase was a lack of controls not so much incompetence. Plus they are rated number one in consumer experience (great online platform),1
1,Pretty sure OP is,investing,5,5,0,its up 80% since mid feb. kind of missed the boat.,0
1,"Yes, it's totally a good idea to kill the guy that controls the private keys of our money",Bitcoin,8,8,0,"I'm not advocating for anyone to do anything, but frankly I am amazed that no-ones tried to assassinate or otherwise harm this guy yet. The fact no-ones been able to find him either is equally amazing to me.",1
1,"but this guy is 23 years old, and it seems like he has *everything* figured out!",finance,1,1,0,"This author seems to think ""you have to be like me to be successful, so here's how to be me.""",0
1,Mike Hearn must have gotten a job recently at Bitpay,Bitcoin,1,1,0,BitPay is blacklisting certain bitcoins &amp; rejecting customers. I'm certain others are doing it too. Fungibility is most pressing issue IMO,1
1,LITERALLY SELLING ALL OF MY DATA,Bitcoin,-2,-2,0,"Changetip fee-less withdrawal extended to Dec 15, 2015 I'm not sure when it happened, but everyone should know that there will still be no fees on Changetip withdrawals until December 15, 2015. Previously, the 1% fee would have gone into effect today, but it appears the date has been pushed out. Apologies if you were already aware of this - I did not see an announcement.",0
0,"""no one in the history of humanity has outperformed the S&amp;P 500"" -- r/investing",investing,8,8,0,"Viability of outperforming the total market (indexing) over the long run? Hello all, So I am here to discuss the viability of my portfolio(s) (primarily roth ira at this moment) outperforming the total market (vti, vtsax, fstvx, however you want to measure it) over the span of ~35-40 years (retirement time). Just some basic information, 24 years of age, ~40k income, with student debt (not the topic at hand though). I also plan on getting a new job, shooting for at least ~50k in the next few months as my position now is primarily for getting me on my feet and some stability. Currently my portfolio consists of Fidelity Biotech fund - FBIOX - $2600 Berkshire Hathaway class B - BRK.B - $2900 I plan on fully funding it early around January - February for my 2015 contributions. I have a handful of stock picks in mind, primarily companies that have been around for a while and I truly do not expect them to go away. *insert Kodak, GE* comment here. I do understand the risks that I'm incurring but really is it that bad? On to the list of picks, Nike - NKE Chevron (and/or) Conocophillips - CVX - COP Philip Morris - PM So let me explain my reasoning for my current picks, and future picks as well as why I am not going all in the total market which would have been my alternative. FBIOX - Probably my riskiest choice as Biotech and healthcare in general can be and are extremely volatile. I do believe though over the long run this will continue to be profitable due to population growth and emerging markets requiring their products as well. BRK.B - My ""safe"" choice. It is basically a conglomerate and headed at the helm by Uncle Warren. Should he go down due to natural causes, could I be screwed? Potentially but most of his businesses run themselves anyways. Hopefully he will continue to go on to at least match Charlie Munger's age or even beyond. Regardless, I'd like to think that Berkshire can sustain its position and growth. NKE - Well I don't see them going anywhere but up to be honest. Nike is like the Coke of athletic apparel and will be the most sought after product in their industry. As emerging markets grow, they will have more money to spend on athletic apparel. It's not like many of these countries don't already love and play soccer (football) but they just don't have the nice shoes yet. Hopefully as they develop, they will generate lots of money for Nike and myself. Another pro I see for Nike is that unlike cars, houses, coke, purses *insert other consumer staple or discretionary good here*, is that it is easy to buy more than you need regarding athletic apparel. For most consumers, one car, one house and one (or two) cans of coke and a bottle of PG shampoo is enough. But when it comes to shoes? Well you can have one for each sport, then one for casual use then maybe a couple extra colors in each shoe if you so desire. Not to mention other cash cows like Elite socks which I think is ridiculous in that people pay full price for them. Disclosure, I own some that I purchased half off. Also in that they are such cash cows. Under Armour was a (barely) slight alternative but I don't think that it will have the sustainable growth that NKE does, although I do see them continuing to grow profitably for some time. Chevron / Conocophillips - Oil and gas won't be going away anytime soon but if it were to, I suspect that these large players will have their hands in the cookie jar and could just buy out any small competitors should that time come. My alternative here is Exxonmobil (XOM) but I'm chasing growth and I feel like XOM has less of it than these current choices. Chevron is a bit safer than Conocophillips but at the same time it's not doing too hot right now. I am between the two of these so either I will choose both or Chevron if I had to choose one. I just don't want to pay that transaction fee if I get both. Overall the industry has not been performing well and due to increased supply thus lower crude oil prices, they have not seen much growth recently. Fortunately I think that just means that these stocks (oil in general) are at a very good price right now. Phillip Morris - Like big oil, I do not see tobacco going anywhere either. Although smoking in the US has been declining, it's doing alright everywhere else in the world and hopefully will not go away anytime soon. Before PM was split off, it was a part of Altria Group (MO) which is probably one of the single best stocks you could have owned to date. I am choosing PM over MO because I'm more interested in the international growth. I do think they will both be good and MO may get a spot somewhere in my portfolio in the future but just not now. As you can probably already tell, I'm choosing relatively safe, well known companies with histories of success. Of course though, past performance is not an indicator of future returns. The environment for many of these companies are changing in ways that could truly cause them to be less profitable in the future relative to past returns ie. renewable energy, health concerns regarding tobacco, plain packaging. But I suppose there are always hurdles to jump over, they just change their face. I will also mention that I'm not interested in bonds whatsoever and should a market downturn come... well so be it. My retirement portfolio is ideally buy and hold forever thus I will be reinvesting my dividends here. I will probably build up a small taxable portfolio as well just for liquidity's sake and cause I'm a greedy bastard despite not being able to fully fund my 401k. Again, this is primarily for liquidity and I don't really know how much I will put in it so it may just be all cash waiting for an opportune time which is fine by me. I do plan on putting whatever I can into my HSA and 401k (not matched) within reason and will most likely just choose the total market fund or s&amp;p 500 (whichever is available) when I start my new job. So I suppose the original question posed was, is this truly viable or am I dreaming? I suppose that it is relatively viable but I'm incurring more risk than I would be indexing, but than if that were the case what would you suggest I do? I don't want to go full boglehead and index as I don't want the losers to bring down my winners. But with my current approach, I am assuming that my picks (not necessarily winners) will not be losers ala Kodak. Please let me know your thoughts and thanks in advance.",1
0,I can't tell if you have to try to make so little sense or it just comes naturally.,Bitcoin,10,10,0,I'm not really so sure about that. Basically test like crazy. Put some if...then condition set to a certain block height. Then be done with it. I do updates to things like databases that are over 30GB in size without downtime. That is far more like what you are showing.,1
0,check out bitquest and you'll get it.,Bitcoin,1,1,0,what's the advantage here?,1
1,Believing that people have inherent value and worth is emotional ...,Bitcoin,1,1,0,Advocating that governments stop murdering innocent people is a rational argument.,1
1,We must discourage uptake by this hoard by limiting the transaction capability of the blockchain,Bitcoin,2,2,0,Smartphone crazy Indians to give a 10x boost to digital payment industry in next four years,0
0,Fuel / transportation makes up a lot of the demand.,investing,1,1,0,"I just bought BP. They fell from $45 to $27 during The Great Spill of 2010 and that included a $70 billion slap on the wrist from the feds. They're selling for $35.50 now which makes their dividend 6.7%. This oil thing won't last. We use oil for more than gas. Plastics, jet fuel, diesel, all sorts of stuff. The supply is steady and demand will only increase long-term in many industries beyond transportation. We've seen this before for 3-4 years in the 80s. I did buy planning to buy and hold for that dividend. I think they have so much cash on hand that when these little producers die out, the big boys like Exxon and BP will buy up their resources.",0
1,thanks for contributing to the conversation,investing,1,1,0,we all like amazon and google too,0
1,All shills who work for Yahoo!,investing,1,1,0,"hmm, maybe some people had issues. but i saw zero mention of that almost anywhere and there were a lot of people in that thread who watched it.",1
0,temper tantrums,Bitcoin,3,3,0,is there a TLDR version of what all happened?,0
1,And Amazon will grow into theirs.,stocks,3,3,0,"Google and Apple were ""wildly overvalued"" in 2006, but they grew into their valuations.",0
0,It's a 30 day holding period.,investing,1,1,0,"Interesting, I have experienced the opposite. Right now I can contribute 10% of my salary and sell same day I get the stocks",0
1,Can't put a guy who gets his hair cut at supercuts on this chart,investing,3,3,0,"I'm probably biased from reading The Big Short recently, but shouldn't Mike Burry be on this chart and totally dominating it?",0
1,THAT'S IMPOSSIBLE!,Bitcoin,1,1,0,Here's my financial strategy regarding Bitcoin 1. Take all your coins 2. Place in cold storage 3. Wait a few years 4. ???? 5. No coins lost or stolen + Profit on value increase!,1
0,You never lost anything untill you have sold it.,stocks,11,11,0,"Everyone post how much money they lost today so I don't hate myself as much. 8% of my portfolio, gone.",1
0,"If they could have fined bitcoin, they would have done so a long time ago.",Bitcoin,6,6,0,FinCEN Fines Ripple Labs Inc. in First Civil Enforcement Action Against a Virtual Currency Exchanger,0
1,Newsflash: Elon Musk lies to shareholders,stocks,1,1,0,"Last time I heard Musk speaking about this topic, he said that they're not going to raise any capital from the stock market anytime soon, but I don't see any other ways for them to raise so much money.",1
1,He was saying you are your GPA.,Accounting,17,17,0,"I am not a grammar nazi or anything, but come on man.",0
1,Facts U Dislike.,Bitcoin,6,6,0,great points all -- what's FUD? the Fucking Us Dollar?,1
0,"ARNA is not a bad stock, but it's one that requires patience",investing,2,2,0,ZNGA &amp; ARNA Took forever to recoup some of my losses. Held AAPL for an year and now I am in a profit since I started 4 years ago. Lessons : don't invest your life savings when you can't afford to lose much. Don't chase the hype - ARNA &amp; ZNGA. Will never touch them again or any other stocks like these.,0
1,But Obama said it was free?,investing,7,7,0,SOMEBODY HAS TO PAY FOR THE FREE COMMUNITY COLLEGE,1
1,I think you forgot a,Bitcoin,1,1,0,"Actually, all we'd need is faster than light communication.",1
0,"It was pretty bad during the GFC, but when we finally have a real recession it will be a shitstorm.",investing,2,2,0,"Thanks for the answer. If these planners are as bad as you say, just wait until you guys get your first recession in living memory down there...",1
1,"It probably put him in a higher tax bracket, thus overall earning less money.",Accounting,25,25,0,You honestly would rather have gotten nothing?,0
1,Im gonna try out for the Eagles,Bitcoin,-2,-2,0,"Yeah, its definitely adventure and not recklessness to leave a steady job, for no alternative, with little development knowledge or any experience, when you have a family. Why don't you let him in on one of your pump and dumps next time so he can gey a better start eh Eric?",0
0,At the same time?,Accounting,5,5,0,I race motorcycles and shoot guns.,1
0,"But still, what?",Bitcoin,-6,-6,0,Unfortunately it is still not available in my state... Not that that is directly their fault but still.,0
0,There were too many to finish!,Accounting,1,1,0,Which parts did you find tough? I swear I completely guessed at least 20 MC,1
0,I think you missed the 'fair and balanced' joke.,Bitcoin,1,1,0,"No it wasn't on Fox News, it was on Fox Business. Which has like nowhere near the viewership.",1
1,Seems totally professional to have personal grievances like that embedded in my money,Bitcoin,2,2,0,"CoinHunter (SC lead dev) deliberately removed the licensing information from every source code file that had it. It wasn't just a case of a single licensing information text file missing. It also makes one of the text pieces used in the hashing algorithm in Solidcoin look very ironic. static unsigned char SomeArrogantText3[]=""What's up with kids like artforz that think it's good to attack other's work? He spent a year in the bitcoin scene riding on the fact he took some other guys SHA256 opencl code and made a miner out of it. Bravo artforz, meanwhile all the false praise goes to his head and he thinks he actually is a programmer. Real programmers innovate and create new work, they win through being better coders with better ideas. You're not real artforz, and I hear you like furries? What's up with that? You shouldn't go on IRC when you're drunk, people remember the weird stuff."";",1
1,you can buy 300 shares of SLTD,stocks,1,1,0,"Ok, I got 50 bucks with which to start trading; what do I do? Someone posted a 4.95 a trade site, I need the name of that again, after that, I'm off to make my millions.",1
1,Check your white male priviledge!,Bitcoin,1,1,0,First rule for getting rich with Bitcoin: be single.,0
1,Then you're clearly an idiot and don't understand it's a FLAT TAX,Accounting,-38,-38,0,If it weren't for software I wouldn't know how to apply AMT.,1
1,But their website says restaurants can't pay to help out their reviews!,Accounting,2,2,0,And a larger one if you want the bad ones to not show,0
1,"Haha relevant username, my sides!",Accounting,4,4,0,Probably should enroll in a PhD program as you're woefully inadequate.,1
1,"Cummon, it's the future!",Bitcoin,1,1,0,Im not drinking that kool-aid,1
1,"They don't, everything is working just fine.",Bitcoin,2,2,0,"Why does Greece need Bitcoin? Hi, I'm not a buttcoiner. I'm (rather heavily) invested in Bitcoin. But I really don't get why a lot of people here seem to think bitcoin can help the people in Greece. I thougt the mantra here was ""Only invest what you can afford to lose"". Isn't it much better to withdraw cash, maybe even buy some other big currency as USD if you're afraid the euro wil crash, than to start gambling with crypto currencies? I seems obvious to me Bitcoin is a long way of being a stable store of value. So what am I missing?",1
0,don't get too excited (take it from me).,Bitcoin,2,2,0,I've been waiting for this...,1
0,Another perspective: too much cash on the balance sheet increases the likelihood of being acquired.,investing,7,-1,-1,"Can ""too much cash"" become a liability? Suppose I discover a Picasso in my basement, that was once worth $17 million. How I came to acquire it seemed legal at the time, but that went sour so -today- I couldn't get fifty cents for it. My asset has become useless; in fact, it has actually become a liability. Remember when Fidelity Magellan fund had to close for a while? It just got too big, had too much cash, couldn't buy or sell anything significant without affecting the markets it was in. Its huge amount of cash became a liability. **Does that ever happen** with the gazillions of dollars that US companies have, ""stashed"" overseas in foreign accounts that they can't bring back without great cost? In the same way that a mutual fund can get too big, does that much cash become a ""problem"" for the company? They can't pay dividends with it; they can't do buybacks; they probably couldn't even acquire a US-based company. There it sits, in the Bank of Ireland or wherever. In the same way that my dubious Picasso became a liability, does all that offshore money become a liability somehow -- or if not, at least ""useless"" to them?",0
0,"Too many threads on here asking for sub year investing advice, go away!",investing,1,-1,-1,"How should I invest my $5,000 to make more money?",1
0,He's definitely not alone.,Bitcoin,13,13,0,"Why would you think I am trolling? I didn't write with the purpose of annoying other people, I just expressed my thoughts, which represent my feelings, and I don't think I am the only one.",0
0,"At last public count, they owned 100k BTC for their fund, which is roughly $63M.",investing,2,2,0,Someone correct me if I had a dumb while doing maths but they own ~$81m in Bitcoin?,0
0,Cabinet installer,Accounting,1,-1,-1,"What were you, a ladder tester or something?",0
0,Watch the gif...,Accounting,2,2,0,Without a computer? What do ya mean?,0
0,What other bullish news do we have recently?,Bitcoin,2,2,0,fuck man. the bullish news doesn't stop!,1
0,"Still, he basically said it's better.",investing,1,1,0,There are hundreds of people extolling the virtues of owning (and dozens of them here). OP is providing a counterpoint to show that home ownership isn't all rainbows and puppies. He's not obliged to provide both sides of the argument.,1
1,Obviously the FED,investing,3,3,0,"Yes, in America no politician dares to say, ""time to close these unprofitable state run factories"". China has so much courage to do what nobody in America can do. Now list the state enterprise factories that you think the US govt would close if they weren't scared of a dead sentence.",1
0,And America got a terrible deal with Trump,investing,5,-1,-1,So Trump got a marginally better deal for America...,1
1,"Yeah but think of the *hassle* - It's just a lot easier to not do it, ya know?",Bitcoin,4,4,0,I don't think he needs to set up a new account specifically for ACH. He could simply mail people a check for the balance owed.,1
0,This rash like... Is it gonna go away or should I see a doctor?,investing,-4,-4,0,"Daily advice thread. All questions about your personal situation should be asked here If your question is ""I have $10,000, what do I do?"" or anything similar. There is no single answer to this question, but we will also need A LOT MORE information if we are to give some sort of answer * How old are you? * Are you employed/making income? How much? * What are your objectives with this money? (buy a house? Retirement savings?) * What is your risk tolerance? (Do you mind risking it at blackjack or do you need to know its 100% safe?) * What are you current holdings? (Do you already have exposure to specific funds and sectors?) * Any other assets? House paid off? Cars? Expensive girlfriend? (not really an asset) * What is your time horizon? Do you need this money next month? Next 20yrs? * Any big debts? * Any other relevant financial information will be useful to give you a proper answer. Be aware that these answers are just opinions of Redditors and should be used as a starting point for your research. You should strongly consider seeing a registered financial rep before making any financial decisions!",1
1,You didnt know this is a big 4 subreddit?,Accounting,0,0,0,"Didn't realize we're putting Big 4 adverts on this subreddit too. By the way, public accounting, regardless of firm, is nothing like that",1
1,Today was a real confidence builder of the US economy.,stocks,2,2,0,Dow just dropped 1000 after opening bell,1
0,ITT: Overreaction.,investing,11,11,0,"U.S. gains 142,000 new jobs in September While U.S. unemployment rate holds steady at 5.1%. As expected?",1
0,"Going to bed tonight, doing some coke in front of the mirror.",Bitcoin,5,5,0,"Waking up today, that feeling.",1
1,yes because anyone that buys netflix is an idiot,investing,1,1,0,"The're a serious force, just look at Tesla, GoPro, Shake Shak, Netflix, etc. The honestly might have a bigger impact than any of the other groups (except maybe activists).",1
0,There is always value in speculation,Bitcoin,1,1,0,Why is there value for NASDAQ in posting trades to the blockchain? The main novel feature that the blockchain provides is trustless accounting. Don't NASDAQ and their clients trust NASDAQ?,0
1,I think he should have ended it with a,investing,6,6,0,I'm so confused. Are you saying to buy shares right now or not?,0
1,And if she loses you go down and buy a shiny new cardboard box to live in,investing,8,-1,-1,"Well I'm assuming Hillary is going to win, so if you trade futures, buy S&amp;P contracts or DOW. (Don't listen to me though).",1
0,Thanks for the new goal!,Bitcoin,2,2,0,"No because 21m is the maximal bitcoins. so 21 xbt get you a ""millionth"" of the total. Imagine having $1 for every $1,000,000 printed, in the history of the USA. that's why 21 is a fun number.",0
0,Only you can prevent forest fires.,Bitcoin,8,8,0,People die in fires.,1
1,That's why men get paid more than women,Accounting,9,9,0,"It's pathetic where I work. There is a clear double standard. Men are expected to wear dress pants, dress shoes, and dress shirt. In more professional cases also a suit and tie. Women somehow get by wearing slip on flats for shoes, khakis, and a cotton long sleeve top I've seen a few other firms where I live and that appears to be the standard",0
0,It doesn't help that most contributors actually do not care at all about the interface.,Bitcoin,4,4,0,"Patches are welcome, these are things that we all know, we all complain but nobody sends patches. Less complaining and more coding. Most core coders are figuring out way more important problems to keep the system running and scaling so the whole Bitcoin experiment won't collapse, sadly they're not the best at UI design/experience and they require help. Most UI/UX coders nowadays are web developers and when they take a look at a C/C++ project with a Qt based user interface they shit their pants and forget about all these things.",0
1,Don't ask us - go to hotpennystocksdotcom!,stocks,-4,-4,0,What stocks do you think are on the brink of rising very soon? We will not blame you if we invest following your advice and the stock goes down. Just express your thoughts about some stocks you think will rise and why. Thanks.,1
0,Mindblowing how closed minded this subreddit can be.,investing,-2,-1,-1,lol you moron,1
1,Listen to your Dad and give me all your profits.,investing,3,3,0,Potential Correction Awareness.,1
1,"""to help them pay cyber ransoms"" Lol I'm sure that's the only reason.",Bitcoin,5,-1,-1,City banks plan to hoard bitcoins to help them pay cyber ransoms,1
0,The side with the longest chain?,Bitcoin,6,6,0,Bitcoin is not dead. But it is obviously headed for a contentious fork. I wonder what side the users are on.,0
0,"Half on red, half on black.",investing,5,5,0,"Recently inherited a large sum of money, how can I invest some of it to get a larger return? Hello, I literally have NO knowledge on investing. How could I hypothetically make $10,000 into 50K, 100K?",1
1,But but Real Life Iron Man!,stocks,4,4,0,TSLA is currently trading at over 26 times book value and loses millions every quarter. Do you really think the potential still makes the stock a good hold at this point?,1
1,Yes because the election is really decided by the popular vote in America.,stocks,1,-1,-1,Haha don't be stupid Hillary isn't going to win obviously most of America are voting trump xd,1
0,i regret that i did not do more research when i first heard about bitcoin in 2011/2012....argh,Bitcoin,2,-1,-1,Has anyone regretted geting into bitcoin? Tell us your story,0
1,This kind of attitude will get you far on this sub..,investing,4,4,0,"A simple ""No, I don't think anything will happen in the next days"" like other people here said would've been good enough (I was asking for opinions after all). But your comment referred me to the 1-m/6-m/1-y/5-y stats when I was plainly asking a question about something that happened yesterday and how that might impact other companies in the future. Yes, my panties get all bunched up when that happens, questions of style aside. I do my research quite fine which is the reason I noticed this particular news. Thank you for the concern, though.",1
1,I guess this means that China unbanned bitcoin!,Bitcoin,4,4,0,Looks like the chinese wants to mop up all available bitcoins. 14usd spread between chinese exchanges and others. If it thightens up we will be seeing huge lift in price.,1
0,or you could google it and then see it's commonly referred to that + the first thing that pops up.,Accounting,-11,-11,0,"Makes more sense. Is this some sort of super-popular resort in the US, that if you said to someone ""breck"" they'd instantly know what you're talking about?",0
0,"He had me at ""Top Gear Special.""",Bitcoin,2,2,0,Bitcoin is poised to shake the world: are you paying attention?,1
0,"I don't complain, those pictures are better than stock pictures of gold coins",Bitcoin,8,8,0,"It isn't only about KNC, although most of the photos are from there + they've interviewed people working there.",0
0,Damn good rates too!,Accounting,4,4,0,His intro video is fantastic. I expected a total joke... left impressed.,0
1,Your radar reference was helpful!,investing,0,0,0,"Highly leveraged tech company with a paper thin investment thesis. This thing had speculation all over it, and that was confirmed when reddit hopped all over it. I'm glad stocks like this don't even fall on my radar.",1
1,- Experienced coffee getter - Tick and tie expert - I love petty cash - Will work weekends,Accounting,2,2,0,"Experienced (1-2 years) audit people, can I get some examples of what you put on your resume for work experience/responsibilities? I want to update my resume, but I'm curious as to how you fine people have manifested your work onto your resume line items and need some ideas. thanks!",1
1,Oh man after this show comes out I'm going to get so much action!,Accounting,1,1,0,"Here is the trailer for ""The Catch,"" a new ABC show about a forensic accountant.",1
1,They do make those fancy commercials.,investing,2,2,0,"so basically a group of people sitting in a corporate office only looking at salesmen performance around the world who sell their product for them, buying R+D, outsourcing manufacturing. Not actually contributing directly to the value added chain?",1
0,"Cool story, you slaver apologist.",Bitcoin,0,0,0,"No, it isn't. Tax has a definition. Slave has a definition. They are different concepts entirely. Slaves aren't usually taxed since, you know, they can't own things. Given a choice between being my slave (outdoor hard labor - no way you are coming inside) and paying taxes to the US government, which would you choose? Do you consider not having the right to murder people slavery as well? Because that rule is enforced by the same people in the same way. Absurdity.",1
0,Pay for training the street.,finance,1,1,0,(Freshman) Best resources/courses to learn finance/modeling... BIWS? WSP? Hello. I'm a freshman at Wharton undergrad. I already want to start learning finance &amp; modeling for this summer. What resources would you recommend? I'm sure others who want to break into this area would also appreciate answers. -Breaking into Wall Street? -Wall Street Prep? Etc. Let me know! All help is appreciated,1
0,"lol, makes be want to trademark ""mug"" and sue everyone who drinks coffee.",Bitcoin,1,1,0,"And someone is trying to trademark ""Bitcoin"" for bar wares like glasses, mugs etc.",1
1,"Stop bothering them, they need all their time to implement pre-mined scam coins and bashing bitcoin.",Bitcoin,5,5,0,Issue is with Coinbase taking days/weeks to respond or fix this issue.,1
1,I prefer Depreciation Expense,Accounting,15,15,0,"Office expense, always office expense",1
0,but are those companies worth investing in?,investing,1,1,0,The top mobile games make ridiculous amounts of money.,0
0,No problem xD,Bitcoin,1,1,0,Oh yeah! Honestly I totally forgot tiger direct was accepting btc. Ty! Haha,0
0,The instability.,investing,1,1,0,Doesn't mean what is justified?,0
0,I think the politicians will win.,Bitcoin,3,-1,-1,Bet on the Winning Party of the US 2016 Presidential Election with Bitcoin,1
1,buy 600 dollars in bitcoin,investing,3,3,0,I have 600 dollars that I want to play with. Do I play poker or do this?,0
0,"Can't we stop using ""Bits"" for this purpose now?",Bitcoin,1,1,0,"PSA: Don't change the new Blockchain iOS wallet denomination to ""Bits"". When you click Bitpay/Coinbase payment links it will send the wrong amount of BTC to the payment address. I just discovered this 'bug' today. I installed the new iOS Blockchain wallet. Changed denomination to Bits. Opened Gyft app, wanted to buy a Target Giftcard. Clicked Bitpay's ""Pay with Bitcoin"" link. Blockchain immediately opened, however the app sent .0843 BITS instead of .0843 BTC. I was really confused for a long time why the gift card was not appearing for me, it's because I barely sent them a few pennies worth of Bitcoin and I didn't even realize it for a long time. So long story short, keep the Blockchain wallet denominated in BTC for now.",1
1,"Billions, not on Netflix but it's basically a documentary on life on Wall Street",investing,2,2,0,Best Investing Documentaries on Netflix? Title. Please specify if UK or US specific etc! Thanks.,0
1,That's why I stick with BTC-e,Bitcoin,4,4,0,"Passport scan MtGox I never traded on Gox, but I'm reading things on passport scans. So if I understand correctly, in order to get your funds out of Gox you needed to send them a passport scans? That is not even allowed in some countries, at least, not in mine. So now hackers have these passport scans. Money is just money, but identity theft, shit man, you can be fucked for life.",0
1,"Google will buy the email division, you'll be assimilated against your will.",investing,32,32,0,Does this mean I should finally migrate to Gmail?,1
1,You buy stocks and then you lose all your money,stocks,11,-1,-1,"Can you guys explain to me how to stock market works? Okay, I know, kind of dumb, but I'm really interested in the stock market and want to get into it but I honestly don't really know how it works. Can someone explain a dumbed down version of what it is and how it works?",0
0,So basically don't buy $tsla until the hype is gone.,investing,-1,-1,0,"Tesla has received its first pre-order for its Model 3 in Australia, the first market to begin selling its highly anticipated mass-market EV. An overnight tweet from Elon Musk: ""Tomorrow is Part 1 of the Model 3 unveil. Part 2, which takes things to another level, will be closer to production."" Despite yesterday's Electrek leak that described some of the car's specs, many are still waiting to see what will be included with the vehicle's basic configuration. Supercharging? Autopilot? Other bells and whistles?",0
1,He should have sent his money via the SWIFT network instead if he was in such a hurry,Bitcoin,1,-1,-1,'Lil desperate?,1
0,"""You mcnulty are a gaping asshole, we both know this.""",Accounting,4,4,0,"""So tell me Jimmy, where *don't* you want to go?""",0
0,"""It's already priced in"" is the most common response around here.",investing,3,3,0,"Thank goodness there's someone around here to say, ""It's already priced in,"" for something like this. Makes me feel better when I hear it in this context.",0
1,It all adds up.,Bitcoin,1,1,0,I am Satoshi Nakamoto,1
0,Looks like we'll be in profit soon :),stocks,1,1,0,I bought at 60 :(,1
1,"yes i want facebook to know everything i buy, ill sell all my btc today",Bitcoin,2,2,0,Could Facebook's new universal money transfer system be Bitcoin's biggest competition? Since so many people already use facebook and trust it. And it would be dumbed down for the public and make them feel safer sending/receiving funds. I think it's a stupid idea personally...,1
0,"Don't, he's a scammer.",stocks,1,-1,-1,Or in Fonds/etf. Where else can you invest?,0
1,Congress ought to teach them a lesson by cutting their budget again.,Accounting,5,5,0,"Got to love the IRS At the moment, I am on hold with the IRS for the client. At this point, I have talked to 2 people for under 5 minutes per person and have been on the call for 2 hours and 50 minutes. Just loving life over here! Anyone else having to call that wonderful bureaucracy today?",0
0,If the returns are fake then how the fuck are they returning capital every 6 months?,finance,2,-1,-1,"Isn't this the fucking internet? Since when do you need a college degree to have credibility? His point was legit and directly addressed your concern, which you didn't respond to.",1
1,Still better than Obamacare.,investing,-10,-10,0,"Haha, I have nothing to do with Obama. I'm in Romania and health insurance is paid with a percentage of income (I came up with around 35% when I did the math about a year ago) so it'd be insane for me to pay that, especially as the health system in Romania is appalling and I have to pay/bribe the doctors anyway even if I'd be insured.",1
0,Or ya know...different timezones...,Accounting,1,1,0,I have a feeling there is a correlation between spamming reddit mid-day on a Thursday and not being good at your job. The echo chamber in here is crazy,1
1,Should've put a,Accounting,4,4,0,It's over. Your career is finished.,1
1,"Yes, because security through obscurity is always *such* a good idea.",Bitcoin,13,13,0,"Yes, let's thank Gox for bringing this problem to the spotlight instead of talking with other exchanges or the foundation privately. Have you thought about maybe exchanges wouldn't have been attacked if this wasn't brought up publicly like this? While they are at it, might as well create a tutorial on how to attack exchanges to defraud them.",1
1,"Great, I love how accountants are still portrayed as nerdy virgins with pocket calculators.",Accounting,2,2,0,Every time an adult asks me my major as an undergrad.,1
0,not a bad idea.,investing,1,1,0,Here's a crazy idea. Put taxes at the normal income rate for corporations (such as goldman sachs and friends) at the normal income tax rate since that's where their whole revenue comes from. Then let regular individual investors enjoy a preferential rate recognizing that they are taking risks with hard earned money.,0
1,"Right, you need a million dollars just to take a shit in New York City amirite?",investing,1,1,0,it's not that much money in ny at all,1
1,yeah ... happy day for the bitcoin ceo,Bitcoin,2,2,0,Market capitalization,1
0,The answer to this question is of great interest to me,Bitcoin,1,1,0,Please help me understand this. I'm a person who get work done remotely . My client would pay the charges in USD and they don't want to deal with bitcoin or they don't care about it. So can bitpay give a US bank account number to which my client can wire money and I receive bitcoins ? What kind of KYC do they want?,1
0,"If you consider a generic rejection email a 'risk,' I don't want to fathom how boring your life is.",Accounting,7,7,0,"Yes it was a risk, because I was applying for something that was not being advertised as something entry level or as an internship. My experience has shown me that students who apply for positions that are not targeted at them tend to be ignored, so the risk was that I was sending my information out to a local firm, really unsolicited (since the advertised for an Experienced Accountant) with the very real potential that I would be ignored. I wouldn't call it a humblebrag but an example that sometimes taking that chance can work out, but only if you actually take the chance.",1
1,My Robinhood is like a Roth right?,investing,3,3,0,Oh god this could turn into some awesome tax evasion charges.,1
0,"It's almost like Steve Martin in The Jerk, finding his name in the phone book for the first time.",Bitcoin,1,1,0,Oxford Dictionaries adds definition for blockchain,1
0,Tell me more about how you are an expert in every field ever.,Bitcoin,1,1,0,"Literally every point made here is false and demonstrates a poor understanding of economics, sociology, and psychology. Smart guy, no good at these 3 things",1
0,It's insider info however you slice it.,investing,7,7,0,"Its a tip on a rating, not the company. One could theoretically fight this as I'm not aware of any laws regarding stock ratings",1
0,The marketing of it would be pretty nice.,investing,2,2,0,Why? HP was a company founded long ago. Compaq as the second company name makes more sense.,0
0,What companies are you looking at for this sector?,stocks,1,1,0,industrial warehouse space... you just wait,0
0,"**puts on tin-foil hat** Maybe that's what the G, actually stands for.",Bitcoin,5,5,0,"Even if they are angels, nothing is stopping the cia/fbi/whatever from taking control of their servers and then gagging them to keep quiet about it. Like what happened to Lavabit where they asked the owner to put in a backdoor and gagged him. So he simply closed up shop because he valued his customers privacy. For some reason I don't think ghash would do the same. Shit for all we know ghash is already a government op.",1
0,compared to what,Bitcoin,0,0,0,"because bitcoin has gone up AND down 25% in one month, that's why",0
1,stahp thinking of the children!,Bitcoin,2,2,0,Think of the children...,1
1,your username gives me comfort with this advice!,investing,2,2,0,"Don't worry about paying anything. The US government is unable to track your wealth in many foreign countries. If you use a broker outside the US, you are fine.",1
0,Judicial kinda can,investing,3,3,0,It's the only branch that can up and do something on a whim,1
1,"You greedy, greedy bastard!",Bitcoin,0,0,0,So if you are the one who found the block you still receive the same amount of BTC?,1
1,"Crushed 8% after solid earnings, great.",investing,1,1,0,"$SHAK - What are your plays? I bought some calls. 100 locations and growing aggressively. Sure, it's a burger chain. It's growing like madness.",0
1,Depends if it's classified under one year.,Accounting,2,2,0,Patrick: Is goodwill a liquid asset?,0
1,I base all my moves on things I hear on Reddit.,stocks,10,10,0,What sources do you use for stock research?,1
0,God damn this subreddit is the best.,Accounting,23,23,0,"My manager just blew up the bathroom at our client. I have a few questions... 1. Do I make a face at other staff on the job seeing if they smell it too? Or do I sit here, work on cash, and live with this? 2. How long do I wait til I can go in there so I can pee? 3. Should I add on to the smell by blowing it up again?",1
0,You cannot expect anything positive from someone who opposes encryption (privacy).,Bitcoin,2,2,0,Bitcoin does not use encryption in the protocol.,1
1,"You just don't fully understand the vision, you're obviously not qualified.",Accounting,5,5,0,"Sorry, are you pitching your new venture, because if so you did a pretty poor job of it? Might I recommend you describe the problem, your solution, and why people will want to use it.",1
0,MS Essentials.,investing,1,1,0,What do you use?,0
1,"Didn't you see the #blackfisheffect, that's the only #evidence anybody should need!",investing,12,12,0,"Excellent analyses, I especially liked the sources you cited and strong support provided.",1
0,This man has all the answers!,investing,1,1,0,I think the market will continue to go up. Unless it goes down.,1
1,Convince banks to insure Chinese MBS',investing,1,1,0,Is there a potential real estate bubble in China? How can an investor take advantage of this?,1
0,"""It depends""",Accounting,9,9,0,What is our creed? Hopefully something in Latin to use as a sick desktop background,1
1,You forgot the,investing,-4,-4,0,This is silly... He should invest it in dogecoin.,0
1,"Sure sure, and the Government is going to claim Google's search algorithms under eminent domain.",investing,20,-1,-1,Just like how Bill Boeing had the genius idea of keeping his planes all for himself and then the government stepped in and now we have United.,1
0,Honey badger don't care.,Bitcoin,3,3,0,The coin seems awfully happy while experiencing deadly forces.,1
1,"Speaking of B4, what's the main draw of it vs smaller firms?",Accounting,8,8,0,Yes but do you know when I will hear back from the Big4 recruiter? I was thinking I might just track her address down and go to her house to make sure I'm still in the running. What you say?,0
1,I always only pay EBITDA for my takeovers,finance,3,3,0,"I think you are mistaking sales for market capitalization. For example, Apple's market cap is 736 B but its sales revolve around 182 B.",0
1,Pick up some BAC while you're at it.,investing,-1,-1,0,Why you should buy Europe now - Portfolio Insights by Brett Arends - MarketWatch,1
0,Hookers and drug dealers really don't care about how it looks,Bitcoin,1,-1,-1,LocalBitcoins earns hundreds of millions of dollars worldwide. But they got no money for mobile application. Its almost 2017 and we are still trading on the ugliest possible web interface,1
1,"It's just virtual money, backed by nothing.",Bitcoin,2,2,0,what a shame our rally had to add 50% to their sale price.,0
0,Then why not use the program for yourself,stocks,8,8,0,"In my early 20's, I wrote a program for a trader to do options arbitrage between European and Chicago markets. He was making around $2-3k a day with basically no risk (if one of the lines went out or we couldn't reach the exchange, it would present more risk -- but there are ways to hedge in those events).",1
0,Probably the same reasons we will use to explain why the markets are up later.,investing,6,6,0,Why is everything down today? Any news that would make the market drop so much? Almost all of my stocks are down over 3%,1
0,... then why would you keep it?,stocks,2,2,0,"Its PE is higher than $AMZN, and it's even worse when you consider the average PE is lower in the industry that $LC is in. Am I long on $LC? Yes, but I don't expect it to outperform any of my other securities (ETFs included) for the current year. You can probably find better bets.",1
0,People who think gold is safe are too young to remember the 80s.,investing,1,1,0,"I don't think he's trying to get rich as much as he is just trying to be very conservative with his assets. He's earned enough to give his children and grandchildren a great education, etc.",1
0,Born 8:26 am est on bitcoins birthday,Bitcoin,1,1,0,"I'm literally in the hospital right now, my wife just went into labor!!!!",1
1,"Yes, anybody who isn't sure if a complicated event is good or bad must be a conspiracy junkie.",Bitcoin,-1,-1,0,That's cuz you are a conspiracy junkie with not too much sense.,1
0,you tell us,investing,8,8,0,"But what if you invested in the 90s, cashed out after the crash because you were broke and had debts to pay, and invested back since then like this genius typing this comment?",1
0,Oh I gotcha,investing,1,1,0,It's a popular phrase from Catch 22,0
0,Can't forget the fedora...essential.,Accounting,5,5,0,Bow tie and suspenders,0
0,"Gotcha, so it's not a set it and forget it investment.",investing,0,0,0,"1. what disease is hot right now? (zika, breast cancer) 2. find company going after vaccine better than what is already on the market, if there is one at all ($INO, $TPIV) 3. decide if you think the vaccine has a real shot at approval and pour money into it",0
1,No pretty sure he wanted to say loose,stocks,3,3,0,"Loss, the word you're looking for is loss.",1
0,What is the maximum amount i can load on it?,Bitcoin,6,-1,-1,"Bitcoin in, virtual card out instantly via chrome extension. Anonymous throwaway cards with bitcoin",0
1,3.8 or you're going to end up selling printers.,Accounting,12,12,0,"People take far crazier paths, look at all of the older people pursuing CPAs. You'll be fine. This subreddit REALLY stresses the standard ""you must go big4 now to be a F100 CFO!"" type of stuff.",1
1,"I know, I hate successful people too.",finance,1,1,0,This list makes me literally sick.,1
0,"Yes, its the broken window fallacy.",investing,2,2,0,isn't this the broken window argument? Just because the money isn't going into oil doesn't mean it isn't going elsewhere?,0
1,"Sure, call Mike Hearn back, ask him to fix Bitcoin!",Bitcoin,0,0,0,"A house divided cannot stand. The current price is a reflection of proposed regulation being proposed by the EU to de-anonymize bitcoin and other crypto's. This is one area where bitcoin has had much success, but if this regulation gets passed, bitcion will become to annoying to use. The current price drop is a reflection of this move to regulate bitcoin in this manner. But the bitcoin community has had so much toxic infighting that we have no fighting spirit left to pose resistance to these regulatory proposals. Many who are left are simply in it for the rise in price. There is truth in the verse: ""A house divided cannot stand."" If you value the freedom of bitcoin and the rebellion it represents, please reach out for compromise on both sides of the fence and seek to ostracize those who refuse to compromise or further inflame these divisions. If you want to see an increase in the value of bitcoin, you're going to have to see the issue from both sides and work to unite against the states that want to impose control over every aspect of your life. If we fail to unite, bitcoin (and most other crypto's) will be relegated to a worthless technical novelty. Waging a nasty toxic barrage against those who see the issue differently only serves to weaken the community and eventually endanger the function of bitcoin. Seek to understand both sides of the issue and identify the bad individuals that cause problems.",1
0,I wonder why nobody sofar suggested coinbase.,Bitcoin,0,0,0,Any bitcoin Wallets that allow instant and/or credit card purchases? I've been using Coinbase for my bitcoin wallet and the biggest pain is that the processing takes minimum 3-5 days to get your bitcoin to you AND they do not accept credit cards. I'm looking for an accredited site that allows me to purchase bitcoin via credit card and has instant transactions (or 1 day processing). Any suggestions? Thanks,0
1,Get out of here you dirty anarchist!,Bitcoin,12,12,0,You aren't the boss of me! I'll do whatever I do or do not want to do!,1
1,"Yeah, Instagram has been a disaster since Facebook bought it",investing,4,4,0,"This. Yahoo ruined it for me. Perhaps Facebook will buy it.. Oh no, that would be worse.",1
1,"""that's the next generation's problem!""",investing,1,1,0,I don't think Romney has said where he's making up the tax shortage at. That scares the shit out of me. It's bad enough we've been skimping 2% of social security contributions.,1
0,"What does ""out of money options"" mean?",investing,3,3,0,"The guy cashed in $400K of stock, representing all his money, and used it to buy out of money options on the advice of one person? That idiot never deserved to have $400K, and I would bet my sandwich that the only way he got it was inheritance/dumb luck. A fool and his money are soon parted.",0
1,Especially since Treasury notes dropped to around 1.5 on the 10 year!,investing,1,1,0,Sell 20-40% and buy bond funds. Had you done that originally you wouldn't be stressing here.,0
1,But he isn't part of the Establishment!,finance,3,-1,-1,"A billionaire creates a tax plan favourable to billionaires. I'm shocked, utterly shocked.",1
1,Seems legit.,Bitcoin,1,-1,-1,Will pay $30 for $25 in BTC,0
0,Drop the beat,Accounting,2,2,0,It's high noon,1
1,It would rise even faster if it was all in AMZN!,investing,5,5,0,I have no idea. That's why I have a lazy portfolio. I just see money that would rise quicker if it was in VTI instead.,0
0,... Are you plugging it as a form of advertising?,Accounting,1,1,0,eFiling Portal,0
0,"deny it all you want, matters not to me.",investing,0,0,0,"""clearly hyper inflated""...",0
0,Surprised your shovel hasn't worn out.,finance,1,1,0,"You do know the movie was based off the guys autobiography right? Anyways, you'd be wise to do a little bit of research before tossing my conclusions to the side and arrogantly taking your own as solid fact. If this was the only circumstance that I had seen something like this unfold, then yea my conclusions wouldn't be based off much now would they. but this kind of stuff has happened countless times and continues to happen? You want me to prove it? Well, i'm not cause you should be able to do your own analysis before making such a statement.",1
0,Why are we promoting HYIPs?,Bitcoin,1,1,0,"Bitcoin Earning Websites Directory - Submit &amp; Promote Your Faucets, Rotators, Casino, HYIP",0
0,Target date retirement fund.,investing,1,1,0,"I just opened a Roth IRA, what do I buy to forget about for 10-40 years? So I'm currently in college, and I just put 1000$ into my account. Should I just buy a DJIA, S&amp;P 500 index fund, or another ETF? I'm trying to just buy one so I can minimize condition. I might use this to buy a house in ten years, but I might just be starting my retirement right now. I already have a brokerage account for stocks, I'm not looking for $RLYP or anything.",0
1,And this system did really well,Bitcoin,0,0,0,This statement is so 1971,0
1,"""Got rejected from dream resume booster, plz help.""",Accounting,9,9,0,Dream firm. Lol,1
0,Recruiting.,Accounting,2,2,0,it gets busy in October? Do you mean for recruiting or for work?,0
1,Oh yeah I'm sure,Bitcoin,1,1,0,Can the deposited credits be withdrawn to bitcoins again?,1
0,Get ready for the tip-a-palooza,Bitcoin,2,2,0,MMA Fighter Jon Fitch &amp; Warner Brothers just sent out details about tonight's tipping,1
1,"Idiot, you need to wait longer!",investing,2,2,0,How'd all those GTAT bets work out?,1
1,"Exactly, so we should do nothing to correct this!",Bitcoin,3,3,0,"At this point I don't think anybody cares. There have been so many bitcoin thefts, scams, security leaks, that most people in the media simply assume that Bitcoin leaks like a sieve.",1
